CODIGO_UNICO,NOMBRE_INVERSION,UBIGEO_MEF,UBIGEO_ESPACIAL,DISTRITO_MEF,DISTRITO_ESPACIAL,PROVINCIA_MEF,PROVINCIA_ESPACIAL,TIPO_COORDENADA,COINCIDE_UBIGEO,ES_GENERICO
2235909,"INSTALACION DEL SISTEMA AGUA POTABLE Y SANEAMIENTO EN LAS COMUNIDADES DE SAN MIGUEL DE PIÑUTANI, LACOTUYO CHOCONAPI Y LA PARCIALIDAD DE SAN PEDRO DE MOROCOLLO DEL DISTRITO DE ILAVE, PROVINCIA DE EL COLLAO - PUNO",210501,210501,ILAVE,ILAVE,EL COLLAO,EL COLLAO,APROXIMADA_DISTRITO,True,False
2488413,MEJORAMIENTO Y AMPLIACION DEL SERVICIO DE AGUA POTABLE EN LAS COMUNIDADES Y PARCIALIDADES DE ZONA LAGO DEL DISTRITO DE HUANCANE - PROVINCIA DE HUANCANE - DEPARTAMENTO DE PUNO,210601,210601,HUANCANE,HUANCANE,HUANCANE,HUANCANE,OFICIAL_ORIGINAL,True,False
2209723,"INSTALACION DEL SISTEMA FAMILIAR DE TRATAMIENTO DE AGUAS RESIDUALES EN LAS COMUNIDADES Y PARCIALIDADES DE LA ZONA JORGE BASADRE Y ZONA LAGO, DISTRITO DE HUANCANE, PROVINCIA DE HUANCANE - PUNO",210601,210601,HUANCANE,HUANCANE,HUANCANE,HUANCANE,APROXIMADA_DISTRITO,True,False
2311215,"AMPLIACION Y CREACIÓN DE LOS SERVICIOS DE AGUA POTABLE Y ALCANTARILLADO SANITARIO EN LAS URBANIZACIONES AZIRUNI III ETAPA (CIUDAD JARDÍN) Y SAN SANTIAGO DEL CENTRO POBLADO DE JAYLLIHUAYA, DISTRITO DE PUNO, PROVINCIA DE PUNO - PUNO",210101,210101,PUNO,PUNO,PUNO,PUNO,APROXIMADA_LOCALIDAD,True,False
2305251,"MEJORAMIENTO DEL SERVICIO DE AGUA POTABLE Y DISPOSICION DE EXCRETAS , EN LA COMUNIDAD CAMPESINA DE CAPULLANI, PROVINCIA DE PUNO - PUNO",210101,210101,PUNO,PUNO,PUNO,PUNO,APROXIMADA_DISTRITO,True,False
2153862,"MEJORAMIENTO Y AMPLIACIÓN DEL SISTEMA DE AGUA POTABLE Y SANEAMIENTO BÁSICO DE LA LOCALIDAD DE ISCAYAPI, DISTRITO ARAPA, PROVINCIA AZÁNGARO, DEPARTAMENTO DE PUNO",210203,210203,ARAPA,ARAPA,AZANGARO,AZANGARO,APROXIMADA_DISTRITO,True,False
2613435,"REPARACION DE SISTEMA DE TRATAMIENTO DE AGUAS RESIDUALES CONSTRUCCION DE CERCO PERIMETRICO, SISTEMA DE BOMBEO Y LÍNEA DE IMPULSIÓN EN EL(LA) PLANTA DE TRATAMIENTO DE AGUAS RESIDUALES DE ALTO PUNO  DISTRITO DE PUNO, PROVINCIA PUNO, DEPARTAMENTO PUNO",210101,210101,PUNO,PUNO,PUNO,PUNO,OFICIAL_ORIGINAL,True,False
2627092,"CONSTRUCCION DE CERCO PERIMETRICO EN EL(LA) EPS NOR PUNO S.A. - AZANGARO  DISTRITO DE AZANGARO, PROVINCIA AZANGARO, DEPARTAMENTO PUNO",210201,210201,AZANGARO,AZANGARO,AZANGARO,AZANGARO,OFICIAL_ORIGINAL,True,False
2651835,MEJORAMIENTO Y AMPLIACION DEL SERVICIO DE AGUA POTABLE RURAL EN LA COMUNIDAD CAMPESINA DE SIALE DEL  DISTRITO DE CAPACHICA - PROVINCIA DE PUNO - DEPARTAMENTO DE PUNO,210105,210105,CAPACHICA,CAPACHICA,PUNO,PUNO,OFICIAL_ORIGINAL,True,False
2695001,"CONSTRUCCION DE CAPTACION DE AGUA  EN EL(LA) SISTEMA DE AGUA POTABLE Y LA CONSTRUCCION DE ESTACION DE BOMBEO Y LINEA DE IMPULSION EN EL CENTRO POBLADO CAMATA, DISTRITO DE PLATERIA, PROVINCIA PUNO, DEPARTAMENTO PUNO",210112,210106,PLATERIA,CHUCUITO,PUNO,PUNO,OFICIAL_ORIGINAL,False,False
2701872,"CONSTRUCCION DE POZO EN EL(LA) CENTRO POBLADO CCOMERMOCCO Y CHAMAKANI MEDIANTE ANILLOS DE CONCRETO EN EL  DISTRITO DE NICASIO, PROVINCIA LAMPA, DEPARTAMENTO PUNO",210704,210704,NICASIO,NICASIO,LAMPA,LAMPA,OFICIAL_ORIGINAL,True,False
2673752,"AMPLIACION DEL SERVICIO DE ALCANTARILLADO U OTRAS FORMAS DE DISPOSICIÓN SANITARIA DE EXCRETAS EN CENTRO POBLADO AJJATIRA ,    DISTRITO DE PEDRO VILCA APAZA DE LA PROVINCIA DE SAN ANTONIO DE PUTINA DEL DEPARTAMENTO DE PUNO",211003,211003,PEDRO VILCA APAZA,PEDRO VILCA APAZA,SAN ANTONIO DE PUTINA,SAN ANTONIO DE PUTINA,OFICIAL_ORIGINAL,True,False
2660135,"CONSTRUCCION DE RESERVORIO, CAPTACION DE AGUA , LÍNEA DE CONDUCCIÓN Y RED DE DISTRIBUCION EN EL(LA) SISTEMA DE AGUA POTABLE EN EL SECTOR CCAJJE DE LA COMUNIDAD DE CHUCASUYO CCAJJE DEL CENTRO POBLADO DE MOLINO DEL  DISTRITO DE JULI, PROVINCIA CHUCUITO, DEPARTAMENTO PUNO",210401,210401,JULI,JULI,CHUCUITO,CHUCUITO,OFICIAL_ORIGINAL,True,False
2685497,"ADQUISICION DE CENTRAL DE GENERACION FOTOVOLTAICA RENOVACION DE EQUIPO DE OTROS ACTIVOS COMPLEMENTARIOS EN EL(LA) SISTEMA DE AGUA POTABLE RURAL  DISTRITO DE PAUCARCOLLA, PROVINCIA PUNO, DEPARTAMENTO PUNO",210110,210110,PAUCARCOLLA,PAUCARCOLLA,PUNO,PUNO,OFICIAL_ORIGINAL,True,False
2734424,"CONSTRUCCION DE SISTEMA DE ABASTECIMIENTO DE AGUA POTABLE EN EL(LA) EN LA ZONA NORTE DE LA CIUDAD DE PUNO  DISTRITO DE PUNO, PROVINCIA PUNO, DEPARTAMENTO PUNO",210101,210101,PUNO,PUNO,PUNO,PUNO,OFICIAL_ORIGINAL,True,False
2709943,MEJORAMIENTO Y AMPLIACION DEL SERVICIO DE AGUA POTABLE URBANO Y MEJORAMIENTO DEL SERVICIO DE ALCANTARILLADO EN SERVICIO DE SANEAMIENTO BASICO EN EL BARRIO PEDRO VILCAPAZA   DISTRITO DE POTONI DE LA PROVINCIA DE AZANGARO DEL DEPARTAMENTO DE PUNO,210209,210209,POTONI,POTONI,AZANGARO,AZANGARO,OFICIAL_ORIGINAL,True,False
2318821,"MEJORAMIENTO, AMPLIACION DEL SERVICIO DE AGUA POTABLE Y SANEAMIENTO EN LOS SECTORES DE ANGOSTURA, APHARUYO Y QUEÑUANI, DISTRITO DE ANTAUTA - MELGAR - PUNO",210802,210802,ANTAUTA,ANTAUTA,MELGAR,MELGAR,APROXIMADA_DISTRITO,True,False
2342822,"CREACION DEL SERVICIO DE AGUA POTABLE Y SANEAMIENTO RURAL EN LAS COMUNIDADES DE SAN JOSÉ DE QUESCA Y ALTO SAN MIGUEL ANEXO MEJANI, DISTRITO DE ARAPA - AZANGARO - PUNO",210203,210203,ARAPA,ARAPA,AZANGARO,AZANGARO,APROXIMADA_DISTRITO,True,False
2586227,"RENOVACION DE ESTACION DE BOMBEO DE AGUA ADQUISICION DE BOMBA DE AGUA EN EL(LA) COMUNIDAD CAMPESINA DE CALAPAMPA DEL  DISTRITO DE ASILLO, PROVINCIA AZANGARO, DEPARTAMENTO PUNO",210204,210204,ASILLO,ASILLO,AZANGARO,AZANGARO,OFICIAL_ORIGINAL,True,False
2150046,"MEJORAMIENTO Y AMPLIACION DE LOS SISTEMAS DE AGUA POTABLE, REDES DE DESAGUE Y TRATAMIENTO DE AGUAS SERVIDAS EN LA LOCALIDAD DE CAPASO, DISTRITO DE CAPAZO - EL COLLAO - PUNO",210502,210502,CAPAZO,CAPAZO,EL COLLAO,EL COLLAO,APROXIMADA_LOCALIDAD,True,False
2492442,MEJORAMIENTO Y AMPLIACION DE LOS SERVICIOS DE AGUA POTABLE Y ALCANTARILLADO SANITARIO EN LA LOCALIDAD DE CARACOTO DEL DISTRITO DE CARACOTO - PROVINCIA DE SAN ROMAN - DEPARTAMENTO DE PUNO,211104,211104,CARACOTO,CARACOTO,SAN ROMAN,SAN ROMAN,OFICIAL_ORIGINAL,True,False
2309742,"MEJORAMIENTO DE LOS SERVICIOS  DE AGUA POTABLE Y TRATAMIENTO DE  EXCRETAS EN LA PARCIALIDAD  CENTRAL  ACCOPATA, DISTRITO DE CARACOTO - SAN ROMAN - PUNO",211104,211104,CARACOTO,CARACOTO,SAN ROMAN,SAN ROMAN,APROXIMADA_DISTRITO,True,False
2142933,"MEJORAMIENTO Y AMPLIACION DEL SISTEMA DE AGUA POTABLE DESAGUE- REDES DISTRIBUICION CONEXIONES DOMICILIARIAS  Y PLANTA DE TRATAMIENTO DE AGUAS RESIDUALES  LOCALIDAD CRUCERO, DISTRITO DE CRUCERO - CARABAYA - PUNO",210306,210306,CRUCERO,CRUCERO,CARABAYA,CARABAYA,APROXIMADA_LOCALIDAD,True,False
2511823,MEJORAMIENTO Y AMPLIACION DEL SERVICIO DE AGUA POTABLE Y DISPOSICION SANITARIA DE EXCRETAS MEDIANTE UBS EN LOS CENTROS POBLADOS CAYCHO Y VILCAMARCA DEL DISTRITO DE OCUVIRI - PROVINCIA DE LAMPA - DEPARTAMENTO DE PUNO,210705,210705,OCUVIRI,OCUVIRI,LAMPA,LAMPA,OFICIAL_ORIGINAL,True,False
2245681,"INSTALACION Y AMPLIACIÓN DEL SISTEMA DE SANEAMIENTO BÁSICO EN LAS COMUNIDADES DE CÉSAR VALLEJO, SAPAPUJIO, POTONI CANGALLI, JILA CAJAMARCA, JILA INAMPO, ANTAPARADA Y COLLPAPAMPA-VILUYO, DISTRITO DE POTONI - AZANGARO - PUNO",210209,210209,POTONI,POTONI,AZANGARO,AZANGARO,APROXIMADA_DISTRITO,True,False
2300632,"MEJORAMIENTO Y AMPLIACION DEL SISTEMA DE AGUA POTABLE Y DISPOSICION DE EXCRETAS EN LOS SECTORES DE PHOQUERA GRANDE Y CHICHIHUAYA, DISTRITO DE QUIACA - SANDIA - PUNO",211206,211206,QUIACA,QUIACA,SANDIA,SANDIA,APROXIMADA_DISTRITO,True,False
2311764,"MEJORAMIENTO Y AMPLIACION DEL SISTEMA DE AGUA POTABLE Y DISPOSICION DE EXCRETAS  EN EL SECTOR DE SANTA ANA, DISTRITO DE SAN JUAN DEL ORO - SANDIA - PUNO",211207,211207,SAN JUAN DEL ORO,SAN JUAN DEL ORO,SANDIA,SANDIA,APROXIMADA_LOCALIDAD,True,False
2242919,"AMPLIACION, MEJORAMIENTO DEL SERVICIO DE AGUA POTABLE Y DISPOSICIÓN SANITARIA DE EXCRETAS EN PAMPA MUNI DE C.P. MUNI, DISTRITO DE PUSI - HUANCANE - PUNO",210605,210605,PUSI,PUSI,HUANCANE,HUANCANE,APROXIMADA_DISTRITO,True,False
2712819,MEJORAMIENTO Y AMPLIACION DEL SERVICIO DE AGUA POTABLE RURAL Y MEJORAMIENTO Y AMPLIACION DEL SERVICIO DE ALCANTARILLADO U OTRAS FORMAS DE DISPOSICIÓN SANITARIA DE EXCRETAS EN LAS COMUNIDADES TAIPICIRCA Y QUIMSACHATA DEL CENTRO POBLADO PUCARA TAIPICIRCA DEL   DISTRITO DE ACORA DE LA PROVINCIA DE PUNO DEL DEPARTAMENTO DE PUNO,210102,210102,ACORA,ACORA,PUNO,PUNO,OFICIAL_ORIGINAL,True,False
2727690,"REPARACIÓN DE CAPTACION DE AGUA  EN EL(LA) SISTEMA DE AGUA POTABLE DEL SECTOR AYO MACHACMARCA DE LA COMUNIDAD DE CCAPUNA DEL  DISTRITO DE SANDIA, PROVINCIA SANDIA, DEPARTAMENTO PUNO",211201,211201,SANDIA,SANDIA,SANDIA,SANDIA,OFICIAL_ORIGINAL,True,False
2721282,"ADQUISICION DE EQUIPO DE BOMBEO EN EL(LA) CASETA DE CAPTACIÓN 01, 02 Y 03 DE LA EPS SEDAJULIACA S.A.  DISTRITO DE JULIACA, PROVINCIA SAN ROMAN, DEPARTAMENTO PUNO",211101,211101,JULIACA,JULIACA,SAN ROMAN,SAN ROMAN,OFICIAL_ORIGINAL,True,False
2524400,"MEJORAMIENTO Y AMPLIACION DE LOS SERVICIOS DE AGUA POTABLE Y DISPOSICION SANITARIA DE EXCRETAS EN LOS SECTORES VILUYO, CALLPUYO, AÑOCCAYA Y PUERTO ARTURO DEL DISTRITO DE AJOYANI - PROVINCIA DE CARABAYA - DEPARTAMENTO DE PUNO",210302,210310,AJOYANI,USICAYOS,CARABAYA,CARABAYA,OFICIAL_ORIGINAL,False,False
2470605,"REPARACION DE UNIDAD DE TRATAMIENTO DE AGUA POTABLE EN EL(LA) LOCALIDAD DE QUIQUIRA, PALMERA Y MASSIAPO DISTRITO DE ALTO INAMBARI, PROVINCIA SANDIA, DEPARTAMENTO PUNO",211209,211209,ALTO INAMBARI,ALTO INAMBARI,SANDIA,SANDIA,OFICIAL_ORIGINAL,True,False
2161282,"INSTALACION DEL SISTEMA DE AGUA POTABLE Y LETRINAS EN LAS COMUNIDADES DE ESQUINAPATA Y TUPAC AMARU, DISTRITO DE ARAPA - AZANGARO - PUNO",210203,210203,ARAPA,ARAPA,AZANGARO,AZANGARO,APROXIMADA_DISTRITO,True,False
2221138,"INSTALACION DEL SISTEMA DE AGUA POTABLE Y SERVICIO HIGIENICO CON ARRASTRE HIDRAULICO EN LA COMUNIDAD DE MODELO, DISTRITO DE ASILLO - AZANGARO - PUNO",210204,210204,ASILLO,ASILLO,AZANGARO,AZANGARO,APROXIMADA_DISTRITO,True,False
2309761,"MEJORAMIENTO DE LOS SERVICIOS  DE AGUA POTABLE Y TRATAMIENTO DE  EXCRETAS EN LA  COMUNIDAD  DE COLLANA SEGUNDA Y  COLLANA CHILLORA, DISTRITO DE CARACOTO - SAN ROMAN - PUNO",211104,211104,CARACOTO,CARACOTO,SAN ROMAN,SAN ROMAN,APROXIMADA_DISTRITO,True,False
2722507,"ADQUISICION DE TERRENO EN EL(LA) SISTEMA DE TRATAMIENTO DE AGUAS RESIDUALES DEL  DISTRITO DE PUTINA, PROVINCIA SAN ANTONIO DE PUTINA, DEPARTAMENTO PUNO",211001,211001,PUTINA,PUTINA,SAN ANTONIO DE PUTINA,SAN ANTONIO DE PUTINA,OFICIAL_ORIGINAL,True,False
2069742,"REHABILITACION Y MEJORAMIENTO DEL SISTEMA DE AGUA EN LOS CENTROS POBLADOS  JAPISSE  Y SUCUNI, DISTRITO DE CONIMA - MOHO - PUNO",210902,210902,CONIMA,CONIMA,MOHO,MOHO,APROXIMADA_DISTRITO,True,False
2478740,MEJORAMIENTO Y AMPLIACION DEL SERVICIO DE AGUA POTABLE Y DISPOSICION SANITARIA DE EXCRETAS DE LA COMUNIDAD CAMPESINA MILLUNI  DISTRITO DE SAN ANTON - PROVINCIA DE AZANGARO - DEPARTAMENTO DE PUNO,210211,210211,SAN ANTON,SAN ANTON,AZANGARO,AZANGARO,OFICIAL_ORIGINAL,True,False
2599259,MEJORAMIENTO DEL SERVICIO DE AGUA POTABLE RURAL EN SECTOR DE THIUNI DEL CENTRO POBLADO DE CHACANEQUE DEL DISTRITO DE SAN GABAN - PROVINCIA DE CARABAYA - DEPARTAMENTO DE PUNO,210309,210308,SAN GABAN,OLLACHEA,CARABAYA,CARABAYA,OFICIAL_ORIGINAL,False,False
2474222,CREACION DEL SISTEMA DE AGUA POTABLE Y DISPOSICIÓN SANITARIA DE EXCRETAS EN LA COMUNIDAD DE CHINGORA Y SECTORES ALEDAÑOS DEL DISTRITO DE SAN MIGUEL - PROVINCIA DE SAN ROMAN - DEPARTAMENTO DE PUNO,211105,211105,SAN MIGUEL,SAN MIGUEL,SAN ROMAN,SAN ROMAN,OFICIAL_ORIGINAL,True,False
2503417,CREACION DEL SISTEMA DE AGUA POTABLE Y SANEAMIENTO RURAL EN EL CENTRO POBLADO DE PIRHUANI DEL DISTRITO DE VILAVILA - PROVINCIA DE LAMPA - DEPARTAMENTO DE PUNO,210710,210710,VILAVILA,VILAVILA,LAMPA,LAMPA,OFICIAL_ORIGINAL,True,False
2422641,"ADQUISICIÓN DE EQUIPOS DE BOMBEO A TRAVÉS DE LA LÍNEA DE FLUJO, KITS DE VÁLVULAS Y MEDIDOR DE PANEL Y TABLERO DE CONTROL EN EL(LA) CÁMARA DE BOMBEO CENTRAL DE LA EPS SEDAJULIACA SA EN LA LOCALIDAD JULIACA, DISTRITO DE JULIACA, PROVINCIA SAN ROMAN, DEPARTAMENTO PUNO",211101,211101,JULIACA,JULIACA,SAN ROMAN,SAN ROMAN,OFICIAL_ORIGINAL,True,False
2422674,"ADQUISICIÓN DE SISTEMAS DE GRUPO ELECTRÓGENO DE PISTA (APU) EN EL(LA) CÁMARAS DE BOMBEO SECUNDARIAS Y EN LA CÁMARA DE BOMBEO CENTRAL DEL SISTEMA DE ALCANTARILLADO DE LA EPS SEDAJULIACA S.A. EN LA LOCALIDAD JULIACA, DISTRITO DE JULIACA, PROVINCIA SAN ROMAN, DEPARTAMENTO PUNO",211101,211101,JULIACA,JULIACA,SAN ROMAN,SAN ROMAN,OFICIAL_ORIGINAL,True,False
2202943,"AMPLIACIÓN Y MEJORAMIENTO DEL SERVICIO DE AGUA POTABLE Y ALCANTARILLADO EN EL CENTRO POBLADO DE SAN ANTON, DISTRITO DE PARATIA, PROVINCIA DE LAMPA, DEPARTAMENTO DE PUNO",210707,210707,PARATIA,PARATIA,LAMPA,LAMPA,APROXIMADA_DISTRITO,True,False
2133298,"MEJORAMIENTO Y AMPLIACION DEL SISTEMA DE AGUA POTABLE Y ALCANTARILLADO DE LA LOCALIDAD DE ASILLO , DISTRITO DE ASILLO - AZANGARO - PUNO",210204,210204,ASILLO,ASILLO,AZANGARO,AZANGARO,APROXIMADA_DISTRITO,True,False
2187527,"MEJORAMIENTO Y AMPLIACION DE LOS SISTEMAS DE AGUA POTABLE Y DISPOSICION SANITARIA DE EXCRETAS DE LA COMUNIDAD CAMPESINA JILA ( RETIRO, INAMPO Y CENTRAL), DISTRITO ASILLO, AZANGARO, PUNO.",210204,210204,ASILLO,ASILLO,AZANGARO,AZANGARO,APROXIMADA_DISTRITO,True,False
2189348,"MEJORAMIENTO Y AMPLIACION DE LOS  SERVICIOS DE AGUA POTABLE Y DISPOSICIÓN SANITARIA DE EXCRETAS DE LA COMUNIDAD CAMPESINA DE PESQUECUCHO, DISTRITO DE ASILLO, AZANGARO - PUNO.",210204,210204,ASILLO,ASILLO,AZANGARO,AZANGARO,APROXIMADA_DISTRITO,True,False
2189462,"INSTALACION Y MEJORAMIENTO DEL SERVICIO DE AGUA POTABLE Y DISPOSICION SANITARIA DE EXCRETAS EN LA PARCIALIDAD CHIPANA, DISTRITO DE KELLUYO - CHUCUITO - PUNO",210404,210404,KELLUYO,KELLUYO,CHUCUITO,CHUCUITO,APROXIMADA_DISTRITO,True,False
2622361,"RENOVACION DE CANAL DE DRENAJE EN EL(LA) JIRON DOS DE MAYO DE LA LOCALIDAD DE MASSIAPO,  DISTRITO DE ALTO INAMBARI, PROVINCIA SANDIA, DEPARTAMENTO PUNO",211209,211209,ALTO INAMBARI,ALTO INAMBARI,SANDIA,SANDIA,OFICIAL_ORIGINAL,True,False
2619242,MEJORAMIENTO Y AMPLIACION DEL SERVICIO DE AGUA POTABLE RURAL Y MEJORAMIENTO Y AMPLIACION DEL SERVICIO DE ALCANTARILLADO U OTRAS FORMAS DE DISPOSICIÓN SANITARIA DE EXCRETAS EN SISTEMA DE AGUA POTABLE Y SISTEMA DE DISPOSICIÓN SANITARIA DE EXCRETAS EN EL SECTOR PHOCCORACCANI   DISTRITO DE SANDIA DE LA PROVINCIA DE SANDIA DEL DEPARTAMENTO DE PUNO,211201,211201,SANDIA,SANDIA,SANDIA,SANDIA,OFICIAL_ORIGINAL,True,False
2627234,MEJORAMIENTO Y AMPLIACION DEL SERVICIO DE AGUA POTABLE RURAL Y MEJORAMIENTO Y AMPLIACION DEL SERVICIO DE ALCANTARILLADO U OTRAS FORMAS DE DISPOSICIÓN SANITARIA DE EXCRETAS EN LA COMUNIDAD DE GIRIGACHI   DISTRITO DE SINA DE LA PROVINCIA DE SAN ANTONIO DE PUTINA DEL DEPARTAMENTO DE PUNO,211005,211005,SINA,SINA,SAN ANTONIO DE PUTINA,SAN ANTONIO DE PUTINA,OFICIAL_ORIGINAL,True,False
2633351,"MEJORAMIENTO Y AMPLIACION DEL SERVICIO DE AGUA POTABLE RURAL Y MEJORAMIENTO Y AMPLIACION DEL SERVICIO DE ALCANTARILLADO U OTRAS FORMAS DE DISPOSICIÓN SANITARIA DE EXCRETAS EN C.C. HUANUHUANU, C.C. PUCACUNCA   DISTRITO DE NUÑOA DE LA PROVINCIA DE MELGAR DEL DEPARTAMENTO DE PUNO",210806,210806,NUÑOA,NUÑOA,MELGAR,MELGAR,OFICIAL_ORIGINAL,True,False
2635796,CREACION DEL SERVICIO DE AGUA POTABLE RURAL Y CREACION DEL SERVICIO DE ALCANTARILLADO U OTRAS FORMAS DE DISPOSICIÓN SANITARIA DE EXCRETAS EN LA COMUNIDAD DE CUTIMBO   DISTRITO DE PICHACANI DE LA PROVINCIA DE PUNO DEL DEPARTAMENTO DE PUNO,210111,210111,PICHACANI,PICHACANI,PUNO,PUNO,OFICIAL_ORIGINAL,True,False
2672533,"CREACION DEL SERVICIO DE AGUA POTABLE RURAL Y CREACION DEL SERVICIO DE ALCANTARILLADO U OTRAS FORMAS DE DISPOSICIÓN SANITARIA DE EXCRETAS EN LAS COMUNIDADES DE NINANUYO, PAYCONI, SEGUNDO CHIMPA JALLAPISI, OXANI,  CCARCAPUNCO Y JANAC SAHUACASI   DISTRITO DE AZANGARO DE LA PROVINCIA DE AZANGARO DEL DEPARTAMENTO DE PUNO",210201,210201,AZANGARO,AZANGARO,AZANGARO,AZANGARO,OFICIAL_ORIGINAL,True,False
2628811,"REPARACION DE CAPTACION DE AGUA , LÍNEA DE CONDUCCIÓN, SISTEMA DE DESINFECCION Y CERCO PERIMETRICO EN EL(LA) SISTEMA DE AGUA POTABLE EN LA LOCALIDAD SURIMANA, DISTRITO DE AYAPATA, PROVINCIA CARABAYA, DEPARTAMENTO PUNO",210303,210303,AYAPATA,AYAPATA,CARABAYA,CARABAYA,OFICIAL_ORIGINAL,True,False
2101883,"INSTALACION DEL SISTEMA DE AGUA POTABLE EN LA COMUNIDAD HUAPACA SANTIAGO, DISTRITO DE POMATA - CHUCUITO - PUNO",210406,210406,POMATA,POMATA,CHUCUITO,CHUCUITO,APROXIMADA_LOCALIDAD,True,False
2245273,"MEJORAMIENTO Y AMPLIACION DEL SERVICIO DE AGUA POTABLE Y SANEAMIENTO BASICO INTEGRAL EN LOS SECTORES Y ANEXOS DE LA COMUNIDAD CAMPESINA DE  SAN ANTONIO, DISTRITO DE ROSASPATA - HUANCANE - PUNO",210606,210606,ROSASPATA,ROSASPATA,HUANCANE,HUANCANE,APROXIMADA_DISTRITO,True,False
2482299,AMPLIACION DEL SERVICIO DE AGUA POTABLE Y ALCANTARILLADO EN LA ZONA URBANA DEL  DISTRITO DE SAMAN - PROVINCIA DE AZANGARO - DEPARTAMENTO DE PUNO,210210,210210,SAMAN,SAMAN,AZANGARO,AZANGARO,OFICIAL_ORIGINAL,True,False
2300647,"MEJORAMIENTO Y AMPLIACION DE LOS SERVICIOS DE AGUA POTABLE Y SANEAMIENTO EN EL CENTRO POBLADO DE MULLA CONTIHUECO HIRPANI Y LA COMUNIDAD DE CORPA MAQUERA DEL DISTRITO DE ILAVE, PROVINCIA DE EL COLLAO - PUNO",210501,210501,ILAVE,ILAVE,EL COLLAO,EL COLLAO,APROXIMADA_DISTRITO,True,False
2457632,MEJORAMIENTO DE LOS SERVICIOS DE AGUA POTABLE Y BAÑOS DIGNOS EN LA PARCIALIDAD DE CHIASI DEL DISTRITO DE MOHO - PROVINCIA DE MOHO - DEPARTAMENTO DE PUNO,210901,210901,MOHO,MOHO,MOHO,MOHO,OFICIAL_ORIGINAL,True,False
2305296,"MEJORAMIENTO DEL SISTEMA DE AGUA POTABLE Y SANEAMIENTO BASICO RURAL EN EL CENTRO PABALDO DE CHOQUECHACA DISTRITO YUNGUYO, PROVINCIA DE YUNGUYO - PUNO",211301,211301,YUNGUYO,YUNGUYO,YUNGUYO,YUNGUYO,APROXIMADA_DISTRITO,True,False
2275299,"MEJORAMIENTO Y AMPLIACIÓN DEL SERVICIO DE AGUA POTABLE E INSTALACIÓN DE SANEAMIENTO BÁSICO EN EL CENTRO POBLADO DE PALCA, DISTRITO DE OLLACHEA, DEPARTAMENTO DE PUNO",210308,210308,OLLACHEA,OLLACHEA,CARABAYA,CARABAYA,APROXIMADA_DISTRITO,True,False
2310861,"MEJORAMIENTO Y AMPLIACION DEL SERVICIO DE AGUA POTABLE Y CREACION DEL SERVICIO DE DISPOSICION SANITARIA DE EXCRETAS EN EL SECTOR SISIPA DE LA COMUNIDAD CAMPESINA SISIPA CHALLACOLLO, DISTRITO DE POMATA, PROVINCIA DE CHUCUITO, DEPARTAMENTO PUNO",210406,210406,POMATA,POMATA,CHUCUITO,CHUCUITO,APROXIMADA_DISTRITO,True,False
2183859,"MEJORAMIENTO Y AMPLIACION DE LOS SERVICIOS DE AGUA POTABLE Y DISPOSICION SANITARIA DE EXCRETAS DE LA COMUNIDAD CAMPESINA DE CCAPALLA, CENTRO POBLADO CCAPALLA, DISTRITO DE ACORA, PUNO - PUNO",210102,210102,ACORA,ACORA,PUNO,PUNO,APROXIMADA_DISTRITO,True,False
2613524,MEJORAMIENTO Y AMPLIACION DEL SERVICIO DE AGUA POTABLE RURAL Y MEJORAMIENTO DEL SERVICIO DE ALCANTARILLADO U OTRAS FORMAS DE DISPOSICIÓN SANITARIA DE EXCRETAS EN EL CENTRO POBLADO DE KANA   DISTRITO DE AYAPATA DE LA PROVINCIA DE CARABAYA DEL DEPARTAMENTO DE PUNO,210303,210303,AYAPATA,AYAPATA,CARABAYA,CARABAYA,OFICIAL_ORIGINAL,True,False
2674857,"CONSTRUCCION DE CAPTACION DE AGUA , ESTACION DE BOMBEO DE AGUA, LÍNEA DE IMPULSIÓN Y RESERVORIO EN EL(LA) COMUNIDAD CAMPESINA COLLPA  DISTRITO DE CAPACHICA, PROVINCIA PUNO, DEPARTAMENTO PUNO",210105,210105,CAPACHICA,CAPACHICA,PUNO,PUNO,OFICIAL_ORIGINAL,True,False
2619454,"RENOVACION DE CAPTACION DE AGUA  Y LÍNEA DE CONDUCCIÓN EN EL(LA) AGUA POTABLE DE LA PARCIALIDAD DE HUERTA PARQUE COLLPAJOCO  DISTRITO DE JULI, PROVINCIA CHUCUITO, DEPARTAMENTO PUNO",210401,210401,JULI,JULI,CHUCUITO,CHUCUITO,OFICIAL_ORIGINAL,True,False
2621882,CREACION DEL SERVICIO DE AGUA POTABLE RURAL Y CREACION DEL SERVICIO DE ALCANTARILLADO U OTRAS FORMAS DE DISPOSICIÓN SANITARIA DE EXCRETAS EN LA COMUNIDAD CAMPESINA DE KOKAN DEL   DISTRITO DE JULIACA DE LA PROVINCIA DE SAN ROMAN DEL DEPARTAMENTO DE PUNO,211101,211101,JULIACA,JULIACA,SAN ROMAN,SAN ROMAN,OFICIAL_ORIGINAL,True,False
2613428,CREACION DEL SERVICIO DE AGUA POTABLE RURAL Y CREACION DEL SERVICIO DE ALCANTARILLADO U OTRAS FORMAS DE DISPOSICIÓN SANITARIA DE EXCRETAS EN LA COMUNIDAD AÑO CALLEJON   DISTRITO DE PLATERIA DE LA PROVINCIA DE PUNO DEL DEPARTAMENTO DE PUNO,210112,210112,PLATERIA,PLATERIA,PUNO,PUNO,OFICIAL_ORIGINAL,True,False
2610500,MEJORAMIENTO Y AMPLIACION DEL SERVICIO DE AGUA POTABLE RURAL Y MEJORAMIENTO Y AMPLIACION DEL SERVICIO DE ALCANTARILLADO U OTRAS FORMAS DE DISPOSICIÓN SANITARIA DE EXCRETAS EN EL SECTOR OSECANI Y CHAUPI AYLLU CENTRAL DE LA COMUNIDAD CAMPESINA DE CHAUPI AYLLU DEL   DISTRITO DE PATAMBUCO DE LA PROVINCIA DE SANDIA DEL DEPARTAMENTO DE PUNO,211204,211204,PATAMBUCO,PATAMBUCO,SANDIA,SANDIA,OFICIAL_ORIGINAL,True,False
2619233,MEJORAMIENTO Y AMPLIACION DEL SERVICIO DE AGUA POTABLE RURAL Y MEJORAMIENTO Y AMPLIACION DEL SERVICIO DE ALCANTARILLADO U OTRAS FORMAS DE DISPOSICIÓN SANITARIA DE EXCRETAS EN EL SISTEMA DE AGUA POTABLE Y SISTEMA DE DISPOSICIÓN SANITARIA DE EXCRETAS EN EL SECTOR CHINTA   DISTRITO DE SANDIA DE LA PROVINCIA DE SANDIA DEL DEPARTAMENTO DE PUNO,211201,211201,SANDIA,SANDIA,SANDIA,SANDIA,OFICIAL_ORIGINAL,True,False
2669127,MEJORAMIENTO DEL SERVICIO DE AGUA POTABLE RURAL Y AMPLIACION DEL SERVICIO DE ALCANTARILLADO U OTRAS FORMAS DE DISPOSICIÓN SANITARIA DE EXCRETAS EN LA LOCALIDAD DE CHUCASUYO   DISTRITO DE JULI DE LA PROVINCIA DE CHUCUITO DEL DEPARTAMENTO DE PUNO,210401,210401,JULI,JULI,CHUCUITO,CHUCUITO,OFICIAL_ORIGINAL,True,False
2664283,"CONSTRUCCION DE SISTEMA DE ABASTECIMIENTO DE AGUA POTABLE EN EL(LA) MEDIANTE EL SISTEMA DE BOMBEO FOTOVOLTAICO EN LA LOCALIDAD DE LACAYPATA DEL CENTRO POBLADO DE SOLITARIO DEL  DISTRITO DE VILQUE CHICO, PROVINCIA HUANCANE, DEPARTAMENTO PUNO",210608,210608,VILQUE CHICO,VILQUE CHICO,HUANCANE,HUANCANE,OFICIAL_ORIGINAL,True,False
2717217,"CONSTRUCCION DE CANAL DE DRENAJE EN EL(LA) ESTADIO MUNICIPAL DE LA LOCALIDAD DE OLLACHEA,  DISTRITO DE OLLACHEA, PROVINCIA CARABAYA, DEPARTAMENTO PUNO",210308,210308,OLLACHEA,OLLACHEA,CARABAYA,CARABAYA,OFICIAL_ORIGINAL,True,False
2733520,"RENOVACION DE EQUIPO HIDRAULICO EN EL(LA) ABASTECIMIENTO DE CAMIONES CISTERNA EN LA PTAP AYABACAS,  DISTRITO DE JULIACA, PROVINCIA SAN ROMAN, DEPARTAMENTO PUNO",211101,211101,JULIACA,JULIACA,SAN ROMAN,SAN ROMAN,OFICIAL_ORIGINAL,True,False
2733367,"CONSTRUCCION DE POZO EN EL(LA) LINEA DE IMPULSION CON BOMBA SUMERGIBLE Y CERCO PERIMETRICO EN EL CENTRO POBLADO DE JASANA GRANDE  DISTRITO DE SAMAN, PROVINCIA AZANGARO, DEPARTAMENTO PUNO",210210,210210,SAMAN,SAMAN,AZANGARO,AZANGARO,OFICIAL_ORIGINAL,True,False
2735452,"ADQUISICION DE CAMION CISTERNA EN EL(LA) ENTIDAD PRESTADORA DE SERVICIOS DE SANEAMIENTO AGUAS DEL ALTIPLANO SOCIEDAD COMERCIAL DE RESPONSABILIDAD LIMITADA JR. CUSCO N° 324 DISTRITO DE AYAVIRI, PROVINCIA MELGAR, DEPARTAMENTO PUNO",210801,210801,AYAVIRI,AYAVIRI,MELGAR,MELGAR,OFICIAL_ORIGINAL,True,False
2480459,"CREACION DEL SISTEMA DE AGUA POTABLE Y SANEAMIENTO BASICO EN LA COMUNIDAD DE CATAHUICUCHO, SECTORES DE PATILLANI, CONDEÑA, ICHURAVE, JATUMPATA Y CARPANI DEL  DISTRITO DE ASILLO - PROVINCIA DE AZANGARO - DEPARTAMENTO DE PUNO",210204,210204,ASILLO,ASILLO,AZANGARO,AZANGARO,OFICIAL_ORIGINAL,True,False
2527434,"CONSTRUCCION DE SISTEMA DE ABASTECIMIENTO DE AGUA POTABLE Y RED DE ALCANTARILLADO EN EL(LA) JIRON PUNO Y JIRON LAS FLORES DEL  DISTRITO DE CABANILLAS, PROVINCIA SAN ROMAN, DEPARTAMENTO PUNO",211103,211103,CABANILLAS,CABANILLAS,SAN ROMAN,SAN ROMAN,OFICIAL_ORIGINAL,True,False
2217277,"AMPLIACION Y  MEJORAMIENTO DEL SISTEMA DE SANEAMIENTO BASICO INTEGRAL EN LA COMUNIDAD DE CUSIPATA, DISTRITO DE CHUCUITO - PUNO - PUNO",210106,210403,CHUCUITO,HUACULLANI,PUNO,CHUCUITO,APROXIMADA_DISTRITO,False,False
2153139,"INSTALACION DEL SISTEMA DE AGUA POTABLE Y SANEAMIENTO EN LAS LOCALIDADES DE VILLA HERMOSA Y NUEVA ESPINAR, DISTRITO DE CRUCERO - CARABAYA - PUNO",210306,210306,CRUCERO,CRUCERO,CARABAYA,CARABAYA,APROXIMADA_LOCALIDAD,True,False
2225246,"MEJORAMIENTO DEL SISTEMA DE ABASTECIMIENTO DE AGUA POTABLE, ALCANTARILLADO Y PTAR EN LA LOCALIDAD DE LLALLI, DISTRITO DE LLALLI - MELGAR - PUNO",210804,210804,LLALLI,LLALLI,MELGAR,MELGAR,APROXIMADA_LOCALIDAD,True,False
2509989,"CREACION DEL SERVICIO DE CANALIZACIÓN DE EVACUACIÓN DE AGUAS PLUVIALES DEL JR. ABRAHAM VALDELOMAR EN EL BARRIO ALTO LLAVINI DE LA CIUDAD DE PUNO,  DISTRITO DE PUNO - PROVINCIA DE PUNO - DEPARTAMENTO DE PUNO",210101,210101,PUNO,PUNO,PUNO,PUNO,OFICIAL_ORIGINAL,True,False
2321972,"MEJORAMIENTO DEL ABASTECIMIENTO DE AGUA POTABLE EN LOS BARRIOS Y URBANIZACIONES DE LA ZONA NORTE DE LA CIUDAD DE PUNO, DISTRITO DE PUNO, PROVINCIA DE PUNO-PUNO",210101,210101,PUNO,PUNO,PUNO,PUNO,APROXIMADA_DISTRITO,True,False
2183866,"MEJORAMIENTO Y AMPLIACIÓN DE LOS SERVICIOS DE AGUA POTABLE Y DISPOSICIÓN SANITARIA DE EXCRETAS  DE LA COMUNIDAD CAMPESINA DE COLLINI, CENTRO  POBLADO INCASAMAWI, DISTRITO DE ACORA, PUNO - PUNO",210102,210102,ACORA,ACORA,PUNO,PUNO,APROXIMADA_DISTRITO,True,False
2302960,"MEJORAMIENTO Y AMPLIACION DEL SERVICIO DE AGUA POTABLE Y CREACION DEL SERVICIO DE DISPOSICION SANITARIA DE EXCRETAS EN LA COMUNIDAD CAMPESINA JACHAPAMPA - SECTOR ALTO JACHAPAMPA, DISTRITO DE ZEPITA, PROVINCIA DE CHUCUITO, DEPARTAMENTO DE PUNO",210407,210407,ZEPITA,ZEPITA,CHUCUITO,CHUCUITO,APROXIMADA_DISTRITO,True,False
2187533,"MEJORAMIENTO Y AMPLIACION DE LOS SERVICIOS DE AGUA POTABLE Y DISPOSICION SANITARIA DE EXCRETAS DE LA COMUNIDAD CAMPESINA DE KAKACHI, DISTRITO DE HUANCANE, HUANCANE, PUNO",210601,210601,HUANCANE,HUANCANE,HUANCANE,HUANCANE,APROXIMADA_DISTRITO,True,False
2189342,"MEJORAMIENTO Y AMPLIACION DE LOS  SERVICIOS DE AGUA POTABLE Y DISPOSICIÓN SANITARIA DE EXCRETAS DE LA COMUNIDAD CAMPESINA DE MACHARIRI CENTRAL, DISTRITO DE ASILLO, AZANGARO - PUNO.",210204,210204,ASILLO,ASILLO,AZANGARO,AZANGARO,APROXIMADA_DISTRITO,True,False
2619461,"RENOVACION DE RESERVORIO Y LÍNEA DE CONDUCCIÓN EN EL(LA) SERVICIO DE AGUA POTABLE EN EL CENTRO POBLADO DE CHALLAPAMPA DEL  DISTRITO DE JULI, PROVINCIA CHUCUITO, DEPARTAMENTO PUNO",210401,210401,JULI,JULI,CHUCUITO,CHUCUITO,OFICIAL_ORIGINAL,True,False
2662679,"CONSTRUCCION DE UNIDADES BÁSICAS DE SANEAMIENTO (UBS) EN EL(LA) COMUNIDAD DE UNION HUALLATIRI  DISTRITO DE DESAGUADERO, PROVINCIA CHUCUITO, DEPARTAMENTO PUNO",210402,210402,DESAGUADERO,DESAGUADERO,CHUCUITO,CHUCUITO,OFICIAL_ORIGINAL,True,False
2629883,"CONSTRUCCION DE CAPTACION DE AGUA  Y LÍNEA DE CONDUCCIÓN EN EL(LA) SISTEMA DE AGUA POTABLE URBANO EN LA LOCALIDAD DE SANDIA,  DISTRITO DE SANDIA, PROVINCIA SANDIA, DEPARTAMENTO PUNO",211201,211201,SANDIA,SANDIA,SANDIA,SANDIA,OFICIAL_ORIGINAL,True,False
2619006,"CONSTRUCCION DE POZO EN EL(LA) CENTRO POBLADO DE LARO MEDIANTE ANILLOS DE CONCRETO EN EL  DISTRITO DE NICASIO, PROVINCIA LAMPA, DEPARTAMENTO PUNO",210704,210704,NICASIO,NICASIO,LAMPA,LAMPA,OFICIAL_ORIGINAL,True,False
2691494,"ADQUISICION DE TERRENO EN EL(LA) PARA LA CONSTRUCCION  DEL PTAR DEL  SISTEMA DE ALCANTARILLADO DEL AMBITO URBANO EN EL CENTRO POBLADO DEUSTUA, DISTRITO DE CABANILLAS, PROVINCIA SAN ROMAN, DEPARTAMENTO PUNO",211103,211103,CABANILLAS,CABANILLAS,SAN ROMAN,SAN ROMAN,OFICIAL_ORIGINAL,True,False
2732302,CREACION DEL SERVICIO DE AGUA POTABLE RURAL Y CREACION DEL SERVICIO DE ALCANTARILLADO U OTRAS FORMAS DE DISPOSICIÓN SANITARIA DE EXCRETAS EN LOCALIDAD DE TUPAC AMARU DE QUILCA   DISTRITO DE QUILCAPUNCU DE LA PROVINCIA DE SAN ANTONIO DE PUTINA DEL DEPARTAMENTO DE PUNO,211004,211004,QUILCAPUNCU,QUILCAPUNCU,SAN ANTONIO DE PUTINA,SAN ANTONIO DE PUTINA,OFICIAL_ORIGINAL,True,False
2726160,CREACION DE LA RED DE SERVICIO(S)  DE AGUA POTABLE RURAL Y  DE ALCANTARILLADO U OTRAS FORMAS DE DISPOSICIÓN SANITARIA DE EXCRETAS EN 3 SISTEMAS DE AGUA POTABLE Y/O  SISTEMA DE ALCANTARILLADO U OTRAS FORMAS DE DISPOSICIÓN SANITARIA  DEL DISTRITO  LLALLI PROVINCIA DE MELGAR DEPARTAMENTO DE PUNO,210804,210804,LLALLI,LLALLI,MELGAR,MELGAR,OFICIAL_ORIGINAL,True,False
2707572,"CONSTRUCCION DE CAPTACION DE AGUA , RESERVORIO, ESTACION DE BOMBEO DE AGUA Y LINEA DE IMPULSION EN EL(LA) AMBITO DEL SECTOR HUENCALLA DISTRITO DE PLATERIA, PROVINCIA PUNO, DEPARTAMENTO PUNO",210112,210112,PLATERIA,PLATERIA,PUNO,PUNO,OFICIAL_ORIGINAL,True,False
2221010,"INSTALACION DEL SISTEMA  DE AGUA POTABLE Y BAÑOS SANITARIOS EN LA COMUNIDAD DE JURUHUANANI, DISTRITO DE ACORA - PUNO - PUNO",210102,210102,ACORA,ACORA,PUNO,PUNO,APROXIMADA_DISTRITO,True,False
2710795,"REPARACION DE CAPTACION DE AGUA , RESERVORIO, PTAR Y LINEA DE CONDUCCION ADEMÁS DE OTROS ACTIVOS EN EL(LA) SERVICIO DE AGUA POTABLE Y SANEAMIENTO BÁSICO DEL  DISTRITO DE ACORA, PROVINCIA PUNO, DEPARTAMENTO PUNO",210102,210102,ACORA,ACORA,PUNO,PUNO,OFICIAL_ORIGINAL,True,False
2239679,"MEJORAMIENTO Y AMPLIACION DEL SISTEMA DE AGUA POTABLE Y ALCANTARILLADO DEL CENTRO POBLADO DE TRAPICHE, DISTRITO DE ANANEA - SAN ANTONIO DE PUTINA - PUNO",211002,211002,ANANEA,ANANEA,SAN ANTONIO DE PUTINA,SAN ANTONIO DE PUTINA,APROXIMADA_LOCALIDAD,True,False
2554508,"CONSTRUCCION DE SISTEMA DE ABASTECIMIENTO DE AGUA POTABLE EN EL(LA) SECTOR DE SELVA ALEGRE  DISTRITO DE ALTO INAMBARI, PROVINCIA SANDIA, DEPARTAMENTO PUNO",211209,211209,ALTO INAMBARI,ALTO INAMBARI,SANDIA,SANDIA,OFICIAL_ORIGINAL,True,False
2389236,CREACION DEL SERVICIO DE AGUA POTABLE Y SANEAMIENTO BASICO EN LAS COMUNIDADES DE KALAHUALA Y VILQUE PITIQUITA - DISTRITO DE ASILLO - PROVINCIA DE AZANGARO - REGIÓN PUNO,210204,210204,ASILLO,ASILLO,AZANGARO,AZANGARO,OFICIAL_ORIGINAL,True,False
2492904,"MEJORAMIENTO Y AMPLIACION DEL SERVICIO DE AGUA POTABLE Y SANEAMIENTO BÁSICO EN LA COMUNIDAD DE JOCHI SAN FRANCISCO,  DISTRITO DE COATA - PROVINCIA DE PUNO - DEPARTAMENTO DE PUNO",210107,210107,COATA,COATA,PUNO,PUNO,OFICIAL_ORIGINAL,True,False
2428300,"REPARACIÓN DE CAPTACIÓN SUBTERRÁNEA DE AGUA CONSTRUCCIÓN DE LÍNEA DE CONDUCCIÓN EN EL(LA) COMUNIDAD DE BATALLA EN LA LOCALIDAD BATALLA, DISTRITO DE POMATA, PROVINCIA CHUCUITO, DEPARTAMENTO PUNO",210406,210406,POMATA,POMATA,CHUCUITO,CHUCUITO,OFICIAL_ORIGINAL,True,False
2237532,"AMPLIACION Y MEJORAMIENTO DEL SERVICIO DE SANEAMIENTO BASICO INTEGRAL EN LA LOCALIDAD DE QUILCAPUNCU, DISTRITO DE QUILCAPUNCU - SAN ANTONIO DE PUTINA - PUNO",211004,211004,QUILCAPUNCU,QUILCAPUNCU,SAN ANTONIO DE PUTINA,SAN ANTONIO DE PUTINA,APROXIMADA_DISTRITO,True,False
2309673,"CREACION DEL SERVICIO DE AGUA POTABLE Y SANEAMIENTO BÁSICO EN EL CENTRO POBLADO DE CURVA ALEGRE, DISTRITO DE SAN PEDRO DE PUTINA PUNCU - SANDIA - PUNO",211210,211210,SAN PEDRO DE PUTINA PUNCO,SAN PEDRO DE PUTINA PUNCO,SANDIA,SANDIA,APROXIMADA_LOCALIDAD,True,False
2270279,"AMPLIACION Y MEJORAMIENTO DE LOS SERVICIOS DE AGUA POTABLE Y ALCANTARILLADO EN LA LOCALIDAD DE JULI, PROVINCIA DE CHUCUITO - PUNO",210401,210401,JULI,JULI,CHUCUITO,CHUCUITO,APROXIMADA_DISTRITO,True,False
2422673,"ADQUISICIÓN DE EQUIPOS DE BOMBEO A TRAVÉS DE LA LÍNEA DE FLUJO EN EL(LA) CÁMARAS DE BOMBEO AUXILIARES N° 01, 02, 03, 04, 05, 06, 07 Y 08 DEL SISTEMA DE ALCANTARILLADO DE LA EPS SEDAJULIACA S.A. EN LA LOCALIDAD JULIACA, DISTRITO DE JULIACA, PROVINCIA SAN ROMAN, DEPARTAMENTO PUNO",211101,211101,JULIACA,JULIACA,SAN ROMAN,SAN ROMAN,OFICIAL_ORIGINAL,True,False
2143120,"MEJORAMIENTO Y REHABILITACION DEL SISTEMA DE AGUA POTABLE Y ALCANTARILLADO DE LA LOCALIDAD DE, PROVINCIA DE SANDIA - PUNO",211201,211201,SANDIA,SANDIA,SANDIA,SANDIA,APROXIMADA_DISTRITO,True,False
2724511,"ADQUISICION DE EQUIPO DE BOMBEO EN EL(LA) ESTACIÓN DE BOMBEO DE AGUAS RESIDUALES TAPARACHI DE LA EPS SEDAJULIACA S.A.  DISTRITO DE JULIACA, PROVINCIA SAN ROMAN, DEPARTAMENTO PUNO",211101,211101,JULIACA,JULIACA,SAN ROMAN,SAN ROMAN,OFICIAL_ORIGINAL,True,False
2204269,"AMPLIACION Y MEJORAMIENTO DEL SERVICIO DE AGUA POTABLE  Y DESAGUE EN LA LOCALIDAD DE CAPACHICA Y SECTORES HUAREJON Y TOCTORO, DISTRITO DE CAPACHICA - PUNO - PUNO",210105,210105,CAPACHICA,CAPACHICA,PUNO,PUNO,APROXIMADA_DISTRITO,True,False
2195459,"MEJORAMIENTO Y AMPLIACION DEL SISTEMA DE ABASTECIMIENTO DE AGUA POTABLE Y SANEAMIENTO BASICO INTEGRAL DE LAS C.C.  ACCORANI, HUACCOTO Y ALTO TRINAMAYO, DISTRITO DE CHUPA - AZANGARO - PUNO",210206,210206,CHUPA,CHUPA,AZANGARO,AZANGARO,APROXIMADA_DISTRITO,True,False
2288715,"MEJORAMIENTO DEL CANAL DE DRENAJE PLUVIAL EN  LA COMUNIDAD DE CHINCHERA , DISTRITO DE CHUCUITO - PUNO - PUNO",210106,210403,CHUCUITO,HUACULLANI,PUNO,CHUCUITO,APROXIMADA_DISTRITO,False,False
2332959,"CREACION Y MEJORAMIENTO DEL SERVICIO DE AGUA POTABLE Y SANEAMIENTO RURAL EN LA MICROCUENCA AZANGARO II, DISTRITO AZANGARO Y ASILLO, PROVINCIA DE AZANGARO - PUNO",210201,210201,AZANGARO,AZANGARO,AZANGARO,AZANGARO,APROXIMADA_DISTRITO,True,False
2328494,"CREACION DEL SISTEMA DE CAPTACION Y CONDUCCION PARA EL ABASTECIMIENTO DE AGUAS TERMALES A LA PISCINA MUNICIPAL JOSE SOLORZANO SALAS DEL DISTRITO DE PUTINA, PROVINCIA DE SAN ANTONIO DE PUTINA - PUNO",211001,211001,PUTINA,PUTINA,SAN ANTONIO DE PUTINA,SAN ANTONIO DE PUTINA,APROXIMADA_DISTRITO,True,False
2422594,"RENOVACIÓN DE LÍNEA DE IMPULSIÓN EN EL(LA) SISTEMA DE ALCANTARILLADO, DEL CAISSON CENTRAL A LA PLANTA DE TRATAMIENTO DE AGUA RESIDUAL DE LA EPS SEDAJULIACA S.A. EN LA LOCALIDAD JULIACA, DISTRITO DE JULIACA, PROVINCIA SAN ROMAN, DEPARTAMENTO PUNO",211101,211101,JULIACA,JULIACA,SAN ROMAN,SAN ROMAN,OFICIAL_ORIGINAL,True,False
2422720,"SANEAMIENTO TÉCNICO LEGAL DE TERRENO PARA EDIFICACIÓN PÚBLICA EN EL(LA) DONDE OPERAN LOS SISTEMAS DE AGUA POTABLE Y ALCANTARILLADO SANITARIO (PROCESO DE INTEGRACIÓN DEL DISTRITO DE CARACOTO A LA EPS SEDAJULIACA S.A.) EN LA LOCALIDAD CARACOTO, DISTRITO DE CARACOTO, PROVINCIA SAN ROMAN, DEPARTAMENTO PUNO",211104,211104,CARACOTO,CARACOTO,SAN ROMAN,SAN ROMAN,OFICIAL_ORIGINAL,True,False
2311194,"AMPLIACION DEL SISTEMA HIDRAULICO DE PRODUCCION DE AGUA POTABLE DE LA PTAP - AYABACAS DE LA EPS SEDAJULIACA S.A. , CIUDAD DE JULIACA, PROVINCIA DE SAN ROMAN - PUNO",211101,211101,JULIACA,JULIACA,SAN ROMAN,SAN ROMAN,APROXIMADA_DISTRITO,True,False
2604323,MEJORAMIENTO Y AMPLIACION DEL SERVICIO DE AGUA POTABLE RURAL Y MEJORAMIENTO Y AMPLIACION DEL SERVICIO DE ALCANTARILLADO U OTRAS FORMAS DE DISPOSICIÓN SANITARIA DE EXCRETAS EN EL CENTRO POBLADO PAJANA SAN ISIDRO DEL   DISTRITO DE OLLARAYA DE LA PROVINCIA DE YUNGUYO DEL DEPARTAMENTO DE PUNO,211305,211305,OLLARAYA,OLLARAYA,YUNGUYO,YUNGUYO,OFICIAL_ORIGINAL,True,False
2632751,"CONSTRUCCION DE RESERVORIO, LÍNEA DE CONDUCCIÓN Y LÍNEA DE ADUCCIÓN EN EL(LA) SISTEMA DE AGUA POTABLE DE LA PARCIALIDAD DE MARKA JILAPUNTA DEL  DISTRITO DE CHUCUITO, PROVINCIA PUNO, DEPARTAMENTO PUNO",210106,210106,CHUCUITO,CHUCUITO,PUNO,PUNO,OFICIAL_ORIGINAL,True,False
2647471,MEJORAMIENTO DEL SERVICIO DE AGUA POTABLE RURAL Y CREACION DEL SERVICIO DE ALCANTARILLADO U OTRAS FORMAS DE DISPOSICIÓN SANITARIA DE EXCRETAS EN SECTOR URUHUASI DE CENTRO POBLADO CHACANEQUE DEL   DISTRITO DE SAN GABAN DE LA PROVINCIA DE CARABAYA DEL DEPARTAMENTO DE PUNO,210309,210309,SAN GABAN,SAN GABAN,CARABAYA,CARABAYA,OFICIAL_ORIGINAL,True,False
2657224,"CONSTRUCCION DE SISTEMA DE ABASTECIMIENTO DE AGUA POTABLE Y RED DE ALCANTARILLADO EN EL(LA) JIRON JUNIN CUADRA 6,7 Y 8  DISTRITO DE LAMPA, PROVINCIA LAMPA, DEPARTAMENTO PUNO",210701,210701,LAMPA,LAMPA,LAMPA,LAMPA,OFICIAL_ORIGINAL,True,False
2657372,MEJORAMIENTO Y AMPLIACION DEL SERVICIO DE AGUA POTABLE RURAL Y MEJORAMIENTO Y AMPLIACION DEL SERVICIO DE ALCANTARILLADO U OTRAS FORMAS DE DISPOSICIÓN SANITARIA DE EXCRETAS EN C.C. QUELCAYA   DISTRITO DE CORANI DE LA PROVINCIA DE CARABAYA DEL DEPARTAMENTO DE PUNO,210305,210305,CORANI,CORANI,CARABAYA,CARABAYA,OFICIAL_ORIGINAL,True,False
2654444,MEJORAMIENTO Y AMPLIACION DEL SERVICIO DE AGUA POTABLE RURAL Y CREACION DEL SERVICIO DE ALCANTARILLADO U OTRAS FORMAS DE DISPOSICIÓN SANITARIA DE EXCRETAS EN LA COMUNIDAD CAMIRAYA MOLINO   DISTRITO DE ZEPITA DE LA PROVINCIA DE CHUCUITO DEL DEPARTAMENTO DE PUNO,210407,210407,ZEPITA,ZEPITA,CHUCUITO,CHUCUITO,OFICIAL_ORIGINAL,True,False
2676508,"CREACION DEL SERVICIO DE AGUA POTABLE RURAL Y CREACION DEL SERVICIO DE ALCANTARILLADO U OTRAS FORMAS DE DISPOSICIÓN SANITARIA DE EXCRETAS EN LAS COMUNIDADES DE SAN JUAN BAUTISTA CENTRAL CULLILLACA, CULLILLACA JOVEN, CORISUYO, ICHURIA Y JASANA POCSELLIN DEL   DISTRITO DE CABANILLA DE LA PROVINCIA DE LAMPA DEL DEPARTAMENTO DE PUNO",210702,210702,CABANILLA,CABANILLA,LAMPA,LAMPA,OFICIAL_ORIGINAL,True,False
2666799,MEJORAMIENTO Y AMPLIACION DEL SERVICIO DE AGUA POTABLE RURAL Y MEJORAMIENTO Y AMPLIACION DEL SERVICIO DE ALCANTARILLADO U OTRAS FORMAS DE DISPOSICIÓN SANITARIA DE EXCRETAS EN LA COMUNIDAD DE SOMBRERONI JANCOCOLLO   DISTRITO DE VILQUE CHICO DE LA PROVINCIA DE HUANCANE DEL DEPARTAMENTO DE PUNO,210608,210608,VILQUE CHICO,VILQUE CHICO,HUANCANE,HUANCANE,OFICIAL_ORIGINAL,True,False
2668207,CREACION DEL SERVICIO DE AGUA POTABLE RURAL Y CREACION DEL SERVICIO DE ALCANTARILLADO U OTRAS FORMAS DE DISPOSICIÓN SANITARIA DE EXCRETAS EN C.C. PATAPAMPA HATUN PINAYA   DISTRITO DE MACUSANI DE LA PROVINCIA DE CARABAYA DEL DEPARTAMENTO DE PUNO,210301,210301,MACUSANI,MACUSANI,CARABAYA,CARABAYA,OFICIAL_ORIGINAL,True,False
2695138,"RENOVACION DE CAPTACION DE AGUA  Y RED DE DISTRIBUCION EN EL(LA) SISTEMA DE AGUA POTABLE EN LA COMUNIDAD DE MOYAPAMPA DISTRITO DE JULI, PROVINCIA CHUCUITO, DEPARTAMENTO PUNO",210401,210401,JULI,JULI,CHUCUITO,CHUCUITO,OFICIAL_ORIGINAL,True,False
2657497,MEJORAMIENTO Y AMPLIACION DEL SERVICIO DE AGUA POTABLE RURAL Y MEJORAMIENTO Y AMPLIACION DEL SERVICIO DE ALCANTARILLADO U OTRAS FORMAS DE DISPOSICIÓN SANITARIA DE EXCRETAS EN LA COMUNIDAD CAMPESINA DE CHACACONIZA DEL   DISTRITO DE CORANI DE LA PROVINCIA DE CARABAYA DEL DEPARTAMENTO DE PUNO,210305,210305,CORANI,CORANI,CARABAYA,CARABAYA,OFICIAL_ORIGINAL,True,False
2286748,"MEJORAMIENTO DEL SERVICIO DE AGUA POTABLE E INSTALACION DE SERVICIOS HIGIENICOS EN LAS COMUNIDADES CAMPESINAS CCACCO, CHILLIN, HUARZA, PUCACHUPA Y QUEÑUANI BAJO, DISTRITO DE PUCARA - LAMPA - PUNO",210708,210708,PUCARA,PUCARA,LAMPA,LAMPA,APROXIMADA_DISTRITO,True,False
2538676,MEJORAMIENTO Y AMPLIACION DEL SERVICIO DE ABASTECIMIENTO DE AGUA POTABLE Y SANEAMIENTO DEL SECTOR CRUZ DE LA COMUNIDAD DE SICUYANI DEL  DISTRITO DE ZEPITA - PROVINCIA DE CHUCUITO - DEPARTAMENTO DE PUNO,210407,210407,ZEPITA,ZEPITA,CHUCUITO,CHUCUITO,OFICIAL_ORIGINAL,True,False
2597143,AMPLIACION DEL SERVICIO DE DRENAJE PLUVIAL EN EL BARRIO INDEPENDIENTE DE LA CIUDAD DE JULI DEL   DISTRITO DE JULI DE LA PROVINCIA DE CHUCUITO DEL DEPARTAMENTO DE PUNO,210401,210401,JULI,JULI,CHUCUITO,CHUCUITO,OFICIAL_ORIGINAL,True,False
2037351,"MEJORAMIENTO DEL SISTEMA DE ABASTECIMIENTO DE AGUA MEDIANTE PERFORACION DE POZOS DE LA ZONA MEDIA DISTRITO DE ILAVE, PROVINCIA DE EL COLLAO - PUNO",210501,210501,ILAVE,ILAVE,EL COLLAO,EL COLLAO,APROXIMADA_DISTRITO,True,False
2422553,"ADQUISICIÓN DE KITS DE VÁLVULAS Y EQUIPOS DE BOMBEO A TRAVÉS DE LA LÍNEA DE FLUJO EN EL(LA) RESERVORIOS N° 02, 03 Y 04 DE LA EPS SEDAJULIACA S.A. EN LA LOCALIDAD JULIACA, DISTRITO DE JULIACA, PROVINCIA SAN ROMAN, DEPARTAMENTO PUNO",211101,211101,JULIACA,JULIACA,SAN ROMAN,SAN ROMAN,OFICIAL_ORIGINAL,True,False
2521270,"CONSTRUCCION DE INFRAESTRUCTURA DE ALMACENAMIENTO EN EL(LA) TALLER MANTO DE LA EMPRESA MUNICIPAL DE SANEAMIENTO BASICO DE LA CIUDAD DE PUNO,  DISTRITO DE PUNO, PROVINCIA PUNO, DEPARTAMENTO PUNO",210101,210101,PUNO,PUNO,PUNO,PUNO,OFICIAL_ORIGINAL,True,False
2082657,"INSTALACION DEL SISTEMA DE AGUA POTABLE   EN LAS URBANIZACIONES ASOCIACIÓN PRO VIVIENDA SEÑOR DE HUAYNAROQUE, SAN MATEO Y AEROPUERTO II, III ETAPA Y ANEXOS SECTOR NOR OESTE, DE LA CIUDAD DE JULIACA, PROVINCIA DE SAN ROMAN - PUNO",211101,211101,JULIACA,JULIACA,SAN ROMAN,SAN ROMAN,APROXIMADA_DISTRITO,True,False
2307914,"AMPLIACION Y MEJORAMIENTO DEL SERVICIO DE AGUA POTABLE Y DISPOSICION SANITARIA DE EXCRETAS EN EL CENTRO POBLADO DE PHUSCA , DISTRITO DE USICAYOS - CARABAYA - PUNO",210310,210310,USICAYOS,USICAYOS,CARABAYA,CARABAYA,APROXIMADA_LOCALIDAD,True,False
2182866,"MEJORAMIENTO Y AMPLIAICON DE LOS SISTEMAS DE AGUA POTABLE Y ALCANTARILLADO DE LA LOCALIDAD DE POMATA, DISTRITO DE POMATA - CHUCUITO - PUNO",210406,210406,POMATA,POMATA,CHUCUITO,CHUCUITO,APROXIMADA_LOCALIDAD,True,False
2183860,"MEJORAMIENTO Y AMPLIACIÓN DE LOS SERVICIOS DE AGUA POTABLE Y DISPOSICIÓN SANITARIA DE EXCRETAS DEL CENTRO  POBLADO JAYU JAYU, DISTRITO DE ACORA, PUNO - PUNO.",210102,210102,ACORA,ACORA,PUNO,PUNO,APROXIMADA_DISTRITO,True,False
2619516,"RENOVACION DE CAPTACION DE AGUA  Y LÍNEA DE CONDUCCIÓN EN EL(LA) SISTEMA DE AGUA POTABLE DE LA PARCIALIDAD DE HUERTA PARQUI CHUAÑA DEL CENTRO POBLADO DE CASPA DEL  DISTRITO DE JULI, PROVINCIA CHUCUITO, DEPARTAMENTO PUNO",210401,210401,JULI,JULI,CHUCUITO,CHUCUITO,OFICIAL_ORIGINAL,True,False
2632412,MEJORAMIENTO Y AMPLIACION DEL SERVICIO DE AGUA POTABLE RURAL Y MEJORAMIENTO Y AMPLIACION DEL SERVICIO DE ALCANTARILLADO U OTRAS FORMAS DE DISPOSICIÓN SANITARIA DE EXCRETAS EN LA C.C. HUANACOPAMPA Y AMERICA DEL   DISTRITO DE NUÑOA DE LA PROVINCIA DE MELGAR DEL DEPARTAMENTO DE PUNO,210806,210806,NUÑOA,NUÑOA,MELGAR,MELGAR,OFICIAL_ORIGINAL,True,False
2626330,MEJORAMIENTO DEL SERVICIO DE ALCANTARILLADO Y MEJORAMIENTO DEL SERVICIO DE AGUA POTABLE URBANO EN EN CENTRO POBLADO DE QUICHO   DISTRITO DE OLLACHEA DE LA PROVINCIA DE CARABAYA DEL DEPARTAMENTO DE PUNO,210308,210308,OLLACHEA,OLLACHEA,CARABAYA,CARABAYA,OFICIAL_ORIGINAL,True,False
2677197,"RENOVACION DE SISTEMA DE ABASTECIMIENTO DE AGUA POTABLE EN EL(LA) SISTEMA DE AGUA POTABLE DE LA COMUNIDAD CAMPESINA DE  CARLOS GUTIERREZ IRUHUATA  DISTRITO DE POTONI, PROVINCIA AZANGARO, DEPARTAMENTO PUNO",210209,210209,POTONI,POTONI,AZANGARO,AZANGARO,OFICIAL_ORIGINAL,True,False
2697471,"CONSTRUCCION DE RESERVORIO EN EL(LA) EMPRESA PRESTADORA DE SERVICIOS DE SANEAMIENTO NOR PUNO S.A. CIUDAD DE HUANCANÉ DISTRITO DE HUANCANE, PROVINCIA HUANCANE, DEPARTAMENTO PUNO",210601,210601,HUANCANE,HUANCANE,HUANCANE,HUANCANE,OFICIAL_ORIGINAL,True,False
2662359,CREACION DEL SERVICIO DE AGUA POTABLE RURAL Y CREACION DEL SERVICIO DE ALCANTARILLADO U OTRAS FORMAS DE DISPOSICIÓN SANITARIA DE EXCRETAS EN CENTRO POBLADO SANTA ROSA DE HUAYLLATA DEL   DISTRITO DE ILAVE DE LA PROVINCIA DE EL COLLAO DEL DEPARTAMENTO DE PUNO,210501,210501,ILAVE,ILAVE,EL COLLAO,EL COLLAO,OFICIAL_ORIGINAL,True,False
2661260,"REPARACION DE RESERVORIO CONSTRUCCION DE CAPTACION DE AGUA, LINEA DE IMPULSION Y PTAP ADEMAS DE OTROS ACTIVOS EN EL(LA) ASENTAMIENTO HUMANO PUEBLO LIBRE DISTRITO DE AYAVIRI, PROVINCIA MELGAR, DEPARTAMENTO PUNO",210801,210801,AYAVIRI,AYAVIRI,MELGAR,MELGAR,OFICIAL_ORIGINAL,True,False
2241761,"AMPLIACION DEL SERVICIO DE AGUA POTABLE  E  INSTALACION DEL SERVICIO DE DISPOSICIÓN SANITARIA DE EXCRETAS EN LA C.C. DE SIALE, DISTRITO DE CAPACHICA - PUNO - PUNO",210105,210105,CAPACHICA,CAPACHICA,PUNO,PUNO,APROXIMADA_DISTRITO,True,False
2328144,"CREACION DEL SERVICIO DE AGUA POTABLE Y SANEAMIENTO BASICO EN LOS SECTORES CENTRAL, ISLA CANCHI, INCASAYA Y CHALLHUANI DE LA COMUNIDAD CANCHI CHICO, DISTRITO DE CARACOTO - SAN ROMAN - PUNO",211104,211104,CARACOTO,CARACOTO,SAN ROMAN,SAN ROMAN,APROXIMADA_DISTRITO,True,False
2174797,"INSTALACION DEL SISTEMA DE AGUA POTABLE Y SERVICIO HIGIENICO CON ARRASTRE HIDRAULICO EN LA COMUNIDAD DE HUANCASAYA, DISTRITO DE COJATA - HUANCANE - PUNO",210602,210602,COJATA,COJATA,HUANCANE,HUANCANE,APROXIMADA_DISTRITO,True,False
2145648,"AMPLIACION DEL SISTEMA DE AGUA POTABLE PARA LA COMUNIDAD DE KARANA, DISTRITO DE CHUCUITO - PUNO - PUNO",210106,210403,CHUCUITO,HUACULLANI,PUNO,CHUCUITO,APROXIMADA_DISTRITO,False,False
2334427,"MEJORAMIENTO Y AMPLIACION DEL SERVICIO DE AGUA POTABLE Y SISTEMA DE ALCANTARILLADO EN LAS LOCALIDADES DE CUYOCUYO Y URA AYLLU EN EL, DISTRITO DE CUYOCUYO - SANDIA - PUNO",211202,211202,CUYOCUYO,CUYOCUYO,SANDIA,SANDIA,APROXIMADA_DISTRITO,True,False
2411246,"MEJORAMIENTO Y AMPLIACION DE LOS SERVICIOS DE AGUA POTABLE Y DISPOSICION SANITARIA DE EXCRETAS EN LA COMUNIDAD DE ANANSAYA, DISTRITO DE CRUCERO - CARABAYA - PUNO",210306,210306,CRUCERO,CRUCERO,CARABAYA,CARABAYA,APROXIMADA_LOCALIDAD,True,False
2519992,"CONSTRUCCION DE POZO, LÍNEA DE IMPULSIÓN, RESERVORIO Y LÍNEA DE ADUCCIÓN ADEMÁS DE OTROS ACTIVOS EN EL(LA) SISTEMA DE AGUA POTABLE  DISTRITO DE DESAGUADERO, PROVINCIA CHUCUITO, DEPARTAMENTO PUNO",210402,210402,DESAGUADERO,DESAGUADERO,CHUCUITO,CHUCUITO,OFICIAL_ORIGINAL,True,False
2598726,MEJORAMIENTO Y AMPLIACION DEL SERVICIO DE AGUA POTABLE RURAL EN SANEAMIENTO BASICO  DE CENTRO POBLADO HUALLATIRI DISTRITO DE HUAYRAPATA DE LA PROVINCIA DE MOHO DEL DEPARTAMENTO DE PUNO,210903,210903,HUAYRAPATA,HUAYRAPATA,MOHO,MOHO,OFICIAL_ORIGINAL,True,False
2611256,"CREACION DEL SERVICIO DE AGUA POTABLE RURAL Y CREACION DEL SERVICIO DE ALCANTARILLADO U OTRAS FORMAS DE DISPOSICIÓN SANITARIA DE EXCRETAS EN SECTOR TABINA PAMPA DE LA COMUNIDAD CAMPESINA DE KANCHI,   DISTRITO DE AYAPATA DE LA PROVINCIA DE CARABAYA DEL DEPARTAMENTO DE PUNO",210303,210308,AYAPATA,OLLACHEA,CARABAYA,CARABAYA,OFICIAL_ORIGINAL,False,False
2620064,MEJORAMIENTO Y AMPLIACION DEL SERVICIO DE AGUA POTABLE RURAL Y MEJORAMIENTO Y AMPLIACION DEL SERVICIO DE ALCANTARILLADO U OTRAS FORMAS DE DISPOSICIÓN SANITARIA DE EXCRETAS EN SANTA CRUZ PUNA AYLLU   DISTRITO DE PATAMBUCO DE LA PROVINCIA DE SANDIA DEL DEPARTAMENTO DE PUNO,211204,211204,PATAMBUCO,PATAMBUCO,SANDIA,SANDIA,OFICIAL_ORIGINAL,True,False
2636201,MEJORAMIENTO Y AMPLIACION DEL SERVICIO DE AGUA POTABLE RURAL Y MEJORAMIENTO Y AMPLIACION DEL SERVICIO DE ALCANTARILLADO U OTRAS FORMAS DE DISPOSICIÓN SANITARIA DE EXCRETAS EN LA C.C. CAUCHIRI DEL   DISTRITO DE NUÑOA DE LA PROVINCIA DE MELGAR DEL DEPARTAMENTO DE PUNO,210806,210806,NUÑOA,NUÑOA,MELGAR,MELGAR,OFICIAL_ORIGINAL,True,False
2652428,"ADQUISICION DE TERRENO EN EL(LA) MEJORAMIENTO Y AMPLIACION DEL SISTEMA DE AGUA POTABLE Y ALCANTARILLADO DE LA LOCALIDAD DE SAN GABAN, PARA CONSTRUCCION DE PLANTA DE TRATAMIENTO DE AGUA POTABLE EN EL  DISTRITO DE SAN GABAN, PROVINCIA CARABAYA, DEPARTAMENTO PUNO",210309,210309,SAN GABAN,SAN GABAN,CARABAYA,CARABAYA,OFICIAL_ORIGINAL,True,False
2672532,"RENOVACION DE CAPTACION DE AGUA , RESERVORIO, LÍNEA DE CONDUCCIÓN Y RED DE DISTRIBUCION EN EL(LA) SISTEMA DE AGUA POTABLE EN EL SECTOR VILLA RINCONADA  DISTRITO DE JULI, PROVINCIA CHUCUITO, DEPARTAMENTO PUNO",210401,210401,JULI,JULI,CHUCUITO,CHUCUITO,OFICIAL_ORIGINAL,True,False
2678931,"ADQUISICION DE TRANSFORMADOR DE POTENCIA EN EL(LA) PLANTA DE TRATAMIENTO DE AGUAS RESIDUALES DEL CENTRO POBLADO DE PROGRESO DEL  DISTRITO DE ASILLO, PROVINCIA AZANGARO, DEPARTAMENTO PUNO",210204,210204,ASILLO,ASILLO,AZANGARO,AZANGARO,OFICIAL_ORIGINAL,True,False
2732638,"CONSTRUCCION DE SISTEMA DE ABASTECIMIENTO DE AGUA POTABLE EN EL(LA) CENTRO POBLADO DE MUNI DEL  DISTRITO DE PUSI, PROVINCIA HUANCANE, DEPARTAMENTO PUNO",210605,210605,PUSI,PUSI,HUANCANE,HUANCANE,OFICIAL_ORIGINAL,True,False
2713209,CREACION DEL SERVICIO DE AGUA POTABLE RURAL Y CREACION DEL SERVICIO DE ALCANTARILLADO U OTRAS FORMAS DE DISPOSICIÓN SANITARIA DE EXCRETAS EN LA COMUNIDAD DE ALTO JURINSAYA   DISTRITO DE AZANGARO DE LA PROVINCIA DE AZANGARO DEL DEPARTAMENTO DE PUNO,210201,210201,AZANGARO,AZANGARO,AZANGARO,AZANGARO,OFICIAL_ORIGINAL,True,False
2732725,"ADQUISICION DE CAMION CISTERNA EN EL(LA) EMPRESA PRESTADORA DE SERVICIOS DE SANEAMIENTO NOR PUNO S.A.  DISTRITO DE AZANGARO, PROVINCIA AZANGARO, DEPARTAMENTO PUNO",210201,210201,AZANGARO,AZANGARO,AZANGARO,AZANGARO,OFICIAL_ORIGINAL,True,False
2285593,"INSTALACION DEL SISTEMA DE AGUA POTABLE Y DISPOSICION SANITARIA DE EXCRETAS EN LAS COMUNIDADES DE FLORIDA, PILIPILINE, TUTURCUYO, ESQUINAPATA Y YUCAJACHI, DISTRITO DE ACHAYA - AZANGARO - PUNO",210202,210202,ACHAYA,ACHAYA,AZANGARO,AZANGARO,APROXIMADA_DISTRITO,True,False
2412401,"CREACION DEL SISTEMA DE AGUA POTABLE Y DISPOSICION SANITARIA DE EXCRETAS EN LOS SECTORES DE ALIANZA COMINI, VILACUNCA, CENTRAL Y SAN JUAN EN LA COMUNIDAD CAMPESINA ANORAVI - DISTRITO DE ASILLO - PROVINCIA DE AZANGARO - DEPARTAMENTO DE PUNO",210204,210204,ASILLO,ASILLO,AZANGARO,AZANGARO,OFICIAL_ORIGINAL,True,False
2510472,"ADQUISICION DE TERRENO EN EL(LA) SISTEMA DE AGUA POTABLE DEL C.P. COLLANA, PARCIALIDADES DE CORASIA, YAPUSCACHI, SILARANI, CIENEGUILLA, CORCORONI, VIZALLANI, HUANCARANI, CUINCHACA Y SECTOR MAYCO DEL  DISTRITO DE CABANA, PROVINCIA SAN ROMAN, DEPARTAMENTO PUNO",211102,211102,CABANA,CABANA,SAN ROMAN,SAN ROMAN,OFICIAL_ORIGINAL,True,False
2567893,"CREACION DE PLANTA DE TRATAMIENTO DE AGUA POTABLE EN LAS COMUNIDADES SAN CRISTOBAL, CHILLORA Y LLANCACO DEL DISTRITO DE CAPACHICA - PROVINCIA DE PUNO - DEPARTAMENTO DE PUNO",210105,210105,CAPACHICA,CAPACHICA,PUNO,PUNO,OFICIAL_ORIGINAL,True,False
2446027,CREACION DEL SERVICIO DE AGUA POTABLE Y DISPOSICION SANITARIA DE EXCRETAS EN EL SECTOR DE CHAPA COMUNIDAD HILATA DEL DISTRITO DE CAPACHICA - PROVINCIA DE PUNO - DEPARTAMENTO DE PUNO,210105,210105,CAPACHICA,CAPACHICA,PUNO,PUNO,OFICIAL_ORIGINAL,True,False
2316900,"MEJORAMIENTO Y AMPLIACION DEL SISTEMA DE AGUA POTABLE Y SANEAMIENTO BASICO EN LAS COMUNIDADES DE JANCHIPO Y COLLPANI, DISTRITO DE CHUPA - AZANGARO - PUNO",210206,210206,CHUPA,CHUPA,AZANGARO,AZANGARO,APROXIMADA_DISTRITO,True,False
2226027,"MEJORAMIENTO Y AMPLIACION DEL SISTEMA DE AGUA POTABLE Y DESAGÜE EN LA LOCALIDAD DE TAMBILLO, DISTRITO DE ITUATA - CARABAYA - PUNO",210307,210307,ITUATA,ITUATA,CARABAYA,CARABAYA,APROXIMADA_LOCALIDAD,True,False
2265772,"CREACION DEL SERVICIO DE AGUA POTABLE Y SANEAMIENTO RURAL EN LA COMUNIDAD DE ISLA KAMAQUEN Y COMUNIDAD DE KAQUINGORA, DISTRITO DE CALAPUJA - LAMPA - PUNO",210703,210703,CALAPUJA,CALAPUJA,LAMPA,LAMPA,APROXIMADA_DISTRITO,True,False
2504204,"CONSTRUCCION DE RED DE ALCANTARILLADO RENOVACION DE RED SECUNDARIA EN EL(LA) AVENIDA LOS INCAS, JIRÓN COLLANA,  JIRÓN TÚPAC AMARU,  AVENIDA  PUNO Y ZONA CENTRO URBANO  DEL  DISTRITO DE PAUCARCOLLA, PROVINCIA PUNO, DEPARTAMENTO PUNO",210110,210110,PAUCARCOLLA,PAUCARCOLLA,PUNO,PUNO,OFICIAL_ORIGINAL,True,False
2286944,"MEJORAMIENTO DEL SERVICIO DE AGUA POTABLE E INSTALACION DE SERVICIOS HIGIENICOS EN LAS C.C. CENTRO ANGARA, COLQUEJAHUA Y HUANCARANI CAJOYO, DISTRITO DE PUCARA - LAMPA - PUNO",210708,210708,PUCARA,PUCARA,LAMPA,LAMPA,APROXIMADA_DISTRITO,True,False
2600704,"MEJORAMIENTO Y AMPLIACION DEL SERVICIO DE AGUA POTABLE URBANO Y MEJORAMIENTO DEL SERVICIO DE ALCANTARILLADO Y MEJORAMIENTO Y AMPLIACION DEL SERVICIO DE TRATAMIENTO DE AGUAS RESIDUALES PARA DISPOSICIÓN FINAL EN LA LOCALIDAD DE SAN JOSE, DEL   DISTRITO DE SAN JOSE DE LA PROVINCIA DE AZANGARO DEL DEPARTAMENTO DE PUNO",210212,210212,SAN JOSE,SAN JOSE,AZANGARO,AZANGARO,OFICIAL_ORIGINAL,True,False
2287456,"AMPLIACION Y MEJORAMIENTO DEL SISTEMA DE AGUA POTABLE Y ALCANTARILLADO EN EL BARRIO RESIDENCIAL PEÑA DORADA Y EL BARRIO MAGISTERIAL ZONA ESTE DEL DISTRITO DE AZÁNGARO, PROVINCIA DE AZANGARO - PUNO",210201,210201,AZANGARO,AZANGARO,AZANGARO,AZANGARO,APROXIMADA_DISTRITO,True,False
2589507,"RENOVACION DE SISTEMA DE ABASTECIMIENTO DE AGUA POTABLE EN EL(LA) COMUNIDAD DE CUCHO AMARU DISTRITO DE HUANCANE, PROVINCIA HUANCANE, DEPARTAMENTO PUNO",210601,210601,HUANCANE,HUANCANE,HUANCANE,HUANCANE,OFICIAL_ORIGINAL,True,False
2301308,"MEJORAMIENTO, AMPLIACION DEL SERVICIO DE AGUA POTABLE Y SANEAMIENTO BASICO EN LOS OCHO SECTORES DEL CENTRO POBLADO DE UMUCHI, DISTRITO DE MOHO, PROVINCIA DE MOHO - PUNO",210901,210901,MOHO,MOHO,MOHO,MOHO,APROXIMADA_LOCALIDAD,True,False
2577727,"CONSTRUCCION DE RESERVORIO, CAPTACION DE AGUA , LÍNEA DE CONDUCCIÓN Y CERCO PERIMETRICO ADEMÁS DE OTROS ACTIVOS EN EL(LA) MUNICIPALIDAD PROVINCIAL DE LAMPA  DISTRITO DE LAMPA, PROVINCIA LAMPA, DEPARTAMENTO PUNO",210701,210701,LAMPA,LAMPA,LAMPA,LAMPA,OFICIAL_ORIGINAL,True,False
2183992,"AMPLIACION DEL SERVICIO DE AGUA POTABLE Y ALCANTARILLADO EN LA URBANIZACIN TRES DE MAYO DE LA CIUDAD DE JULIACA, PROVINCIA DE SAN ROMAN - PUNO",211101,211101,JULIACA,JULIACA,SAN ROMAN,SAN ROMAN,APROXIMADA_DISTRITO,True,False
2453640,"ADQUISICION DE TERRENO EN EL(LA) PLANTA DE TRATAMIENTO DE AGUAS RESIDUALES EN LA LOCALIDAD AJOYANI, DISTRITO DE AJOYANI, PROVINCIA CARABAYA, DEPARTAMENTO PUNO",210302,210302,AJOYANI,AJOYANI,CARABAYA,CARABAYA,OFICIAL_ORIGINAL,True,False
2692274,"RENOVACION DE SISTEMA DE TRATAMIENTO DE AGUAS RESIDUALES EN EL(LA) PLANTA DE TRATAMIENTO DE AGUAS RESIDUALES (PTAR) EN EL CENTRO POBLADO TRAPICHE, DISTRITO DE ANANEA, PROVINCIA SAN ANTONIO DE PUTINA, DEPARTAMENTO PUNO",211002,211002,ANANEA,ANANEA,SAN ANTONIO DE PUTINA,SAN ANTONIO DE PUTINA,OFICIAL_ORIGINAL,True,False
2515535,CREACION DEL SISTEMA DE AGUA POTABLE Y SANEAMIENTO BÁSICO RURAL DE LOS SECTORES LOS ANGELES Y JILA HUANCASAYANI ADJUDICADA DEL DISTRITO DE ASILLO - PROVINCIA DE AZANGARO - DEPARTAMENTO DE PUNO,210204,210204,ASILLO,ASILLO,AZANGARO,AZANGARO,OFICIAL_ORIGINAL,True,False
2309763,"MEJORAMIENTO Y AMPLIACION DEL SERVICIO DE AGUA POTABLE Y SANEAMIENTO BASICO EN LOS SECTORES PORVENIR Y KANTUTANI DE LA COMUNIDAD DE MIRAFLORES DEL CENTRO POBLADO DE YAPURA, DISTRITO DE CAPACHICA - PUNO - PUNO",210105,210105,CAPACHICA,CAPACHICA,PUNO,PUNO,APROXIMADA_DISTRITO,True,False
2718382,"ADQUISICION DE EQUIPO PARA LABORATORIO DE CONTROL DE CALIDAD EN EL(LA) PTAP 01 DE LA EPS SEDAJULIACA S.A.  DISTRITO DE JULIACA, PROVINCIA SAN ROMAN, DEPARTAMENTO PUNO",211101,211101,JULIACA,JULIACA,SAN ROMAN,SAN ROMAN,OFICIAL_ORIGINAL,True,False
2330456,"MEJORAMIENTO Y AMPLIACION DEL SERVICIO DE AGUA POTABLE Y SANEAMIENTO BASICO  EN LA PARCIALIDAD DE CENTRAL HUAYLLUMA, DISTRITO DE KELLUYO - CHUCUITO - PUNO",210404,210404,KELLUYO,KELLUYO,CHUCUITO,CHUCUITO,APROXIMADA_DISTRITO,True,False
2575041,"RENOVACION DE TUBERIA EN EL(LA) CENTRO POBLADO DE UNTUCA,  DISTRITO DE QUIACA, PROVINCIA SANDIA, DEPARTAMENTO PUNO",211206,211206,QUIACA,QUIACA,SANDIA,SANDIA,OFICIAL_ORIGINAL,True,False
2315216,"INSTALACION DEL SERVICIO DE AGUA POTABLE Y DISPOSICION SANITARIA DE EXCRETAS EN LA COMUNIDAD CAMPESINA DE SANTA ROSA, DISTRITO DE SANTA ROSA - MELGAR - PUNO",210808,210808,SANTA ROSA,SANTA ROSA,MELGAR,MELGAR,APROXIMADA_LOCALIDAD,True,False
2600445,MEJORAMIENTO Y AMPLIACION DEL SERVICIO DE AGUA POTABLE RURAL EN LA COMUNIDAD DE MOLINO KAPIA   DISTRITO DE ZEPITA DE LA PROVINCIA DE CHUCUITO DEL DEPARTAMENTO DE PUNO,210407,210407,ZEPITA,ZEPITA,CHUCUITO,CHUCUITO,OFICIAL_ORIGINAL,True,False
2532239,CREACION DE LOS SERVICIOS DE AGUA POTABLE Y DISPOSICION SANITARIA DE EXCRETAS EN LA PARCIALIDAD DE CACHUATA DEL DISTRITO DE MOHO - PROVINCIA DE MOHO - DEPARTAMENTO DE PUNO,210901,210901,MOHO,MOHO,MOHO,MOHO,OFICIAL_ORIGINAL,True,False
2236180,"MEJORAMIENTO Y AMPLIACION DEL SERVICIO DE AGUA POTABLE Y SANEAMIENTO BASICO INTEGRAL EN LOS SECTORES DEL CENTRO POBLADO DE JACANTAYA, DISTRITO DE MOHO, PROVINCIA DE MOHO - PUNO",210901,210901,MOHO,MOHO,MOHO,MOHO,APROXIMADA_LOCALIDAD,True,False
2568705,MEJORAMIENTO Y AMPLIACION DEL SERVICIO DE SANEAMIENTO BÁSICO INTEGRAL EN LA COMUNIDAD TOMA Y ANEXOS DEL  DISTRITO DE PUTINA - PROVINCIA DE SAN ANTONIO DE PUTINA - DEPARTAMENTO DE PUNO,211001,211001,PUTINA,PUTINA,SAN ANTONIO DE PUTINA,SAN ANTONIO DE PUTINA,OFICIAL_ORIGINAL,True,False
2531608,"CONSTRUCCION DE CERCO PERIMETRICO Y AREA ADMINISTRATIVA Y DE ATENCION AL CLIENTE EN EL(LA) EMPRESA MUNICIPAL DE SANEAMIENTO BÁSICO DE PUNO S.A. - SEDE JALLIHUAYA, C.P. DE JALLIHUAYA, DISTRITO DE PUNO, PROVINCIA PUNO, DEPARTAMENTO PUNO",210101,210101,PUNO,PUNO,PUNO,PUNO,OFICIAL_ORIGINAL,True,False
2189343,"MEJORAMIENTO Y AMPLIACION DE LOS SERVICIOS DE AGUA POTABLE Y DISPOSICION SANITARIA DE EXCRETAS DE LA COMUNIDAD CAMPESINA DE CUCHO ESQUEÑA DISTRITO DE ACORA, PROVINCIA DE PUNO, DEPARTAMENTO DE PUNO",210102,210102,ACORA,ACORA,PUNO,PUNO,APROXIMADA_DISTRITO,True,False
2189503,"INSTALACION DEL SERVICIO DE AGUA POTABLE Y DISPOSICIÓN SANITARIA DE EXCRETAS DE LA COMUNIDAD CAMPESINA DE CUSINI, DISTRITO DE ACORA, PROVINCIA DE PUNO, REGIÓN PUNO",210102,210102,ACORA,ACORA,PUNO,PUNO,APROXIMADA_DISTRITO,True,False
2299945,"MEJORAMIENTO Y AMPLIACION DEL SERVICIO DE AGUA POTABLE Y CREACION DEL SERVICIO DE DISPOSICION SANITARIA DE EXCRETAS EN LA COMUNIDAD CAMPESINA CHUA CHUA (SECTOR CCACALLINCA), DISTRITO DE ZEPITA, PROVINCIA DE CHUCUITO, DEPARTAMENTO DE PUNO.",210407,210407,ZEPITA,ZEPITA,CHUCUITO,CHUCUITO,APROXIMADA_DISTRITO,True,False
2619428,"ADQUISICION DE CAMION CISTERNA EN EL(LA) UNIDAD DE GESTIÓN ADMINISTRATIVA DE SERVICIOS DE SANEAMIENTO JULI  DISTRITO DE JULI, PROVINCIA CHUCUITO, DEPARTAMENTO PUNO",210401,210401,JULI,JULI,CHUCUITO,CHUCUITO,OFICIAL_ORIGINAL,True,False
2613988,MEJORAMIENTO Y AMPLIACION DEL SERVICIO DE AGUA POTABLE URBANO Y MEJORAMIENTO Y AMPLIACION DEL SERVICIO DE ALCANTARILLADO Y MEJORAMIENTO Y AMPLIACION DEL SERVICIO DE TRATAMIENTO DE AGUAS RESIDUALES PARA DISPOSICIÓN FINAL EN LA LOCALIDAD DE NICASIO DEL   DISTRITO DE NICASIO DE LA PROVINCIA DE LAMPA DEL DEPARTAMENTO DE PUNO,210704,210704,NICASIO,NICASIO,LAMPA,LAMPA,OFICIAL_ORIGINAL,True,False
2657655,"CONSTRUCCION DE CAPTACION DE AGUA , ESTACION DE BOMBEO DE AGUA, LÍNEA DE IMPULSIÓN Y RESERVORIO ADEMÁS DE OTROS ACTIVOS EN EL(LA) SISTEMA DE AGUA POTABLE DE LA COMUNIDAD CAMPESINA DE SAN CRISTOBAL DEL  DISTRITO DE CAPACHICA, PROVINCIA PUNO, DEPARTAMENTO PUNO",210105,210105,CAPACHICA,CAPACHICA,PUNO,PUNO,OFICIAL_ORIGINAL,True,False
2620869,"ADQUISICION DE BOMBA DE AGUA Y EQUIPO PARA FUENTES DE ENERGIA SOLAR EN EL(LA) SISTEMA DE AGUA POTABLE DE LA COMUNIDAD SANTA ROSA  DISTRITO DE AMANTANI, PROVINCIA PUNO, DEPARTAMENTO PUNO",210103,210103,AMANTANI,AMANTANI,PUNO,PUNO,OFICIAL_ORIGINAL,True,False
2703925,"CREACION DEL SERVICIO DE AGUA POTABLE RURAL Y CREACION DEL SERVICIO DE ALCANTARILLADO U OTRAS FORMAS DE DISPOSICIÓN SANITARIA DE EXCRETAS EN COMUNIDAD DE SAQUI,   DISTRITO DE SINA DE LA PROVINCIA DE SAN ANTONIO DE PUTINA DEL DEPARTAMENTO DE PUNO",211005,211005,SINA,SINA,SAN ANTONIO DE PUTINA,SAN ANTONIO DE PUTINA,OFICIAL_ORIGINAL,True,False
2672531,"CREACION DEL SERVICIO DE AGUA POTABLE RURAL Y CREACION DEL SERVICIO DE ALCANTARILLADO U OTRAS FORMAS DE DISPOSICIÓN SANITARIA DE EXCRETAS EN LA COMUNIDAD DE TICANI,   DISTRITO DE AZANGARO DE LA PROVINCIA DE AZANGARO DEL DEPARTAMENTO DE PUNO",210201,210201,AZANGARO,AZANGARO,AZANGARO,AZANGARO,OFICIAL_ORIGINAL,True,False
2714602,"MEJORAMIENTO DEL SERVICIO DE AGUA POTABLE RURAL EN LAS PARCIALIDADES DE AZANGARILLO, HUAYRAPATA, CALLAPANI Y TOTORANI DEL   DISTRITO DE HUANCANE DE LA PROVINCIA DE HUANCANE DEL DEPARTAMENTO DE PUNO",210601,210601,HUANCANE,HUANCANE,HUANCANE,HUANCANE,OFICIAL_ORIGINAL,True,False
2672606,"ADQUISICION DE SISTEMA DE BOMBEO EN EL(LA) SISTEMA DE AGUA POTABLE EN LAS COMUNIDADES DE SANTA CRUZ DE CHACAPUNTA, UMANSAYA, ALTO PARQUE, MAMARAPI, CALACHACA Y SAN MIGUEL DE SINTI  DISTRITO DE CHUPA, PROVINCIA AZANGARO, DEPARTAMENTO PUNO",210206,210206,CHUPA,CHUPA,AZANGARO,AZANGARO,OFICIAL_ORIGINAL,True,False
2713076,CREACION DEL SERVICIO DE AGUA POTABLE RURAL Y CREACION DEL SERVICIO DE ALCANTARILLADO U OTRAS FORMAS DE DISPOSICIÓN SANITARIA DE EXCRETAS EN EL SECTOR SANTA FE   DISTRITO DE SAN PEDRO DE PUTINA PUNCO DE LA PROVINCIA DE SANDIA DEL DEPARTAMENTO DE PUNO,211210,211210,SAN PEDRO DE PUTINA PUNCO,SAN PEDRO DE PUTINA PUNCO,SANDIA,SANDIA,OFICIAL_ORIGINAL,True,False
2478735,"MEJORAMIENTO Y AMPLIACION DEL SERVICIO DE AGUA POTABLE Y DISPOSICION SANITARIA DE EXCRETAS DE LA COMUNIDAD CAMPESINA LACAYPARQUE,  DISTRITO DE SAN ANTON - PROVINCIA DE AZANGARO - DEPARTAMENTO DE PUNO",210211,210211,SAN ANTON,SAN ANTON,AZANGARO,AZANGARO,OFICIAL_ORIGINAL,True,False
2285079,"INSTALACION SISTEMA DE AGUA POTABLE Y DISPOSICION DE EXCRETAS EN LAS COMUNIDADES DE TORKOPI PAMPA, LLALLAHUA, CCAPAJON Y TULANI KETEKETE, DISTRITO DE SANTIAGO DE PUPUJA - AZANGARO - PUNO",210214,210214,SANTIAGO DE PUPUJA,SANTIAGO DE PUPUJA,AZANGARO,AZANGARO,APROXIMADA_DISTRITO,True,False
2577901,"CREACION DEL SISTEMA DE AGUA POTABLE Y DISPOSICION SANITARIA DE EXCRETAS EN LAS COMUNIDADES DE SAYTOCOCHA, TULANI CCAPAJON, VAREJON, CHAQUI IQUILO Y LAS PARCIALIDADES DE TULANI KETEKETE, IQUILO VAREJON Y CHICCHIPANI 7 LOCALIDADES DEL DISTRITO DE SANTIAGO DE PUPUJA - PROVINCIA DE AZANGARO - DEPARTAMENTO DE PUNO",210214,210214,SANTIAGO DE PUPUJA,SANTIAGO DE PUPUJA,AZANGARO,AZANGARO,OFICIAL_ORIGINAL,True,False
2192372,"INSTALACION DE LOS SERVICIOS DE AGUA POTABLE Y DISPOSICIÓN SANITARIA DE EXCRETAS EN TERCER SECTOR DE LA COMUNIDAD CAMPESINA DE COLLANA (PUMAMAÑA Y PANCHOMACHA), DISTRITO DE TARACO - HUANCANE - PUNO",210607,210607,TARACO,TARACO,HUANCANE,HUANCANE,APROXIMADA_DISTRITO,True,False
2421701,"REPARACIÓN DE ALCANTARILLA EN EL(LA) COMPLEJO DEPORTIVO CENTRAL SIHUALAYA  DISTRITO DE TINICACHI, PROVINCIA YUNGUYO, DEPARTAMENTO PUNO",211306,211306,TINICACHI,TINICACHI,YUNGUYO,YUNGUYO,OFICIAL_ORIGINAL,True,False
2226138,"MEJORAMIENTO Y AMPLIACIÓN DEL SERVICIO DE ABASTECIMIENTO DE AGUA POTABLE Y DISPOSICION SANITARIA DE EXCRETAS EN EL CENTRO POBLADO DE HILATA Y SECTORES DE PATASCACHI, CARCA CUCHO, HUERTA CUYO, CURASIA Y TITILE, DISTRITO DE TILALI - MOHO - PUNO",210904,210904,TILALI,TILALI,MOHO,MOHO,APROXIMADA_DISTRITO,True,False
2200478,"INSTALACION DE SERVICIOS BASICOS DE AGUA POTABLE Y LETRINAS ECOLOGICAS EN LA C.C. DE YAPUTIRA, SECTORES, PAJCHANI, HUARACUYO, SUCASUCANI, MICAYANI, HUICHOCOLLO, Y C.P. DE MACHACAMARCA, DISTRITO DE VILQUE CHICO - HUANCANE - PUNO",210608,210608,VILQUE CHICO,VILQUE CHICO,HUANCANE,HUANCANE,APROXIMADA_DISTRITO,True,False
2113918,"INSTALACION DEL SISTEMA DE AGUA POTABLE Y LETRINAS SANITARIAS EN EL CENTRO POBLADO DE CANGALLI DEL DISTRITO DE ILAVE, PROVINCIA DE EL COLLAO - PUNO",210501,210501,ILAVE,ILAVE,EL COLLAO,EL COLLAO,APROXIMADA_LOCALIDAD,True,False
2128422,MEJORAMIENTO Y AMPLIACION DE LOS SISTEMAS DE AGUA POTABLE Y ALCANTARILLADO DE LA LOCALIDAD DE HUANCANE,210601,210601,HUANCANE,HUANCANE,HUANCANE,HUANCANE,APROXIMADA_DISTRITO,True,False
2239798,"MEJORAMIENTO Y AMPLIACION DEL SERVICIO DE AGUA POTABLE Y SANEAMIENTO BASICO INTEGRAL EN LAS PARCIALIDADES DE HUANCACUCHO Y TINTILIZA DEL C.P. OCCOPAMPA, DISTRITO DE MOHO, PROVINCIA DE MOHO - PUNO",210901,210901,MOHO,MOHO,MOHO,MOHO,APROXIMADA_DISTRITO,True,False
2422703,"ADQUISICIÓN DE PARTES Y ACCESORIOS PARA EL MANEJO DE TUBERÍA EN EL(LA) GALERÍA DE TUBERÍAS DE LA PLANTA DE TRATAMIENTO DE AGUA POTABLE AYABACAS DE LA EPS SEDAJULIACA S.A. EN LA LOCALIDAD JULIACA, DISTRITO DE JULIACA, PROVINCIA SAN ROMAN, DEPARTAMENTO PUNO",211101,211101,JULIACA,JULIACA,SAN ROMAN,SAN ROMAN,OFICIAL_ORIGINAL,True,False
2189465,"MEJORAMIENTO Y AMPLIACION DE LOS SERVICIOS DE AGUA POTABLE Y DISPOSICION SANITARIA DE EXCRETAS DEL CENTRO POBLADO THUNCO, DISTRITO DE ACORA, PUNO - PUNO",210102,210102,ACORA,ACORA,PUNO,PUNO,APROXIMADA_DISTRITO,True,False
2189508,"INSTALACION DEL SERVICIO DE AGUA POTABLE Y DISPOSICION SANITARIA DE EXCRETAS EN LOS SECTORES DE MANUELO Y MAMANI EN LA COMUNIDAD CAMPESINA DE KAPIA PUSUMA, DISTRITO DE KELLUYO - CHUCUITO - PUNO",210404,210404,KELLUYO,KELLUYO,CHUCUITO,CHUCUITO,APROXIMADA_LOCALIDAD,True,False
2715285,"CONSTRUCCION DE CAPTACION DE AGUA , LINEA DE CONDUCCION, LINEA DE IMPULSION Y RESERVORIO ADEMÁS DE OTROS ACTIVOS EN EL(LA) SISTEMA DE ABASTECIMIENTO DE AGUA POTABLE EN LA COMUNIDAD CAMPESINA DE QUENAFAJA DEL  DISTRITO DE ACORA, PROVINCIA PUNO, DEPARTAMENTO PUNO",210102,210102,ACORA,ACORA,PUNO,PUNO,OFICIAL_ORIGINAL,True,False
2706743,"MEJORAMIENTO Y AMPLIACION DEL SERVICIO DE TRATAMIENTO DE AGUAS RESIDUALES PARA DISPOSICIÓN FINAL Y MEJORAMIENTO DEL SERVICIO DE ALCANTARILLADO EN SERVICIO DE TRATAMIENTO DE AGUAS RESIDUALES PARA DISPOSICION FINAL , SERVICIO DE ALCANTARILLADO   DISTRITOS DE JULIACA, SAN MIGUEL DE LA PROVINCIA DE SAN ROMAN DEL DEPARTAMENTO DE PUNO",211105,211105,SAN MIGUEL,SAN MIGUEL,SAN ROMAN,SAN ROMAN,OFICIAL_ORIGINAL,True,False
2726899,"ADQUISICION DE MICRO MEDIDORES EN EL(LA) SECTORES COMERCIALES 01, 02, 03, 04, 07, 08, 10 Y 17 DE LA EPS SEDAJULIACA S.A.  DISTRITO DE SAN MIGUEL, PROVINCIA SAN ROMAN, DEPARTAMENTO PUNO",211105,211101,SAN MIGUEL,JULIACA,SAN ROMAN,SAN ROMAN,OFICIAL_ORIGINAL,False,False
2727364,"ADQUISICION DE UNIDAD MOVIL EN EL(LA) EMPRESA MUNICIPAL DE SANEAMIENTO BASICO DE PUNO S.A. TIPO MINI HIDROJET EN EL  DISTRITO DE PUNO, PROVINCIA PUNO, DEPARTAMENTO PUNO",210101,210101,PUNO,PUNO,PUNO,PUNO,OFICIAL_ORIGINAL,True,False
2199795,"AMPLIACION DE LA INFRAESTRUCTURA PARA LA DISPOSICION SANITARIA DE EXCRETAS EN LA COMUNIDAD DE CAJON HUYO, DISTRITO DE ANANEA - SAN ANTONIO DE PUTINA - PUNO",211002,211002,ANANEA,ANANEA,SAN ANTONIO DE PUTINA,SAN ANTONIO DE PUTINA,APROXIMADA_DISTRITO,True,False
2709402,"REPARACION DE PTAR EN EL(LA) LOCALIDAD DE ANTAUTA,  DISTRITO DE ANTAUTA, PROVINCIA MELGAR, DEPARTAMENTO PUNO",210802,210802,ANTAUTA,ANTAUTA,MELGAR,MELGAR,OFICIAL_ORIGINAL,True,False
2147273,"INSTALACION DE POZOS COMUNIDAD CAMPESINA BELEN, DISTRITO DE ANANEA - SAN ANTONIO DE PUTINA - PUNO",211002,211002,ANANEA,ANANEA,SAN ANTONIO DE PUTINA,SAN ANTONIO DE PUTINA,APROXIMADA_DISTRITO,True,False
2718241,"CONSTRUCCIÓN DE CERCO PERIMETRICO, CERCO PERIMETRICO Y CERCO PERIMETRICO REPARACIÓN DE COLECTOR PRIMARIO EN EL(LA) SISTEMA DE AGUA POTABLE Y SISTEMA DE ALCANTARILLADO SANITARIO,  DISTRITO DE SANTA ROSA, PROVINCIA MELGAR, DEPARTAMENTO PUNO",210808,210808,SANTA ROSA,SANTA ROSA,MELGAR,MELGAR,OFICIAL_ORIGINAL,True,False
2457353,AMPLIACION Y MEJORAMIENTO DEL SERVICIO DE AGUA POTABLE Y DISPOSICION SANITARIA DE EXCRETAS EN LA C.C. DE CAPANO DEL DISTRITO DE CAPACHICA - PROVINCIA DE PUNO - DEPARTAMENTO DE PUNO,210105,210105,CAPACHICA,CAPACHICA,PUNO,PUNO,OFICIAL_ORIGINAL,True,False
2204402,"AMPLIACION Y MEJORAMIENTO DEL SISTEMA DE AGUA Y ALCANTARILLADO DE LA LOCALIDAD DE  CHUCUITO, DISTRITO DE CHUCUITO - PUNO - PUNO",210106,210106,CHUCUITO,CHUCUITO,PUNO,PUNO,APROXIMADA_LOCALIDAD,True,False
2461584,"CREACION DEL SERVICIO DE SISTEMA DE AGUA POTABLE Y SANEAMIENTO BASICO EN LOS C.P. Y SECTOR RURAL DE CARATA, LLACHAHUI, QUEATTA, POJSIN, PUTUCUNI, CANDILE CHINCHE, LLUCO MD Y  COATASI,  DISTRITO DE COATA - PROVINCIA DE PUNO - DEPARTAMENTO DE PUNO",210107,210107,COATA,COATA,PUNO,PUNO,OFICIAL_ORIGINAL,True,False
2505233,MEJORAMIENTO Y AMPLIACION DEL SERVICIO DE AGUA POTABLE Y SANEAMIENTO EN LA COMUNIDAD DE QUETY DEL DISTRITO DE ITUATA - PROVINCIA DE CARABAYA - DEPARTAMENTO DE PUNO,210307,210307,ITUATA,ITUATA,CARABAYA,CARABAYA,OFICIAL_ORIGINAL,True,False
2681232,CREACION DEL SERVICIO DE AGUA POTABLE RURAL Y CREACION DEL SERVICIO DE ALCANTARILLADO U OTRAS FORMAS DE DISPOSICIÓN SANITARIA DE EXCRETAS EN EL CENTRO POBLADO ISILLUMA Y SECTOR ALTO ISILLUMA DEL   DISTRITO DE ALTO INAMBARI DE LA PROVINCIA DE SANDIA DEL DEPARTAMENTO DE PUNO,211209,211209,ALTO INAMBARI,ALTO INAMBARI,SANDIA,SANDIA,OFICIAL_ORIGINAL,True,False
2626250,MEJORAMIENTO Y AMPLIACION DEL SERVICIO DE AGUA POTABLE RURAL EN LA COMUNIDAD DE UMACOLLANA DEL   DISTRITO DE UMACHIRI DE LA PROVINCIA DE MELGAR DEL DEPARTAMENTO DE PUNO,210809,210809,UMACHIRI,UMACHIRI,MELGAR,MELGAR,OFICIAL_ORIGINAL,True,False
2650995,MEJORAMIENTO Y AMPLIACION DEL SERVICIO DE AGUA POTABLE RURAL Y MEJORAMIENTO DEL SERVICIO DE ALCANTARILLADO U OTRAS FORMAS DE DISPOSICIÓN SANITARIA DE EXCRETAS EN EL CENTRO POBLADO DE AYUSUMA DEL   DISTRITO DE COASA DE LA PROVINCIA DE CARABAYA DEL DEPARTAMENTO DE PUNO,210304,210304,COASA,COASA,CARABAYA,CARABAYA,OFICIAL_ORIGINAL,True,False
2662687,"ADQUISICION DE MICRO MEDIDORES EN EL(LA) DE LOS SECTORES COMERCIALES 1, 2, 3, 4 Y SECTORES DISPERSOS DEL  DISTRITO DE JULIACA, PROVINCIA SAN ROMAN, DEPARTAMENTO PUNO",211101,211101,JULIACA,JULIACA,SAN ROMAN,SAN ROMAN,OFICIAL_ORIGINAL,True,False
2662680,"ADQUISICION DE SISTEMA DE BOMBEO EN EL(LA) COMUNIDAD DE COLLPACOTAÑA  DISTRITO DE DESAGUADERO, PROVINCIA CHUCUITO, DEPARTAMENTO PUNO",210402,210402,DESAGUADERO,DESAGUADERO,CHUCUITO,CHUCUITO,OFICIAL_ORIGINAL,True,False
2524510,"MEJORAMIENTO Y AMPLIACION DE LOS SERVICIOS DE AGUA POTABLE Y DISPOSICIÓN SANITARIA DE EXCRETAS EN LOS SECTORES APROCSA AURORA, ASOCIACIÓN SPAR AJOYANI, TIKRICHUPA Y CAPILLANI DEL DISTRITO DE AJOYANI - PROVINCIA DE CARABAYA - DEPARTAMENTO DE PUNO",210302,210302,AJOYANI,AJOYANI,CARABAYA,CARABAYA,OFICIAL_ORIGINAL,True,False
2176420,"MEJORAMIENTO Y AMPLIACION DEL SISTEMA DE AGUA POTABLE Y ALCANTARILLADO DE LA LOCALIDAD DE ATUNCOLLA, DISTRITO DE ATUNCOLLA - PUNO - PUNO",210104,210104,ATUNCOLLA,ATUNCOLLA,PUNO,PUNO,APROXIMADA_LOCALIDAD,True,False
2155537,"INSTALACION Y MEJORAMIENTO DEL SERVICIO DE SANEAMIENTO BASICO INTEGRAL EN LOS ANEXOS SAN MIGUEL, CANCHARANI Y PURO PURO INCAMAYO DEL SECTOR YAPUSCACHI, DISTRITO DE CABANA - SAN ROMAN - PUNO",211102,211102,CABANA,CABANA,SAN ROMAN,SAN ROMAN,APROXIMADA_DISTRITO,True,False
2597144,MEJORAMIENTO Y AMPLIACION DEL SERVICIO DE AGUA POTABLE RURAL Y CREACION DEL SERVICIO DE ALCANTARILLADO U OTRAS FORMAS DE DISPOSICIÓN SANITARIA DE EXCRETAS EN LA LOCALIDAD DE CAHUARANI   DISTRITO DE CABANILLAS DE LA PROVINCIA DE SAN ROMAN DEL DEPARTAMENTO DE PUNO,211103,211103,CABANILLAS,CABANILLAS,SAN ROMAN,SAN ROMAN,OFICIAL_ORIGINAL,True,False
2708485,MEJORAMIENTO Y AMPLIACION DEL SERVICIO DE AGUA POTABLE RURAL EN 14 UNIDADES PRODUCTORAS   DISTRITO DE VILQUE CHICO DE LA PROVINCIA DE HUANCANE DEL DEPARTAMENTO DE PUNO,210608,210608,VILQUE CHICO,VILQUE CHICO,HUANCANE,HUANCANE,OFICIAL_ORIGINAL,True,False
2498205,"CREACION DEL SISTEMA DE AGUA POTABLE E INSTALACION DE UNIDADES BASICAS DE SANEAMIENTO CON SISTEMA DE ARRASTRE HIDRAULICO, EN LA LOCALIDAD TOCRA DEL DISTRITO DE LLALLI - PROVINCIA DE MELGAR - DEPARTAMENTO DE PUNO",210804,210804,LLALLI,LLALLI,MELGAR,MELGAR,OFICIAL_ORIGINAL,True,False
2245270,"INSTALACION DE LOS SERVICIOS DEL SISTEMA DE AGUA POTABLE Y DISPOSICIÓN SANITARIA DE EXCRETAS EN LAS COMUNIDADES DE VIZCACHANI Y PATABAMBA, DISTRITO DE ORURILLO - MELGAR - PUNO",210807,210807,ORURILLO,ORURILLO,MELGAR,MELGAR,APROXIMADA_LOCALIDAD,True,False
2280697,"MEJORAMIENTO Y AMPLIACION DEL SERVICIO DE AGUA POTABLE Y SANEAMIENTO BASICO INTEGRAL EN LOS SECTORES DE  QUERATA, TOMAPIURA, CENTRAL Y HUATASANI DEL, DISTRITO DE ROSASPATA - HUANCANE - PUNO",210606,210606,ROSASPATA,ROSASPATA,HUANCANE,HUANCANE,APROXIMADA_DISTRITO,True,False
2293836,"INSTALACION DEL SISTEMA DE SERVICIOS DE AGUA POTABLE Y LETRINAS SANITARIAS CON ARRASTRE HIDRAULICO Y BIODIGESTOR EN LOS SECTORES DE CCANLLICUNCA Y BUENA VISTA, DISTRITO DE SANTA ROSA - MELGAR - PUNO",210808,210808,SANTA ROSA,SANTA ROSA,MELGAR,MELGAR,APROXIMADA_DISTRITO,True,False
2423276,"CONSTRUCCIÓN DE RESERVORIOS, LÍNEA DE IMPULSIÓN, LÍNEA DE ADUCCIÓN Y VÁLVULA DE COMPUERTA ADQUISICIÓN DE MACROMEDIDORES Y SISTEMA DE CONTROL DE PRESIÓN DE AGUA EN EL(LA) EN EL SISTEMA DE AGUA POTABLE DEL  DISTRITO DE AZANGARO, PROVINCIA AZANGARO, DEPARTAMENTO PUNO",210201,210201,AZANGARO,AZANGARO,AZANGARO,AZANGARO,OFICIAL_ORIGINAL,True,False
2196970,"INSTALACION DEL SERVICIO DE AGUA POTABLE Y ALCANTARILLADO EN EL ÁREA URBANO DEL CENTRO POBLADO DE SANTIAGO, DEL DISTRITO DE JULI, PROVINCIA DE CHUCUITO - PUNO",210401,210401,JULI,JULI,CHUCUITO,CHUCUITO,APROXIMADA_DISTRITO,True,False
2447239,"ADQUISICION DE TERRENO EN EL(LA) PLANTA DE TRATAMIENTO DE AGUAS RESIDUALES EN LA LOCALIDAD AYAVIRI, DISTRITO DE AYAVIRI, PROVINCIA MELGAR, DEPARTAMENTO PUNO",210801,210801,AYAVIRI,AYAVIRI,MELGAR,MELGAR,OFICIAL_ORIGINAL,True,False
2346634,"CREACION DEL SISTEMA DE AGUA POTABLE  Y DEL SERVICIO DE DISPOSICION SANITARIA DE EXCRETAS  EN EL CENTRO POBLADO  DE CUPISAYA-KARIFUYO (HITO 9 Y 10),  DISTRITO DE TILALI - PROVINCIA DE MOHO - DEPARTAMENTO DE PUNO",210904,210904,TILALI,TILALI,MOHO,MOHO,OFICIAL_ORIGINAL,True,False
2168883,"CONSTRUCCIÓN DEL SISTEMA DE AGUA POTABLE Y SANEAMIENTO BÁSICO DE LA LOCALIDAD DE COLQUE, DISTRITO DE PUCARA, PROVINCIA DE LAMPA, DEPARTAMENTO DE PUNO",210708,210708,PUCARA,PUCARA,LAMPA,LAMPA,APROXIMADA_DISTRITO,True,False
2160866,"CONSTRUCCION DEL SISTEMA DE AGUA POTABLE Y SANEAMIENTO BASICO DEL CENTRO POBLADO DE ORURO Y COMUNIDAD CAMPESINA DE ORURO SECTOR MURUMURUNI, DISTRITO CRUCERO, PROVINCIA CARABAYA, DEPARTAMENTO DE PUNO",210306,210306,CRUCERO,CRUCERO,CARABAYA,CARABAYA,APROXIMADA_DISTRITO,True,False
2279598,"AMPLIACION DEL SISTEMA DE AGUA POTABLE Y ALCANTARILLADO EN LA URBANIZACION BELLA COPACABANA, ANEXO BELLA COPACABANA I Y VILLA ISAAC DE LA CIUDAD DE JULIACA PROVINCIA DE SAN ROMAN - PUNO",211101,211101,JULIACA,JULIACA,SAN ROMAN,SAN ROMAN,APROXIMADA_DISTRITO,True,False
2283110,RECUPERACION DE LA CAPACIDAD DE TRATAMIENTO DE LAS LAGUNAS DE ESTABILIZACION DE LAS CIUDADES DE PUNO  Y DESAGUADERO,210101,210101,PUNO,PUNO,PUNO,PUNO,APROXIMADA_DISTRITO,True,False
2090887,DRENAJE PLUVIAL DE LA CIUDAD DE JULIACA,211101,211101,JULIACA,JULIACA,SAN ROMAN,SAN ROMAN,APROXIMADA_DISTRITO,True,False
2309705,"MEJORAMIENTO DEL SERVICIO DE AGUA POTABLE Y SANEAMIENTO RURAL EN C.C. SANTA CRUZ DE CUMI DEL, DISTRITO DE DESAGUADERO - CHUCUITO - PUNO",210402,210402,DESAGUADERO,DESAGUADERO,CHUCUITO,CHUCUITO,APROXIMADA_DISTRITO,True,False
2280540,"MEJORAMIENTO, AMPLIACION DEL SERVICIO DE AGUA POTABLE Y SANEAMIENTO BASICO EN LA PARCIALIDAD DE CHIHUANIUMA, DISTRITO DE KELLUYO - CHUCUITO - PUNO",210404,210404,KELLUYO,KELLUYO,CHUCUITO,CHUCUITO,APROXIMADA_DISTRITO,True,False
2673381,"ADQUISICION DE BOMBA DE AGUA EN EL(LA) Y REPOSICION DE BOMBA SUMERGIBLE POR ENERGIA FOTOVOLTAICO DEL SISTEMA DE AGUA POTABLE EN LA COMUNIDAD DE CHILLORA LLANCACO GRANDE DISTRITO DE CAPACHICA, PROVINCIA PUNO, DEPARTAMENTO PUNO",210105,210105,CAPACHICA,CAPACHICA,PUNO,PUNO,OFICIAL_ORIGINAL,True,False
2728253,"CONSTRUCCION DE RESERVORIO EN EL(LA) SISTEMA DE AGUA POTABLE EN LA COMUNIDAD CAMPESINA DE YAPURA  DISTRITO DE CAPACHICA, PROVINCIA PUNO, DEPARTAMENTO PUNO",210105,210105,CAPACHICA,CAPACHICA,PUNO,PUNO,OFICIAL_ORIGINAL,True,False
2288258,"MEJORAMIENTO Y AMPLIACIÓN DE LOS SERVICIOS DE AGUA POTABLE, ALCANTARILLADO Y PLANTA DE TRATAMIENTO DE AGUAS RESIDUALES DE LA CIUDAD DE MAZOCRUZ, DISTRITO DE SANTA ROSA - EL COLLAO - PUNO",210504,210504,SANTA ROSA,SANTA ROSA,EL COLLAO,EL COLLAO,APROXIMADA_DISTRITO,True,False
2555089,"CONSTRUCCION DE LÍNEA DE CONDUCCIÓN, RESERVORIO, LÍNEA DE ADUCCIÓN Y RED DE DISTRIBUCION ADEMÁS DE OTROS ACTIVOS EN EL(LA) COMUNIDAD CAMPESINA DE MOLINO HUMACATA DEL  DISTRITO DE ZEPITA, PROVINCIA CHUCUITO, DEPARTAMENTO PUNO",210407,210407,ZEPITA,ZEPITA,CHUCUITO,CHUCUITO,OFICIAL_ORIGINAL,True,False
2505331,"ADQUISICION DE TERRENO EN EL(LA) SECTOR YURAQ APACHETA PARA LA CONSTRUCCIÓN DE INFRAESTRUCTURA PARA CAPTACIÓN DE AGUA Y RESERVORIO EN LA LOCALIDAD LEQUEPATA, DISTRITO DE VILAVILA, PROVINCIA LAMPA, DEPARTAMENTO PUNO",210710,210710,VILAVILA,VILAVILA,LAMPA,LAMPA,OFICIAL_ORIGINAL,True,False
2209686,"INSTALACION DEL SISTEMA DE SANEAMIENTO BASICO DE AGUA POTABLE Y LETRINAS EN LA COMUNIDAD DE ANGARA ALTO DEL DISTRITO DE PUCARA DE LA, PROVINCIA DE LAMPA - PUNO",210708,210708,PUCARA,PUCARA,LAMPA,LAMPA,APROXIMADA_DISTRITO,True,False
2422583,"ADQUISICIÓN DE MEDIDOR DE CAUDAL EN EL(LA) RESERVORIOS N° 01, 02, 03, 04, 05 Y 06 DE LA EPS SEDAJULIACA S.A. EN LA LOCALIDAD JULIACA, DISTRITO DE JULIACA, PROVINCIA SAN ROMAN, DEPARTAMENTO PUNO",211101,211101,JULIACA,JULIACA,SAN ROMAN,SAN ROMAN,OFICIAL_ORIGINAL,True,False
2422675,"ADQUISICIÓN DE KITS DE MUESTREO Y PRUEBAS DEL AGUA EN EL(LA) LABORATORIO DE CONTROL DE CALIDAD Y SALA DE CLORACIÓN DE LA PLANTA DE TRATAMIENTO DE AGUA POTABLE DE AYABACAS DE LA EPS SEDAJULIACA S.A. EN LA LOCALIDAD JULIACA, DISTRITO DE JULIACA, PROVINCIA SAN ROMAN, DEPARTAMENTO PUNO",211101,211101,JULIACA,JULIACA,SAN ROMAN,SAN ROMAN,OFICIAL_ORIGINAL,True,False
2019248,AMPLIACIÓN Y MEJORAMIENTO DEL SISTEMA DE AGUA POTABLE Y SANEAMIENTO EN LA LOCALIDAD DE YUNGUYO,211301,211301,YUNGUYO,YUNGUYO,YUNGUYO,YUNGUYO,APROXIMADA_DISTRITO,True,False
2135056,"MEJORAMIENTO DEL SISTEMA DE ALCANTARILLADO (ESTACIÓN DE BOMBEO Y LINEA DE IMPULSIÓN) EN LA CIUDAD DE JULIACA, PROVINCIA DE SAN ROMAN - PUNO",211101,211101,JULIACA,JULIACA,SAN ROMAN,SAN ROMAN,APROXIMADA_DISTRITO,True,False
2297617,"MEJORAMIENTO Y AMPLIACION DEL SERVICIO DE AGUA POTABLE Y DISPOSICION SANITARIA DE EXCRETAS EN LA COMUNIDAD CAMPESINA DE AURINCOTA: SECTORES MULLUCHUYO - LLUMAHUI, PLATERIA - TOTOROCO, CHACAMARCA, PICHUPICHUNI, TICATANCA, DISTRITO DE HUACULLANI, PROVI",210403,210403,HUACULLANI,HUACULLANI,CHUCUITO,CHUCUITO,APROXIMADA_DISTRITO,True,False
2302966,"MEJORAMIENTO Y AMPLIACION DEL SERVICIO DE AGUA POTABLE Y CREACION DEL DISPOSICION SANITARIA DE EXCRETAS EN LA COMUNIDAD CAMPESINA DE CENTRO ARACACHI CHIARAQUI, DISTRITO DE KELLUYO, PROVINCIA DE CHUCUITO, DEPARTAMENTO DE PUNO.",210404,210404,KELLUYO,KELLUYO,CHUCUITO,CHUCUITO,APROXIMADA_DISTRITO,True,False
2189340,"MEJORAMIENTO Y AMPLIACIÓN DE LOS SERVICIOS DE AGUA POTABLE Y DISPOSICIÓN SANITARIA DE EXCRETAS DEL CENTRO POBLADO CRUCERO, DISTRITO DE ACORA, PUNO - PUNO",210102,210102,ACORA,ACORA,PUNO,PUNO,APROXIMADA_DISTRITO,True,False
2189336,"MEJORAMIENTO Y AMPLIACIÓN DE LOS SERVICIOS DE AGUA POTABLE Y DISPOSICIÓN SANITARIA DE EXCRETAS  DE LA COMUNIDAD CAMPESINA DE PAMAYA JICHUYO, CENTRO  POBLADO JAYU JAYU, DISTRITO DE ACORA, PUNO - PUNO",210102,210102,ACORA,ACORA,PUNO,PUNO,APROXIMADA_DISTRITO,True,False
2299942,"CREACION DEL SERVICIO DE AGUA POTABLE Y DISPOSICION SANITARIA DE EXCRETAS EN LOS SECTORES QUIÑONES Y MAMANI DEL CENTRO POBLADO SICUYANI, DISTRITO DE ZEPITA, PROVINCIA DE CHUCUITO, DEPARTAMENTO DE PUNO",210407,210407,ZEPITA,ZEPITA,CHUCUITO,CHUCUITO,APROXIMADA_LOCALIDAD,True,False
2186037,"MEJORAMIENTO Y AMPLIACION DE LOS SERVICIOS DE AGUA POTABLE Y DISPOSICION SANITARIA DE EXCRETAS DEL CENTRO POBLADO ISCATA, DISTRITO DE ACORA, PUNO - PUNO",210102,210102,ACORA,ACORA,PUNO,PUNO,APROXIMADA_DISTRITO,True,False
2416626,"MEJORAMIENTO Y AMPLIACION DEL SISTEMA DE AGUA POTABLE Y BAÑOS CON ARRASTRE HIDRÁULICO EN LA PARCIALIDAD ALTO MILLIRAYA, CENTRAL MILLIRAYA, COMUNIDAD HUILACUNCA, SECTOR TICATA MILLIRAYA Y COMUNIDAD CALAHUYO, HUANCANE DEL DISTRITO DE HUANCANE - PROVINCIA DE HUANCANE - DEPARTAMENTO DE PUNO",210601,210601,HUANCANE,HUANCANE,HUANCANE,HUANCANE,OFICIAL_ORIGINAL,True,False
2650594,"CONSTRUCCION DE CANAL PLUVIAL REPARACION DE PAVIMENTO RENOVACION DE SEÑALES DE TRÁFICO EN EL(LA) JR. BRACESCO TRAMO ( JIRON 09 DE DICIEMBRE -  JIRON CABANA)  DISTRITO DE JULIACA, PROVINCIA SAN ROMAN, DEPARTAMENTO PUNO",211101,211101,JULIACA,JULIACA,SAN ROMAN,SAN ROMAN,OFICIAL_ORIGINAL,True,False
2628809,"REPARACION DE CAPTACION DE AGUA , PTAP, LÍNEA DE CONDUCCIÓN, SISTEMA DE DESINFECCION Y LÍNEA DE ADUCCIÓN EN EL(LA) SISTEMA DE AGUA POTABLE EN LA LOCALIDAD LOROMAYO, DISTRITO DE AYAPATA, PROVINCIA CARABAYA, DEPARTAMENTO PUNO",210303,210303,AYAPATA,AYAPATA,CARABAYA,CARABAYA,OFICIAL_ORIGINAL,True,False
2631531,MEJORAMIENTO DEL SERVICIO DE AGUA POTABLE RURAL Y CREACION DEL SERVICIO DE ALCANTARILLADO U OTRAS FORMAS DE DISPOSICIÓN SANITARIA DE EXCRETAS EN LA PARCIALIDAD DE TICANI CARIQUITA   DISTRITO DE ROSASPATA DE LA PROVINCIA DE HUANCANE DEL DEPARTAMENTO DE PUNO,210606,210606,ROSASPATA,ROSASPATA,HUANCANE,HUANCANE,OFICIAL_ORIGINAL,True,False
2714903,"MEJORAMIENTO Y AMPLIACION DEL SERVICIO DE AGUA POTABLE RURAL Y CREACION DEL SERVICIO DE ALCANTARILLADO U OTRAS FORMAS DE DISPOSICIÓN SANITARIA DE EXCRETAS EN LOS CENTROS POBLADOS DE CENTRAL ESCANTAPI, CENTRAL CHUCAHUACAS Y LA COMUNIDAD DE HUENQUEA DEL   DISTRITO DE CHUPA DE LA PROVINCIA DE AZANGARO DEL DEPARTAMENTO DE PUNO",210206,210206,CHUPA,CHUPA,AZANGARO,AZANGARO,OFICIAL_ORIGINAL,True,False
2738359,"CONSTRUCCION DE SISTEMA DE ABASTECIMIENTO DE AGUA POTABLE Y RED DE ALCANTARILLADO EN EL(LA) EN LOS BARRIOS URBANO MARGINALES NUEVA GENERACIÓN SANTA BARBARA, RICARDO PALMA Y LOS NARANJALES DE SAN MIGUEL DE LA CIUDAD DE ILAVE DEL  DISTRITO DE ILAVE, PROVINCIA EL COLLAO, DEPARTAMENTO PUNO",210501,210501,ILAVE,ILAVE,EL COLLAO,EL COLLAO,OFICIAL_ORIGINAL,True,False
2713210,CREACION DEL SERVICIO DE AGUA POTABLE RURAL Y CREACION DEL SERVICIO DE ALCANTARILLADO U OTRAS FORMAS DE DISPOSICIÓN SANITARIA DE EXCRETAS EN LA COMUNIDAD DE BAJO JURINSAYA   DISTRITO DE AZANGARO DE LA PROVINCIA DE AZANGARO DEL DEPARTAMENTO DE PUNO,210201,210201,AZANGARO,AZANGARO,AZANGARO,AZANGARO,OFICIAL_ORIGINAL,True,False
2492658,MEJORAMIENTO Y AMPLIACIÓN DEL SERVICIO AGUA POTABLE Y ALCANTARILLADO EN EL CENTRO POBLADO DE CHUQUINE DEL  DISTRITO DE ANANEA - PROVINCIA DE SAN ANTONIO DE PUTINA - DEPARTAMENTO DE PUNO,211002,211002,ANANEA,ANANEA,SAN ANTONIO DE PUTINA,SAN ANTONIO DE PUTINA,OFICIAL_ORIGINAL,True,False
2353170,MEJORAMIENTO Y AMPLIACION DEL SERVICIO DE AGUA POTABLE Y DISPOSICION SANITARIA DE EXCRETAS EN LA COMUNIDAD CAMPESINA DE SILLOTA - DISTRITO DE ASILLO - PROVINCIA DE AZANGARO - DEPARTAMENTO DE PUNO,210204,210204,ASILLO,ASILLO,AZANGARO,AZANGARO,APROXIMADA_DISTRITO,True,False
2192851,"MEJORAMIENTO DEL SERVICIO DE SANEAMIENTO BASICO INTEGRAL EN LA COMUNIDAD CAMPESINA DE COLLANA, DISTRITO DE CABANILLA - LAMPA - PUNO",210702,210702,CABANILLA,CABANILLA,LAMPA,LAMPA,APROXIMADA_DISTRITO,True,False
2192850,"MEJORAMIENTO DEL SERVICIO DE SANEAMIENTO BASICO INTEGRAL EN LOS SECTORES TACAPI, KAKALLINCA, HUANCUIRI, COTAÑA Y LAPAYANI DE LA COMUNIDAD DE CALLAPOCA, DISTRITO DE CABANILLA - LAMPA - PUNO",210702,210702,CABANILLA,CABANILLA,LAMPA,LAMPA,APROXIMADA_DISTRITO,True,False
2601750,MEJORAMIENTO Y AMPLIACION DEL SERVICIO DE AGUA POTABLE RURAL Y CREACION DEL SERVICIO DE ALCANTARILLADO U OTRAS FORMAS DE DISPOSICIÓN SANITARIA DE EXCRETAS EN LA LOCALIDAD DE ACHACUNE   DISTRITO DE CABANILLAS DE LA PROVINCIA DE SAN ROMAN DEL DEPARTAMENTO DE PUNO,211103,211103,CABANILLAS,CABANILLAS,SAN ROMAN,SAN ROMAN,OFICIAL_ORIGINAL,True,False
2292549,"INSTALACION DEL SISTEMA DE AGUA POTABLE Y DISPOSICION SANITARIA DE EXCRETAS EN LAS COMUNIDADES DE SAN BARTOLOME, AMPICHA Y COJELA, DISTRITO DE CAMINACA - AZANGARO - PUNO",210205,210205,CAMINACA,CAMINACA,AZANGARO,AZANGARO,APROXIMADA_DISTRITO,True,False
2337148,"CREACION DEL SERVICIO DE AGUA POTABLE Y SANEAMIENTO BÁSICO EN EL SECTOR 2 DE CHURICANCHI, DISTRITO DE CARACOTO - SAN ROMAN - PUNO",211104,211104,CARACOTO,CARACOTO,SAN ROMAN,SAN ROMAN,APROXIMADA_DISTRITO,True,False
2518954,"CREACION DEL SERVICIO DE ALCANTARILLADO SANITARIO, TRATAMIENTO DE AGUAS RESIDUALES Y UNIDADES BASICAS DE SANEAMIENTO EN LA LOCALIDAD DE TAQUIPALCA DEL DISTRITO DE COASA - PROVINCIA DE CARABAYA - DEPARTAMENTO DE PUNO",210304,210304,COASA,COASA,CARABAYA,CARABAYA,OFICIAL_ORIGINAL,True,False
2720067,"ADQUISICION DE MICRO MEDIDORES Y MICRO MEDIDORES EN EL(LA) SECTORES COMERCIALES 01, 02, 03, 04, 07, 08, 10 Y 17 DE LA EPS SEDAJULIACA S.A.  DISTRITO DE JULIACA, PROVINCIA SAN ROMAN, DEPARTAMENTO PUNO",211101,211101,JULIACA,JULIACA,SAN ROMAN,SAN ROMAN,OFICIAL_ORIGINAL,True,False
2288488,"CREACION DEL CANAL DE EVACUACIÓN DE AGUAS PLUVIALES EN  LA COMUNIDAD DE POTOJANI GRANDE, DISTRITO DE CHUCUITO - PUNO - PUNO",210106,210106,CHUCUITO,CHUCUITO,PUNO,PUNO,APROXIMADA_LOCALIDAD,True,False
2248498,"INSTALACION DE LOS SERVICIOS DE SANEAMIENTO INTEGRAL EN LA ASOCIACION DE PRODUCTORES MICROCUENCA URINSAYA PUNA ,, DISTRITO DE NUNOA - MELGAR - PUNO",210806,210806,NUÑOA,NUÑOA,MELGAR,MELGAR,APROXIMADA_DISTRITO,True,False
2665896,MEJORAMIENTO DEL SERVICIO DE AGUA POTABLE RURAL EN SECTOR ÑACOREQUE CHICO DE   DISTRITO DE CUYOCUYO DE LA PROVINCIA DE SANDIA DEL DEPARTAMENTO DE PUNO,211202,211202,CUYOCUYO,CUYOCUYO,SANDIA,SANDIA,OFICIAL_ORIGINAL,True,False
2280698,"INSTALACION DEL SERVICIO DE AGUA POTABLE Y SANEAMIENTO BASICO INTEGRAL EN LA PARCIALIDAD DE ARCOPUNCO DEL, DISTRITO DE ROSASPATA - HUANCANE - PUNO",210606,210606,ROSASPATA,ROSASPATA,HUANCANE,HUANCANE,APROXIMADA_DISTRITO,True,False
2149172,"INSTALACION DE SISTEMA DE AGUA POTABLE E LETRINAS  SANITARIAS EN LA COMUNIDAD  CAMPESINA DE ALTOS HILATA, DISTRITO DE QUILCAPUNCU - SAN ANTONIO DE PUTINA - PUNO",211004,211004,QUILCAPUNCU,QUILCAPUNCU,SAN ANTONIO DE PUTINA,SAN ANTONIO DE PUTINA,APROXIMADA_DISTRITO,True,False
2309853,"CREACION DEL SERVICIO DE AGUA POTABLE Y SANEAMIENTO BÁSICO EN EL SECTOR MIRAFLORES LANZA, DISTRITO DE SAN PEDRO DE PUTINA PUNCU - SANDIA - PUNO",211210,211210,SAN PEDRO DE PUTINA PUNCO,SAN PEDRO DE PUTINA PUNCO,SANDIA,SANDIA,APROXIMADA_LOCALIDAD,True,False
2479240,"CREACION DEL SERVICIO DE AGUA POTABLE Y DISPOSICIÓN SANITARIA DE EXCRETAS EN LA COMUNIDAD DE HUANCOLLUSCO, PARCIALIDADES DE JASANA POCSELLIN Y JASANA CAPALLINO DEL  DISTRITO DE TARACO - PROVINCIA DE HUANCANE - DEPARTAMENTO DE PUNO",210607,210607,TARACO,TARACO,HUANCANE,HUANCANE,OFICIAL_ORIGINAL,True,False
2277210,"INSTALACION DEL SERVICIO DE AGUA POTABLE Y SERVICIOS HIGIENICOS EN LAS C.C. CENTRO PAYLLA, NORTE PAYLLA, SUR PAYLLA Y MIRAFLORES, DISTRITO DE UMACHIRI - MELGAR - PUNO",210809,210809,UMACHIRI,UMACHIRI,MELGAR,MELGAR,APROXIMADA_DISTRITO,True,False
2369167,"AMPLIACION Y MEJORAMIENTO DE LOS SERVICIOS DE AGUA POTABLE Y DISPOSICIÓN SANITARIA DE EXCRETAS EN LAS COMUNIDADES DE TIRAMASA, ACHOSITA, INQUILLANI, HANAJQUIA, TINTIRI, CATACORA, SANTA ANA, PUCACANCHA, CHOQUECHAMBI TOCOCORI - DISTRITO DE AZANGARO - PROVINCIA DE AZANGARO - DEPARTAMENTO DE PUNO",210201,210201,AZANGARO,AZANGARO,AZANGARO,AZANGARO,OFICIAL_ORIGINAL,True,False
2387679,"MEJORAMIENTO Y AMPLIACION DE LOS SERVICIOS DE AGUA POTABLE Y RECOLECCIÓN DE AGUAS RESIDUALES DE LA CIUDAD DE PUNO,  DISTRITO DE PUNO - PROVINCIA DE PUNO - DEPARTAMENTO DE PUNO",210101,210101,PUNO,PUNO,PUNO,PUNO,OFICIAL_ORIGINAL,True,False
2186043,"MEJORAMIENTO Y AMPLIACIÓN DE LOS SERVICIOS DE AGUA POTABLE Y DISPOSICIÓN SANITARIA DE EXCRETAS  DE LA COMUNIDAD CAMPESINA DE CASA BLANCA, DISTRITO DE ASILLO, AZÁNGARO - PUNO.",210204,210204,ASILLO,ASILLO,AZANGARO,AZANGARO,APROXIMADA_DISTRITO,True,False
2189452,"MEJORAMIENTO Y AMPLIACION DEL SERVICIO DE AGUA POTABLE Y DISPOSICION SANITARIA DE EXCRETAS EN LOS SECTORES TACAHUA Y KOLLIHUERTA DE LA COMUNIDAD CAMPESINA TUQUINA, DISTRITO POMATA - CHUCUITO - PUNO",210406,210406,POMATA,POMATA,CHUCUITO,CHUCUITO,APROXIMADA_DISTRITO,True,False
2627771,"MEJORAMIENTO Y AMPLIACION DEL SERVICIO DE AGUA POTABLE RURAL Y MEJORAMIENTO Y AMPLIACION DEL SERVICIO DE ALCANTARILLADO U OTRAS FORMAS DE DISPOSICIÓN SANITARIA DE EXCRETAS EN LAS COMUNIDADES DE CANTERIA, ENRIQUE TORRES BELON, LENZORA   DISTRITO DE LAMPA DE LA PROVINCIA DE LAMPA DEL DEPARTAMENTO DE PUNO",210701,210701,LAMPA,LAMPA,LAMPA,LAMPA,OFICIAL_ORIGINAL,True,False
2655017,CREACION DEL SERVICIO DE AGUA POTABLE RURAL EN CENTRO POBLADO DE PALLALLA   DISTRITO DE PLATERIA DE LA PROVINCIA DE PUNO DEL DEPARTAMENTO DE PUNO,210112,210112,PLATERIA,PLATERIA,PUNO,PUNO,OFICIAL_ORIGINAL,True,False
2672390,CREACION DEL SERVICIO DE AGUA POTABLE RURAL Y CREACION DEL SERVICIO DE ALCANTARILLADO U OTRAS FORMAS DE DISPOSICIÓN SANITARIA DE EXCRETAS EN LA COMUNIDAD DE SEGUNDO BAJO JURINSAYA DEL   DISTRITO DE AZANGARO DE LA PROVINCIA DE AZANGARO DEL DEPARTAMENTO DE PUNO,210201,210201,AZANGARO,AZANGARO,AZANGARO,AZANGARO,OFICIAL_ORIGINAL,True,False
2712514,MEJORAMIENTO DEL SERVICIO DE AGUA POTABLE RURAL Y CREACION DEL SERVICIO DE ALCANTARILLADO U OTRAS FORMAS DE DISPOSICIÓN SANITARIA DE EXCRETAS EN LA COMUNIDAD DE ISAÑCUYO DEL   DISTRITO DE HUANCANE DE LA PROVINCIA DE HUANCANE DEL DEPARTAMENTO DE PUNO,210601,210601,HUANCANE,HUANCANE,HUANCANE,HUANCANE,OFICIAL_ORIGINAL,True,False
2664282,"CONSTRUCCION DE UNIDADES BÁSICAS DE SANEAMIENTO (UBS) Y BIODIGESTOR EN EL(LA) PARCIALIDAD DE PAMPILLA VARGAS CUCHO DEL CENTRO POBLADO DE SOLITARIO DEL  DISTRITO DE VILQUE CHICO, PROVINCIA HUANCANE, DEPARTAMENTO PUNO",210608,210608,VILQUE CHICO,VILQUE CHICO,HUANCANE,HUANCANE,OFICIAL_ORIGINAL,True,False
2710279,"CONSTRUCCION DE UNIDAD BASICA DE SANEAMIENTO (UBS) EN EL(LA) LOCALIDAD DE CHURUMAYO  DISTRITO DE SAN GABAN, PROVINCIA CARABAYA, DEPARTAMENTO PUNO",210309,210309,SAN GABAN,SAN GABAN,CARABAYA,CARABAYA,OFICIAL_ORIGINAL,True,False
2735891,"RENOVACION DE RED DE DISTRIBUCION EN EL(LA) SISTEMA DE AGUA POTABLE DE LA LOCALIDAD DE CCAJJE,  DISTRITO DE JULI, PROVINCIA CHUCUITO, DEPARTAMENTO PUNO",210401,210401,JULI,JULI,CHUCUITO,CHUCUITO,OFICIAL_ORIGINAL,True,False
2309919,"INSTALACION DEL SISTEMA DE AGUA POTABLE Y DISPOSICIÓN SANITARIA DE EXCRETAS EN LAS COMUNIDADES DE COLLANA, HUAYRAPATA Y SECTOR DE JURUSAN, DISTRITO DE ACHAYA - AZANGARO - PUNO",210202,210202,ACHAYA,ACHAYA,AZANGARO,AZANGARO,APROXIMADA_DISTRITO,True,False
2597923,MEJORAMIENTO Y AMPLIACION DEL SERVICIO DE AGUA POTABLE RURAL Y CREACION DEL SERVICIO DE ALCANTARILLADO U OTRAS FORMAS DE DISPOSICIÓN SANITARIA DE EXCRETAS EN LA LOCALIDAD TAYATAYA  DISTRITO DE CABANILLAS - PROVINCIA DE SAN ROMAN - DEPARTAMENTO DE PUNO,211103,211103,CABANILLAS,CABANILLAS,SAN ROMAN,SAN ROMAN,OFICIAL_ORIGINAL,True,False
2328918,"CREACION DEL SERVICIO DE AGUA POTABLE Y SANEAMIENTO BASICO EN LOS SECTORES: SAN ANTONIO, JIRIGACHI, SUCHIS CENTRAL Y TORRES PAMPA DEL C.P. DE SUCHIS, DISTRITO DE CARACOTO - SAN ROMAN - PUNO",211104,211104,CARACOTO,CARACOTO,SAN ROMAN,SAN ROMAN,APROXIMADA_DISTRITO,True,False
2660131,"ADQUISICION DE TERRENO EN EL(LA) COMUNIDAD DE HANAC AYLLO ATARAYA Y KANCHI PARA EL SERVICIO DE SANEAMIENTO DE AYAPATA DEL  DISTRITO DE AYAPATA, PROVINCIA CARABAYA, DEPARTAMENTO PUNO",210303,210303,AYAPATA,AYAPATA,CARABAYA,CARABAYA,OFICIAL_ORIGINAL,True,False
2713212,CREACION DEL SERVICIO DE AGUA POTABLE RURAL Y CREACION DEL SERVICIO DE ALCANTARILLADO U OTRAS FORMAS DE DISPOSICIÓN SANITARIA DE EXCRETAS EN LA COMUNIDAD CHANA JILAHUATA   DISTRITO DE AZANGARO DE LA PROVINCIA DE AZANGARO DEL DEPARTAMENTO DE PUNO,210201,210201,AZANGARO,AZANGARO,AZANGARO,AZANGARO,OFICIAL_ORIGINAL,True,False
2697316,"CONSTRUCCION DE CAPTACION DE AGUA , LINEA DE CONDUCCION Y RESERVORIO EN EL(LA) SISTEMA DE AGUA POTABLE  DISTRITO DE HUATASANI, PROVINCIA HUANCANE, DEPARTAMENTO PUNO",210603,210603,HUATASANI,HUATASANI,HUANCANE,HUANCANE,OFICIAL_ORIGINAL,True,False
2531195,"RENOVACION DE RESERVORIO Y CÁMARA DE VÁLVULAS EN EL(LA) SISTEMA DE AGUA POTABLE TIQUI PARQUI EN LA LOCALIDAD YOCATA, DISTRITO DE CHUCUITO, PROVINCIA PUNO, DEPARTAMENTO PUNO",210106,210106,CHUCUITO,CHUCUITO,PUNO,PUNO,OFICIAL_ORIGINAL,True,False
2505268,"CREACION DEL SERVICIO DE AGUA POTABLE Y DISPOSICIÓN SANITARIA DE EXCRETAS EN LOS SECTORES DE KAPAC AKAIPI, QUELLUMA Y CCOÑAPATA DEL  DISTRITO DE CUPI - PROVINCIA DE MELGAR - DEPARTAMENTO DE PUNO",210803,210803,CUPI,CUPI,MELGAR,MELGAR,OFICIAL_ORIGINAL,True,False
2153138,"INSTALACION DEL SISTEMA DE AGUA POTABLE EN LA COMUNIDAD DE CUSQUI, DISTRITO DE CRUCERO - CARABAYA - PUNO",210306,210306,CRUCERO,CRUCERO,CARABAYA,CARABAYA,APROXIMADA_LOCALIDAD,True,False
2271867,"MEJORAMIENTO DE LOS SERVICIOS DE AGUA POTABLE Y SANEAMIENTO EN LAS COMUNIDADES DE MARIA OCCHILE Y COLLANA SAN SEBASTIAN, DISTRITO DE CALAPUJA - LAMPA - PUNO",210703,210703,CALAPUJA,CALAPUJA,LAMPA,LAMPA,APROXIMADA_DISTRITO,True,False
2467832,"CONSTRUCCION DE SISTEMA DE BOMBEO Y SEPARACIÓN ANULAR VERTICAL EN EL(LA) ABASTECIMIENTO DE AGUA POTABLE EN LA LOCALIDAD LARAQUERI, DISTRITO DE PICHACANI, PROVINCIA PUNO, DEPARTAMENTO PUNO",210111,210111,PICHACANI,PICHACANI,PUNO,PUNO,OFICIAL_ORIGINAL,True,False
2238917,"MEJORAMIENTO Y AMPLIACION DE SISTEMA DE AGUA POTABLE, ALCANTARILLADO Y PTAR EN LA LOCALIDAD DE PILCUYO DEL DISTRITO DE PILCUYO - PROVINCIA DE EL COLLAO - DEPARTAMENTO DE PUNO",210503,210503,PILCUYO,PILCUYO,EL COLLAO,EL COLLAO,APROXIMADA_LOCALIDAD,True,False
2215975,"MEJORAMIENTO Y AMPLIACIÓN DEL SISTEMA DE AGUA POTABLE Y SANEAMIENTO DE LA LOCALIDAD DE TIRAPATA, DISTRITO DE TIRAPATA - AZANGARO - PUNO",210215,210215,TIRAPATA,TIRAPATA,AZANGARO,AZANGARO,APROXIMADA_DISTRITO,True,False
2587323,MEJORAMIENTO Y AMPLIACION DEL SERVICIO DE AGUA POTABLE RURAL EN LA LOCALIDAD DE CANLLACOLLO Y HUALLATANI DISTRITO DE VILQUE CHICO DE LA PROVINCIA DE HUANCANE DEL DEPARTAMENTO DE PUNO,210608,210608,VILQUE CHICO,VILQUE CHICO,HUANCANE,HUANCANE,OFICIAL_ORIGINAL,True,False
2343069,MEJORAMIENTO Y AMPLIACION DEL SERVICIO DE AGUA POTABLE Y ALCANTARILLADO SANITARIO EN LA CIUDAD DE ILAVE - DISTRITO DE ILAVE - PROVINCIA DE EL COLLAO - DEPARTAMENTO DE PUNO,210501,210501,ILAVE,ILAVE,EL COLLAO,EL COLLAO,APROXIMADA_DISTRITO,True,False
2166011,"INSTALACION DE LETRINAS DE HOYO SECO EN LA PARCIALIDAD DE NINAKARKA DISTRITO DE HUANCANE, PROVINCIA DE HUANCANE - PUNO",210601,210601,HUANCANE,HUANCANE,HUANCANE,HUANCANE,APROXIMADA_DISTRITO,True,False
2307070,"MEJORAMIENTO DEL ABASTECIMIENTO DE AGUA POTABLE Y DISPOSICIÓN SANITARIA DE EXCRETAS EN LA PARCIALIDAD CENTRAL CHIARAQUE, DISTRITO DE JULI, PROVINCIA DE CHUCUITO - PUNO",210401,210401,JULI,JULI,CHUCUITO,CHUCUITO,APROXIMADA_DISTRITO,True,False
2195360,"MEJORAMIENTO DEL SERVICIO DE AGUA POTABLE Y SANEAMIENTO  EN LA PARTE ALTA DE LA COMUNIDAD DE ANCOHAQUE QUILCANI DEL DISTRITO DE JULI, PROVINCIA DE CHUCUITO - PUNO",210401,210401,JULI,JULI,CHUCUITO,CHUCUITO,APROXIMADA_DISTRITO,True,False
2564234,"CREACION SERVICIO DE ESTACIÓN DE BOMBEO DE AGUAS RESIDUALES EN EL BARRIO ARRIBA DE LA LOCALIDAD DE LAMPA,  DISTRITO DE LAMPA - PROVINCIA DE LAMPA - DEPARTAMENTO DE PUNO",210701,210701,LAMPA,LAMPA,LAMPA,LAMPA,OFICIAL_ORIGINAL,True,False
2053284,MEJORAMIENTO DE MEDIDAS DE RÁPIDO IMPACTO DE LA ENTIDAD PRESTADORA DE SERVICIOS DE SANEAMIENTO DE JULIACA ¿ EPS SEDAJULIACA S.A. EN LOS DISTRITOS DE JULIACA Y SAN MIGUEL DE LA  PROVINCIA DE SAN ROMAN - DEPARTAMENTO DE PUNO,211101,211101,JULIACA,JULIACA,SAN ROMAN,SAN ROMAN,APROXIMADA_DISTRITO,True,False
2168873,"CONSTRUCCION DEL SISTEMA DE AGUA POTABLE Y SANEAMIENTO BASICO DE LA LOCALIDAD DE AJJATIRA, DISTRITO DE PEDRO VILCA APAZA, PROVINCIA DE SAN ANTONIO DE PUTINA, DEPARTAMENTO DE PUNO",211003,211003,PEDRO VILCA APAZA,PEDRO VILCA APAZA,SAN ANTONIO DE PUTINA,SAN ANTONIO DE PUTINA,APROXIMADA_LOCALIDAD,True,False
2168876,"CONSTRUCCIÓN DEL SISTEMA DE AGUA POTABLE Y SANEAMIENTO BÁSICO DE LA LOCALIDAD DE ANANSAYA, DISTRITO DE NICASIO, PROVINCIA LAMPA, DEPARTAMENTO DE PUNO.",210704,210704,NICASIO,NICASIO,LAMPA,LAMPA,APROXIMADA_DISTRITO,True,False
2189341,"MEJORAMIENTO Y AMPLIACIÓN DE LOS SERVICIOS DE AGUA POTABLE Y DISPOSICIÓN SANITARIA DE EXCRETAS  DE LA COMUNIDAD CAMPESINA DE MOCARAYA, CENTRO  POBLADO CCAPALLA, DISTRITO DE ACORA, PUNO - PUNO.",210102,210102,ACORA,ACORA,PUNO,PUNO,APROXIMADA_DISTRITO,True,False
2189458,"MEJORAMIENTO Y AMPLIACION DE LOS SERVICIOS DE AGUA POTABLE Y DISPOSICION SANITARIA DE EXCRETAS EN LOS SECTORES SALLUYO Y SAN FRANCISCO DE LA COMUNIDAD CAMPESINA JAQUEHUAYTAHUI, DISTRITO POMATA- CHUCUITO - PUNO",210406,210406,POMATA,POMATA,CHUCUITO,CHUCUITO,APROXIMADA_DISTRITO,True,False
2608092,CREACION DEL SERVICIO DE AGUA POTABLE RURAL Y CREACION DEL SERVICIO DE ALCANTARILLADO U OTRAS FORMAS DE DISPOSICIÓN SANITARIA DE EXCRETAS EN EL CENTRO POBLADO CHANCACHI DEL   DISTRITO DE ACORA DE LA PROVINCIA DE PUNO DEL DEPARTAMENTO DE PUNO,210102,210102,ACORA,ACORA,PUNO,PUNO,OFICIAL_ORIGINAL,True,False
2736256,"ADQUISICION DE CENTRAL DE GENERACION FOTOVOLTAICA EN EL(LA) SISTEMA DE AGUA POTABLE DE LAS COMUNIDADES DE COLLANA, HUAYRAPATA Y SECTOR DE JURUSAN,  DISTRITO DE ACHAYA, PROVINCIA AZANGARO, DEPARTAMENTO PUNO",210202,210202,ACHAYA,ACHAYA,AZANGARO,AZANGARO,OFICIAL_ORIGINAL,True,False
2330428,"MEJORAMIENTO Y AMPLIACIÓN DEL SERVICIO DE AGUA POTABLE Y SANEAMIENTO BASICO EN LA COMUNIDAD CAMPESINA DE RIO ARENALES, DISTRITO DE KELLUYO - CHUCUITO - PUNO",210404,210404,KELLUYO,KELLUYO,CHUCUITO,CHUCUITO,APROXIMADA_DISTRITO,True,False
2461436,"ADQUISICION DE PANEL INFORMATIVO Y GASTOS GENERALES DE RIEGO CONSTRUCCION DE CAPTACIÓN SUPERFICIAL DE AGUA, LÍNEA DE CONDUCCIÓN, KITS DE CÁMARAS, TANQUES DE ALMACENAMIENTO DE AGUA, LÍNEA DE ADUCCIÓN, VÁLVULAS DE CONTROL, TRANSPORTES INTEGRADOS DE CARGA Y KITS DE VÁLVULAS EN EL(LA) PARA EL MEJORAMIENTO Y AMPLIACION DEL SERVICIO DE AGUA POTABLE EN LA LOCALIDAD UNTUCA, DISTRITO DE QUIACA, PROVINCIA SANDIA, DEPARTAMENTO PUNO",211206,211206,QUIACA,QUIACA,SANDIA,SANDIA,OFICIAL_ORIGINAL,True,False
2248246,"MEJORAMIENTO, AMPLIACION DEL  SISTEMA DE AGUA POTABLE Y ALCANTARILLADO EN LA LOCALIDAD DE SINA, DISTRITO DE SINA - SAN ANTONIO DE PUTINA - PUNO",211005,211005,SINA,SINA,SAN ANTONIO DE PUTINA,SAN ANTONIO DE PUTINA,APROXIMADA_DISTRITO,True,False
2192373,"INSTALACION DE LOS SERVICIOS DE AGUA POTABLE Y DISPOSICIÓN SANITARIA DE EXCRETAS EN PRIMER SECTOR DE LA COMUNIDAD CAMPESINA DE COLLANA (TITILAQUE Y JACHAGANI), DISTRITO DE TARACO - HUANCANE - PUNO",210607,210607,TARACO,TARACO,HUANCANE,HUANCANE,APROXIMADA_DISTRITO,True,False
2140341,"INSTALACION DEL SERVICIO DE AGUA POTABLE Y LETRINAS EN LA LOCALIDAD DE SAN JUAN DE HUINIHUININI DEL DISTRITO DE ILAVE, PROVINCIA DE EL COLLAO - PUNO",210501,210501,ILAVE,ILAVE,EL COLLAO,EL COLLAO,APROXIMADA_DISTRITO,True,False
2140600,"INSTALACION, MEJORAMIENTO DEL SISTEMA DE AGUA POTABLE Y SANEAMIENTO EN EL PUEBLO DE CAMICACHI Y EN EL CENTRO POBLADO DE SUYO DE LA ZONA LAGO, DEL DISTRITO DE ILAVE, PROVINCIA DE EL COLLAO - PUNO",210501,210501,ILAVE,ILAVE,EL COLLAO,EL COLLAO,APROXIMADA_DISTRITO,True,False
2341730,"CREACION DEL SERVICIO DE AGUA POTABLE Y DISPOSICIÓN SANITARIA DE EXCRETAS EN LAS COMUNIDADES DE LA ZONA SUR DEL DISTRITO DE PUTINA, PROVINCIA DE SAN ANTONIO DE PUTINA - PUNO",211001,211001,PUTINA,PUTINA,SAN ANTONIO DE PUTINA,SAN ANTONIO DE PUTINA,APROXIMADA_DISTRITO,True,False
2422586,"ADQUISICIÓN DE HIDRANTES EN EL(LA) SISTEMA DE DISTRIBUCIÓN DE AGUA POTABLE DE LA EPS SEDAJULIACA S.A. EN LA LOCALIDAD JULIACA, DISTRITO DE JULIACA, PROVINCIA SAN ROMAN, DEPARTAMENTO PUNO",211101,211101,JULIACA,JULIACA,SAN ROMAN,SAN ROMAN,OFICIAL_ORIGINAL,True,False
2307913,"AMPLIACION Y MEJORAMIENTO DEL SERVICIO DE AGUA POTABLE Y DISPOSICION SANITARIA DE EXCRETAS DEL CENTRO POBLADO DE TUTURCUYO , DISTRITO DE SANTIAGO DE PUPUJA - AZANGARO - PUNO",210214,210214,SANTIAGO DE PUPUJA,SANTIAGO DE PUPUJA,AZANGARO,AZANGARO,APROXIMADA_DISTRITO,True,False
2168885,"CONSTRUCCIÓN DEL SISTEMA DE AGUA POTABLE Y SANEAMIENTO BÁSICO DE LA LOCALIDAD DE HUERTACUCHO, DISTRITO PEDRO VILCAPAZA, PROVINCIA SAN ANTONIO DE PUTINA, DEPARTAMENTO PUNO.",211003,211003,PEDRO VILCA APAZA,PEDRO VILCA APAZA,SAN ANTONIO DE PUTINA,SAN ANTONIO DE PUTINA,APROXIMADA_DISTRITO,True,False
2270997,"MEJORAMIENTO Y AMPLIACION DE LOS SERVICIOS DE AGUA POTABLE Y SANEAMIENTO DEL CENTRO POBLADO DE PUMACHANCA , DISTRITO DE OLLACHEA - CARABAYA - PUNO",210308,210308,OLLACHEA,OLLACHEA,CARABAYA,CARABAYA,APROXIMADA_DISTRITO,True,False
2189448,"INSTALACION DEL SERVICIO DE AGUA POTABLE Y DISPOSICION SANITARIA DE EXCRETAS EN LOS SECTORES SIQUICAUSILLUMA, KAMANI Y CENTRAL VILLACHAVE II DE LA COMUNIDAD CAMPESINA VILACHAVE, DISTRITO HUACULLANI - CHUCUITO - PUNO",210403,210403,HUACULLANI,HUACULLANI,CHUCUITO,CHUCUITO,APROXIMADA_DISTRITO,True,False
2189488,"MEJORAMIENTO Y AMPLIACION DE LOS SERVICIOS DE AGUA POTABLE Y DISPOSICIÓN SANITARIA DE EXCRETAS DE LA COMUNIDAD CAMPESINA DE POSOCONI, DISTRITO DE ASILL, PROVINCIA DE AZANGARO, DEPARTAMENTO PUNO",210204,210204,ASILLO,ASILLO,AZANGARO,AZANGARO,APROXIMADA_DISTRITO,True,False
2302962,"MEJORAMIENTO Y AMPLIACION DEL SERVICIO DE AGUA POTABLE Y CREACION DEL SERVICIO DE DISPOSICION SANITARIA DE EXCRETAS EN EL C.P. TASAPA PATACOLLO (SECTORES TASAPA CENTRAL, PRIMER TASAPA, II TASAPA, IRUJANI Y JOCCO), DISTRITO DE ZEPITA, PROVINCIA DE CHUCUITO ¿ DEPARTAMENTO DE PUNO",210407,210407,ZEPITA,ZEPITA,CHUCUITO,CHUCUITO,APROXIMADA_DISTRITO,True,False
2614918,"CREACION DEL SERVICIO DE AGUA POTABLE RURAL Y CREACION DEL SERVICIO DE ALCANTARILLADO U OTRAS FORMAS DE DISPOSICIÓN SANITARIA DE EXCRETAS EN COMUNIDAD DE MURUHUANCA, PUCA CUESTA , SUTUCA URINSAYA Y CARITANI   DISTRITO DE LAMPA DE LA PROVINCIA DE LAMPA DEL DEPARTAMENTO DE PUNO",210701,210701,LAMPA,LAMPA,LAMPA,LAMPA,OFICIAL_ORIGINAL,True,False
2600251,"MEJORAMIENTO Y AMPLIACION DEL SERVICIO DE AGUA POTABLE RURAL EN LOCALIDAD DE HUENCCALLA, LOS ANGELES Y TUPAC AMARU DEL   DISTRITO DE SANDIA DE LA PROVINCIA DE SANDIA DEL DEPARTAMENTO DE PUNO",211201,211201,SANDIA,SANDIA,SANDIA,SANDIA,OFICIAL_ORIGINAL,True,False
2638867,MEJORAMIENTO Y AMPLIACION  SERVICIO DE AGUA POTABLE RURAL Y MEJORAMIENTO Y AMPLIACION DEL SERVICIO DE ALCANTARILLADO U OTRAS FORMAS DE DISPOSICIÓN SANITARIA DE EXCRETAS EN LA LOCALIDAD DE VALLEPAMPA   DISTRITO DE USICAYOS DE LA PROVINCIA DE CARABAYA DEL DEPARTAMENTO DE PUNO,210310,210310,USICAYOS,USICAYOS,CARABAYA,CARABAYA,OFICIAL_ORIGINAL,True,False
2670952,CREACION DEL SERVICIO DE AGUA POTABLE RURAL EN LA C.C. ITAPALLUNI   DISTRITO DE PUNO DE LA PROVINCIA DE PUNO DEL DEPARTAMENTO DE PUNO,210101,210101,PUNO,PUNO,PUNO,PUNO,OFICIAL_ORIGINAL,True,False
2737331,"ADQUISICION DE SISTEMA DE BOMBEO EN EL(LA) SISTEMA DE AGUA POTABLE RURAL EN LA PARCIALIDAD DE ALTO ALIANZA DEL CENTRO POBLADO DE TITILACA DISTRITO DE PLATERIA, PROVINCIA PUNO, DEPARTAMENTO PUNO",210112,210112,PLATERIA,PLATERIA,PUNO,PUNO,OFICIAL_ORIGINAL,True,False
2721323,"ADQUISICION DE EQUIPO DE BOMBEO EN EL(LA) ESTACIÓN DE BOMBEO DE AGUAS RESIDUALES MARIANO MELGAR DE LA EPS SEDAJULIACA S.A.  DISTRITO DE SAN MIGUEL, PROVINCIA SAN ROMAN, DEPARTAMENTO PUNO",211105,211105,SAN MIGUEL,SAN MIGUEL,SAN ROMAN,SAN ROMAN,OFICIAL_ORIGINAL,True,False
2241826,"MEJORAMIENTO, AMPLIACION DEL SERVICIO DE AGUA POTABLE Y LETRINAS SANITARIAS EN LA PARCIALIDAD DE CAMBRIA, DISTRITO DE CONIMA - MOHO - PUNO",210902,210902,CONIMA,CONIMA,MOHO,MOHO,APROXIMADA_LOCALIDAD,True,False
2336609,"MEJORAMIENTO DE LOS SERVICIOS DE AGUA POTABLE Y DISPOSICION SANITARIA DE EXCRETAS EN LAS COMUNIDADES DE TORNO, QUILLO CHICO, QUEALLI Y TUNILA, DISTRITO DE HUATASANI - HUANCANE - PUNO",210603,210603,HUATASANI,HUATASANI,HUANCANE,HUANCANE,APROXIMADA_DISTRITO,True,False
2198515,"INSTALACION DEL SISTEMA DE AGUA POTABLE Y EQUIPO SANITARIO EN LA PARCIALIDAD DE TOQUEPANI, DISTRITO DE INCHUPALLA - HUANCANE - PUNO",210604,210604,INCHUPALLA,INCHUPALLA,HUANCANE,HUANCANE,APROXIMADA_DISTRITO,True,False
2150132,"CONSTRUCCION DE CANAL  DE EVACUACION DE AGUAS PLUVIALES BARRIO 20 DE FEBRERO DISTRITO DE ILAVE, PROVINCIA DE EL COLLAO - PUNO",210501,210501,ILAVE,ILAVE,EL COLLAO,EL COLLAO,APROXIMADA_DISTRITO,True,False
2278724,CREACION DEL SERVICIO DE AGUA POTABLE Y SANEAMIENTO EN LAS COMUNIDADES Y PARCIALIDADES DEL AREA RURAL DEL CENTRO POBLADO DE CALLACAMI DEL DISTRITO DE JULI - PROVINCIA DE CHUCUITO - DEPARTAMENTO DE PUNO,210401,210401,JULI,JULI,CHUCUITO,CHUCUITO,APROXIMADA_DISTRITO,True,False
2274657,"MEJORAMIENTO Y AMPLIACION DEL SERVICIO DE AGUA POTABLE Y DISPOSICION SANITARIA DE EXCRETAS EN EL CENTRO POBLADO PATIATI , DISTRITO DE PUSI - HUANCANE - PUNO",210605,210605,PUSI,PUSI,HUANCANE,HUANCANE,APROXIMADA_DISTRITO,True,False
2189518,"MEJORAMIENTO Y AMPLIACIÓN DE LOS SERVICIOS DE AGUA POTABLE Y DISPOSICIÓN SANITARIA DE EXCRETAS DE LA COMUNIDAD CAMPESINA DE ACCOPATA, DISTRITO DE ASILLO, AZANGARO - PUNO",210204,210204,ASILLO,ASILLO,AZANGARO,AZANGARO,APROXIMADA_DISTRITO,True,False
2191201,"MEJORAMIENTO Y AMPLIACION DEL SERVICIO DE AGUA POTABLE Y DISPOSICION SANITARIA DE EXCRETAS EN EL SERTOR CENTRAL CHUA CHUA DEL CENTRO POBLADO CHUA CHUA, DISTRITO DE ZEPITA - CHUCUITO - PUNO",210407,210407,ZEPITA,ZEPITA,CHUCUITO,CHUCUITO,APROXIMADA_LOCALIDAD,True,False
2186040,"MEJORAMIENTO Y AMPLIACIÓN DE LOS  SERVICIOS DE AGUA POTABLE Y DISPOSICIÓN SANITARIA DE EXCRETAS DE LA COMUNIDAD  CAMPESINA DE CALAPAMPA, DISTRITO DE ASILLO, AZÁNGARO-PUNO",210204,210204,ASILLO,ASILLO,AZANGARO,AZANGARO,APROXIMADA_DISTRITO,True,False
2625735,"REPARACION DE ESTACION DE BOMBEO DE AGUA EN EL(LA) SISTEMA DE ABASTECIMIENTO DE AGUA DE LA ORGANIZACIÓN COMUNAL JASS SUCAPAYA ¿ LAGUNILLAS CHOCCACHA ¿ CONCHILLA DEL  DISTRITO DE CAMINACA, PROVINCIA AZANGARO, DEPARTAMENTO PUNO",210205,210205,CAMINACA,CAMINACA,AZANGARO,AZANGARO,OFICIAL_ORIGINAL,True,False
2654338,"CONSTRUCCION DE CAPTACION DE AGUA , LÍNEA DE CONDUCCIÓN Y RESERVORIO EN EL(LA) SISTEMA DE AGUA POTABLE DEL CENTRO POBLADO CERRO LUNAR DE ORO  DISTRITO DE ANANEA, PROVINCIA SAN ANTONIO DE PUTINA, DEPARTAMENTO PUNO",211002,211002,ANANEA,ANANEA,SAN ANTONIO DE PUTINA,SAN ANTONIO DE PUTINA,OFICIAL_ORIGINAL,True,False
2714553,MEJORAMIENTO Y AMPLIACION DEL SERVICIO DE AGUA POTABLE RURAL EN EL CENTRO POBLADO DE ACOCOLLO DEL   DISTRITO DE HUANCANE DE LA PROVINCIA DE HUANCANE DEL DEPARTAMENTO DE PUNO,210601,210601,HUANCANE,HUANCANE,HUANCANE,HUANCANE,OFICIAL_ORIGINAL,True,False
2734239,"ADQUISICION DE CENTRAL DE GENERACION FOTOVOLTAICA EN EL(LA) SISTEMA DE AGUA POTABLE DE LA COMUNIDAD DE LICAS,  DISTRITO DE ACHAYA, PROVINCIA AZANGARO, DEPARTAMENTO PUNO",210202,210202,ACHAYA,ACHAYA,AZANGARO,AZANGARO,OFICIAL_ORIGINAL,True,False
2715365,CREACION DEL SERVICIO DE AGUA POTABLE RURAL EN LA COMUNIDAD DE PONGONI Y PARCIALIDAD DE YAPUPAMPA DEL   DISTRITO DE HUANCANE DE LA PROVINCIA DE HUANCANE DEL DEPARTAMENTO DE PUNO,210601,210601,HUANCANE,HUANCANE,HUANCANE,HUANCANE,OFICIAL_ORIGINAL,True,False
2564961,CREACION DEL SERVICIO DE AGUA POTABLE Y DISPOSICIÓN DE EXCRETAS EN LA COMUNIDAD DE SAN JUAN DE PALOMANI DEL DISTRITO DE ANANEA - PROVINCIA DE SAN ANTONIO DE PUTINA - DEPARTAMENTO DE PUNO,211002,211002,ANANEA,ANANEA,SAN ANTONIO DE PUTINA,SAN ANTONIO DE PUTINA,OFICIAL_ORIGINAL,True,False
2252384,"MEJORAMIENTO Y AMPLIACION DE LOS SERVICIOS DE AGUA POTABLE Y SANEAMIENTO EN LA COMUNIDAD DE KANCHI ORCCOTAQUI DEL, DISTRITO DE AYAPATA - CARABAYA - PUNO",210303,210303,AYAPATA,AYAPATA,CARABAYA,CARABAYA,APROXIMADA_DISTRITO,True,False
2433576,"ADQUISICIÓN DE KITS SOLARES EN EL(LA) SISTEMA DE AGUA POTABLE Y ALCANTARILLADO DEL  DISTRITO DE ATUNCOLLA, PROVINCIA PUNO, DEPARTAMENTO PUNO",210104,210104,ATUNCOLLA,ATUNCOLLA,PUNO,PUNO,OFICIAL_ORIGINAL,True,False
2540347,"ADQUISICION DE TERRENO EN EL(LA) SISTEMA DE AGUA POTABLE E INSTALACIÓN DE LETRINAS CON ARRASTRE HIDRÁULICO EN LA PARCIALIDAD DE AYAGACHI DEL  DISTRITO DE CABANA, PROVINCIA SAN ROMAN, DEPARTAMENTO PUNO",211102,211102,CABANA,CABANA,SAN ROMAN,SAN ROMAN,OFICIAL_ORIGINAL,True,False
2275077,"INSTALACION MEJORAMIENTO Y AMPLIACION DEL SISTEMA DE AGUA POTABLE Y DISPOSICION SANITARIA DE EXCRETAS EN LAS COMUNIDADES DE  INKAPUCARA CONDORIRI, JUAN VELASCO ALVARADO, TUPAC AMARU MALLQUINI, PARCIALIDADES Y SECTORES, DISTRITO DE MUNANI - AZANGARO - PUNO",210208,210208,MUÑANI,MUÑANI,AZANGARO,AZANGARO,APROXIMADA_DISTRITO,True,False
2272457,"CREACION DEL SERVICIO DE AGUA POTABLE Y SANEAMIENTO RURAL EN LA COMUNIDAD DE SANTA ELENA Y ANEXO VILUYO, DISTRITO DE NUNOA - MELGAR - PUNO",210806,210806,NUÑOA,NUÑOA,MELGAR,MELGAR,APROXIMADA_DISTRITO,True,False
2322657,"MEJORAMIENTO Y AMPLIACION DE LOS SERVICIOS DE AGUA POTABLE Y ALCANTARILLADO SANITARIO  EN EL CENTRO POBLADO DE PICHACANI , DISTRITO DE PICHACANI - PUNO - PUNO",210111,210111,PICHACANI,PICHACANI,PUNO,PUNO,APROXIMADA_LOCALIDAD,True,False
2491749,"MEJORAMIENTO Y AMPLIACION DEL SERVICIO DE AGUA POTABLE Y SANEAMIENTO BASICO EN LAS COMUNIDADES DE CULLCO BELEN, CARPUTA CCOLLANA, MERCEDES Y CULLCO JURINSAYA, 4 LOCALIDADES DEL DISTRITO DE POTONI - PROVINCIA DE AZANGARO - DEPARTAMENTO DE PUNO",210209,210209,POTONI,POTONI,AZANGARO,AZANGARO,OFICIAL_ORIGINAL,True,False
2274677,"MEJORAMIENTO Y AMPLIACION DEL SERVICIO DE AGUA POTABLE E INSTALACION DE LETRINAS EN EL  CENTRO POBLADO DE SICARI , DISTRITO DE QUIACA - SANDIA - PUNO",211206,211206,QUIACA,QUIACA,SANDIA,SANDIA,APROXIMADA_LOCALIDAD,True,False
2197154,"MEJORAMIENTO Y AMPLIACION DEL SERVICIO DE AGUA POTABLE Y SANEAMIENTO BASICO INTEGRAL EN LOS SECTORES DE LA COMUNIDAD DE HUAYLLACUYO, DISTRITO DE ROSASPATA - HUANCANE - PUNO",210606,210606,ROSASPATA,ROSASPATA,HUANCANE,HUANCANE,APROXIMADA_DISTRITO,True,False
2735118,MEJORAMIENTO DEL SERVICIO DE AGUA POTABLE URBANO Y MEJORAMIENTO DEL SERVICIO DE ALCANTARILLADO EN BARRIO LAS LOMAS   DISTRITO DE SAN PEDRO DE PUTINA PUNCO DE LA PROVINCIA DE SANDIA DEL DEPARTAMENTO DE PUNO,211210,211210,SAN PEDRO DE PUTINA PUNCO,SAN PEDRO DE PUTINA PUNCO,SANDIA,SANDIA,OFICIAL_ORIGINAL,True,False
2343740,"CREACION DEL SERVICIO DE AGUA POTABLE Y DISPOSICIÓN SANITARIA DE EXCRETAS EN LAS PARCIALIDADES DE CHAPILACA KAMANI, SIRUNI Y CHULLUNQUIANI, DISTRITO DE SANTA ROSA - EL COLLAO - PUNO",210504,210504,SANTA ROSA,SANTA ROSA,EL COLLAO,EL COLLAO,APROXIMADA_DISTRITO,True,False
2307821,"INSTALACION DEL SERVICIO DE AGUA POTABLE Y SANEAMIENTO RURAL EN EL SECTOR CHILLPANI DE LA COMUNIDAD DE LLACTA CHOQUEPIÑA, DISTRITO DE SAN JOSE - AZANGARO - PUNO",210212,210212,SAN JOSE,SAN JOSE,AZANGARO,AZANGARO,APROXIMADA_DISTRITO,True,False
2599735,CREACION DEL SERVICIO DE AGUA POTABLE RURAL Y CREACION DEL SERVICIO DE ALCANTARILLADO U OTRAS FORMAS DE DISPOSICIÓN SANITARIA DE EXCRETAS EN EL SISTEMA DE AGUA POTABLE Y SISTEMA DE DISPOSICIÓN SANITARIA DE EXCRETAS EN EL SECTOR VALLECITO DE LA COMUNIDAD DE KUNURANA ALTO   DISTRITO DE SANTA ROSA DE LA PROVINCIA DE MELGAR DEL DEPARTAMENTO DE PUNO,210808,210808,SANTA ROSA,SANTA ROSA,MELGAR,MELGAR,OFICIAL_ORIGINAL,True,False
2706460,"RENOVACION DE LINEA DE CONDUCCION, LINEA DE ADUCCION Y COLECTOR SECUNDARIO REPARACION DE RESERVORIO ADEMÁS DE OTROS ACTIVOS EN EL(LA) SERVICIO DE AGUA POTABLE Y SANEAMIENTO RURAL DE LA LOCALIDAD DE CORANI,  DISTRITO DE CORANI, PROVINCIA CARABAYA, DEPARTAMENTO PUNO",210305,210305,CORANI,CORANI,CARABAYA,CARABAYA,OFICIAL_ORIGINAL,True,False
2704140,"CONSTRUCCION DE CANAL DE DRENAJE EN EL(LA) JR. VISTA ALEGRE Y JR. Nº03 DEL BARRIO VIRGEN DEL ROSARIO DE LA LOCALIDAD DE ANTAUTA  DISTRITO DE ANTAUTA, PROVINCIA MELGAR, DEPARTAMENTO PUNO",210802,210802,ANTAUTA,ANTAUTA,MELGAR,MELGAR,OFICIAL_ORIGINAL,True,False
2672403,AMPLIACION DEL SERVICIO DE AGUA POTABLE URBANO Y AMPLIACION DEL SERVICIO DE ALCANTARILLADO EN URB. SAN JORGE II ETAPA - MERCADO MAYORISTA METROPOLITANO   DISTRITO DE SAN MIGUEL DE LA PROVINCIA DE SAN ROMAN DEL DEPARTAMENTO DE PUNO,211105,211105,SAN MIGUEL,SAN MIGUEL,SAN ROMAN,SAN ROMAN,OFICIAL_ORIGINAL,True,False
2682364,"CREACION DEL SERVICIO DE AGUA POTABLE RURAL Y CREACION DEL SERVICIO DE ALCANTARILLADO U OTRAS FORMAS DE DISPOSICIÓN SANITARIA DE EXCRETAS EN LOS SECTORES DE VIZALLANI, CORACIA Y MAYCO DEL   DISTRITO DE CABANA DE LA PROVINCIA DE SAN ROMAN DEL DEPARTAMENTO DE PUNO",211102,211102,CABANA,CABANA,SAN ROMAN,SAN ROMAN,OFICIAL_ORIGINAL,True,False
2663427,MEJORAMIENTO Y AMPLIACION DEL SERVICIO DE AGUA POTABLE RURAL Y CREACION DEL SERVICIO DE ALCANTARILLADO U OTRAS FORMAS DE DISPOSICIÓN SANITARIA DE EXCRETAS EN LA LOCALIDAD DE AZIRUNI ANDAMARCA DEL   DISTRITO DE QUILCAPUNCU DE LA PROVINCIA DE SAN ANTONIO DE PUTINA DEL DEPARTAMENTO DE PUNO,211004,211004,QUILCAPUNCU,QUILCAPUNCU,SAN ANTONIO DE PUTINA,SAN ANTONIO DE PUTINA,OFICIAL_ORIGINAL,True,False
2715707,"CONSTRUCCION DE UNIDAD BASICA DE SANEAMIENTO (UBS) Y BIODIGESTOR EN EL(LA) LOCALIDAD DE COTAPATA LIRIMA DEL CENTRO POBLADO DE SAN SALVADOR DE SISINAHUYO  DISTRITO DE VILQUE CHICO, PROVINCIA HUANCANE, DEPARTAMENTO PUNO",210608,210608,VILQUE CHICO,VILQUE CHICO,HUANCANE,HUANCANE,OFICIAL_ORIGINAL,True,False
2513192,"ADQUISICION DE TERRENO EN EL(LA) PARA CAPTACION, RESERVORIO Y PTAP DEL SISTEMA DE AGUA POTABLE Y DISPOSICIÓN SANITARIA DE EXCRETAS EN LA LOCALIDAD COLLANA, DISTRITO DE ACHAYA, PROVINCIA AZANGARO, DEPARTAMENTO PUNO",210202,210202,ACHAYA,ACHAYA,AZANGARO,AZANGARO,OFICIAL_ORIGINAL,True,False
2313008,"CREACION DEL SERVICIO DE AGUA POTABLE Y SANEAMIENTO BÁSICO, EN EL SECTOR PIRHUANI, DISTRITO DE ANTAUTA - MELGAR - PUNO",210802,210802,ANTAUTA,ANTAUTA,MELGAR,MELGAR,APROXIMADA_LOCALIDAD,True,False
2161234,"MEJORAMIENTO DEL SISTEMA DE ABASTECIMIENTO DE AGUA POTABLE EN LA C.C. CENTRAL CHUCAHUACAS, DISTRITO DE CHUPA - AZANGARO - PUNO",210206,210206,CHUPA,CHUPA,AZANGARO,AZANGARO,APROXIMADA_DISTRITO,True,False
2146210,"MEJORAMIENTO Y AMPLIACION DEL SISTEMA DE AGUA POTABLE EN EL SECTOR DE HUAYRAPATA DEL C.P. DE HUAYRAPATA, DISTRITO DE CHUCUITO - PUNO - PUNO",210106,210403,CHUCUITO,HUACULLANI,PUNO,CHUCUITO,APROXIMADA_DISTRITO,False,False
2335302,"MEJORAMIENTO Y AMPLIACIÓN DEL SERVICIO DE AGUA POTABLE Y DESAGÜE EN LA LOCALIDAD DE CONDURIRI, DISTRITO DE CONDURIRI - EL COLLAO - PUNO",210505,210505,CONDURIRI,CONDURIRI,EL COLLAO,EL COLLAO,APROXIMADA_LOCALIDAD,True,False
2188775,"MEJORAMIENTO Y AMPLIACION DEL SISTEMA INTEGRAL DE AGUA POTABLE Y SANEAMIENTO EN LAS LOCALIDADES DE COATA, SUCASCO Y ALMOZANCHE, DISTRITO DE COATA - PUNO - PUNO",210107,,COATA,,PUNO,,APROXIMADA_LOCALIDAD,False,False
2178303,"AMPLIACION, MEJORAMIENTO DEL SISTEMA DE AGUA POTABLE Y ALCANTARILLADO, DE LA CIUDAD DE DESAGUADERO, DISTRITO DE DESAGUADERO - CHUCUITO - PUNO",210402,210402,DESAGUADERO,DESAGUADERO,CHUCUITO,CHUCUITO,APROXIMADA_DISTRITO,True,False
2553730,CREACION DEL SERVICIO DE AGUA POTABLE Y DISPOSICION SANITARIA DE EXCRETAS EN EL SECTOR KAQUINGORA DEL CENTRO POBLADO DE CARI CARI DEL  DISTRITO DE MAÑAZO - PROVINCIA DE PUNO - DEPARTAMENTO DE PUNO,210109,210109,MAÑAZO,MAÑAZO,PUNO,PUNO,OFICIAL_ORIGINAL,True,False
2194591,"INSTALACION Y MEJORAMIENTO DEL SISTEMA DE AGUA POTABLE Y UNIDADES BASICAS DE SANEAMIENTO EN EL AREA RURAL, DISTRITO DE PEDRO VILCA APAZA - SAN ANTONIO DE PUTINA - PUNO",211003,211003,PEDRO VILCA APAZA,PEDRO VILCA APAZA,SAN ANTONIO DE PUTINA,SAN ANTONIO DE PUTINA,APROXIMADA_DISTRITO,True,False
2558910,"ADQUISICION DE SISTEMA DE BOMBEO EN EL(LA) SISTEMA DE AGUA POTABLE EN EL CENTRO POBLADO VILLA CCOTA DISTRITO DE PLATERIA, PROVINCIA PUNO, DEPARTAMENTO PUNO",210112,210112,PLATERIA,PLATERIA,PUNO,PUNO,OFICIAL_ORIGINAL,True,False
2331759,"CREACION DEL SERVICIO DE AGUA POTABLE Y SANEAMIENTO EN LOS SECTORES DE CHILLAPAMPA, CCOLLPANI, COTOSA Y COLINE, DISTRITO DE VILAVILA - LAMPA - PUNO",210710,210710,VILAVILA,VILAVILA,LAMPA,LAMPA,APROXIMADA_DISTRITO,True,False
2291774,"MEJORAMIENTO Y AMPLIACION DEL SISTEMA DE AGUA POTABLE Y DISPOSICION DE EXCRETAS EN EL CENTRO POBLADO DE ALTO PATACOLLO, DISTRITO DE ZEPITA - CHUCUITO - PUNO",210407,210407,ZEPITA,ZEPITA,CHUCUITO,CHUCUITO,APROXIMADA_LOCALIDAD,True,False
2138892,"CONSTRUCCION DEL SISTEMA DE AGUA POTABLE E INSTALACION DE LETRINAS EN LA PARCIALIDAD DE ALTO MILLIRAYA HUAYLLACUYO DEL DISTRITO DE HUANCANE, PROVINCIA DE HUANCANE - PUNO",210601,210601,HUANCANE,HUANCANE,HUANCANE,HUANCANE,APROXIMADA_DISTRITO,True,False
2482273,MEJORAMIENTO Y AMPLIACION DEL SISTEMA DE AGUA POTABLE Y SANEAMIENTO RURAL DE 5 LOCALIDADES DEL DISTRITO DE NUÑOA - PROVINCIA DE MELGAR - DEPARTAMENTO DE PUNO,210806,210806,NUÑOA,NUÑOA,MELGAR,MELGAR,OFICIAL_ORIGINAL,True,False
2673866,CREACION DEL SERVICIO DE AGUA POTABLE RURAL Y CREACION DEL SERVICIO DE ALCANTARILLADO U OTRAS FORMAS DE DISPOSICIÓN SANITARIA DE EXCRETAS EN LA PARCIALIDAD DE PUNTA PERDIDA   DISTRITO DE SANTA ROSA DE LA PROVINCIA DE EL COLLAO DEL DEPARTAMENTO DE PUNO,210504,210504,SANTA ROSA,SANTA ROSA,EL COLLAO,EL COLLAO,OFICIAL_ORIGINAL,True,False
2145469,"CONSTRUCCION DEL SISTEMA DE AGUA POTABLE Y SANEAMIENTO BASICO DE LA LOCALIDAD DE CHOQUELIHUE, DISTRITO DE ROSASPATA, PROVINCIA DE HUANCANE, DEPARTAMENTO DE PUNO",210606,210606,ROSASPATA,ROSASPATA,HUANCANE,HUANCANE,APROXIMADA_DISTRITO,True,False
2279319,"MEJORAMIENTO Y AMPLIACION DE LOS SERVICIOS DE AGUA POTABLE Y SANEAMIENTO DEL CENTRO POBLADO DE CAMPAMENTO , DISTRITO DE COASA - CARABAYA - PUNO",210304,210304,COASA,COASA,CARABAYA,CARABAYA,APROXIMADA_LOCALIDAD,True,False
2616022,MEJORAMIENTO Y AMPLIACION DEL SERVICIO DE AGUA POTABLE URBANO EN AGUA POTABLE Y SANEAMIENTO   DISTRITO DE TINICACHI DE LA PROVINCIA DE YUNGUYO DEL DEPARTAMENTO DE PUNO,211306,211306,TINICACHI,TINICACHI,YUNGUYO,YUNGUYO,OFICIAL_ORIGINAL,True,False
2387732,MEJORAMIENTO Y AMPLIACION DE LOS SISTEMAS DE AGUA POTABLE Y SANEAMIENTO DE LA CIUDAD DE AYAVIRI  DISTRITO DE AYAVIRI - PROVINCIA DE MELGAR - DEPARTAMENTO DE PUNO,210801,210801,AYAVIRI,AYAVIRI,MELGAR,MELGAR,OFICIAL_ORIGINAL,True,False
2486388,"CONSTRUCCION DE RESERVORIO, LÍNEA DE CONDUCCIÓN, LÍNEA DE ADUCCIÓN Y CERCO PERIMÉTRICO EN EL(LA) LOCALIDAD DE CRUCERO  DISTRITO DE CRUCERO, PROVINCIA CARABAYA, DEPARTAMENTO PUNO",210306,210306,CRUCERO,CRUCERO,CARABAYA,CARABAYA,OFICIAL_ORIGINAL,True,False
2575531,AMPLIACION DEL SERVICIO DE AGUA POTABLE RURAL Y MEJORAMIENTO DEL SERVICIO DE ALCANTARILLADO U OTRAS FORMAS DE DISPOSICIÓN SANITARIA DE EXCRETAS EN CENTRO POBLADO DE CAPACC ORCCO   DISTRITO DE LIMBANI DE LA PROVINCIA DE SANDIA DEL DEPARTAMENTO DE PUNO,211203,211203,LIMBANI,LIMBANI,SANDIA,SANDIA,OFICIAL_ORIGINAL,True,False
2450320,"CREACION DEL SISTEMA DE AGUA POTABLE Y SANEAMIENTO BÁSICO RURAL DE LAS COMUNIDADES LARKAS, CHULLUMPI, KATA Y COMPARO DEL DISTRITO DE NICASIO - PROVINCIA DE LAMPA - DEPARTAMENTO DE PUNO",210704,210704,NICASIO,NICASIO,LAMPA,LAMPA,OFICIAL_ORIGINAL,True,False
2493117,"REPARACION DE CAPTACION DE AGUA , LÍNEA DE CONDUCCIÓN Y RESERVORIO EN EL(LA) SISTEMA DE AGUA POTABLE  DISTRITO DE SAN JUAN DEL ORO, PROVINCIA SANDIA, DEPARTAMENTO PUNO",211207,211207,SAN JUAN DEL ORO,SAN JUAN DEL ORO,SANDIA,SANDIA,OFICIAL_ORIGINAL,True,False
2392867,"ADQUISICIÓN DE ESTACIÓN DE BOMBEO CONSTRUCCIÓN DE CERCO REMODELACIÓN DE COMPUERTA DE REGULACIÓN DE FLUJO Y TUBERÍA EN EL(LA) MUNICIPALIDAD DISTRITAL DE TARACO EN LA LOCALIDAD TARACO, DISTRITO DE TARACO, PROVINCIA HUANCANE, DEPARTAMENTO PUNO",210607,210607,TARACO,TARACO,HUANCANE,HUANCANE,OFICIAL_ORIGINAL,True,False
2343462,"AMPLIACION Y MEJORAMIENTO DE LOS SERVICIOS DE AGUA POTABLE Y DISPOSICIÓN SANITARIA DE EXCRETAS EN LAS COMUNIDADES DE MACAYA PIRIPIRINI, CHIJTANI MARCAPATA, UNIÓN VILLA MERCEDES, ROSARIO HUANCARANI Y ALTO HUANCARANI, DISTRITO DE AZÁNGARO, PROVINCIA DE AZANGARO - PUNO",210201,210201,AZANGARO,AZANGARO,AZANGARO,AZANGARO,APROXIMADA_DISTRITO,True,False
2286575,"CREACION DEL SERVICIO DE AGUA POTABLE E INSTALACION DE LETRINAS SANITARIAS EN EL SECTOR HUANCUNI DE LA PARCIALIDAD ANICHO,  DISTRITO DE ILAVE - PROVINCIA DE EL COLLAO - DEPARTAMENTO DE PUNO",210501,210501,ILAVE,ILAVE,EL COLLAO,EL COLLAO,APROXIMADA_DISTRITO,True,False
2300861,"CREACION DEL SERVICIO DE AGUA POTABLE Y SANEAMIENTO BASICO INTEGRAL EN LAS COMUNIDADES CAMPESINAS DEL CENTRO POBLADO DE JACHOCCO HUARACCO  DEL DISTRITO DE ILAVE, PROVINCIA DE EL COLLAO - PUNO",210501,210501,ILAVE,ILAVE,EL COLLAO,EL COLLAO,APROXIMADA_LOCALIDAD,True,False
2445126,"ADQUISICION DE CÉLULAS FOTOVOLTAICAS EN EL(LA) CENTRO POBLADO DE ULLACACHI EN LA LOCALIDAD ULLACACHI, DISTRITO DE ILAVE, PROVINCIA EL COLLAO, DEPARTAMENTO PUNO",210501,210501,ILAVE,ILAVE,EL COLLAO,EL COLLAO,OFICIAL_ORIGINAL,True,False
2372079,MEJORAMIENTO Y AMPLIACION DEL SERVICIO DE AGUA POTABLE Y SANEAMIENTO RURAL EN LA COMUNIDAD DE TUANA DEL DISTRITO DE SANDIA - PROVINCIA DE SANDIA - DEPARTAMENTO DE PUNO,211201,211201,SANDIA,SANDIA,SANDIA,SANDIA,OFICIAL_ORIGINAL,True,False
2168908,"CONSTRUCCIÓN DEL SISTEMA DE AGUA POTABLE Y SANEAMIENTO BÁSICO DE LA LOCALIDAD DE TUNI REQUENA, DISTRITO DE PUCARA, PROVINCIA DE LAMPA, DEPARTAMENTO PUNO",210708,210708,PUCARA,PUCARA,LAMPA,LAMPA,APROXIMADA_DISTRITO,True,False
2189345,"MEJORAMIENTO Y AMPLIACION DE LOS SERVICIOS DE AGUA POTABLE Y DISPOSICION SANITARIA DE EXCRETAS DE LA COMUNIDAD CAMPESINA DE HUILASIPE, CENTRO POBLADO DE CRUCERO, DISTRITO DE ACORA,  PUNO - PUNO",210102,210102,ACORA,ACORA,PUNO,PUNO,APROXIMADA_DISTRITO,True,False
2189498,"MEJORAMIENTO Y AMPLIACIÓN DE LOS SERVICIOS DE AGUA POTABLE Y DISPOSICIÓN SANITARIA DE EXCRETAS DE LA COMUNIDAD CAMPESINA DE HUANTACACHI CHILA, C.P. COPAQUIRA, DISTRITO DE ACORA, PROVINCIA DE PUNO, DEPARTAMENTO DE PUNO",210102,210102,ACORA,ACORA,PUNO,PUNO,APROXIMADA_DISTRITO,True,False
2187528,"INSTALACION DE LOS SISTEMAS DE AGUA POTABLE Y DISPOSICION SANITARIA DE EXCRETAS DE LA COMUNIDAD CAMPESINA DE CAPARAYA, DISTRITO DE HUANCANE, HUANCANE - PUNO",210601,210601,HUANCANE,HUANCANE,HUANCANE,HUANCANE,APROXIMADA_DISTRITO,True,False
2302964,"MEJORAMIENTO Y AMPLIACION DEL SERVICIO DE AGUA POTABLE Y DISPOSICION SANITARIA DE EXCRETAS EN LA COMUNIDAD CAMPESINA DE TULACOLLO, DISTRITO DE KELLUYO, PROVINCIA DE CHUCUITO, DEPARTAMENTO DE PUNO",210404,210404,KELLUYO,KELLUYO,CHUCUITO,CHUCUITO,APROXIMADA_LOCALIDAD,True,False
2604273,MEJORAMIENTO Y AMPLIACION DEL SERVICIO DE AGUA POTABLE RURAL Y MEJORAMIENTO Y AMPLIACION DEL SERVICIO DE ALCANTARILLADO U OTRAS FORMAS DE DISPOSICIÓN SANITARIA DE EXCRETAS EN EL CENTRO POBLADO DE PAHAMAYA DEL   DISTRITO DE OLLARAYA DE LA PROVINCIA DE YUNGUYO DEL DEPARTAMENTO DE PUNO,211305,211305,OLLARAYA,OLLARAYA,YUNGUYO,YUNGUYO,OFICIAL_ORIGINAL,True,False
2618171,CREACION DEL SERVICIO DE AGUA POTABLE RURAL Y CREACION DEL SERVICIO DE ALCANTARILLADO U OTRAS FORMAS DE DISPOSICIÓN SANITARIA DE EXCRETAS EN LA PARCIALIDAD DE VAQUERIA DEL   DISTRITO DE ILAVE DE LA PROVINCIA DE EL COLLAO DEL DEPARTAMENTO DE PUNO,210501,210501,ILAVE,ILAVE,EL COLLAO,EL COLLAO,OFICIAL_ORIGINAL,True,False
2643248,CREACION DEL SERVICIO DE AGUA POTABLE RURAL EN LA COMUNIDAD ROSARIO SAACATA   DISTRITO DE SANTA ROSA DE LA PROVINCIA DE EL COLLAO DEL DEPARTAMENTO DE PUNO,210504,210504,SANTA ROSA,SANTA ROSA,EL COLLAO,EL COLLAO,OFICIAL_ORIGINAL,True,False
2636284,MEJORAMIENTO Y AMPLIACION  SERVICIO DE AGUA POTABLE RURAL Y MEJORAMIENTO Y AMPLIACION DEL SERVICIO DE ALCANTARILLADO U OTRAS FORMAS DE DISPOSICIÓN SANITARIA DE EXCRETAS EN EL CENTRO POBLADO DE HUACCOCHULLO JATUCACHI   DISTRITO DE PICHACANI DE LA PROVINCIA DE PUNO DEL DEPARTAMENTO DE PUNO,210111,210111,PICHACANI,PICHACANI,PUNO,PUNO,OFICIAL_ORIGINAL,True,False
2673654,"AMPLIACION DEL SERVICIO DE AGUA POTABLE RURAL Y AMPLIACION DEL SERVICIO DE ALCANTARILLADO U OTRAS FORMAS DE DISPOSICIÓN SANITARIA DE EXCRETAS EN LA PERIFERIA DE LA LOCALIDAD DE AYRAMPUNI,   DISTRITO DE PEDRO VILCA APAZA DE LA PROVINCIA DE SAN ANTONIO DE PUTINA DEL DEPARTAMENTO DE PUNO",211003,211003,PEDRO VILCA APAZA,PEDRO VILCA APAZA,SAN ANTONIO DE PUTINA,SAN ANTONIO DE PUTINA,OFICIAL_ORIGINAL,True,False
2679203,"RENOVACION DE RED PRIMARIA REPARACION DE RESERVORIO ADQUISICION DE EQUIPO DE BOMBEO EN EL(LA) SISTEMA DE AGUA POTABLE DE LA COMUNIDAD CAMPESINA ISLA SUANA  DISTRITO DE ANAPIA, PROVINCIA YUNGUYO, DEPARTAMENTO PUNO",211302,211302,ANAPIA,ANAPIA,YUNGUYO,YUNGUYO,OFICIAL_ORIGINAL,True,False
2713207,CREACION DEL SERVICIO DE AGUA POTABLE RURAL Y CREACION DEL SERVICIO DE ALCANTARILLADO U OTRAS FORMAS DE DISPOSICIÓN SANITARIA DE EXCRETAS EN LA COMUNIDAD PRIMER CHIMPA JILAHUATA (SECTOR 2)   DISTRITO DE AZANGARO DE LA PROVINCIA DE AZANGARO DEL DEPARTAMENTO DE PUNO,210201,210201,AZANGARO,AZANGARO,AZANGARO,AZANGARO,OFICIAL_ORIGINAL,True,False
2713206,CREACION DEL SERVICIO DE AGUA POTABLE RURAL Y CREACION DEL SERVICIO DE ALCANTARILLADO U OTRAS FORMAS DE DISPOSICIÓN SANITARIA DE EXCRETAS EN LA COMUNIDAD PRIMER CHIMPA JILAHUATA (SECTOR 1)   DISTRITO DE AZANGARO DE LA PROVINCIA DE AZANGARO DEL DEPARTAMENTO DE PUNO,210201,210201,AZANGARO,AZANGARO,AZANGARO,AZANGARO,OFICIAL_ORIGINAL,True,False
2590739,"RENOVACION DE SISTEMA DE BOMBEO EN EL(LA) SISTEMA DE AGUA POTABLE EN LA COMUNIDAD CAMPESINA DE ACCOPATA DEL  DISTRITO DE ASILLO, PROVINCIA AZANGARO, DEPARTAMENTO PUNO",210204,210204,ASILLO,ASILLO,AZANGARO,AZANGARO,OFICIAL_ORIGINAL,True,False
2225989,"MEJORAMIENTO Y AMPLIACION DEL SISTEMA DE AGUA POTABLE E INSTALACION DE LETRINAS EN COMUNIDAD CAMPESINA CCOÑAPATA, DISTRITO DE CUPI - MELGAR - PUNO",210803,210803,CUPI,CUPI,MELGAR,MELGAR,APROXIMADA_DISTRITO,True,False
2721180,"CREACION DEL SERVICIO DE AGUA POTABLE RURAL EN EL CENTRO POBLADO DE MUNI, DEL   DISTRITO DE PUSI DE LA PROVINCIA DE HUANCANE DEL DEPARTAMENTO DE PUNO",210605,210605,PUSI,PUSI,HUANCANE,HUANCANE,OFICIAL_ORIGINAL,True,False
2329841,"CREACION DEL SERVICIO DE AGUA POTABLE Y SANEAMIENTO RURAL EN LA COMUNIDAD CAMPESINA DE SAN MIGUEL DE QUILLISIRI, CHINGANI, Y LA PARCIALIDAD DE PRIMER LLAPACHURO DEL DISTRITO DE ILAVE, PROVINCIA DE EL COLLAO - PUNO",210501,210501,ILAVE,ILAVE,EL COLLAO,EL COLLAO,APROXIMADA_DISTRITO,True,False
2423451,"ADQUISICIÓN DE MEDIDOR DE CAUDAL EN EL(LA) EPS AGUAS DEL ALTIPLANO S.R.L.  DISTRITO DE AYAVIRI, PROVINCIA MELGAR, DEPARTAMENTO PUNO",210801,210801,AYAVIRI,AYAVIRI,MELGAR,MELGAR,OFICIAL_ORIGINAL,True,False
2248161,"INSTALACION DEL SISTEMA DE AGUA POTABLE Y SANEAMIENTO BASICO EN LAS COMUNIDADES DE TICOCA, BALSAPATA, CATUYO, CALUYO, SECTOR ISLAPAMPA, HUICHULLO Y SECTOR AÑAYPATA DEL C.P. BALSAPATA, DISTRITO DE ORURILLO, PROVINCIA DE MELGAR - PUNO",210807,210807,ORURILLO,ORURILLO,MELGAR,MELGAR,APROXIMADA_DISTRITO,True,False
2422709,"ADQUISICIÓN DE EQUIPOS DE BOMBEO A TRAVÉS DE LA LÍNEA DE FLUJO, KITS DE VÁLVULAS Y  EN EL(LA) SALA DE IMPULSIÓN N° 01 Y 02 DE LA PLANTA DE TRATAMIENTO DE AGUA POTABLE AYABACAS DE LA EPS SEDAJULIACA S.A. EN LA LOCALIDAD JULIACA, DISTRITO DE JULIACA, PROVINCIA SAN ROMAN, DEPARTAMENTO PUNO",211101,211101,JULIACA,JULIACA,SAN ROMAN,SAN ROMAN,OFICIAL_ORIGINAL,True,False
2255956,"MEJORAMIENTO Y AMPLIACIÓN DEL SERVICIO DE AGUA POTABLE E INSTALACIÓN DEL SERVICIO DE DISPOSICIÓN SANITARIA DE EXCRETAS DEL CENTRO POBLADO DE CENTRAL SORAPA, DISTRITO DE JULI, PROVINCIA DE CHUCUITOS- REGIÓN PUNO",210401,210401,JULI,JULI,CHUCUITO,CHUCUITO,APROXIMADA_DISTRITO,True,False
2284002,"MEJORAMIENTO Y AMPLIACION DE LOS SERVICIOS DE AGUA POTABLE Y SANEAMIENTO DEL CENTRO POBLADO DE CHALLHUAMAYO , DISTRITO DE SAN GABAN - CARABAYA - PUNO",210309,210309,SAN GABAN,SAN GABAN,CARABAYA,CARABAYA,APROXIMADA_DISTRITO,True,False
2302961,MEJORAMIENTO Y AMPLIACION DEL SERVICIO DE AGUA POTABLE Y CREACION DEL SERVICIO DE DISPOSICION SANITARIA DE EXCRETAS EN EL SECTOR DE CHALLACOLLO DE LA COMUNIDAD CAMPESINA SISIPA CHALLACOLLO - DISTRITO DE POMATA - PROVINCIA DE CHUCUITO - DEPARTAMENTO DE PUNO,210406,210406,POMATA,POMATA,CHUCUITO,CHUCUITO,APROXIMADA_DISTRITO,True,False
2617443,"MEJORAMIENTO Y AMPLIACION DEL SERVICIO DE AGUA POTABLE RURAL EN SANEAMIENTO BASICO EN LA LOCALIDAD DE KELLUYO Y LOS SECTORES DE JACHA QUELUYO, ISCACHACOCOLLO Y LIMACHI DE LA COMUNIDAD DE ALTO ARACACHI QUELUYO EN EL   DISTRITO DE KELLUYO DE LA PROVINCIA DE CHUCUITO DEL DEPARTAMENTO DE PUNO",210404,210404,KELLUYO,KELLUYO,CHUCUITO,CHUCUITO,OFICIAL_ORIGINAL,True,False
2604435,"CREACION DEL SERVICIO DE AGUA POTABLE RURAL Y CREACION DEL SERVICIO DE ALCANTARILLADO U OTRAS FORMAS DE DISPOSICIÓN SANITARIA DE EXCRETAS EN LAS LOCALIDADES DE PAJCHACUYO, MILLICUYO, CONDORIQUIÑA, MUNAYPA, CHULLOCOTA, CHIJURANI, TURPUTIA, PONGONI, HUANCASAYANI Y LLINQUIPATA, DISTRITO DE INCHUPALLA,   DISTRITO DE HUANCANE DE LA PROVINCIA DE HUANCANE DEL DEPARTAMENTO DE PUNO",210601,210601,HUANCANE,HUANCANE,HUANCANE,HUANCANE,OFICIAL_ORIGINAL,True,False
2644748,"CONSTRUCCION DE CERCO PERIMETRICO, SISTEMA DE BOMBEO Y LÍNEA DE IMPULSIÓN EN EL(LA) PLANTA DE TRATAMIENTO DE AGUAS RESIDUALES DE ALTO PUNO  DISTRITO DE PUNO, PROVINCIA PUNO, DEPARTAMENTO PUNO",210101,210101,PUNO,PUNO,PUNO,PUNO,OFICIAL_ORIGINAL,True,False
2706491,"RENOVACION DE CAMARA DE CONTROL, LINEA DE CONDUCCION Y RED DE DISTRIBUCION REPARACION DE RESERVORIO EN EL(LA) SISTEMA DE AGUA POTABLE DE LA LOCALIDAD DE VILCALLAME SECTOR CENTRAL,  DISTRITO DE JULI, PROVINCIA CHUCUITO, DEPARTAMENTO PUNO",210401,210401,JULI,JULI,CHUCUITO,CHUCUITO,OFICIAL_ORIGINAL,True,False
2704926,"CONSTRUCCION DE CAPTACION DE AGUA , ESTACION DE BOMBEO DE AGUA, LINEA DE IMPULSION Y RESERVORIO ADEMÁS DE OTROS ACTIVOS EN EL(LA) COMUNIDAD CAMPESINA DE CONCHACA DEL  DISTRITO DE ILAVE, PROVINCIA EL COLLAO, DEPARTAMENTO PUNO",210501,210501,ILAVE,ILAVE,EL COLLAO,EL COLLAO,OFICIAL_ORIGINAL,True,False
2697472,MEJORAMIENTO DEL SERVICIO DE ALCANTARILLADO Y MEJORAMIENTO DEL SERVICIO DE TRATAMIENTO DE AGUAS RESIDUALES PARA DISPOSICIÓN FINAL EN INFRAESTRUCTURA DE PTAR EN LA LOCALIDAD DE SANTIAGO DEPUPUJA   DISTRITO DE SANTIAGO DE PUPUJA DE LA PROVINCIA DE AZANGARO DEL DEPARTAMENTO DE PUNO,210214,210214,SANTIAGO DE PUPUJA,SANTIAGO DE PUPUJA,AZANGARO,AZANGARO,OFICIAL_ORIGINAL,True,False
2709381,"CONSTRUCCION DE RESERVORIO, LINEA DE IMPULSION Y RED DE DISTRIBUCION EN EL(LA) PARCIALIDAD ISLA QUIPATA  DISTRITO DE PLATERIA, PROVINCIA PUNO, DEPARTAMENTO PUNO",210112,210112,PLATERIA,PLATERIA,PUNO,PUNO,OFICIAL_ORIGINAL,True,False
2662261,CREACION DEL SERVICIO DE AGUA POTABLE RURAL Y CREACION DEL SERVICIO DE ALCANTARILLADO U OTRAS FORMAS DE DISPOSICIÓN SANITARIA DE EXCRETAS EN EL SECTOR ANANSAYA PUNA II DEL   DISTRITO DE NUÑOA DE LA PROVINCIA DE MELGAR DEL DEPARTAMENTO DE PUNO,210806,210806,NUÑOA,NUÑOA,MELGAR,MELGAR,OFICIAL_ORIGINAL,True,False
2663702,"CREACION DEL SERVICIO DE AGUA POTABLE RURAL Y CREACION DEL SERVICIO DE ALCANTARILLADO U OTRAS FORMAS DE DISPOSICIÓN SANITARIA DE EXCRETAS EN EL CENTRO POBLADO DE SAN PEDRO DE HUAYLLATA PARCIALIDAD DE ASQUICHA,   DISTRITO DE PILCUYO DE LA PROVINCIA DE EL COLLAO DEL DEPARTAMENTO DE PUNO",210503,210503,PILCUYO,PILCUYO,EL COLLAO,EL COLLAO,OFICIAL_ORIGINAL,True,False
2735423,"CONSTRUCCION DE SISTEMA DE ABASTECIMIENTO DE AGUA POTABLE Y RED DE ALCANTARILLADO EN EL(LA) BARRIO MIRAFLORES  DISTRITO DE TINICACHI, PROVINCIA YUNGUYO, DEPARTAMENTO PUNO",211306,211306,TINICACHI,TINICACHI,YUNGUYO,YUNGUYO,OFICIAL_ORIGINAL,True,False
2244926,"MEJORAMIENTO DEL SERVICIO DE AGUA POTABLE Y DISPOSICION SANITARIA DE EXCRETAS EN LOS SECTORES DE CENTRAL LLAQTA, CHOJELA, KANCOLLANI, ALTO LLAQTA Y CERRO PORTEÑO, DISTRITO DE CAPACHICA - PUNO - PUNO",210105,210105,CAPACHICA,CAPACHICA,PUNO,PUNO,APROXIMADA_DISTRITO,True,False
2330331,"MEJORAMIENTO Y AMPLIACION DE LOS SISTEMAS DE AGUA POTABLE Y SANEAMIENTO BASICO EN LAS COMUNIDADES CAMPESINAS DE AGUAY MILAGRO Y RINCONADA, DISTRITO DE CHUPA - AZANGARO - PUNO",210206,210206,CHUPA,CHUPA,AZANGARO,AZANGARO,APROXIMADA_DISTRITO,True,False
2182598,"MEJORAMIENTO DEL SISTEMA DE SANEAMIENTO INTEGRAL EN LOS CP ALTOS HUAYRAPATA, CC MULLUCHINI, CRUZPATA, CHUYMACOLLO, JALLIRI, KIMSA LACCAYA, POMAOCA Y TOTORANI, DISTRITO DE HUAYRAPATA - MOHO - PUNO",210903,210903,HUAYRAPATA,HUAYRAPATA,MOHO,MOHO,APROXIMADA_DISTRITO,True,False
2275165,"INSTALACION DEL SISTEMA DE AGUA POTABLE Y UNIDADES BASICAS DE SANEAMIENTO  EN CHILA, OCCOMANI Y CAYRANI HUAYLLANI , DISTRITO DE TIQUILLACA - PUNO - PUNO",210114,210114,TIQUILLACA,TIQUILLACA,PUNO,PUNO,APROXIMADA_DISTRITO,True,False
2291955,"MEJORAMIENTO Y AMPLIACION INTEGRAL DEL SERVICIO DE AGUA POTABLE, ALCANTARILLADO Y TRATAMIENTO DE AGUAS RESIDUALES EN EL PUEBLO DE MUÑANI, DISTRITO DE MUNANI - AZANGARO - PUNO",210208,210208,MUÑANI,MUÑANI,AZANGARO,AZANGARO,APROXIMADA_DISTRITO,True,False
2295143,"INSTALACION DEL SISTEMA DE AGUA POTABLE Y LETRINAS SANITARIAS CON ARRASTRE HIDRAULICO Y BIODIGESTOR EN LA COMUNIDAD DE CAYARANI, DISTRITO DE ORURILLO - MELGAR - PUNO",210807,210807,ORURILLO,ORURILLO,MELGAR,MELGAR,APROXIMADA_LOCALIDAD,True,False
2433475,MEJORAMIENTO DEL SERVICIO HIGIÉNICO DE LA GOBERNACIÓN DE ROSASPATA DEL DISTRITO DE ROSASPATA - PROVINCIA DE HUANCANE - DEPARTAMENTO DE PUNO,210606,210606,ROSASPATA,ROSASPATA,HUANCANE,HUANCANE,OFICIAL_ORIGINAL,True,False
2535577,"CONSTRUCCION DE SISTEMA DE BOMBEO EN EL(LA) SERVICIO DE ABASTECIMIENTO DE AGUA MEDIANTE SISTEMA DE BOMBEO FOTOVOLTAICO EN LA LOCALIDAD CCORPA, DISTRITO DE PUSI, PROVINCIA HUANCANE, DEPARTAMENTO PUNO",210605,210605,PUSI,PUSI,HUANCANE,HUANCANE,OFICIAL_ORIGINAL,True,False
2571063,"CREACION DE LOS SERVICIOS DE AGUA POTABLE, ALCANTARILLADO SANITARIO Y TRATAMIENTO DE AGUAS RESIDUALES PARA DISPOSICIÓN FINAL EN EL CASERIO SAN FERMIN DEL  DISTRITO DE SAN PEDRO DE PUTINA PUNCO - PROVINCIA DE SANDIA - DEPARTAMENTO DE PUNO",211210,211210,SAN PEDRO DE PUTINA PUNCO,SAN PEDRO DE PUTINA PUNCO,SANDIA,SANDIA,OFICIAL_ORIGINAL,True,False
2332880,"CREACION DEL SISTEMA DE AGUA POTABLE EN LA PARCIALIDAD DE YAPUPALLCAPAMPA DEL CENTRO POBLADO DE TITIHUE, DISTRITO DE HUANCANE, PROVINCIA DE HUANCANE - PUNO",210601,210601,HUANCANE,HUANCANE,HUANCANE,HUANCANE,APROXIMADA_DISTRITO,True,False
2145688,"CONSTRUCCION DEL SISTEMA DE AGUA POTABLE Y SANEAMIENTO BASICO DE LA LOCALIDAD DE TUPALA, DISTRITO DE CAPASO, PROVINCIA DE EL COLLAO, DEPARTAMENTO DE PUNO.",210502,210502,CAPAZO,CAPAZO,EL COLLAO,EL COLLAO,APROXIMADA_LOCALIDAD,True,False
2186026,"INSTALACION DEL SERVICIO DE AGUA POTABLE Y DISPOSICION SANITARIA DE EXCRETAS EN LA COMUNIDAD CAMPESINA ARACACHI JAHUERJA, DISTRITO KELLUYO - CHUCUITO - PUNO",210404,210404,KELLUYO,KELLUYO,CHUCUITO,CHUCUITO,APROXIMADA_DISTRITO,True,False
2189495,"MEJORAMIENTO Y AMPLIACION DEL SERVICIO DE AGUA POTABLE Y DISPOSICION SANITARIA DE EXCRETAS EN LOS SECTORES FARIPIÑA, VILACAYA, PUCARA Y CAUSILLUMA DE LA COMUNIDAD CAMPESINA HUACASUMA, DISTRITO HUACULLANI - CHUCUITO - PUNO",210403,210403,HUACULLANI,HUACULLANI,CHUCUITO,CHUCUITO,APROXIMADA_DISTRITO,True,False
2645092,"ADQUISICION DE BOMBA DE AGUA EN EL(LA) SECTOR SALLALLIN EN EL CENTRO POBLADO HILATA, DISTRITO DE CAPACHICA, PROVINCIA PUNO, DEPARTAMENTO PUNO",210105,210105,CAPACHICA,CAPACHICA,PUNO,PUNO,OFICIAL_ORIGINAL,True,False
2657058,CREACION DEL SERVICIO DE AGUA POTABLE RURAL Y CREACION DEL SERVICIO DE ALCANTARILLADO U OTRAS FORMAS DE DISPOSICIÓN SANITARIA DE EXCRETAS EN LA C.C. UMASUYO ALTO   DISTRITO DE AYAVIRI DE LA PROVINCIA DE MELGAR DEL DEPARTAMENTO DE PUNO,210801,210801,AYAVIRI,AYAVIRI,MELGAR,MELGAR,OFICIAL_ORIGINAL,True,False
2627182,MEJORAMIENTO Y AMPLIACION DEL SERVICIO DE DRENAJE PLUVIAL EN LA LOCALIDAD DE MACUSANI DEL   DISTRITO DE MACUSANI DE LA PROVINCIA DE CARABAYA DEL DEPARTAMENTO DE PUNO,210301,210301,MACUSANI,MACUSANI,CARABAYA,CARABAYA,OFICIAL_ORIGINAL,True,False
2641815,"REPARACION DE SISTEMA DE ABASTECIMIENTO DE AGUA POTABLE EN EL(LA) SECTOR CURANCURANI DE LA COMUNIDAD DE PERCA DEL  DISTRITO DE KELLUYO, PROVINCIA CHUCUITO, DEPARTAMENTO PUNO",210404,210404,KELLUYO,KELLUYO,CHUCUITO,CHUCUITO,OFICIAL_ORIGINAL,True,False
2708532,"RENOVACION DE ALCANTARILLADO PLUVIAL EN EL(LA) LOCALIDAD DE PLATERIA (PUNTOS CRITICOS) Y DOS EN LA COMUNIDAD DE PALLALLA Y COMUNIDAD POTOJANI CHICO DISTRITO DE PLATERIA, PROVINCIA PUNO, DEPARTAMENTO PUNO",210112,210112,PLATERIA,PLATERIA,PUNO,PUNO,OFICIAL_ORIGINAL,True,False
2702682,"REPARACION DE SISTEMA DE ABASTECIMIENTO DE AGUA POTABLE Y CONEXION DOMICILIARIA DE ALCANTARILLADO EN EL(LA) BARRIO BELLAVISTA  DISTRITO DE OLLACHEA, PROVINCIA CARABAYA, DEPARTAMENTO PUNO",210308,210308,OLLACHEA,OLLACHEA,CARABAYA,CARABAYA,OFICIAL_ORIGINAL,True,False
2695013,"CONSTRUCCION DE CAPTACION DE AGUA  EN EL(LA) SISTEMA DE AGUA POTABLE Y LA CONSTRUCCION DE ESTACION DE BOMBEO Y LINEA DE IMPULSION EN EL CENTRO POBLADO CHICA BOTIJA, DISTRITO DE PLATERIA, PROVINCIA PUNO, DEPARTAMENTO PUNO",210112,210102,PLATERIA,ACORA,PUNO,PUNO,OFICIAL_ORIGINAL,False,False
2694698,MEJORAMIENTO DEL SERVICIO DE AGUA POTABLE RURAL Y MEJORAMIENTO Y AMPLIACION DEL SERVICIO DE ALCANTARILLADO U OTRAS FORMAS DE DISPOSICIÓN SANITARIA DE EXCRETAS EN EL SISTEMA AGUA  POTABLE Y SISTEMA DE ALCANTARILLADO EN LA COMUNIDAD CAMPESINA DE HUARACHANI   DISTRITO DE COASA DE LA PROVINCIA DE CARABAYA DEL DEPARTAMENTO DE PUNO,210304,210304,COASA,COASA,CARABAYA,CARABAYA,OFICIAL_ORIGINAL,True,False
2724038,"ADQUISICION DE SISTEMA DE BOMBEO EN EL(LA) COMUNIDAD DE COLLANA  DISTRITO DE DESAGUADERO, PROVINCIA CHUCUITO, DEPARTAMENTO PUNO",210402,210402,DESAGUADERO,DESAGUADERO,CHUCUITO,CHUCUITO,OFICIAL_ORIGINAL,True,False
2568570,"RENOVACION DE SISTEMA DE BOMBEO EN UN  (A) CAPTACION  DE AGUA  EN EL LUGAR DENOMINADO TOCCOSI DE LA COMUNIDAD DE SANCAYUNI, DISTRITO DE AMANTANI, PROVINCIA PUNO, DEPARTAMENTO PUNO",210103,210103,AMANTANI,AMANTANI,PUNO,PUNO,OFICIAL_ORIGINAL,True,False
2712033,"CREACION DEL SERVICIO DE AGUA POTABLE RURAL Y CREACION DEL SERVICIO DE ALCANTARILLADO U OTRAS FORMAS DE DISPOSICIÓN SANITARIA DE EXCRETAS EN LOS SECTORES DE SAN MIGUEL, SACANATA Y MARTINA URO DEL   DISTRITO DE TARACO DE LA PROVINCIA DE HUANCANE DEL DEPARTAMENTO DE PUNO",210607,210607,TARACO,TARACO,HUANCANE,HUANCANE,OFICIAL_ORIGINAL,True,False
2147702,"INSTALACION DEL SISTEMA DE AGUA POTABLE Y LETRINAS EN LA COMUNIDAD DE YANICO CUTURI, DISTRITO DE ARAPA - AZANGARO - PUNO",210203,210203,ARAPA,ARAPA,AZANGARO,AZANGARO,APROXIMADA_DISTRITO,True,False
2317160,"MEJORAMIENTO Y AMPLIACIÓN DEL SERVICIO DE AGUA POTABLE Y SANEAMIENTO RURAL EN EL SECTOR QUITA DE LA COMUNIDAD DE HUATAQUITA, DISTRITO DE CABANILLAS - SAN ROMAN - PUNO",211103,211103,CABANILLAS,CABANILLAS,SAN ROMAN,SAN ROMAN,APROXIMADA_DISTRITO,True,False
2225744,"MEJORAMIENTO Y AMPLIACION DE  SISTEMA DE ABASTECIMIENTO DE AGUA POTABLE Y TRATAMIENTO DE EXCRETAS EN LA COMUNIDAD  CAMPESINA DE HUANCASAYANI, DISTRITO DE CUYOCUYO - SANDIA - PUNO",211202,211202,CUYOCUYO,CUYOCUYO,SANDIA,SANDIA,APROXIMADA_DISTRITO,True,False
2468486,CREACION DEL SERVICIO DE AGUA POTABLE Y DISPOSICIÓN SANITARIA DE EXCRETAS EN EL CIRCUITO DE ISLAS FLOTANTES ISLA CAPPI LOS UROS DEL DISTRITO DE HUATA - PROVINCIA DE PUNO - DEPARTAMENTO DE PUNO,210108,,HUATA,,PUNO,,OFICIAL_ORIGINAL,False,False
2277060,"MEJORAMIENTO Y AMPLIACIÓN DEL SERVICIO DE SANEAMIENTO BÁSICO INTEGRAL EN LA COMUNIDAD CAMPESINA DE CCATUYO CONDORIRI, DISTRITO DE SAN ANTON - AZANGARO - PUNO",210211,210211,SAN ANTON,SAN ANTON,AZANGARO,AZANGARO,APROXIMADA_DISTRITO,True,False
2276287,"INSTALACION DEL SISTEMA DE SERVICIOS DE AGUA POTABLE Y LETRINAS SANITARIAS CON ARRASTRE HIDRAULICO Y BIODIGESTOR EN EL SECTOR HUAMACUNCA, DISTRITO DE SANTA ROSA - MELGAR - PUNO",210808,210808,SANTA ROSA,SANTA ROSA,MELGAR,MELGAR,APROXIMADA_LOCALIDAD,True,False
2444510,"MEJORAMIENTO DEL SERVICIO DE DRENAJE PLUVIAL EN LOS BARRIOS DE MIRAFLORES, SAN MARTÍN DE PORRES, SAN SEBASTIÁN Y PANAMERICANA NORTE DE LA LOCALIDAD DE ZEPITA DEL DISTRITO DE ZEPITA - PROVINCIA DE CHUCUITO - DEPARTAMENTO DE PUNO",210407,210407,ZEPITA,ZEPITA,CHUCUITO,CHUCUITO,OFICIAL_ORIGINAL,True,False
2570617,CREACION DE LOS SERVICIOS DE AGUA POTABLE Y SANEAMIENTO EN LAS PARCIALIDADES DE COLLPAPATA (GONZA PATA) Y LURATAHUYO DEL DISTRITO DE VILQUE CHICO - PROVINCIA DE HUANCANE - DEPARTAMENTO DE PUNO,210608,210608,VILQUE CHICO,VILQUE CHICO,HUANCANE,HUANCANE,OFICIAL_ORIGINAL,True,False
2195473,"MEJORAMIENTO Y AMPLIACION DEL SISTEMA DE AGUA POTABLE Y SANEAMIENTO DEL CENTRO POBLADO QUELLAHUYO POMAOCA, DISTRITO DE MOHO, PROVINCIA DE MOHO - PUNO",210901,210901,MOHO,MOHO,MOHO,MOHO,APROXIMADA_LOCALIDAD,True,False
2505661,CREACION DE LOS SERVICIOS DE AGUA POTABLE Y DISPOSICIÓN SANITARIA DE EXCRETAS EN LA PARCIALIDAD DE PARU JOJORIA DEL DISTRITO DE MOHO - PROVINCIA DE MOHO - DEPARTAMENTO DE PUNO,210901,210901,MOHO,MOHO,MOHO,MOHO,OFICIAL_ORIGINAL,True,False
2331661,AMPLIACION Y MEJORAMIENTO DE LOS SERVICIOS DE AGUA POTABLE Y ALCANTARILLADO DE LA CIUDAD DE JULIACA - PUNO,211101,211101,JULIACA,JULIACA,SAN ROMAN,SAN ROMAN,APROXIMADA_DISTRITO,True,False
2192849,"INSTALACION DEL SERVICIO DE SANEAMIENTO BASICO INTEGRAL EN EL SECTOR KARIPATA DE LA COMUNIDAD CAMPESINA DE LIZACIA, DISTRITO DE CABANILLA - LAMPA - PUNO",210702,210702,CABANILLA,CABANILLA,LAMPA,LAMPA,APROXIMADA_DISTRITO,True,False
2134541,"CONSTRUCCION DEL SISTEMA DE AGUA POTABLE Y LETRINAS EN LA COMUNIDAD CAMPESINA DE HUENQUEA, DISTRITO DE CHUPA - AZANGARO - PUNO",210206,210206,CHUPA,CHUPA,AZANGARO,AZANGARO,APROXIMADA_DISTRITO,True,False
2236933,"INSTALACION DE SERVICIO DE AGUA POTABLE Y LETRINAS SANITARIAS COMUNIDAD CRUCERO, DISTRITO DE CRUCERO - CARABAYA - PUNO",210306,210306,CRUCERO,CRUCERO,CARABAYA,CARABAYA,APROXIMADA_LOCALIDAD,True,False
2303193,"CREACION DEL SERVICIO AGUA POTABLE Y SANEAMIENTO EN LOS SECTORES DE CHILLIHUA, COMBO, MARIANO MELGAR, CANGALLI PICHACANI, ALIANZA Y ANTACALLA, DISTRITO DE NUNOA - MELGAR - PUNO",210806,210806,NUÑOA,NUÑOA,MELGAR,MELGAR,APROXIMADA_DISTRITO,True,False
2240633,"INSTALACION Y MEJORAMIENTO DEL SERVICIO DE AGUA POTABLE Y SANEAMIENTO BASICO EN 11 LOCALIDADES DE LAS COMUNIDADES DE CRUZANI, LLANQUERI Y CACHIPASCANA, DISTRITO DE SAN ANTONIO - PUNO - PUNO",210113,210113,SAN ANTONIO,SAN ANTONIO,PUNO,PUNO,APROXIMADA_DISTRITO,True,False
2587120,CREACION DEL SERVICIO DE AGUA POTABLE RURAL Y CREACION DEL SERVICIO DE ALCANTARILLADO U OTRAS FORMAS DE DISPOSICIÓN SANITARIA DE EXCRETAS EN SECTOR DE TANTAMAYO DEL CENTRO POBLADO DE LECHEMAYO DEL   DISTRITO DE SAN GABAN DE LA PROVINCIA DE CARABAYA DEL DEPARTAMENTO DE PUNO,210309,210303,SAN GABAN,AYAPATA,CARABAYA,CARABAYA,OFICIAL_ORIGINAL,False,False
2568734,CREACION DE LOS SERVICIOS DE AGUA POTABLE Y DISPOSICIÓN SANITARIA DE EXCRETAS DE LOS SISTEMAS DE AGUA POTABLE Y DISPOSICIÓN DE EXCRETAS EN EL CENTRO POBLADO DE VILCA CHILE DEL DISTRITO DE ILAVE - PROVINCIA DE EL COLLAO - DEPARTAMENTO DE PUNO,210501,210501,ILAVE,ILAVE,EL COLLAO,EL COLLAO,OFICIAL_ORIGINAL,True,False
2593967,MEJORAMIENTO Y AMPLIACION DEL SERVICIO DE AGUA POTABLE URBANO Y AMPLIACION DEL SERVICIO DE ALCANTARILLADO EN LA ZONA NOROESTE DE LA CIUDAD DE LAMPA   DISTRITO DE LAMPA DE LA PROVINCIA DE LAMPA DEL DEPARTAMENTO DE PUNO,210701,210701,LAMPA,LAMPA,LAMPA,LAMPA,OFICIAL_ORIGINAL,True,False
2422740,"ADQUISICIÓN DE MEDIDORES DE AGUA EN EL(LA) PARQUE DE MEDIDORES DE LA EPS SEDAJULIACA S.A. EN LA LOCALIDAD JULIACA, DISTRITO DE JULIACA, PROVINCIA SAN ROMAN, DEPARTAMENTO PUNO",211101,211101,JULIACA,JULIACA,SAN ROMAN,SAN ROMAN,OFICIAL_ORIGINAL,True,False
2236156,CREACION DEL SERVICIO DE AGUA POTABLE Y SANEAMIENTO RURAL EN LA COMUNIDAD CAMPESINA DE JICHUYO PAMAYA DEL DISTRITO DE PUNO - PROVINCIA DE PUNO - DEPARTAMENTO DE PUNO,210101,210101,PUNO,PUNO,PUNO,PUNO,APROXIMADA_DISTRITO,True,False
2279322,"CREACION DEL SERVICIO DE AGUA POTABLE Y ALCANTARILLADO EN LA URBANIZACIÓN ROSARIO COÑIRI DEL CENTRO POBLADO JAYLLIHUAYA DEL DISTRITO DE PUNO, PROVINCIA DE PUNO - PUNO",210101,210101,PUNO,PUNO,PUNO,PUNO,APROXIMADA_LOCALIDAD,True,False
2236439,MEJORAMIENTO Y AMPLIACION DE LOS SISTEMAS DE ALCANTARILLADO Y TRATAMIENTO DE AGUAS SERVIDAS DE LA LOCALIDAD DE SANTA LUCÍA - SANTA LUCÍA - LAMPA - PUNO,210709,210709,SANTA LUCIA,SANTA LUCIA,LAMPA,LAMPA,APROXIMADA_DISTRITO,True,False
2189483,"MEJORAMIENTO Y AMPLIACION DEL SERVICIO DE AGUA POTABLE Y DISPOSICION SANITARIA DE EXCRETAS EN LA COMUNIDAD CAMPESINA QUILCA, DISTRITO DE ZEPITA - CHUCUITO - PUNO",210407,210407,ZEPITA,ZEPITA,CHUCUITO,CHUCUITO,APROXIMADA_DISTRITO,True,False
2600724,"CREACION DEL SERVICIO DE AGUA POTABLE RURAL Y CREACION DEL SERVICIO DE ALCANTARILLADO U OTRAS FORMAS DE DISPOSICIÓN SANITARIA DE EXCRETAS EN LAS LOCALIDADES MOLINO, SAN CARLOS Y CCOMITIRI DEL   DISTRITO DE ACORA DE LA PROVINCIA DE PUNO DEL DEPARTAMENTO DE PUNO",210102,210102,ACORA,ACORA,PUNO,PUNO,OFICIAL_ORIGINAL,True,False
2703906,"RENOVACION DE SISTEMA DE ABASTECIMIENTO DE AGUA POTABLE EN EL(LA) SECTOR COLLORANI  DISTRITO DE HUAYRAPATA, PROVINCIA MOHO, DEPARTAMENTO PUNO",210903,210903,HUAYRAPATA,HUAYRAPATA,MOHO,MOHO,OFICIAL_ORIGINAL,True,False
2674185,"CONSTRUCCION DE POZO EN EL(LA) CAPTACIÓN DE AGUA SUBTERRÁNEA PARA EL SERVICIO DE PROVISIÓN DE AGUA EN LA COMUNIDAD DE SAN JUAN DE ARACACHI DISTRITO DE KELLUYO, PROVINCIA CHUCUITO, DEPARTAMENTO PUNO",210404,210404,KELLUYO,KELLUYO,CHUCUITO,CHUCUITO,OFICIAL_ORIGINAL,True,False
2684691,"CONSTRUCCION DE SISTEMA DE ABASTECIMIENTO DE AGUA POTABLE Y RED DE ALCANTARILLADO EN CUATRO SISTEMA DE AGUA POTABLE, SISTEMA DE ALCANTARILLADO  DISTRITO DE PUNO, PROVINCIA PUNO, DEPARTAMENTO PUNO",210101,210101,PUNO,PUNO,PUNO,PUNO,OFICIAL_ORIGINAL,True,False
2659125,MEJORAMIENTO DEL SERVICIO DE AGUA POTABLE RURAL Y CREACION DEL SERVICIO DE ALCANTARILLADO U OTRAS FORMAS DE DISPOSICIÓN SANITARIA DE EXCRETAS EN EL CENTRO POBLADO DE CHIMPA CHOQUESANI DEL   DISTRITO DE SAN ANTON DE LA PROVINCIA DE AZANGARO DEL DEPARTAMENTO DE PUNO,210211,210211,SAN ANTON,SAN ANTON,AZANGARO,AZANGARO,OFICIAL_ORIGINAL,True,False
2733262,CREACION DEL SERVICIO DE ALCANTARILLADO U OTRAS FORMAS DE DISPOSICIÓN SANITARIA DE EXCRETAS EN CASAHUIRI   DISTRITO DE SAN GABAN DE LA PROVINCIA DE CARABAYA DEL DEPARTAMENTO DE PUNO,210309,210309,SAN GABAN,SAN GABAN,CARABAYA,CARABAYA,OFICIAL_ORIGINAL,True,False
2734123,"RENOVACION DE ESTACION DE BOMBEO DE AGUA EN EL(LA) EN EL SISTEMA DE AGUA POTABLE RURAL DE LA COMUNIDAD CAMPESINA DE PUCARA VIZCACHANI DEL  DISTRITO DE CARACOTO, PROVINCIA SAN ROMAN, DEPARTAMENTO PUNO",211104,211104,CARACOTO,CARACOTO,SAN ROMAN,SAN ROMAN,OFICIAL_ORIGINAL,True,False
2730403,"RENOVACION DE RED DE ALCANTARILLADO EN EL(LA) SISTEMA DE ALCANTARILLADO DE LA LOCALIDAD DE PUCARA  DISTRITO DE PUCARA, PROVINCIA LAMPA, DEPARTAMENTO PUNO",210708,210708,PUCARA,PUCARA,LAMPA,LAMPA,OFICIAL_ORIGINAL,True,False
2724775,"RENOVACION DE SISTEMA DE ABASTECIMIENTO DE AGUA POTABLE EN EL(LA) PARCIALIDAD DE CHILLICUYO, TUMANTA, JORATA, QUISHUARANI, JINCHUYO Y CATAHUI CHINQUILLAYA Y COMUNIDADES DE PAMPA AMARU, ANTACAHUA DISTRITO DE HUANCANE, PROVINCIA HUANCANE, DEPARTAMENTO PUNO",210601,210601,HUANCANE,HUANCANE,HUANCANE,HUANCANE,OFICIAL_ORIGINAL,True,False
2416862,CREACION DEL SISTEMA  DE  AGUA POTABLE Y SANEAMIENTO EN LA COMUNIDAD CAMPESINA DE CHUANI SAN ANTONIO Y PARCELEROS RUMI CUNCA DEL DISTRITO DE ASILLO - PROVINCIA DE AZANGARO - DEPARTAMENTO DE PUNO,210204,210204,ASILLO,ASILLO,AZANGARO,AZANGARO,OFICIAL_ORIGINAL,True,False
2721194,"CONSTRUCCION DE LINEA DE ADUCCION Y RED DE DISTRIBUCION EN EL(LA) EN EL SISTEMA DE SANEAMIENTO RURAL COLLANA DEL  DISTRITO DE CABANILLA, PROVINCIA LAMPA, DEPARTAMENTO PUNO",210702,210702,CABANILLA,CABANILLA,LAMPA,LAMPA,OFICIAL_ORIGINAL,True,False
2325159,"MEJORAMIENTO DEL SERVICIO DE AGUA POTABLE Y SANEAMIENTO RURAL EN LA COMUNIDAD DE POTOJANI CHICO, DISTRITO DE PLATERIA - PUNO - PUNO",210112,210112,PLATERIA,PLATERIA,PUNO,PUNO,APROXIMADA_DISTRITO,True,False
2290908,"MEJORAMIENTO Y AMPLIACION DEL SERVICIO DE AGUA POTABLE Y SANEAMIENTO BASICO EN LA COMUNIDAD DE COMBUCO, DISTRITO DE QUILCAPUNCU - SAN ANTONIO DE PUTINA - PUNO",211004,211004,QUILCAPUNCU,QUILCAPUNCU,SAN ANTONIO DE PUTINA,SAN ANTONIO DE PUTINA,APROXIMADA_LOCALIDAD,True,False
2220489,"INSTALACION DE SISTEMA DE SANEAMIENTO BASICO INTEGRAL EN LA COMUNIDAD SAN CARLOS MARCAKOLLU DEL DISTRITO DE ILAVE, PROVINCIA DE EL COLLAO - PUNO",210501,210501,ILAVE,ILAVE,EL COLLAO,EL COLLAO,APROXIMADA_DISTRITO,True,False
2466320,MEJORAMIENTO DEL SERVICIO DE AGUA POTABLE Y SANEAMIENTO EN EL SECTOR TUTACANI DE LA COMUNIDAD DE TUTACANI SANTA LUCIA DEL DISTRITO DE JULI - PROVINCIA DE CHUCUITO - DEPARTAMENTO DE PUNO,210401,210401,JULI,JULI,CHUCUITO,CHUCUITO,OFICIAL_ORIGINAL,True,False
2239707,"MEJORAMIENTO Y AMPLIACION DEL SISTEMA DE AGUA POTABLE E INSTALACION DE LETRINAS SANITARIAS EN LA PARCIALIDAD DE MALLCUSUCA CENTRAL, DISTRITO DE MOHO, PROVINCIA DE MOHO - PUNO",210901,210901,MOHO,MOHO,MOHO,MOHO,APROXIMADA_LOCALIDAD,True,False
2464988,"MEJORAMIENTO Y AMPLIACION DEL SISTEMA DE AGUA POTABLE Y SANEAMIENTO EN LAS LOCALIDADES DE LLAMANI, ARAPA, MORORIA CENTRAL, CAQUENE, HUAYLLABAMBA, PAJCHA, SAJHUATA, CHURINGA HUANCALUQUE Y YUCAYUCANI DE 9 LOCALIDADES DEL DISTRITO DE SANDIA - PROVINCIA DE SANDIA - DEPARTAMENTO DE PUNO",211201,211201,SANDIA,SANDIA,SANDIA,SANDIA,OFICIAL_ORIGINAL,True,False
2422746,"ADQUISICIÓN DE KITS DE VÁLVULAS REPARACIÓN DE BUZONES CONSTRUCCIÓN DE BUZONES EN EL(LA) SISTEMA DE SANEAMIENTO URBANO (POR PROCESO DE INTEGRACION DEL DISTRITO DE CARACOTO A LA EPS SEDAJULIACA S.A.) EN LA LOCALIDAD CARACOTO, DISTRITO DE CARACOTO, PROVINCIA SAN ROMAN, DEPARTAMENTO PUNO",211104,211104,CARACOTO,CARACOTO,SAN ROMAN,SAN ROMAN,OFICIAL_ORIGINAL,True,False
2485925,"CREACION SERVICIO DE SANEAMIENTO BASICO RURAL Y  MEJORAMIENTO DE SERVICIO DE AGUA POTABLE EN CENTRO POBLADO VILLA POCCONA,  DISTRITO DE YUNGUYO - PROVINCIA DE YUNGUYO - DEPARTAMENTO DE PUNO",211301,211301,YUNGUYO,YUNGUYO,YUNGUYO,YUNGUYO,OFICIAL_ORIGINAL,True,False
2168904,"CONSTRUCCIÓN DEL SISTEMA DE AGUA POTABLE Y SANEAMIENTO BÁSICO DE LA LOCALIDAD DE SANTA ROSA DE HUAYRAPATA, DISTRITO INCHUPALLA, PROVINCIA HUANCANÉ, DEPARTAMENTO DE PUNO",210604,210604,INCHUPALLA,INCHUPALLA,HUANCANE,HUANCANE,APROXIMADA_DISTRITO,True,False
2202942,"INSTALACION DEL SERVICIO DE AGUA POTABLE Y DISPOSICION SANITARIA DE EXCRETAS DEL CENTRO POBLADO DE ROSASANI , DISTRITO DE PALCA - LAMPA - PUNO",210706,210706,PALCA,PALCA,LAMPA,LAMPA,APROXIMADA_DISTRITO,True,False
2608997,MEJORAMIENTO Y AMPLIACION DEL SERVICIO DE AGUA POTABLE RURAL Y MEJORAMIENTO DEL SERVICIO DE ALCANTARILLADO U OTRAS FORMAS DE DISPOSICIÓN SANITARIA DE EXCRETAS EN LA COMUNIDAD DE LUPACA DEL   DISTRITO DE DESAGUADERO DE LA PROVINCIA DE CHUCUITO DEL DEPARTAMENTO DE PUNO,210402,210402,DESAGUADERO,DESAGUADERO,CHUCUITO,CHUCUITO,OFICIAL_ORIGINAL,True,False
2618659,"CREACION DEL SERVICIO DE AGUA POTABLE RURAL Y CREACION DEL SERVICIO DE ALCANTARILLADO U OTRAS FORMAS DE DISPOSICIÓN SANITARIA DE EXCRETAS EN EL C.P. CONDORCUYO FILLEQUERI,   DISTRITO DE SAN JOSE DE LA PROVINCIA DE AZANGARO DEL DEPARTAMENTO DE PUNO",210212,210212,SAN JOSE,SAN JOSE,AZANGARO,AZANGARO,OFICIAL_ORIGINAL,True,False
2609793,MEJORAMIENTO Y AMPLIACION DEL SERVICIO DE AGUA POTABLE RURAL Y MEJORAMIENTO Y AMPLIACION DEL SERVICIO DE ALCANTARILLADO U OTRAS FORMAS DE DISPOSICIÓN SANITARIA DE EXCRETAS EN EL CENTRO POBLADO DE MOHOCACHI DEL   DISTRITO DE OLLARAYA DE LA PROVINCIA DE YUNGUYO DEL DEPARTAMENTO DE PUNO,211305,211305,OLLARAYA,OLLARAYA,YUNGUYO,YUNGUYO,OFICIAL_ORIGINAL,True,False
2698330,"RENOVACION DE RED DE DISTRIBUCION EN EL(LA) EN SISTEMA DE AGUA POTABLE DEL CENTRO POBLADO DE UNION SORATIRA DEL  DISTRITO DE SAN ANTON, PROVINCIA AZANGARO, DEPARTAMENTO PUNO",210211,210211,SAN ANTON,SAN ANTON,AZANGARO,AZANGARO,OFICIAL_ORIGINAL,True,False
2683167,CREACION DEL SERVICIO DE AGUA POTABLE RURAL Y CREACION DEL SERVICIO DE ALCANTARILLADO U OTRAS FORMAS DE DISPOSICIÓN SANITARIA DE EXCRETAS EN LA COMUNIDAD DE TOCCOCORI JALLAPISI   DISTRITO DE AZANGARO DE LA PROVINCIA DE AZANGARO DEL DEPARTAMENTO DE PUNO,210201,210201,AZANGARO,AZANGARO,AZANGARO,AZANGARO,OFICIAL_ORIGINAL,True,False
2724115,"ADQUISICION DE TABLEROS DE DISTRIBUCIÓN DE BAJA TENSIÓN  EN EL(LA) OPTIMIZACION DEL SISTEMA DE SUMINISTRO ELECTRICO EN LA UTILIZACION  PARA EL BOMBEO  DE AGUA POTABLE Y ALCANTARILLADO  DISTRITO DE LAMPA, PROVINCIA LAMPA, DEPARTAMENTO PUNO",210701,210701,LAMPA,LAMPA,LAMPA,LAMPA,OFICIAL_ORIGINAL,True,False
2721283,"ADQUISICION DE EQUIPO HIDRAULICO EN EL(LA) GALERÍA DE TUBOS DE LA PTAP 1 DE LA EPS SEDAJULIACA S.A.  DISTRITO DE JULIACA, PROVINCIA SAN ROMAN, DEPARTAMENTO PUNO",211101,211101,JULIACA,JULIACA,SAN ROMAN,SAN ROMAN,OFICIAL_ORIGINAL,True,False
2475242,CREACION DE LOS SERVICIOS DE AGUA POTABLE Y DISPOSICIÓN SANITARIA DE EXCRETAS EN LA PARCIALIDAD DE FONDO MOLERO SILLUNI AMAYA DEL  DISTRITO DE ACORA - PROVINCIA DE PUNO - DEPARTAMENTO DE PUNO,210102,210102,ACORA,ACORA,PUNO,PUNO,OFICIAL_ORIGINAL,True,False
2609570,"CONSTRUCCION DE SISTEMA DE BOMBEO EN EL(LA) SERVICIO DE AGUA POTABLE URBANO Y LINEA DE IMPULSIÓN EN LA LOCALIDAD DE ASILLO DEL  DISTRITO DE ASILLO, PROVINCIA AZANGARO, DEPARTAMENTO PUNO",210204,210204,ASILLO,ASILLO,AZANGARO,AZANGARO,OFICIAL_ORIGINAL,True,False
2554822,"CONSTRUCCION DE SISTEMA DE ABASTECIMIENTO DE AGUA POTABLE EN EL(LA) SECTOR DE MISCA SAN ANTON,  DISTRITO DE ALTO INAMBARI, PROVINCIA SANDIA, DEPARTAMENTO PUNO",211209,211209,ALTO INAMBARI,ALTO INAMBARI,SANDIA,SANDIA,OFICIAL_ORIGINAL,True,False
2591959,"RENOVACION DE RED DE ALCANTARILLADO EN EL(LA) BUZONES , COLECTORES  DE ALCANTARILLADO  Y REDES  Y CONEXIONES DOMICILIARIAS DE SISTEMA DE AGUA POTABLE EN EL PERIMETRO DE LA PLAZA SAN MARTIN EN LOS JIRONES CUZCO, PUNO,  AREQUIPA Y  MANUEL NUÑEZ BUTRON  DISTRITO DE CARACOTO, PROVINCIA SAN ROMAN, DEPARTAMENTO PUNO",211104,211104,CARACOTO,CARACOTO,SAN ROMAN,SAN ROMAN,OFICIAL_ORIGINAL,True,False
2307401,"MEJORAMIENTO DEL SISTEMA DE AGUA POTABLE Y SANEAMIENTO INTEGRAL EN EL SECTOR CENTRAL DE LA COMUNIDAD CAMPESINA DE JATUN SAYNA, DISTRITO DE MACARI - MELGAR - PUNO",210805,210805,MACARI,MACARI,MELGAR,MELGAR,APROXIMADA_DISTRITO,True,False
2303556,"INSTALACION Y MEJORAMIENTO DEL SISTEMA DE AGUA POTABLE Y UNIDADES BÁSICAS DE SANEAMIENTO RURAL EN PAUCARCOLLA, DISTRITO DE PAUCARCOLLA - PUNO - PUNO",210110,210110,PAUCARCOLLA,PAUCARCOLLA,PUNO,PUNO,APROXIMADA_DISTRITO,True,False
2286380,"CREACION DEL SERVICIO DE AGUA POTABLE Y SANEAMIENTO BÁSICO EN EL CENTRO POBLADO DE SAN MIGUEL DE PAMPA GRANDE, DISTRITO DE SAN PEDRO DE PUTINA PUNCU - SANDIA - PUNO",211210,211210,SAN PEDRO DE PUTINA PUNCO,SAN PEDRO DE PUTINA PUNCO,SANDIA,SANDIA,APROXIMADA_LOCALIDAD,True,False
2712488,"REPARACION DE SISTEMA DE BOMBEO EN EL(LA) SERVICIO DE AGUA POTABLE PARA LA COMUNIDAD DE CARITAMAYA EN EL CENTRO POBLADO CARITAMAYA, DISTRITO DE ACORA, PROVINCIA PUNO, DEPARTAMENTO PUNO",210102,210102,ACORA,ACORA,PUNO,PUNO,OFICIAL_ORIGINAL,True,False
2659616,"CONSTRUCCION DE CAPTACION DE AGUA  Y RESERVORIO REPARACION DE LÍNEA DE CONDUCCIÓN Y LÍNEA DE IMPULSIÓN ADEMÁS DE OTROS ACTIVOS EN EL(LA) SISTEMA DE AGUA POTABLE DEL CENTRO POBLADO COCOSANI DEL  DISTRITO DE ACORA, PROVINCIA PUNO, DEPARTAMENTO PUNO",210102,210102,ACORA,ACORA,PUNO,PUNO,OFICIAL_ORIGINAL,True,False
2168916,"CONSTRUCCIÓN DEL SISTEMA DE AGUA POTABLE Y SANEAMIENTO BÁSICO DE LA LOCALIDAD URINSAYA HILATA, DISTRITO INCHUPALLA, PROVINCIA HUANCANÉ, DEPARTAMENTO DE PUNO",210604,210604,INCHUPALLA,INCHUPALLA,HUANCANE,HUANCANE,APROXIMADA_DISTRITO,True,False
2293521,"MEJORAMIENTO Y AMPLIACION DE LOS SERVICIOS DE AGUA POTABLE Y SANEAMIENTO DEL CENTRO POBLADO DE AMOYO, DISTRITO DE SANDIA , PROVINCIA DE SANDIA - PUNO",211201,211201,SANDIA,SANDIA,SANDIA,SANDIA,APROXIMADA_LOCALIDAD,True,False
2665893,MEJORAMIENTO DEL SERVICIO DE AGUA POTABLE RURAL EN SECTOR ARIPO Y SISTEMA RED DE ALCANTARILLADO DE   DISTRITO DE CUYOCUYO DE LA PROVINCIA DE SANDIA DEL DEPARTAMENTO DE PUNO,211202,211202,CUYOCUYO,CUYOCUYO,SANDIA,SANDIA,OFICIAL_ORIGINAL,True,False
2364961,"MEJORAMIENTO DEL SERVICIO INSTITUCIONAL DE LA EMPRESA MUNICIPAL DE SANEAMIENTO BASICO DE PUNO  - EMSAPUNO S.A., DISTRITO DE PUNO, PROVINCIA Y DEPARTAMENTO DE PUNO",210101,210101,PUNO,PUNO,PUNO,PUNO,APROXIMADA_DISTRITO,True,False
2187530,"MEJORAMIENTO Y AMPLIACION DE LOS  SERVICIOS DE AGUA POTABLE Y DISPOSICIÓN SANITARIA DE EXCRETAS DE LA COMUNIDAD CAMPESINA  DE ACCOCOLLO, DISTRITO DE HUANCANÉ, PROVINCIA DE HUANCANÉ, DEPARTAMENTO DE PUNO",210601,210601,HUANCANE,HUANCANE,HUANCANE,HUANCANE,APROXIMADA_DISTRITO,True,False
2186045,"MEJORAMIENTO Y AMPLIACIÓN DE LOS SERVICIOS DE AGUA POTABLE Y DISPOSICIÓN SANITARIA DE EXCRETAS DE LA COMUNIDAD CAMPESINA DE MOLLOCCO ,  DISTRITO DE ACORA, PROVINCIA DE PUNO, DEPARTAMENTO DE PUNO",210102,210102,ACORA,ACORA,PUNO,PUNO,APROXIMADA_DISTRITO,True,False
2598675,MEJORAMIENTO Y AMPLIACION DEL SERVICIO DE AGUA POTABLE RURAL Y MEJORAMIENTO DEL SERVICIO DE ALCANTARILLADO U OTRAS FORMAS DE DISPOSICIÓN SANITARIA DE EXCRETAS EN LA COMUNIDAD CAMPESINA DE CANU CANU DEL   DISTRITO DE PATAMBUCO DE LA PROVINCIA DE SANDIA DEL DEPARTAMENTO DE PUNO,211204,211204,PATAMBUCO,PATAMBUCO,SANDIA,SANDIA,OFICIAL_ORIGINAL,True,False
2654146,"REMODELACION DE SISTEMA DE ABASTECIMIENTO DE AGUA POTABLE EN EL(LA) MEDIANTE EL SISTEMA DE BOMBEO FOTOVOLTAICO EN LA COMUNIDAD DE CUYURAYA, DEL  DISTRITO DE HUANCANE, PROVINCIA HUANCANE, DEPARTAMENTO PUNO",210601,210601,HUANCANE,HUANCANE,HUANCANE,HUANCANE,OFICIAL_ORIGINAL,True,False
2704507,"CONSTRUCCION DE RESERVORIO EN EL(LA) SISTEMA DE AGUA POTABLE RURAL EN LA COMUNIDAD CAMPESINA DE YANAPATA DEL CENTRO POBLADO DE CRUCERO DEL  DISTRITO DE ACORA, PROVINCIA PUNO, DEPARTAMENTO PUNO",210102,210102,ACORA,ACORA,PUNO,PUNO,OFICIAL_ORIGINAL,True,False
2694825,"MEJORAMIENTO Y AMPLIACION DEL SERVICIO DE AGUA POTABLE RURAL Y CREACION DEL SERVICIO DE ALCANTARILLADO U OTRAS FORMAS DE DISPOSICIÓN SANITARIA DE EXCRETAS EN LAS COMUNIDADES DE PANCAQUIA, PUMAPATA, SEGUNDO CHANAJILAHUATA, PASINCHA , HUAYLLACUNCA, WISALLANI, IPACUNI, SEGUNDO SAHUACASI, ACCOCHUPA Y PUNTA SACAHUASI DE LOS   DISTRITOS DE AZANGARO, SANTIAGO DE PUPUJA DE LA PROVINCIA DE AZANGARO DEL DEPARTAMENTO DE PUNO",210201,210201,AZANGARO,AZANGARO,AZANGARO,AZANGARO,OFICIAL_ORIGINAL,True,False
2715186,"CONSTRUCCION DE CAPTACION DE AGUA , LINEA DE IMPULSION, RESERVORIO Y RED DE DISTRIBUCION ADEMÁS DE OTROS ACTIVOS EN EL(LA) COMUNIDAD DE AJARANI, VILACCARCA CHILLICUYO Y VILACARCA TAURAUTA DEL  DISTRITO DE HUATASANI, PROVINCIA HUANCANE, DEPARTAMENTO PUNO",210603,210603,HUATASANI,HUATASANI,HUANCANE,HUANCANE,OFICIAL_ORIGINAL,True,False
2710315,"CONSTRUCCION DE CAPTACION DE AGUA , LINEA DE CONDUCCION, RESERVORIO Y RED DE DISTRIBUCION EN EL(LA) SISTEMA DE AGUA POTABLE DE LOS  5 SECTORES DE LA COMUNIDAD CAMPESINA DE VILCALLAME  DISTRITO DE JULI, PROVINCIA CHUCUITO, DEPARTAMENTO PUNO",210401,210401,JULI,JULI,CHUCUITO,CHUCUITO,OFICIAL_ORIGINAL,True,False
2725584,CREACION DEL SERVICIO DE AGUA POTABLE RURAL Y CREACION DEL SERVICIO DE ALCANTARILLADO U OTRAS FORMAS DE DISPOSICIÓN SANITARIA DE EXCRETAS EN EL SECTOR SORAMAYO DE LA COMUNIDAD DE TUPAC AMARU   DISTRITO DE MACUSANI DE LA PROVINCIA DE CARABAYA DEL DEPARTAMENTO DE PUNO,210301,210301,MACUSANI,MACUSANI,CARABAYA,CARABAYA,OFICIAL_ORIGINAL,True,False
2321190,"INSTALACION DE SISTEMA DE AGUA POTABLE Y DISPOSICION SANITARIA DE EXCRETAS EN LAS COMUNIDADES DE APISSI, PESQUERIA Y PUCAMOCCO, DISTRITO DE ARAPA - AZANGARO - PUNO",210203,210203,ARAPA,ARAPA,AZANGARO,AZANGARO,APROXIMADA_DISTRITO,True,False
2278056,"CREACION DEL SERVICIO DE AGUA POTABLE Y DISPOSICION SANITARIA DE EXCRETAS EN LA COMUNIDAD DE CHAUPI COMPUYO, DISTRITO DE ASILLO - AZANGARO - PUNO",210204,210204,ASILLO,ASILLO,AZANGARO,AZANGARO,APROXIMADA_DISTRITO,True,False
2221039,"MEJORAMIENTO Y AMPLIACIÓN DEL SERVICIO DE AGUA POTABLE Y DISPOSICION SANITARIA DE EXCRETAS  EN LOS SECTORES ALTO, MEDIO Y BAJO DE LA COMUNIDAD CAMPESINA SORAYCHO UMABAMBA, DISTRITO DE COJATA - HUANCANE - PUNO",210602,210602,COJATA,COJATA,HUANCANE,HUANCANE,APROXIMADA_DISTRITO,True,False
2244529,"INSTALACION DEL SERVICIO DE AGUA POTABLE Y SANEAMIENTO PARA LA LOCALIDAD DE TERAQUECHA, DISTRITO DE CRUCERO - CARABAYA - PUNO",210306,210306,CRUCERO,CRUCERO,CARABAYA,CARABAYA,APROXIMADA_DISTRITO,True,False
2300989,"MEJORAMIENTO Y AMPLIACIÓN DEL SISTEMA DE AGUA POTABLE Y ALCANTARILLADO DE LA LOCALIDAD DE MACARI, DISTRITO DE MACARI - MELGAR - PUNO",210805,210805,MACARI,MACARI,MELGAR,MELGAR,APROXIMADA_LOCALIDAD,True,False
2628810,"REPARACION DE CAPTACION DE AGUA , SISTEMA DE DESINFECCION, LÍNEA DE ADUCCIÓN, RED DE DISTRIBUCION Y PASE AEREO EN EL(LA) SISTEMA DE AGUA POTABLE EN LA LOCALIDAD CCOPA, DISTRITO DE AYAPATA, PROVINCIA CARABAYA, DEPARTAMENTO PUNO",210303,210303,AYAPATA,AYAPATA,CARABAYA,CARABAYA,OFICIAL_ORIGINAL,True,False
2453951,"CREACION DEL SISTEMA DE SANEAMIENTO BASICO INTEGRAL EN LOS ANEXOS DE PICHICHUANI, PASTO GRANDE Y COLLPATIRA DEL DISTRITO DE POTONI - PROVINCIA DE AZANGARO - DEPARTAMENTO DE PUNO",210209,210209,POTONI,POTONI,AZANGARO,AZANGARO,OFICIAL_ORIGINAL,True,False
2267138,"CREACION DEL SERVICIO DE SANEAMIENTO BASICO INTEGRAL EN LA COMUNIDAD CAMPESINA DE CHACAMARCA, DISTRITO DE SAMAN - AZANGARO - PUNO",210210,210210,SAMAN,SAMAN,AZANGARO,AZANGARO,APROXIMADA_DISTRITO,True,False
2497691,"RENOVACION DE BOMBA DE AGUA EN EL(LA) RECUPERACIÓN DE LA CAPACIDAD OPERATIVA DEL SUMINISTRO DE AGUA POR  POZOS  EN LAS COMUNIDADES DE  SAN FERNANDO, ASILLO PAMPA GRANDE, JUAN VELASCO ALVARADO, TERCER SAHUACASI Y TERCER JILAHUATA  DISTRITO DE SAN JUAN DE SALINAS, PROVINCIA AZANGARO, DEPARTAMENTO PUNO",210213,210213,SAN JUAN DE SALINAS,SAN JUAN DE SALINAS,AZANGARO,AZANGARO,OFICIAL_ORIGINAL,True,False
2355621,CREACION DEL SERVICIOS DE SANEAMIENTO INTEGRAL DE LAS COMUNIDADES DE AJANANI CHICO Y VILLACUCHO DEL DISTRITO DE SAN JOSE - PROVINCIA DE AZANGARO - DEPARTAMENTO DE PUNO,210212,210212,SAN JOSE,SAN JOSE,AZANGARO,AZANGARO,APROXIMADA_DISTRITO,True,False
2474722,"MEJORAMIENTO Y AMPLIACION DE LOS SERVICIOS DE AGUA POTABLE Y DISPOSICIÓN SANITARIA DE EXCRETAS EN LAS COMUNIDADES DE CHAUPI SAHUACASI, COLLANA, APA ESPERANZA SANTA MARÍA, INCAPARA, COLLANA LAYUYO Y COLLANA PANTIPANTINI DE LA MICROCUENCA SAN JOSÉ DEL DISTRITO DE AZANGARO - PROVINCIA DE AZANGARO - DEPARTAMENTO DE PUNO",210201,210201,AZANGARO,AZANGARO,AZANGARO,AZANGARO,OFICIAL_ORIGINAL,True,False
2174566,"INSTALACION DE SISTEMA DE AGUA POTABLE Y LETRINAS SANITARIAS EN LA COMUNIDAD DE CASIMUYO DEL DISTRITO DE ILAVE, PROVINCIA DE EL COLLAO - PUNO",210501,210501,ILAVE,ILAVE,EL COLLAO,EL COLLAO,APROXIMADA_DISTRITO,True,False
2226012,"MEJORAMIENTO Y AMPLIACION DEL SISTEMA DE AGUA POTABLE EN LOS SECTORES CHIMPA, PALLINO Y CCORPA DE LA COMUNIDAD CAMPESINA DE JATUN AYLLU DEL DISTRITO DE PUSI , PROVINCIA DE HUANCANE - PUNO",210605,210605,PUSI,PUSI,HUANCANE,HUANCANE,APROXIMADA_DISTRITO,True,False
2217406,"AMPLIACION Y MEJORAMIENTO DEL SERVICIO DE AGUA POTABLE Y LETRINAS SANITARIAS EN EL CENTRO POBLADO DE HUARAYA Y SUS PARCIALIDADES, DISTRITO DE MOHO, PROVINCIA DE MOHO - PUNO",210901,210901,MOHO,MOHO,MOHO,MOHO,APROXIMADA_DISTRITO,True,False
2654713,CREACION DEL SERVICIO DE AGUA POTABLE RURAL Y CREACION DEL SERVICIO DE ALCANTARILLADO U OTRAS FORMAS DE DISPOSICIÓN SANITARIA DE EXCRETAS EN PARCIALIDAD YAURICHAMBI   DISTRITO DE ZEPITA DE LA PROVINCIA DE CHUCUITO DEL DEPARTAMENTO DE PUNO,210407,210407,ZEPITA,ZEPITA,CHUCUITO,CHUCUITO,OFICIAL_ORIGINAL,True,False
2729524,"RENOVACION DE SISTEMA DE ABASTECIMIENTO DE AGUA POTABLE EN EL(LA) COMUNIDAD CAMPESINA DE TIQUIRINI - TOTERIA, SECTOR TOTERIA  DEL  DISTRITO DE HUANCANE, PROVINCIA HUANCANE, DEPARTAMENTO PUNO",210601,210601,HUANCANE,HUANCANE,HUANCANE,HUANCANE,OFICIAL_ORIGINAL,True,False
2581045,"ADQUISICION DE BOMBA DE AGUA EN EL(LA) COMUNIDAD CAMPESINA DE VILLAPAMPA DEL  DISTRITO DE ASILLO, PROVINCIA AZANGARO, DEPARTAMENTO PUNO",210204,210204,ASILLO,ASILLO,AZANGARO,AZANGARO,OFICIAL_ORIGINAL,True,False
2510130,"ADQUISICION DE TERRENO EN EL(LA) SECTOR BELEN PAMPA PARA LA CONSTRUCCIÓN DE INFRAESTRUCTURA DE TRATAMIENTO DE AGUAS RESIDUALES,  DISTRITO DE INCHUPALLA, PROVINCIA HUANCANE, DEPARTAMENTO PUNO",210604,210604,INCHUPALLA,INCHUPALLA,HUANCANE,HUANCANE,OFICIAL_ORIGINAL,True,False
2310519,"MEJORAMIENTO Y AMPLIACION DEL SISTEMA DE AGUA POTABLE Y SANEAMIENTO EN LAS LOCALIDADES DE PARKO HUAYTAHUACHO, HUAYLLANI - CERA CUCHO Y SUCRE CCARAÑAUI, DISTRITO DE LLALLI - MELGAR - PUNO",210804,210804,LLALLI,LLALLI,MELGAR,MELGAR,APROXIMADA_DISTRITO,True,False
2276883,"INSTALACION DEL SISTEMA DE AGUA POTABLE Y SANEAMIENTO EN LAS LOCALIDADES DE KENAMARI BAJO Y PUKATORRE, DISTRITO DE LLALLI - MELGAR - PUNO",210804,210804,LLALLI,LLALLI,MELGAR,MELGAR,APROXIMADA_DISTRITO,True,False
2173594,"AMPLIACION DEL SERVICIO DE DESAGUE EN LA PROLONGACION NORTE DE LA AV. CATASTRO DE LA LOCALIDAD DE HUANCANE, PROVINCIA DE HUANCANE - PUNO",210601,210601,HUANCANE,HUANCANE,HUANCANE,HUANCANE,APROXIMADA_LOCALIDAD,True,False
2180810,"INSTALACION DEL SISTEMA DE AGUA POTABLE Y LETRINAS SANITARIAS EN LA PARCIALIDAD DE AJUYANI, CENTRO POBLADO  PASIRI, DISTRITO DE JULI, PROVINCIA DE CHUCUITO - PUNO",210401,210401,JULI,JULI,CHUCUITO,CHUCUITO,APROXIMADA_DISTRITO,True,False
2182827,"MEJORAMIENTO Y AMPLIACION DEL SISTEMA DE AGUA POTABLE Y DESAGUE E INSTALACION LETRINAS SANITARIAS  EN EL CENTRO POBLADO SULLCA Y SUS OCHO SECTORES, DISTRITO DE MOHO, PROVINCIA DE MOHO - PUNO",210901,210901,MOHO,MOHO,MOHO,MOHO,APROXIMADA_DISTRITO,True,False
2307910,"MEJORAMIENTO Y AMPLIACION DEL SERVICIO DE AGUA POTABLE Y SANEAMIENTO BASICO DEL CENTRO POBLADO DE RUKUS , DISTRITO DE CHUPA - AZANGARO - PUNO",210206,210206,CHUPA,CHUPA,AZANGARO,AZANGARO,APROXIMADA_DISTRITO,True,False
2387743,MEJORAMIENTO Y AMPLIACION DE LOS SERVICIOS DE AGUA POTABLE Y ALCANTARILLADO SANITARIO EN EL AMBITO URBANO  DISTRITO DE MOHO - PROVINCIA DE MOHO - DEPARTAMENTO DE PUNO,210901,210901,MOHO,MOHO,MOHO,MOHO,OFICIAL_ORIGINAL,True,False
2189449,"MEJORAMIENTO Y AMPLIACION DEL SERVICIO DE AGUA POTABLE Y DISPOSICION SANITARIA DE EXCRETAS EN LOS SECTORES CENTRAL FLORES, COLLAPATA, MAMANI A Y MAMANI B DE LA COMUNIDAD CAMPESINA LOS ANDES, DISTRITO ZEPITA - CHUCUITO - PUNO",210407,210407,ZEPITA,ZEPITA,CHUCUITO,CHUCUITO,APROXIMADA_DISTRITO,True,False
2642843,MEJORAMIENTO Y AMPLIACION DEL SERVICIO DE AGUA POTABLE RURAL Y MEJORAMIENTO Y AMPLIACION DEL SERVICIO DE ALCANTARILLADO U OTRAS FORMAS DE DISPOSICIÓN SANITARIA DE EXCRETAS EN LA LOCALIDAD DE PATAMBUCO DEL   DISTRITO DE PATAMBUCO DE LA PROVINCIA DE SANDIA DEL DEPARTAMENTO DE PUNO,211204,211204,PATAMBUCO,PATAMBUCO,SANDIA,SANDIA,OFICIAL_ORIGINAL,True,False
2608936,MEJORAMIENTO Y AMPLIACION DEL SERVICIO DE AGUA POTABLE RURAL Y MEJORAMIENTO Y AMPLIACION DEL SERVICIO DE ALCANTARILLADO U OTRAS FORMAS DE DISPOSICIÓN SANITARIA DE EXCRETAS EN EL CENTRO POBLADO DE VILURCUNI DEL   DISTRITO DE OLLARAYA DE LA PROVINCIA DE YUNGUYO DEL DEPARTAMENTO DE PUNO,211305,211305,OLLARAYA,OLLARAYA,YUNGUYO,YUNGUYO,OFICIAL_ORIGINAL,True,False
2609283,"RENOVACION DE SISTEMA DE ABASTECIMIENTO DE AGUA POTABLE, CONEXIONES DOMICILIARIAS DE AGUA POTABLE, RED DE ALCANTARILLADO Y CONEXION DOMICILIARIA DE ALCANTARILLADO EN EL(LA) JIRÓN ILAVE, PSJE LOS REYES Y PSJE ILAVE DE LA CIUDAD DE ILAVE DEL  DISTRITO DE ILAVE, PROVINCIA EL COLLAO, DEPARTAMENTO PUNO",210501,210501,ILAVE,ILAVE,EL COLLAO,EL COLLAO,OFICIAL_ORIGINAL,True,False
2679604,"RENOVACION DE SISTEMA DE ABASTECIMIENTO DE AGUA POTABLE EN EL(LA) SISTEMA DE AGUA POTABLE DE CENTRO POBLADO DE POTONI  DISTRITO DE POTONI, PROVINCIA AZANGARO, DEPARTAMENTO PUNO",210209,210209,POTONI,POTONI,AZANGARO,AZANGARO,OFICIAL_ORIGINAL,True,False
2670001,"RENOVACION DE CAPTACION DE AGUA  Y CONEXIONES DOMICILIARIAS EN EL(LA) SISTEMA DE AGUA POTABLE DE LA  COMUNIDAD CAMPESINA COPAMARCA  DISTRITO DE ZEPITA, PROVINCIA CHUCUITO, DEPARTAMENTO PUNO",210407,210407,ZEPITA,ZEPITA,CHUCUITO,CHUCUITO,OFICIAL_ORIGINAL,True,False
2353535,"CREACION DEL SERVICIO DE AGUA POTABLE Y SANEAMIENTO RURAL EN LA COMUNIDAD DE AJANANI GRANDE, AJANANI GRANDE - DISTRITO DE SAN JOSE - PROVINCIA DE AZANGARO - DEPARTAMENTO DE PUNO",210212,210212,SAN JOSE,SAN JOSE,AZANGARO,AZANGARO,APROXIMADA_DISTRITO,True,False
2502557,MEJORAMIENTO Y AMPLIACION DEL SERVICIO DE AGUA POTABLE Y DISPOSICIÓN SANITARIA DE EXCRETAS EN LA COMUNIDAD DE QUEALLANI DEL DISTRITO DE TILALI - PROVINCIA DE MOHO - DEPARTAMENTO DE PUNO,210904,210904,TILALI,TILALI,MOHO,MOHO,OFICIAL_ORIGINAL,True,False
2241096,"MEJORAMIENTO Y AMPLIACION DE LOS SERVICIOS DE AGUA POTABLE Y ALCANTARILLADO EN EL CENTRO POBLADO DE TANTAMACO, DISTRITO DE MACUSANI, PROVINCIA DE CARABAYA - PUNO",210301,210301,MACUSANI,MACUSANI,CARABAYA,CARABAYA,APROXIMADA_LOCALIDAD,True,False
2530841,"ADQUISICION DE HARDWARE GENERAL Y SOFTWARE EN EL(LA) EMPRESA MUNICIPAL DE SANEAMIENTO BÁSICO DE PUNO S.A.  DISTRITO DE PUNO, PROVINCIA PUNO, DEPARTAMENTO PUNO",210101,210101,PUNO,PUNO,PUNO,PUNO,OFICIAL_ORIGINAL,True,False
2283136,"MEJORAMIENTO Y AMPLIACION DE LOS SERVICIOS DE AGUA POTABLE Y SANEAMIENTO DEL CENTRO POBLADO SUARA, DISTRITO DE SANDIA , PROVINCIA DE SANDIA - PUNO",211201,211201,SANDIA,SANDIA,SANDIA,SANDIA,APROXIMADA_LOCALIDAD,True,False
2274713,"MEJORAMIENTO Y AMPLIACION DEL SERVICIO DE AGUA POTABLE Y SANEAMIENTO BASICO EN EL CENTRO POBLADO DE COARITA , DISTRITO DE PARATIA - LAMPA - PUNO",210707,210707,PARATIA,PARATIA,LAMPA,LAMPA,APROXIMADA_DISTRITO,True,False
2189337,"MEJORAMIENTO Y AMPLIACION DEL SERVICIO DE AGUA POTABLE Y DISPOSICION SANITARIA DE EXCRETAS EN LA COMUNIDAD CAMPESINA HUILACAYA, DISTRITO ZEPITA - CHUCUITO - PUNO",210407,210407,ZEPITA,ZEPITA,CHUCUITO,CHUCUITO,APROXIMADA_DISTRITO,True,False
2189457,"AMPLIACION Y MEJORAMIENTO SERVICIO DE AGUA POTABLE Y DISPOSICION SANITARIA DE EXCRETAS EN LOS SECTORES CHATUMA CUCHO, CHIARAUYO, HANCCOHUYO, SAN ISIDRO Y CAPUHUI DEL CENTRO POBLADO CHATUMA, DISTRITO POMATA - CHUCUITO - PUNO",210406,210406,POMATA,POMATA,CHUCUITO,CHUCUITO,APROXIMADA_LOCALIDAD,True,False
2623308,MEJORAMIENTO Y AMPLIACION DEL SERVICIO DE AGUA POTABLE RURAL Y CREACION DEL SERVICIO DE ALCANTARILLADO U OTRAS FORMAS DE DISPOSICIÓN SANITARIA DE EXCRETAS EN EL CENTRO POBLADO BUENA VISTA CHACACHACA DEL   DISTRITO DE POMATA DE LA PROVINCIA DE CHUCUITO DEL DEPARTAMENTO DE PUNO,210406,210406,POMATA,POMATA,CHUCUITO,CHUCUITO,OFICIAL_ORIGINAL,True,False
2623066,MEJORAMIENTO Y AMPLIACION DEL SERVICIO DE AGUA POTABLE URBANO Y MEJORAMIENTO Y AMPLIACION DEL SERVICIO DE ALCANTARILLADO Y MEJORAMIENTO Y AMPLIACION DEL SERVICIO DE TRATAMIENTO DE AGUAS RESIDUALES PARA DISPOSICIÓN FINAL EN LA LOCALIDAD DE CORANI   DISTRITO DE CORANI DE LA PROVINCIA DE CARABAYA DEL DEPARTAMENTO DE PUNO,210305,210305,CORANI,CORANI,CARABAYA,CARABAYA,OFICIAL_ORIGINAL,True,False
2626588,MEJORAMIENTO Y AMPLIACION DEL SERVICIO DE AGUA POTABLE RURAL Y MEJORAMIENTO Y AMPLIACION DEL SERVICIO DE ALCANTARILLADO U OTRAS FORMAS DE DISPOSICIÓN SANITARIA DE EXCRETAS EN LA COMUNIDAD DE KORIWARA DEL   DISTRITO DE SINA DE LA PROVINCIA DE SAN ANTONIO DE PUTINA DEL DEPARTAMENTO DE PUNO,211005,211005,SINA,SINA,SAN ANTONIO DE PUTINA,SAN ANTONIO DE PUTINA,OFICIAL_ORIGINAL,True,False
2660599,"ADQUISICION DE EQUIPOS ELECTROMECANICOS Y SISTEMA SCADA EN EL(LA) SISTEMA DE AGUA POTABLE Y ALCANTARILLADO DE LA CIUDAD DE PUNO  DISTRITO DE PUNO, PROVINCIA PUNO, DEPARTAMENTO PUNO",210101,210101,PUNO,PUNO,PUNO,PUNO,OFICIAL_ORIGINAL,True,False
2644673,CREACION DEL SERVICIO DE AGUA POTABLE RURAL Y CREACION DEL SERVICIO DE ALCANTARILLADO U OTRAS FORMAS DE DISPOSICIÓN SANITARIA DE EXCRETAS EN EL SECTOR DE LLACTAPATA DEL CENTRO POBLADO DE UNTUCA DEL   DISTRITO DE QUIACA DE LA PROVINCIA DE SANDIA DEL DEPARTAMENTO DE PUNO,211206,211206,QUIACA,QUIACA,SANDIA,SANDIA,OFICIAL_ORIGINAL,True,False
2675579,"ADQUISICION DE TERRENO EN EL(LA) PARA LA CONSTRUCCION DEL CANAL DE DESFOGUE DE LA PLANTA DE TRATAMIENTO DE AGUAS RESIDUALES EN EL  DISTRITO DE HUANCANE, PROVINCIA HUANCANE, DEPARTAMENTO PUNO",210601,210601,HUANCANE,HUANCANE,HUANCANE,HUANCANE,OFICIAL_ORIGINAL,True,False
2673670,CREACION DEL SERVICIO DE DRENAJE PLUVIAL EN LA URBANIZACIÓN AZIRUNI III ETAPA DEL CENTRO POBLADO DE JAYLLIHUAYA   DISTRITO DE PUNO DE LA PROVINCIA DE PUNO DEL DEPARTAMENTO DE PUNO,210101,210101,PUNO,PUNO,PUNO,PUNO,OFICIAL_ORIGINAL,True,False
2706688,MEJORAMIENTO DEL SERVICIO DE AGUA POTABLE RURAL EN EL SECTOR SAHUARANI COMUNIDAD QUIACA AYLLU   DISTRITO DE SANDIA DE LA PROVINCIA DE SANDIA DEL DEPARTAMENTO DE PUNO,211201,211201,SANDIA,SANDIA,SANDIA,SANDIA,OFICIAL_ORIGINAL,True,False
2701862,"REPARACION DE CASETA EN EL(LA) RESERVORIO SANTA CRUZ R-02  DISTRITO DE JULIACA, PROVINCIA SAN ROMAN, DEPARTAMENTO PUNO",211101,211101,JULIACA,JULIACA,SAN ROMAN,SAN ROMAN,OFICIAL_ORIGINAL,True,False
2733350,MEJORAMIENTO Y AMPLIACION DEL SERVICIO DE AGUA POTABLE RURAL Y MEJORAMIENTO Y AMPLIACION DEL SERVICIO DE ALCANTARILLADO U OTRAS FORMAS DE DISPOSICIÓN SANITARIA DE EXCRETAS EN EL SECTOR LARIPATA  DEL   DISTRITO DE CABANILLAS DE LA PROVINCIA DE SAN ROMAN DEL DEPARTAMENTO DE PUNO,211103,211103,CABANILLAS,CABANILLAS,SAN ROMAN,SAN ROMAN,OFICIAL_ORIGINAL,True,False
2148859,"INSTALACION DE SISTEMA DE AGUA POTABLE EN LA COMUNIDAD CAMPESINA DE REQUENA, DISTRITO DE TARACO - HUANCANE - PUNO",210607,210607,TARACO,TARACO,HUANCANE,HUANCANE,APROXIMADA_DISTRITO,True,False
2173712,"AMPLIACION Y MEJORAMIENTO INTEGRAL DEL SISTEMA DE AGUA POTABLE Y ALCANTARILLADO DE LA LOCALIDAD DE ZEPITA, DISTRITO DE ZEPITA - CHUCUITO - PUNO",210407,210407,ZEPITA,ZEPITA,CHUCUITO,CHUCUITO,APROXIMADA_LOCALIDAD,True,False
2552304,"CONSTRUCCION DE CONEXIONES DOMICILIARIAS DE AGUA POTABLE Y CONEXION DOMICILIARIA DE ALCANTARILLADO RENOVACION DE RED DE DISTRIBUCION Y RED DE ALCANTARILLADO ADEMÁS DE OTROS ACTIVOS EN EL(LA) AMBITO DE SERVICIO DE LA EPS NOR PUNO - AZANGARO I ETAPA,  DISTRITO DE AZANGARO, PROVINCIA AZANGARO, DEPARTAMENTO PUNO",210201,210201,AZANGARO,AZANGARO,AZANGARO,AZANGARO,OFICIAL_ORIGINAL,True,False
2461724,MEJORAMIENTO Y AMPLIACION DE LOS SISTEMAS DE AGUA POTABLE Y ALCANTARILLADO DEL BARRIO PEDRO VILCAPAZA DEL DISTRITO DE AZANGARO - PROVINCIA DE AZANGARO - DEPARTAMENTO DE PUNO,210201,210201,AZANGARO,AZANGARO,AZANGARO,AZANGARO,OFICIAL_ORIGINAL,True,False
2275106,"CREACION DEL SERVICIO DE AGUA POTABLE Y SANEAMIENTO  EN LAS PARCIALIDADES DE ALQUIPA, INCHUPALLA Y QUECAÑAMAYA, DEL CENTRO POBLADO DE SAN ISIDRO, DEL DISTRITO DE ILAVE, PROVINCIA DE EL COLLAO - PUNO",210501,210501,ILAVE,ILAVE,EL COLLAO,EL COLLAO,APROXIMADA_DISTRITO,True,False
2168927,"CONSTRUCCIÓN DEL SISTEMA DE AGUA POTABLE Y SANEAMIENTO BÁSICO LA LOCALIDAD DE QQUEPA, DISTRITO DE PUCARA, PROVINCIA DE LAMPA, DEPARTAMENTO PUNO",210708,210708,PUCARA,PUCARA,LAMPA,LAMPA,APROXIMADA_DISTRITO,True,False
2189450,"INSTALACION DE SERVICIOS DE AGUA POTABLE Y DISPOSICION SANITARIA DE EXCRETAS EN EL SECTOR HUARA HUARA DE LA COMUNIDAD CAMPESINA SICUYANI, DISTRITO DE ZEPITA - CHUCUITO - PUNO",210407,210407,ZEPITA,ZEPITA,CHUCUITO,CHUCUITO,APROXIMADA_DISTRITO,True,False
2171246,"MEJORAMIENTO, AMPLIACION DEL SERVICIO DE AGUA POTABLE Y DISPOSICIÓN SANITARIA DE EXCRETAS EN LA COMUNIDAD CAMPESINA DE LACACHI DEL CENTRO POBLADO DE TOTORANI, DISTRITO DE ACORA - PUNO - PUNO",210102,210102,ACORA,ACORA,PUNO,PUNO,APROXIMADA_DISTRITO,True,False
2189446,"AMPLIACION Y MEJORAMIENTO DEL SERVICIO DE AGUA POTABLE Y DISPOSICION SANITARIA DE EXCRETAS EN LAS PARCIALIDADES DE QUIMBALITA Y CONCEPCION INGENIO, DISTRITO DE HUACULLANI - CHUCUITO - PUNO",210403,210403,HUACULLANI,HUACULLANI,CHUCUITO,CHUCUITO,APROXIMADA_DISTRITO,True,False
2619483,"RENOVACION DE CAPTACION DE AGUA  Y LÍNEA DE CONDUCCIÓN EN EL(LA) SISTEMA DE AGUA POTABLE DE LA CIUDAD DE JULI DEL  DISTRITO DE JULI, PROVINCIA CHUCUITO, DEPARTAMENTO PUNO",210401,210401,JULI,JULI,CHUCUITO,CHUCUITO,OFICIAL_ORIGINAL,True,False
2626158,MEJORAMIENTO Y AMPLIACION DEL SERVICIO DE TRATAMIENTO DE AGUAS RESIDUALES PARA DISPOSICIÓN FINAL EN PTAR DE LA LOCALIDAD DE MACARI   DISTRITO DE MACARI DE LA PROVINCIA DE MELGAR DEL DEPARTAMENTO DE PUNO,210805,210805,MACARI,MACARI,MELGAR,MELGAR,OFICIAL_ORIGINAL,True,False
2705046,"REPARACION DE SISTEMA DE TRATAMIENTO DE AGUAS RESIDUALES EN EL(LA) PTAR CHUPA EN LA LOCALIDAD DE CHUPA DISTRITO DE CHUPA, PROVINCIA AZANGARO, DEPARTAMENTO PUNO",210206,210206,CHUPA,CHUPA,AZANGARO,AZANGARO,OFICIAL_ORIGINAL,True,False
2715475,"CONSTRUCCION DE CAMARA DE TRATAMIENTO, LINEA DE IMPULSION, CAPTACION DE AGUA  Y RESERVORIO ADEMÁS DE OTROS ACTIVOS EN EL(LA) LAS COMUNIDADES DE APISSI, PESQUERIA Y PUCAMOCCO  DISTRITO DE ARAPA, PROVINCIA AZANGARO, DEPARTAMENTO PUNO",210203,210203,ARAPA,ARAPA,AZANGARO,AZANGARO,OFICIAL_ORIGINAL,True,False
2728380,"REPARACIÓN DE CAPTACION DE AGUA  Y LINEA DE CONDUCCION EN EL(LA) SISTEMA DE AGUA POTABLE EN EL SECTOR DE BELEN DEL  DISTRITO DE SAN JUAN DEL ORO, PROVINCIA SANDIA, DEPARTAMENTO PUNO",211207,211207,SAN JUAN DEL ORO,SAN JUAN DEL ORO,SANDIA,SANDIA,OFICIAL_ORIGINAL,True,False
2610638,"ADQUISICION DE TERRENO EN EL(LA) COMUNIDAD DE CAYATOCCO PARA REPRESAMIENTO Y CONDUCCIÓN DEL SERVICIO DE AGUA EN EL  DISTRITO DE AJOYANI, PROVINCIA CARABAYA, DEPARTAMENTO PUNO",210302,210302,AJOYANI,AJOYANI,CARABAYA,CARABAYA,OFICIAL_ORIGINAL,True,False
2475269,"MEJORAMIENTO Y AMPLIACION DE LOS SERVICIOS DE AGUA POTABLE, ALCANTARILLADO SANITARIO Y TRATAMIENTO DE AGUAS RESIDUALES EN EL CENTRO POBLADO DE AYRUMAS CARUMAS DEL DISTRITO DE ACORA - PROVINCIA DE PUNO - DEPARTAMENTO DE PUNO",210102,210102,ACORA,ACORA,PUNO,PUNO,OFICIAL_ORIGINAL,True,False
2103979,"MEJORAMIENTO DEL SERVICIO DE AGUA POTABLE Y ALCANTARILLADO  EN LA LOCALIDAD DE KELLUYO, DISTRITO DE KELLUYO - CHUCUITO - PUNO",210404,210404,KELLUYO,KELLUYO,CHUCUITO,CHUCUITO,APROXIMADA_LOCALIDAD,True,False
2615295,"MEJORAMIENTO Y AMPLIACION DEL SERVICIO DE AGUA POTABLE URBANO Y MEJORAMIENTO Y AMPLIACION DEL SERVICIO DE ALCANTARILLADO Y MEJORAMIENTO Y AMPLIACION DEL SERVICIO DE TRATAMIENTO DE AGUAS RESIDUALES PARA DISPOSICIÓN FINAL EN LA LOCALIDAD DE AYAPATA,   DISTRITO DE AYAPATA DE LA PROVINCIA DE CARABAYA DEL DEPARTAMENTO DE PUNO",210303,210303,AYAPATA,AYAPATA,CARABAYA,CARABAYA,OFICIAL_ORIGINAL,True,False
2684916,"REPARACION DE SISTEMA DE ABASTECIMIENTO DE AGUA POTABLE EN EL(LA) LOCALIDAD DE TARACO DEL  DISTRITO DE TARACO, PROVINCIA HUANCANE, DEPARTAMENTO PUNO",210607,210607,TARACO,TARACO,HUANCANE,HUANCANE,OFICIAL_ORIGINAL,True,False
2649992,MEJORAMIENTO Y AMPLIACION DEL SERVICIO DE AGUA POTABLE RURAL Y MEJORAMIENTO Y AMPLIACION DEL SERVICIO DE ALCANTARILLADO U OTRAS FORMAS DE DISPOSICIÓN SANITARIA DE EXCRETAS EN LA COMUNIDAD DE ISKA SOQUESANI DEL   DISTRITO DE PICHACANI DE LA PROVINCIA DE PUNO DEL DEPARTAMENTO DE PUNO,210111,210111,PICHACANI,PICHACANI,PUNO,PUNO,OFICIAL_ORIGINAL,True,False
2737264,"ADQUISICION DE ESTACION DE BOMBEO DE AGUA CONSTRUCCION DE CERCO PERIMETRICO EN EL(LA) SISTEMA DE AGUA POTABLE RURAL POR SISTEMA DE BOMBEO DE LA COMUNIDAD DE LACCONI  DISTRITO DE PLATERIA, PROVINCIA PUNO, DEPARTAMENTO PUNO",210112,210112,PLATERIA,PLATERIA,PUNO,PUNO,OFICIAL_ORIGINAL,True,False
2723512,"REPARACIÓN DE CAPTACION DE AGUA  Y LINEA DE CONDUCCION EN EL(LA) SISTEMA DE AGUA POTABLE EN LA LOCALIDAD BELEN, DISTRITO DE SAN JUAN DEL ORO, PROVINCIA SANDIA, DEPARTAMENTO PUNO",211207,211207,SAN JUAN DEL ORO,SAN JUAN DEL ORO,SANDIA,SANDIA,OFICIAL_ORIGINAL,True,False
2180946,"INSTALACION Y MEJORAMIENTO DEL SERVICIO DE DISPOSICION SANITARIA DE EXCRETAS CON EL SISTEMA BIODIGESTOR EN LA ISLA SUANA, DISTRITO DE ANAPIA - YUNGUYO - PUNO",211302,211302,ANAPIA,ANAPIA,YUNGUYO,YUNGUYO,APROXIMADA_DISTRITO,True,False
2220466,"INSTALACION DE SISTEMA DE AGUA POTABLE, SANEAMIENTO Y SISTEMA DE GESTION AMBIENTAL EN LA COMUNIDAD CAMPESINA TRAPICHE, DISTRITO DE ANANEA - SAN ANTONIO DE PUTINA - PUNO",211002,211002,ANANEA,ANANEA,SAN ANTONIO DE PUTINA,SAN ANTONIO DE PUTINA,APROXIMADA_DISTRITO,True,False
2197315,"MEJORAMIENTO DEL SISTEMA DE AGUA POTABLE E INSTALACION DE LETRINAS CON ARRASTRE HIDRAULICO PARA LAS LOCALIDADES DE QUENTA, CENTRO Y BAJO CHAMBALAYA, DISTRITO DE PISACOMA - CHUCUITO - PUNO",210405,210405,PISACOMA,PISACOMA,CHUCUITO,CHUCUITO,APROXIMADA_DISTRITO,True,False
2238785,"MEJORAMIENTO Y AMPLIACIÓN DE LOS SERVICIOS DE AGUA POTABLE, ALCANTARILLADO Y DISPOSICIÓN DE EXCRETAS EN LA LOCALIDAD DE SAMAN Y SECTORES ., DISTRITO DE SAMAN - AZANGARO - PUNO",210210,210210,SAMAN,SAMAN,AZANGARO,AZANGARO,APROXIMADA_DISTRITO,True,False
2457809,CREACION DEL SERVICIO DE AGUA POTABLE Y SANEAMIENTO RURAL EN LA COMUNIDAD DE PAXA DEL DISTRITO DE TIQUILLACA - PROVINCIA DE PUNO - DEPARTAMENTO DE PUNO,210114,210114,TIQUILLACA,TIQUILLACA,PUNO,PUNO,OFICIAL_ORIGINAL,True,False
2287878,"MEJORAMIENTO Y AMPLIACIÓN DEL  SISTEMA   DE  AGUA  POTABLE Y SANEAMIENTO EN LA  ZONA RURAL DE LA LOCALIDAD DE COPANI, DISTRITO DE COPANI - YUNGUYO - PUNO",211303,211303,COPANI,COPANI,YUNGUYO,YUNGUYO,APROXIMADA_LOCALIDAD,True,False
2509672,"MEJORAMIENTO Y AMPLIACION DEL SERVICIO DE AGUA POTABLE Y SANEAMIENTO RURAL EN LAS COMUNIDADES DE AHUAYLLANI, PUSALAYA Y LOS SECTORES DEL CENTRO POBLADO DE ICHU DEL DISTRITO DE PUNO - PROVINCIA DE PUNO - DEPARTAMENTO DE PUNO",210101,210101,PUNO,PUNO,PUNO,PUNO,OFICIAL_ORIGINAL,True,False
2302259,"CREACION DEL SERVICIO DE AGUA POTABLE Y SANEAMIENTO BASICO EN EL CIRCUITO DE ISLAS FLOTANTES DEL CENTRO POBLADO TURISTICO UROS CHULLUNI, DISTRITO DE PUNO, PROVINCIA DE PUNO - PUNO",210101,210101,PUNO,PUNO,PUNO,PUNO,APROXIMADA_LOCALIDAD,True,False
2199142,"INSTALACION DEL SERVICIO DE AGUA POTABLE Y SANEAMIENTO EN EL CENTRO POBLADO  PAJANA SAN AGUSTIN, DISTRITO DE YUNGUYO, PROVINCIA DE YUNGUYO - PUNO",211301,211301,YUNGUYO,YUNGUYO,YUNGUYO,YUNGUYO,APROXIMADA_LOCALIDAD,True,False
2276070,"MEJORAMIENTO Y AMPLIACION DE LOS SERVICIOS DE AGUA POTABLE Y SANEAMIENTO DEL CENTRO POBLADO DE APABUCO, DISTRITO DE SANDIA , PROVINCIA DE SANDIA - PUNO",211201,211201,SANDIA,SANDIA,SANDIA,SANDIA,APROXIMADA_LOCALIDAD,True,False
2189333,"MEJORAMIENTO Y AMPLIACIÓN DE LOS SERVICIOS DE AGUA POTABLE Y DISPOSICIÓN SANITARIA DE EXCRETAS  DE LA COMUNIDAD CAMPESINA DE CCACCA, DISTRITO DE ACORA, PUNO - PUNO",210102,210102,ACORA,ACORA,PUNO,PUNO,APROXIMADA_DISTRITO,True,False
2627784,CREACION DEL SERVICIO DE AGUA POTABLE RURAL Y CREACION DEL SERVICIO DE ALCANTARILLADO U OTRAS FORMAS DE DISPOSICIÓN SANITARIA DE EXCRETAS EN EN LAS COMUNIDADES DE MARNO TACARA Y CANCHIURO   DISTRITO DE LAMPA DE LA PROVINCIA DE LAMPA DEL DEPARTAMENTO DE PUNO,210701,210701,LAMPA,LAMPA,LAMPA,LAMPA,OFICIAL_ORIGINAL,True,False
2599909,MEJORAMIENTO Y AMPLIACION DEL SERVICIO DE AGUA POTABLE RURAL Y MEJORAMIENTO Y AMPLIACION DEL SERVICIO DE ALCANTARILLADO U OTRAS FORMAS DE DISPOSICIÓN SANITARIA DE EXCRETAS EN LA COMUNIDAD CAMPESINA DE CONELLINE DEL   DISTRITO DE PATAMBUCO DE LA PROVINCIA DE SANDIA DEL DEPARTAMENTO DE PUNO,211204,211204,PATAMBUCO,PATAMBUCO,SANDIA,SANDIA,OFICIAL_ORIGINAL,True,False
2336732,"CREACION DEL SISTEMA DE AGUA POTABLE Y LETRINAS EN EL SECTOR TRIUNFO SANTA MARIA DE LA COMUNIDAD DE HUANACOMAYO DEL, DISTRITO DE SAN ANTON - AZANGARO - PUNO",210211,210211,SAN ANTON,SAN ANTON,AZANGARO,AZANGARO,APROXIMADA_DISTRITO,True,False
2199131,"INSTALACION DE SISTEMA DE AGUA POTABLE Y LETRINAS EN EL SECTOR PANCCA YANCAÑA , DISTRITO DE SANTA ROSA - MELGAR - PUNO",210808,210808,SANTA ROSA,SANTA ROSA,MELGAR,MELGAR,APROXIMADA_DISTRITO,True,False
2283660,"CREACION DEL SERVICIO DE AGUA POTABLE Y SANEAMIENTO BÁSICO EN EL SECTOR SAN BENIGNO, DISTRITO DE SAN PEDRO DE PUTINA PUNCU - SANDIA - PUNO",211210,211210,SAN PEDRO DE PUTINA PUNCO,SAN PEDRO DE PUTINA PUNCO,SANDIA,SANDIA,APROXIMADA_LOCALIDAD,True,False
2307947,"INSTALACION DE SISTEMA DE ABASTECIMIENTO DE AGUA POTABLE Y SANEAMIENTO RURAL EN LAS COMUNIDADES DE MACHUKAIRANI, AGUA BUENA, HUANCASAYA, CATACHILLA, POSTA, OLLAGACHI DE COCHAPATA  DEL, DISTRITO DE VILQUE - PUNO - PUNO",210115,210115,VILQUE,VILQUE,PUNO,PUNO,APROXIMADA_DISTRITO,True,False
2248818,"INSTALACION DEL SISTEMA DE DISPOSICION SANITARIA DE EXCRETAS EN LA COMUNIDAD CAMPESINA DE SUSTIA MUNAYPA, DISTRITO DE HUANCANE, PROVINCIA DE HUANCANE - PUNO",210601,210601,HUANCANE,HUANCANE,HUANCANE,HUANCANE,APROXIMADA_DISTRITO,True,False
2473668,"ADQUISICION DE BOMBA DE AGUA Y CÉLULAS FOTOVOLTAICAS EN EL(LA) SISTEMA DE AGUA POTABLE DEL CENTRO POBLADO JACHA PARU DEL  DISTRITO DE MOHO, PROVINCIA MOHO, DEPARTAMENTO PUNO",210901,210901,MOHO,MOHO,MOHO,MOHO,OFICIAL_ORIGINAL,True,False
2101905,"INSTALACION DEL SISTEMA DE AGUA POTABLE Y DESAGUE  EN LA ZONA NOR ESTE DE LA URBANIZACION SANTA ADRIANA II ETAPA DE LA CIUDAD DE JULIACA, , PROVINCIA DE SAN ROMAN - PUNO",211101,211101,JULIACA,JULIACA,SAN ROMAN,SAN ROMAN,APROXIMADA_DISTRITO,True,False
2276132,"MEJORAMIENTO Y AMPLIACION DE LOS SERVICIOS DE AGUA POTABLE Y SANEAMIENTO DEL CENTRO POBLADO AYO, DISTRITO DE SANDIA , PROVINCIA DE SANDIA - PUNO",211201,211201,SANDIA,SANDIA,SANDIA,SANDIA,APROXIMADA_DISTRITO,True,False
2299423,"CREACION DEL SERVICIO DE AGUA POTABLE Y DISPOSICION SANITARIA DE EXCRETAS EN LOS SECTORES VENTILLA I, VENTILLA II Y CUMO HUACULLANI, CENTRO POBLADO YOROHOCO, DISTRITO DE HUACULLANI, PROVINCIA DE CHUCUITO, DEPARTAMENTO DE PUNO",210403,210403,HUACULLANI,HUACULLANI,CHUCUITO,CHUCUITO,APROXIMADA_LOCALIDAD,True,False
2191199,"MEJORAMIENTO Y AMPLIACION DE LOS SERVICIOS DE AGUA POTABLE Y DISPOSICION SANITARIA DE EXCRETAS DEL CENTRO POBLADO DE CARITAMAYA, DISTRITO DE ACORA, PROVINCIA DE PUNO, DEPARTAMENTO DE PUNO",210102,210102,ACORA,ACORA,PUNO,PUNO,APROXIMADA_DISTRITO,True,False
2189453,"MEJORAMIENTO Y AMPLIACION DEL SERVICIO DE AGUA POTABLE Y DISPOSICION SANITARIA DE EXCRETAS EN LA COMUNIDAD CAMPESINA LAMPA CHICO, DISTRITO POMATA - CHUCUITO - PUNO",210406,210406,POMATA,POMATA,CHUCUITO,CHUCUITO,APROXIMADA_DISTRITO,True,False
2310847,"MEJORAMIENTO Y AMPLIACION DEL SERVICIO DE AGUA POTABLE Y CREACION DEL SERVICIO DE DISPOSICION SANITARIA DE EXCRETAS EN EL CENTRO POBLADO ISANI (SECTORES KENTURAMAYA, ISANI CENTRAL, AMAYSAMAHUI, MACHACAUYU, KAMAÑAPATA - KALUNAMAYA Y PATACANI), DISTRIT",210407,210407,ZEPITA,ZEPITA,CHUCUITO,CHUCUITO,APROXIMADA_DISTRITO,True,False
2615437,CREACION DEL SERVICIO DE AGUA POTABLE RURAL EN LA COMUNIDAD DE SAN JERONIMO DE ULLAGACHI DEL   DISTRITO DE VILQUE DE LA PROVINCIA DE PUNO DEL DEPARTAMENTO DE PUNO,210115,210115,VILQUE,VILQUE,PUNO,PUNO,OFICIAL_ORIGINAL,True,False
2621212,CREACION DEL SERVICIO DE AGUA POTABLE RURAL Y CREACION DEL SERVICIO DE ALCANTARILLADO U OTRAS FORMAS DE DISPOSICIÓN SANITARIA DE EXCRETAS EN LA COMUNIDAD DE ALTO ORURILLO  DISTRITO DE SAN JUAN DE SALINAS - PROVINCIA DE AZANGARO - DEPARTAMENTO DE PUNO,210213,210213,SAN JUAN DE SALINAS,SAN JUAN DE SALINAS,AZANGARO,AZANGARO,OFICIAL_ORIGINAL,True,False
2611866,MEJORAMIENTO Y AMPLIACION DEL SERVICIO DE AGUA POTABLE RURAL Y MEJORAMIENTO Y AMPLIACION DEL SERVICIO DE ALCANTARILLADO U OTRAS FORMAS DE DISPOSICIÓN SANITARIA DE EXCRETAS EN SISTEMA DE AGUA POTABLE Y SANEAMIENTO EN LA CC. SANTA CRUZ DE SINCATA  Y SECTORES DEL   DISTRITO DE NUÑOA DE LA PROVINCIA DE MELGAR DEL DEPARTAMENTO DE PUNO,210806,210806,NUÑOA,NUÑOA,MELGAR,MELGAR,OFICIAL_ORIGINAL,True,False
2626068,MEJORAMIENTO Y AMPLIACION DEL SERVICIO DE AGUA POTABLE RURAL Y CREACION DEL SERVICIO DE ALCANTARILLADO U OTRAS FORMAS DE DISPOSICIÓN SANITARIA DE EXCRETAS EN EL SECTOR DE CHARUYO DEL   DISTRITO DE SAN PEDRO DE PUTINA PUNCO DE LA PROVINCIA DE SANDIA DEL DEPARTAMENTO DE PUNO,211210,211210,SAN PEDRO DE PUTINA PUNCO,SAN PEDRO DE PUTINA PUNCO,SANDIA,SANDIA,OFICIAL_ORIGINAL,True,False
2692827,CREACION DEL SERVICIO DE AGUA POTABLE RURAL Y CREACION DEL SERVICIO DE ALCANTARILLADO U OTRAS FORMAS DE DISPOSICIÓN SANITARIA DE EXCRETAS EN LA COMUNIDAD DE SEGUNDO MOROORCCO LACONI   DISTRITO DE AZANGARO DE LA PROVINCIA DE AZANGARO DEL DEPARTAMENTO DE PUNO,210201,210201,AZANGARO,AZANGARO,AZANGARO,AZANGARO,OFICIAL_ORIGINAL,True,False
2703542,"CONSTRUCCION DE CAPTACION DE AGUA , ESTACION DE BOMBEO DE AGUA Y LINEA DE IMPULSION EN EL(LA) SISTEMA DE AGUA POTABLE DE LA LOCALIDAD DE PLATERIA DISTRITO DE PLATERIA, PROVINCIA PUNO, DEPARTAMENTO PUNO",210112,210112,PLATERIA,PLATERIA,PUNO,PUNO,OFICIAL_ORIGINAL,True,False
2678973,"CONSTRUCCION DE RED DE ALCANTARILLADO EN EL(LA) BARRIO INAMBARI Y BARRIO CENTRAL SANTA CRUZ DE KARKACOLLO DEL  DISTRITO DE ASILLO, PROVINCIA AZANGARO, DEPARTAMENTO PUNO",210204,210204,ASILLO,ASILLO,AZANGARO,AZANGARO,OFICIAL_ORIGINAL,True,False
2668694,MEJORAMIENTO DEL SERVICIO DE AGUA POTABLE RURAL Y MEJORAMIENTO DEL SERVICIO DE ALCANTARILLADO U OTRAS FORMAS DE DISPOSICIÓN SANITARIA DE EXCRETAS EN LA LOCALIDAD DE QUERUMA  DE CENTRO POBLADO CASIMUYO HUALLATIRI DISTRITO DE JULI DE LA PROVINCIA DE CHUCUITO DEL DEPARTAMENTO DE PUNO,210401,210401,JULI,JULI,CHUCUITO,CHUCUITO,OFICIAL_ORIGINAL,True,False
2625544,MEJORAMIENTO Y AMPLIACION DEL SERVICIO DE AGUA POTABLE RURAL Y MEJORAMIENTO Y AMPLIACION DEL SERVICIO DE ALCANTARILLADO U OTRAS FORMAS DE DISPOSICIÓN SANITARIA DE EXCRETAS EN SISTEMA DE AGUA POTABLE Y SISTEMA DE DISPOSICIÓN SANITARIA DE EXCRETAS  DE CENTRO POBLADO PAMPA YANAMAYO DISTRITO DE ALTO INAMBARI DE LA PROVINCIA DE SANDIA DEL DEPARTAMENTO DE PUNO,211209,211209,ALTO INAMBARI,ALTO INAMBARI,SANDIA,SANDIA,OFICIAL_ORIGINAL,True,False
2661895,"CONSTRUCCION DE ESTACION DE BOMBEO DE AGUA, LÍNEA DE IMPULSIÓN Y CAPTACION DE AGUA  EN EL(LA) SERVICIO DE AGUA - SECTOR JAQUE JIWATA CUCHO  DISTRITO DE PLATERIA, PROVINCIA PUNO, DEPARTAMENTO PUNO",210112,210102,PLATERIA,ACORA,PUNO,PUNO,OFICIAL_ORIGINAL,False,False
2554824,"CONSTRUCCION DE SISTEMA DE ABASTECIMIENTO DE AGUA POTABLE EN EL(LA) SECTOR SANTIAGO PAMPA,  DISTRITO DE ALTO INAMBARI, PROVINCIA SANDIA, DEPARTAMENTO PUNO",211209,211209,ALTO INAMBARI,ALTO INAMBARI,SANDIA,SANDIA,OFICIAL_ORIGINAL,True,False
2520152,"CONSTRUCCION DE RED DE ALCANTARILLADO EN EL(LA) JIRON HORTENCIA ARANA 2 CUADRA 3 4 Y 5, JIRON UNION, JIRON ARAPA CUADRA 1 Y 2, JIRON SAN ROMAN CUADRA 7 Y 8, JIRON TACNA CUADRA 3 Y 4, JIRON PUNO CUADRA 1 3 Y 4, EN EL BARRIO CONRADO KRETZ LENZ, DISTRITO DE ARAPA, PROVINCIA AZANGARO, DEPARTAMENTO PUNO",210203,210203,ARAPA,ARAPA,AZANGARO,AZANGARO,OFICIAL_ORIGINAL,True,False
2686444,CREACION DEL SERVICIO DE AGUA POTABLE RURAL Y CREACION DEL SERVICIO DE ALCANTARILLADO U OTRAS FORMAS DE DISPOSICIÓN SANITARIA DE EXCRETAS EN LA COMUNIDAD TANCUAÑA DEL   DISTRITO DE CABANILLA DE LA PROVINCIA DE LAMPA DEL DEPARTAMENTO DE PUNO,210702,210702,CABANILLA,CABANILLA,LAMPA,LAMPA,OFICIAL_ORIGINAL,True,False
2348260,"MEJORAMIENTO Y AMPLIACION DEL SISTEMA DE AGUA POTABLE Y SANEAMIENTO RURAL EN  SECTORES PAJCHANI, ESTANCIA Y CALLAZA PATA, CENTRO POBLADO DE CALLAZA - DISTRITO DE HUACULLANI - PROVINCIA DE CHUCUITO - DEPARTAMENTO DE PUNO",210403,210403,HUACULLANI,HUACULLANI,CHUCUITO,CHUCUITO,OFICIAL_ORIGINAL,True,False
2330351,"MEJORAMIENTO Y AMPLIACIÓN DEL SERVICIO DE AGUA POTABLE Y SANEAMIENTO BÁSICO EN LA PARCIALIDAD  DE COTOHOCO, DISTRITO DE KELLUYO - CHUCUITO - PUNO",210404,210404,KELLUYO,KELLUYO,CHUCUITO,CHUCUITO,APROXIMADA_LOCALIDAD,True,False
2281956,CREACION DEL  SISTEMA DE AGUA POTABLE Y SANEAMIENTO BASICO INTEGRAL EN LA COMUNIDAD CAMPESINA DE PATACOLLANA - DISTRITO DE ASILLO - PROVINCIA DE AZANGARO - DEPARTAMENTO DE PUNO,210204,210204,ASILLO,ASILLO,AZANGARO,AZANGARO,APROXIMADA_DISTRITO,True,False
2244930,"INSTALACION DEL SERVICIO DE AGUA POTABLE Y DISPOSICION DE EXCRETAS EN EL CENTRO POBLADO DE LLACHON, DISTRITO DE CAPACHICA - PUNO - PUNO",210105,210105,CAPACHICA,CAPACHICA,PUNO,PUNO,APROXIMADA_LOCALIDAD,True,False
2608392,"ADQUISICION DE TERRENO EN EL(LA) EN SECTOR COMERCOCHA Y SECTOR CALLPUYO DE LA COMUNIDAD CALLPUYO PARA CAPTACION Y PLANTA DE TRATAMIENTO DE AGUA POTABLE DEL  DISTRITO DE AJOYANI, PROVINCIA CARABAYA, DEPARTAMENTO PUNO",210302,210302,AJOYANI,AJOYANI,CARABAYA,CARABAYA,OFICIAL_ORIGINAL,True,False
2505536,MEJORAMIENTO Y AMPLIACION DEL SISTEMA DE AGUA POTABLE Y TRATAMIENTO DE EXCRETAS EN LA COMUNIDAD LLANCA DEL DISTRITO DE PARATIA - PROVINCIA DE LAMPA - DEPARTAMENTO DE PUNO,210707,210707,PARATIA,PARATIA,LAMPA,LAMPA,OFICIAL_ORIGINAL,True,False
2225512,"MEJORAMIENTO DEL SISTEMA DEL SISTEMA DE AGUA POTABLE Y SANEAMIENTO BASICO EN EL CENTRO POBLADO POTONI, DISTRITO DE SINA - SAN ANTONIO DE PUTINA - PUNO",211005,211005,SINA,SINA,SAN ANTONIO DE PUTINA,SAN ANTONIO DE PUTINA,APROXIMADA_LOCALIDAD,True,False
2308929,"MEJORAMIENTO Y AMPLIACION DEL SISTEMA INTEGRAL DE AGUA POTABLE Y SANEAMIENTO BASICO EN LA LOCALIDAD DE QUIACA Y C.C. PHOQUERA CHICO, DISTRITO DE QUIACA - SANDIA - PUNO",211206,211206,QUIACA,QUIACA,SANDIA,SANDIA,APROXIMADA_DISTRITO,True,False
2151063,"AMPLIACION, MEJORAMIENTO DE SERVICIO DE SANEAMIENTO BASICO INTEGRAL EN LA COMUNIDAD CAMPESINA DE BUENOS AIRES, DISTRITO DE QUILCAPUNCU - SAN ANTONIO DE PUTINA - PUNO",211004,211004,QUILCAPUNCU,QUILCAPUNCU,SAN ANTONIO DE PUTINA,SAN ANTONIO DE PUTINA,APROXIMADA_LOCALIDAD,True,False
2588792,"CREACION DEL SERVICIO DE ALCANTARILLADO U OTRAS FORMAS DE DISPOSICIÓN SANITARIA DE EXCRETAS EN LA  COMUNIDAD CAMPESINA DE CARCARANI  DEL CENTRO POBLADO DE SAN MIGUEL  DE  TIQUI TIQUI,   DISTRITO DE VILQUE CHICO DE LA PROVINCIA DE HUANCANE DEL DEPARTAMENTO DE PUNO",210608,210608,VILQUE CHICO,VILQUE CHICO,HUANCANE,HUANCANE,OFICIAL_ORIGINAL,True,False
2309357,"CREACION DEL SISTEMA DE AGUA POTABLE Y SANEAMIENTO BASICO INTEGRAL EN LOS CENTROS POBLADOS DE SULCACATURA II Y SULCACATURA I CHOQUETANCA CORPA FLORES, DISTRITO DE ILAVE, PROVINCIA DE EL COLLAO - PUNO",210501,210501,ILAVE,ILAVE,EL COLLAO,EL COLLAO,APROXIMADA_DISTRITO,True,False
2308522,"CREACION DEL SISTEMA DE AGUA POTABLE Y SANEAMIENTO BASICO INTEGRAL EN LAS COMUNIDADES JANCCOCCOLLO Y CHALLAPUJO DEL DISTRITO DE ILAVE, PROVINCIA DE EL COLLAO - PUNO",210501,210501,ILAVE,ILAVE,EL COLLAO,EL COLLAO,APROXIMADA_DISTRITO,True,False
2190201,"MEJORAMIENTO Y AMPLIACION DE LOS SERVICIOS DE AGUA POTABLE Y DESAGÜE EN LA CIUDAD DE MACUSANI, DISTRITO DE MACUSANI, PROVINCIA DE CARABAYA - PUNO",210301,210301,MACUSANI,MACUSANI,CARABAYA,CARABAYA,APROXIMADA_DISTRITO,True,False
2733673,MEJORAMIENTO Y AMPLIACION DEL SERVICIO DE AGUA POTABLE RURAL Y MEJORAMIENTO Y AMPLIACION DEL SERVICIO DE SANEAMIENTO - ALCANTARILLADO SANITARIO RURAL EN EL CENTRO POBLADO DE AYMAÑA EN EL   DISTRITO DE CORANI DE LA PROVINCIA DE CARABAYA DEL DEPARTAMENTO DE PUNO,210305,210305,CORANI,CORANI,CARABAYA,CARABAYA,OFICIAL_ORIGINAL,True,False
2422591,"ADQUISICIÓN DE VÁLVULAS DE CONTROL Y VÁLVULA DE AIRE EN EL(LA) SISTEMA DE DISTRIBUCIÓN DE AGUA POTABLE DE LA EPS SEDAJULIACA S.A. EN LA LOCALIDAD JULIACA, DISTRITO DE JULIACA, PROVINCIA SAN ROMAN, DEPARTAMENTO PUNO",211101,211101,JULIACA,JULIACA,SAN ROMAN,SAN ROMAN,OFICIAL_ORIGINAL,True,False
2187650,"AMPLIACION Y MEJORAMIENTO DEL SISTEMA DE AGUA POTABLE Y ALCANTARILLADO, EN EL CENTRO POBLADO VILLA QUEÑUANI, DISTRITO DE YUNGUYO, PROVINCIA DE YUNGUYO - PUNO",211301,211301,YUNGUYO,YUNGUYO,YUNGUYO,YUNGUYO,APROXIMADA_DISTRITO,True,False
2168919,"CONSTRUCCION DEL SISTEMA DE AGUA POTABLE Y SANEAMIENTO BASICO DEL CENTRO POBLADO SAN JUAN DE YARIHUANI, DISTRITO CONDURIRI,  PROVINCIA EL COLLAO, DEPARTAMENTO DE PUNO",210505,210505,CONDURIRI,CONDURIRI,EL COLLAO,EL COLLAO,APROXIMADA_LOCALIDAD,True,False
2191605,"MEJORAMIENTO Y AMPLIACION DEL SERVICIO DE AGUA POTABLE Y DISPOSICION SANITARIA DE EXCRETAS EN LOS SECTORES IZCUCHACA Y PAMPA CHUA CHUA DEL CENTRO POBLADO CHUA CHUA, DISTRITO ZEPITA - CHUCUITO - PUNO",210407,210407,ZEPITA,ZEPITA,CHUCUITO,CHUCUITO,APROXIMADA_LOCALIDAD,True,False
2183865,"MEJORAMIENTO Y AMPLIACIÓN DE LOS SERVICIOS DE AGUA POTABLE Y DISPOSICIÓN SANITARIA DE EXCRETAS  DE LA COMUNIDAD CAMPESINA DE JACHACACHI, CENTRO  POBLADO TOTORANI, DISTRITO DE ACORA, PUNO - PUNO",210102,210102,ACORA,ACORA,PUNO,PUNO,APROXIMADA_DISTRITO,True,False
2189454,"MEJORAMIENTO Y AMPLIACION DEL SERVICIO DE AGUA POTABLE Y DISPOSICION SANITARIA DE EXCRETAS EN LA COMUNIDAD CAMPESINA DE TAMBILLO, DISTRITO POMATA - CHUCUITO - PUNO",210406,210406,POMATA,POMATA,CHUCUITO,CHUCUITO,APROXIMADA_LOCALIDAD,True,False
2191606,"MEJORAMIENTO Y AMPLIACION DE LOS SERVICIOS DE AGUA POTABLE Y DISPOSICION SANITARIA DE EXCRETAS EN LOS SECTORES CHALLAJAHUIRA, CENTRAL JACHAPAMPA BAJA Y LIQUINA BAJA, DE LA COMUNIDAD CAMPESINA JACHAPAMPA, DISTRITO ZEPITA - CHUCUITO - PUNO",210407,210407,ZEPITA,ZEPITA,CHUCUITO,CHUCUITO,APROXIMADA_DISTRITO,True,False
2616798,AMPLIACION DEL SERVICIO DE AGUA POTABLE RURAL Y MEJORAMIENTO DEL SERVICIO DE ALCANTARILLADO U OTRAS FORMAS DE DISPOSICIÓN SANITARIA DE EXCRETAS EN EL CENTRO POBLADO DE ITUATA   DISTRITO DE ITUATA DE LA PROVINCIA DE CARABAYA DEL DEPARTAMENTO DE PUNO,210307,210307,ITUATA,ITUATA,CARABAYA,CARABAYA,OFICIAL_ORIGINAL,True,False
2624359,MEJORAMIENTO Y AMPLIACION DEL SERVICIO DE AGUA POTABLE RURAL Y MEJORAMIENTO Y AMPLIACION DEL SERVICIO DE ALCANTARILLADO U OTRAS FORMAS DE DISPOSICIÓN SANITARIA DE EXCRETAS EN COMUNIDAD DE TAYPE  DE CENTRO POBLADO TAYPE DISTRITO DE AYAPATA DE LA PROVINCIA DE CARABAYA DEL DEPARTAMENTO DE PUNO,210303,210303,AYAPATA,AYAPATA,CARABAYA,CARABAYA,OFICIAL_ORIGINAL,True,False
2663725,"CONSTRUCCION DE RED DE ALCANTARILLADO Y CONEXIONES DOMICILIARIAS DE AGUA POTABLE EN EL(LA) JR CHAJCRAPI  DISTRITO DE LAMPA, PROVINCIA LAMPA, DEPARTAMENTO PUNO",210701,210701,LAMPA,LAMPA,LAMPA,LAMPA,OFICIAL_ORIGINAL,True,False
2626767,AMPLIACION DEL SERVICIO DE AGUA POTABLE URBANO Y MEJORAMIENTO DEL SERVICIO DE ALCANTARILLADO EN EL BARRIO SELVA ALEGRE DE LA CIUDAD DE SANDIA   DISTRITO DE SANDIA DE LA PROVINCIA DE SANDIA DEL DEPARTAMENTO DE PUNO,211201,211201,SANDIA,SANDIA,SANDIA,SANDIA,OFICIAL_ORIGINAL,True,False
2702992,CREACION DEL SERVICIO DE AGUA POTABLE RURAL Y CREACION DEL SERVICIO DE ALCANTARILLADO U OTRAS FORMAS DE DISPOSICIÓN SANITARIA DE EXCRETAS EN EL SISTEMA DE AGUA POTABLE Y SISTEMA DE DISPOSICIÓN SANITARIA DE EXCRETAS EN EL SECTOR CCOLLOCOLLO DE LA COMUNIDAD DE KUNURANA BAJO   DISTRITO DE SANTA ROSA DE LA PROVINCIA DE MELGAR DEL DEPARTAMENTO DE PUNO,210808,210808,SANTA ROSA,SANTA ROSA,MELGAR,MELGAR,OFICIAL_ORIGINAL,True,False
2728587,"RENOVACION DE TUBERIA EN EL(LA) RED DE ALCANTARILLADO DE LA AVENIDA HIPOLITO UNANUE (CUADRA 1 Y 3)  DISTRITO DE JULIACA, PROVINCIA SAN ROMAN, DEPARTAMENTO PUNO",211101,211101,JULIACA,JULIACA,SAN ROMAN,SAN ROMAN,OFICIAL_ORIGINAL,True,False
2693584,"CREACION DEL SERVICIO DE AGUA POTABLE RURAL Y CREACION DEL SERVICIO DE ALCANTARILLADO U OTRAS FORMAS DE DISPOSICIÓN SANITARIA DE EXCRETAS EN LOS SECTORES DE JUPARI, ANEXO JUPARI Y CALACHINA (JUPARI KELONE) DE LA LOCALIDAD DE PIAS JUPARI DEL   DISTRITO DE NICASIO DE LA PROVINCIA DE LAMPA DEL DEPARTAMENTO DE PUNO",210704,210704,NICASIO,NICASIO,LAMPA,LAMPA,OFICIAL_ORIGINAL,True,False
2611920,"ADQUISICION DE TERRENO EN EL(LA) COMUNIDAD DE CAYATOCCO DE LA CAPTACION CARCATIRA PARA EL SISTEMA DE AGUA POTABLE  DISTRITO DE AJOYANI, PROVINCIA CARABAYA, DEPARTAMENTO PUNO",210302,210302,AJOYANI,AJOYANI,CARABAYA,CARABAYA,OFICIAL_ORIGINAL,True,False
2239672,"INSTALACION DEL SISTEMA DE AGUA POTABLE Y DISPOSICION DE EXCRETAS EN LA C.C. LIMATA, DISTRITO DE ANANEA - SAN ANTONIO DE PUTINA - PUNO",211002,211002,ANANEA,ANANEA,SAN ANTONIO DE PUTINA,SAN ANTONIO DE PUTINA,APROXIMADA_DISTRITO,True,False
2707105,"CONSTRUCCION DE CAPTACION DE AGUA , ESTACION DE BOMBEO DE AGUA Y LINEA DE IMPULSION EN EL(LA) AMBITO DE LA COMUNIDAD CCOTA DISTRITO DE PLATERIA, PROVINCIA PUNO, DEPARTAMENTO PUNO",210112,210112,PLATERIA,PLATERIA,PUNO,PUNO,OFICIAL_ORIGINAL,True,False
2054245,"MEJORAMIENTO Y AMPLIACION  DEL SISTEMA INTEGRAL DE AGUA POTABLE  Y ALCANTARILLADO  DE LAMPA, PROVINCIA DE LAMPA - PUNO",210701,210701,LAMPA,LAMPA,LAMPA,LAMPA,APROXIMADA_DISTRITO,True,False
2343044,"MEJORAMIENTO Y AMPLIACION DEL SERVICIO DE AGUA POTABLE Y SANEAMIENTO EN LA COMUNIDAD SANTA CRUZ DE MIJANI Y COMUNIDAD SANTA ROSA DE UYUNI, DISTRITO DE PUTINA, PROVINCIA DE SAN ANTONIO DE PUTINA - PUNO",211001,211001,PUTINA,PUTINA,SAN ANTONIO DE PUTINA,SAN ANTONIO DE PUTINA,APROXIMADA_DISTRITO,True,False
2301262,"MEJORAMIENTO DEL SISTEMA DE AGUA POTABLE Y SANEAMIENTO BASICO RURAL EN LOS SECTORES DE MACHAHUYO, CENTRAL, NUEVA BELLAVISTA, BOLOGNESI Y UJANAPA PATACAMAYA DEL CENTRO POBLADO DE  SANQUIRA, DISTRITO DE YUNGUYO, PROVINCIA DE YUNGUYO - PUNO",211301,211301,YUNGUYO,YUNGUYO,YUNGUYO,YUNGUYO,APROXIMADA_LOCALIDAD,True,False
2189486,"MEJORAMIENTO Y AMPLIACION DEL SERVICIO DE AGUA POTABLE Y DISPOSICION SANITARIA DE EXCRETAS EN LOS SECTORES CHOCCÑAPAMPA BAJO Y POCOAQUI DE LA COMUNIDAD CAMPESINA HUAPACA SANTIAGO, DISTRITO POMATA - CHUCUITO - PUNO",210406,210406,POMATA,POMATA,CHUCUITO,CHUCUITO,APROXIMADA_DISTRITO,True,False
2183864,"MEJORAMIENTO Y AMPLIACIÓN DE LOS SERVICIOS DE AGUA POTABLE Y DISPOSICIÓN SANITARIA DE EXCRETAS  DE LA PARCIALIDAD DE IMATA, CENTRO  POBLADO AYRUMAS CARUMAS, DISTRITO DE ACORA, PUNO - PUNO.",210000,210102,- TODOS -,ACORA,- TODOS -,PUNO,APROXIMADA_DISTRITO,False,True
2189482,MEJORAMIENTO Y AMPLIACION DEL SERVICIO DE AGUA POTABLE Y DISPOSICION SANITARIA DE EXCRETAS EN LA COMUNIDAD CAMPESINA ISCUANI DISTRITO POMATA - CHUCUITO - PUNO,210406,210406,POMATA,POMATA,CHUCUITO,CHUCUITO,APROXIMADA_DISTRITO,True,False
2189346,"MEJORAMIENTO Y AMPLIACION DE LOS SERVICIOS DE AGUA POTABLE Y DISPOSICIÓN SANITARIA DE EXCRETAS DE LA COMUNIDAD CAMPESINA DE CUYURAYA, DISTRITO DE HUANCANÉ, HUANCANÉ - PUNO",210601,210601,HUANCANE,HUANCANE,HUANCANE,HUANCANE,APROXIMADA_DISTRITO,True,False
2030691,MEJORAMIENTO DE LAS CAMARAS DE BOMBEO DEL SISTEMA DE ALCANTARILLADO Y LA CAPTACION DE AGUA CRUDA EN JULIACA,211101,211101,JULIACA,JULIACA,SAN ROMAN,SAN ROMAN,APROXIMADA_DISTRITO,True,False
2603481,MEJORAMIENTO Y AMPLIACION DEL SERVICIO DE ALCANTARILLADO U OTRAS FORMAS DE DISPOSICIÓN SANITARIA DE EXCRETAS EN CHIMBO   DISTRITO DE CUTURAPI DE LA PROVINCIA DE YUNGUYO DEL DEPARTAMENTO DE PUNO,211304,211304,CUTURAPI,CUTURAPI,YUNGUYO,YUNGUYO,OFICIAL_ORIGINAL,True,False
2706389,"CREACION DEL SERVICIO DE AGUA POTABLE RURAL EN LA COMUNIDAD DE JATUN AYLLU, SECTOR AHUALLANI  DEL   DISTRITO DE PUSI DE LA PROVINCIA DE HUANCANE DEL DEPARTAMENTO DE PUNO",210605,210605,PUSI,PUSI,HUANCANE,HUANCANE,OFICIAL_ORIGINAL,True,False
2663297,"CONSTRUCCION DE POZO, ESTACION DE BOMBEO DE AGUA, PTAP Y LÍNEA DE IMPULSIÓN ADEMÁS DE OTROS ACTIVOS EN EL(LA) COMUNIDAD CAMPESINA DE JALLAMILLA DEL CENTRO POBLADO DE TIUTIRI ANTAMARCA DEL DISTRITO DE ILAVE, PROVINCIA EL COLLAO, DEPARTAMENTO PUNO",210501,210501,ILAVE,ILAVE,EL COLLAO,EL COLLAO,OFICIAL_ORIGINAL,True,False
2698506,"CONSTRUCCION DE SISTEMA DE ABASTECIMIENTO DE AGUA POTABLE EN EL(LA) COMUNIDAD DE YANACOCHA  DISTRITO DE ALTO INAMBARI, PROVINCIA SANDIA, DEPARTAMENTO PUNO",211209,211209,ALTO INAMBARI,ALTO INAMBARI,SANDIA,SANDIA,OFICIAL_ORIGINAL,True,False
2667907,"REPARACION DE LÍNEA DE CONDUCCIÓN EN EL(LA) SERVICIO DEL SISTEMA DE AGUA POTABLE EN LA COMUNIDAD DE LLUSTA  DISTRITO DE SANTA ROSA, PROVINCIA EL COLLAO, DEPARTAMENTO PUNO",210504,210504,SANTA ROSA,SANTA ROSA,EL COLLAO,EL COLLAO,OFICIAL_ORIGINAL,True,False
2733226,"ADQUISICION DE ESTACION DE BOMBEO DE AGUA Y ESTACION DE BOMBEO DE DESAGÜE EN EL(LA) UNIDAD DE GESTIÓN ADMINISTRADORA DE SERVICIOS DE SANEAMIENTO (UGASS - ILAVE) DEL  DISTRITO DE ILAVE, PROVINCIA EL COLLAO, DEPARTAMENTO PUNO",210501,210501,ILAVE,ILAVE,EL COLLAO,EL COLLAO,OFICIAL_ORIGINAL,True,False
2733217,CREACION DEL SERVICIO DE ALCANTARILLADO U OTRAS FORMAS DE DISPOSICIÓN SANITARIA DE EXCRETAS EN THIUNI  DE CENTRO POBLADO CHACANEQUE DISTRITO DE SAN GABAN DE LA PROVINCIA DE CARABAYA DEL DEPARTAMENTO DE PUNO,210309,210309,SAN GABAN,SAN GABAN,CARABAYA,CARABAYA,OFICIAL_ORIGINAL,True,False
2701472,"CONSTRUCCION DE CAPTACION DE AGUA  Y LINEA DE CONDUCCION EN EL(LA) SISTEMA DE AGUA POTABLE DE LA LOCALIDAD DE AJOYANI  DISTRITO DE AJOYANI, PROVINCIA CARABAYA, DEPARTAMENTO PUNO",210302,210302,AJOYANI,AJOYANI,CARABAYA,CARABAYA,OFICIAL_ORIGINAL,True,False
2499992,"CONSTRUCCION DE CONEXIONES DOMICILIARIAS DE AGUA POTABLE Y RED DE ALCANTARILLADO EN EL(LA) BARRIO SAN FELIPE DE LA LOCALIDAD DE ANANEA DEL DISTRITO DE ANANEA, PROVINCIA SAN ANTONIO DE PUTINA, DEPARTAMENTO PUNO",211002,211002,ANANEA,ANANEA,SAN ANTONIO DE PUTINA,SAN ANTONIO DE PUTINA,OFICIAL_ORIGINAL,True,False
2300882,"MEJORAMIENTO Y AMPLIACION DEL SERVICIO DE AGUA POTABLE Y  DISPOSICION SANITARIA DE EXCRETAS EN LA COMUNIDAD CAMPESINA DE CHILLORA Y SAN CRISTOBAL, DISTRITO DE CAPACHICA - PUNO - PUNO",210105,210105,CAPACHICA,CAPACHICA,PUNO,PUNO,APROXIMADA_DISTRITO,True,False
2455166,AMPLIACION DEL SISTEMA DE AGUA POTABLE EN EL SECTOR LLANCACO CHICO DEL DISTRITO DE CAPACHICA - PROVINCIA DE PUNO - DEPARTAMENTO DE PUNO,210105,210105,CAPACHICA,CAPACHICA,PUNO,PUNO,OFICIAL_ORIGINAL,True,False
2607717,"MEJORAMIENTO DEL SERVICIO DE AGUA POTABLE RURAL EN LA COMUNIDAD DE SAN ANTONIO DE CHUJURA, Y LA RECUPERACION DE LA CAPACIDAD OPERATIVA INTEGRAL DEL SERVICIO   DISTRITO DE CARACOTO DE LA PROVINCIA DE SAN ROMAN DEL DEPARTAMENTO DE PUNO",211104,211104,CARACOTO,CARACOTO,SAN ROMAN,SAN ROMAN,OFICIAL_ORIGINAL,True,False
2110966,"CONSTRUCCION DE SISTEMA DE ABASTECIMIENTO DE AGUA POTABLE CALAHUANCANI, DISTRITO DE PISACOMA - CHUCUITO - PUNO",210405,210405,PISACOMA,PISACOMA,CHUCUITO,CHUCUITO,APROXIMADA_DISTRITO,True,False
2215707,"MEJORAMIENTO Y AMPLIACION DEL SERVICIO DE AGUA POTABLE Y SANEAMIENTO EN EL CENTRO POBLADO DE HUAPACA SAN MIGUEL, DISTRITO DE POMATA - CHUCUITO - PUNO",210406,210406,POMATA,POMATA,CHUCUITO,CHUCUITO,APROXIMADA_LOCALIDAD,True,False
2492703,"ADQUISICION DE TERRENO EN EL(LA) CENTRO POBLADO DE YANAMAYO PARA LA CONSTRUCCIÓN DE LA PLANTA DE TRATAMIENTO DE AGUAS RESIDUALES DEL PROYECTO MEJORAMIENTO Y REHABILITACION DEL SISTEMA DE AGUA POTABLE, ALCANTARILLADO E INSTALACION DEL SISTEMA DE TRATAMIENTO DE AGUAS SERVIDAS EN LA LOCALIDAD YANAMAYO, DISTRITO DE SAN JUAN DEL ORO, PROVINCIA SANDIA, DEPARTAMENTO PUNO",211207,211207,SAN JUAN DEL ORO,SAN JUAN DEL ORO,SANDIA,SANDIA,OFICIAL_ORIGINAL,True,False
2301221,"MEJORAMIENTO Y AMPLIACION DEL SISTEMA DEL AGUA POTABLE  Y DISPOSICION SANITARIA DE EXCRETAS EN LAS PARCIALIDADES HUANACAMAYA Y 24 DE JUNIO, DISTRITO DE SANTA ROSA - EL COLLAO - PUNO",210504,210504,SANTA ROSA,SANTA ROSA,EL COLLAO,EL COLLAO,APROXIMADA_DISTRITO,True,False
2314109,"MEJORAMIENTO Y AMPLIACION DEL SERVICIO DE AGUA POTABLE , ALCATARILLADO Y  TRATAMIENTO DE AGUAS RESIDUALES EN LA CAPITAL DEL, DISTRITO DE SAN JUAN DEL ORO - SANDIA - PUNO",211207,211207,SAN JUAN DEL ORO,SAN JUAN DEL ORO,SANDIA,SANDIA,APROXIMADA_DISTRITO,True,False
2146426,"CONSTRUCCION DE SERVICIOS HIGIENICOS EN EL BARRIO MERCADO , DISTRITO DE TIRAPATA - AZANGARO - PUNO",210215,210215,TIRAPATA,TIRAPATA,AZANGARO,AZANGARO,APROXIMADA_DISTRITO,True,False
2489422,MEJORAMIENTO DEL SERVICIO DE AGUA POTABLE Y ALCANTARILLADO EN EL CENTRO POBLADO DE SALLACCONI DEL DISTRITO DE USICAYOS - PROVINCIA DE CARABAYA - DEPARTAMENTO DE PUNO,210310,210310,USICAYOS,USICAYOS,CARABAYA,CARABAYA,OFICIAL_ORIGINAL,True,False
2310158,"MEJORAMIENTO Y AMPLIACIÓN DE LOS SERVICIOS DE AGUA POTABLE Y SANEAMIENTO BÁSICO DE LAS LOCALIDADES DE LEÓN, CATARI, POMA Y ANCARUYO RIVA DEL C.P. DE JOSÉ CARLOS MARIÁTEGUI, DISTRITO DE ZEPITA - CHUCUITO - PUNO",210407,210407,ZEPITA,ZEPITA,CHUCUITO,CHUCUITO,APROXIMADA_DISTRITO,True,False
2037260,CREACION DEL SERVICIO DE AGUA POTABLE Y SANEAMIENTO EN LA COMUNIDAD CAMPESINA DE ALFARO PUCARANI - DISTRITO DE ILAVE - PROVINCIA DE EL COLLAO - DEPARTAMENTO DE PUNO,210501,210501,ILAVE,ILAVE,EL COLLAO,EL COLLAO,APROXIMADA_DISTRITO,True,False
2150129,"INSTALACION DEL SISTEMA DE AGUA POTABLE Y ALCANTARILLADO EN EL BARRIO  PACHACUTEC Y CALLES ALEDAÑAS DE LA CIUDAD DE ILAVE, PROVINCIA DE EL COLLAO - PUNO",210501,210501,ILAVE,ILAVE,EL COLLAO,EL COLLAO,APROXIMADA_DISTRITO,True,False
2158238,"INSTALACION DE  SISTEMA DE ABASTECIMIENTO DE AGUA POTABLE Y LETRINAS   EN LAS  COMUNIDADES  DE  CHOQUESANI, COLQUEMARCA, CACHUYO SOLLOCOTAÑA Y  SECTORES ALEDAÑAS DEL  DISTRITO DE ORURILLO ,, PROVINCIA DE MELGAR - PUNO",210807,210807,ORURILLO,ORURILLO,MELGAR,MELGAR,APROXIMADA_LOCALIDAD,True,False
2422744,"RENOVACIÓN DE RESERVORIOS EN EL(LA) DEL SISTEMA DE AGUA POTABLE DEL DISTRITO DE CARACOTO (POR PROCESO DE INTEGRACIÓN DEL DISTRITO DE CARACOTO A LA EPS SEDAJULIACA S.A.) EN LA LOCALIDAD CARACOTO, DISTRITO DE CARACOTO, PROVINCIA SAN ROMAN, DEPARTAMENTO PUNO",211104,211104,CARACOTO,CARACOTO,SAN ROMAN,SAN ROMAN,OFICIAL_ORIGINAL,True,False
2702192,"REMODELACION DE SISTEMA DE ABASTECIMIENTO DE AGUA POTABLE EN EL(LA) MEDIANTE EL SISTEMA DE BOMBEO FOTOVOLTAICO EN EL SECTOR DE NUEVA ESPERANZA Y ALTO ALIANZA DE LA COMUNIDAD DE CHACOCOLLO  DISTRITO DE KELLUYO, PROVINCIA CHUCUITO, DEPARTAMENTO PUNO",210404,210404,KELLUYO,KELLUYO,CHUCUITO,CHUCUITO,OFICIAL_ORIGINAL,True,False
2669859,MEJORAMIENTO Y AMPLIACION DEL SERVICIO DE AGUA POTABLE RURAL Y MEJORAMIENTO Y AMPLIACION DEL SERVICIO DE ALCANTARILLADO U OTRAS FORMAS DE DISPOSICIÓN SANITARIA DE EXCRETAS EN LA PARCIALIDAD DE JAPISSE   DISTRITO DE CONIMA DE LA PROVINCIA DE MOHO DEL DEPARTAMENTO DE PUNO,210902,210902,CONIMA,CONIMA,MOHO,MOHO,OFICIAL_ORIGINAL,True,False
2706698,MEJORAMIENTO DEL SERVICIO DE AGUA POTABLE RURAL EN EL SECTOR CHIMUNO DE LA COMUNIDAD DE APABUCO   DISTRITO DE SANDIA DE LA PROVINCIA DE SANDIA DEL DEPARTAMENTO DE PUNO,211201,211201,SANDIA,SANDIA,SANDIA,SANDIA,OFICIAL_ORIGINAL,True,False
2724516,"ADQUISICION DE EQUIPO DE BOMBEO EN EL(LA) ESTACIÓN DE BOMBEO DE AGUAS RESIDUALES TAMBOPATA DE LA EPS SEDAJULIACA S.A.  DISTRITO DE JULIACA, PROVINCIA SAN ROMAN, DEPARTAMENTO PUNO",211101,211101,JULIACA,JULIACA,SAN ROMAN,SAN ROMAN,OFICIAL_ORIGINAL,True,False
2711060,"CREACION DEL SERVICIO DE DRENAJE PLUVIAL EN EL JR. JOSÉ CARLOS MARIÁTEGUI, JR. NUEVA AMÉRICA Y CALLE 10 DEL BARRIO REVOLUCIÓN Y LIZANDRO LUNA DE LA ZONA URBANA DEL   DISTRITO DE AZANGARO DE LA PROVINCIA DE AZANGARO DEL DEPARTAMENTO DE PUNO",210201,210201,AZANGARO,AZANGARO,AZANGARO,AZANGARO,OFICIAL_ORIGINAL,True,False
2681236,CREACION DEL SERVICIO DE AGUA POTABLE RURAL Y CREACION DEL SERVICIO DE ALCANTARILLADO U OTRAS FORMAS DE DISPOSICIÓN SANITARIA DE EXCRETAS EN LA COMUNIDAD CAMPESINA DE CRUZ PATA DEL   DISTRITO DE ALTO INAMBARI DE LA PROVINCIA DE SANDIA DEL DEPARTAMENTO DE PUNO,211209,211209,ALTO INAMBARI,ALTO INAMBARI,SANDIA,SANDIA,OFICIAL_ORIGINAL,True,False
2602400,MEJORAMIENTO DEL SERVICIO DE AGUA POTABLE RURAL EN LA COMUNIDAD DE AMPATIRI   DISTRITO DE POMATA DE LA PROVINCIA DE CHUCUITO DEL DEPARTAMENTO DE PUNO,210406,210406,POMATA,POMATA,CHUCUITO,CHUCUITO,OFICIAL_ORIGINAL,True,False
2283532,"MEJORAMIENTO DEL SERVICIO DE DISPOSICIÓN SANITARIA DE EXCRETAS EN LOS SECTORES DE CHACALLAPI, ACHOCALLANI, TOTOROMA A, TOTOROMA B, SAJSUYO, JAPURANI Y HUARIPUJO EN EL CENTRO POBLADO DE HUACANI DEL, DISTRITO DE POMATA - CHUCUITO - PUNO",210406,210406,POMATA,POMATA,CHUCUITO,CHUCUITO,APROXIMADA_DISTRITO,True,False
2587387,"CREACION DEL SISTEMA DE AGUA POTABLE Y DISPOSICION SANITARIA DE EXCRETAS EN LAS COMUNIDADES DE PEPIACHI, CAMPUCO, MATARO GRANDE, TITIRI Y LAS PARCIALIDADES DE IQUILO PALANGANA, Y RACASCO 6 LOCALIDADES DEL DISTRITO DE SANTIAGO DE PUPUJA - PROVINCIA DE AZANGARO - DEPARTAMENTO DE PUNO",210214,210214,SANTIAGO DE PUPUJA,SANTIAGO DE PUPUJA,AZANGARO,AZANGARO,OFICIAL_ORIGINAL,True,False
2550559,AMPLIACION DEL SISTEMA DE DESAGÜE EN LA AV. JULIACA-HUANCANE TRAMO JIRÓN PENTECOSTÉS A PTAR DEL  DISTRITO DE TARACO - PROVINCIA DE HUANCANE - DEPARTAMENTO DE PUNO,210607,210607,TARACO,TARACO,HUANCANE,HUANCANE,OFICIAL_ORIGINAL,True,False
2388065,CREACION DEL SERVICIO DE AGUA POTABLE Y SANEAMIENTO EN LA PARCIALIDAD DE APACHETA - DISTRITO DE ILAVE - PROVINCIA DE EL COLLAO - DEPARTAMENTO DE PUNO,210501,210501,ILAVE,ILAVE,EL COLLAO,EL COLLAO,OFICIAL_ORIGINAL,True,False
2182800,"MEJORAMIENTO Y AMPLIACION DEL SISTEMA DE ABASTECIMIENTO DE AGUA POTABLE Y SANEAMIENTO EN LAS PARCIALIDADES DE HUALLATIRI CENTRAL Y CASIMUYO HUALLATIRI DEL C.P. CASIMUYO, DISTRITO DE JULI, PROVINCIA DE CHUCUITO - PUNO",210401,210401,JULI,JULI,CHUCUITO,CHUCUITO,APROXIMADA_DISTRITO,True,False
2489265,"CREACION DEL SERVICIO DE AGUA POTABLE, ALCANTARILLADO MEJORAMIENTO Y AMPLIACION DEL PTAR PARA LA URB. PUENTE COLONIAL  EN LA LOCALIDAD DE LAMPA DEL DISTRITO DE LAMPA - PROVINCIA DE LAMPA - DEPARTAMENTO DE PUNO",210701,210701,LAMPA,LAMPA,LAMPA,LAMPA,OFICIAL_ORIGINAL,True,False
2422547,"ADQUISICIÓN DE KITS DE VÁLVULAS EN EL(LA) RESERVORIOS N° 01, 02, 03, 04, 05 Y 06 DE LA EPS SEDAJULIACA SA EN LA LOCALIDAD JULIACA, DISTRITO DE JULIACA, PROVINCIA SAN ROMAN, DEPARTAMENTO PUNO",211101,211101,JULIACA,JULIACA,SAN ROMAN,SAN ROMAN,OFICIAL_ORIGINAL,True,False
2260811,"AMPLIACION Y MEJORAMIENTO DEL SERVICIO DE AGUA POTABLE Y DISPOSICION SANITARIA DE EXCRETAS EN EL CENTRO POBLADO DE SAN SALVADOR , DISTRITO DE HUATASANI - HUANCANE - PUNO",210603,210603,HUATASANI,HUATASANI,HUANCANE,HUANCANE,APROXIMADA_DISTRITO,True,False
2187526,"MEJORAMIENTO Y AMPLIACIÓN DE LOS  SERVICIOS DE AGUA POTABLE Y DISPOSICIÓN SANITARIA DE EXCRETAS DE LA COMUNIDAD  CAMPESINA DE ÑAUPAPAMPA, DISTRITO DE ASILLO, AZÁNGARO-PUNO",210204,210204,ASILLO,ASILLO,AZANGARO,AZANGARO,APROXIMADA_DISTRITO,True,False
2654228,"CONSTRUCCION DE UNIDADES BÁSICAS DE SANEAMIENTO (UBS) EN EL(LA) SECTOR SANTA LUCIA, DE LA COMUNIDAD DE TUTACANI  DISTRITO DE JULI, PROVINCIA CHUCUITO, DEPARTAMENTO PUNO",210401,210401,JULI,JULI,CHUCUITO,CHUCUITO,OFICIAL_ORIGINAL,True,False
2651395,"CREACION DEL SERVICIO DE AGUA POTABLE RURAL Y CREACION DEL SERVICIO DE ALCANTARILLADO U OTRAS FORMAS DE DISPOSICIÓN SANITARIA DE EXCRETAS EN CENTRO POBLADO DE CENTRAL PATANI,   DISTRITO DE DESAGUADERO DE LA PROVINCIA DE CHUCUITO DEL DEPARTAMENTO DE PUNO",210402,210402,DESAGUADERO,DESAGUADERO,CHUCUITO,CHUCUITO,OFICIAL_ORIGINAL,True,False
2653245,CREACION DEL SERVICIO DE AGUA POTABLE URBANO Y CREACION DEL SERVICIO DE ALCANTARILLADO EN LA URBANIZACION VILLA LOS TRIUNFADORES DEL   DISTRITO DE CARACOTO DE LA PROVINCIA DE SAN ROMAN DEL DEPARTAMENTO DE PUNO,211104,211104,CARACOTO,CARACOTO,SAN ROMAN,SAN ROMAN,OFICIAL_ORIGINAL,True,False
2463772,"MEJORAMIENTO Y AMPLIACION DEL SISTEMA DE AGUA POTABLE, SISTEMA DE ALCANTARRILLADO Y TRATAMIENTO DE AGUAS RESIDUALES DE LA CIUDAD DE OLLACHEA DEL DISTRITO DE OLLACHEA - PROVINCIA DE CARABAYA - DEPARTAMENTO DE PUNO",210308,210308,OLLACHEA,OLLACHEA,CARABAYA,CARABAYA,OFICIAL_ORIGINAL,True,False
2273938,"INSTALACION SERVICIO DE AGUA POTABLE , LETRINAS EN LOS  SECTORES DE SURPUTIRA,CENTRAL, HUERTUYO, ANCCOCCOTA, CHOQUERUYO Y CRUZ CUNCA  DE  LA COMUNIDAD  DE CUCHUPUJIO, DISTRITO DE ORURILLO - MELGAR - PUNO",210807,210807,ORURILLO,ORURILLO,MELGAR,MELGAR,APROXIMADA_LOCALIDAD,True,False
2576123,MEJORAMIENTO Y AMPLIACION DEL SERVICIO DE AGUA POTABLE RURAL Y MEJORAMIENTO DEL SERVICIO DE ALCANTARILLADO U OTRAS FORMAS DE DISPOSICIÓN SANITARIA DE EXCRETAS EN EL SISTEMA AGUA POTABLE Y SISTEMA DE DISPOSICION SANITARIA DE EXCRETAS EN LA LOCALIDAD DE CHACAPAMPA   DISTRITO DE PATAMBUCO DE LA PROVINCIA DE SANDIA DEL DEPARTAMENTO DE PUNO,211204,211204,PATAMBUCO,PATAMBUCO,SANDIA,SANDIA,OFICIAL_ORIGINAL,True,False
2599887,MEJORAMIENTO Y AMPLIACION DEL SERVICIO DE AGUA POTABLE RURAL Y CREACION DEL SERVICIO DE ALCANTARILLADO U OTRAS FORMAS DE DISPOSICIÓN SANITARIA DE EXCRETAS EN LOS SECTORES DE SANTO TOMAS Y SANTA ROSA DE HUAYANTE DEL   DISTRITO DE SAN PEDRO DE PUTINA PUNCO DE LA PROVINCIA DE SANDIA DEL DEPARTAMENTO DE PUNO,211210,211210,SAN PEDRO DE PUTINA PUNCO,SAN PEDRO DE PUTINA PUNCO,SANDIA,SANDIA,OFICIAL_ORIGINAL,True,False
2183387,"INSTALACION EL SISTEMA DE AGUA POTABLE MEDIANTE POZOS TUBULARES EN LA COMUNIDAD DE JATUN TIRAPATA Y C.C PARCELEROS , DISTRITO DE TIRAPATA - AZANGARO - PUNO",210215,210215,TIRAPATA,TIRAPATA,AZANGARO,AZANGARO,APROXIMADA_DISTRITO,True,False
2518293,"ADQUISICION DE MEDIDOR DE CORRIENTE DE AGUA RENOVACION DE SISTEMA DE ABASTECIMIENTO DE AGUA POTABLE Y RED DE ALCANTARILLADO CONSTRUCCION DE CONEXIONES DOMICILIARIAS DE AGUA POTABLE ADEMÁS DE OTROS ACTIVOS EN EL(LA) ENTIDAD PRESTADORA DE SERVICIOS DE SANEAMIENTO NOR PUNO S.A.  DISTRITO DE AZANGARO, PROVINCIA AZANGARO, DEPARTAMENTO PUNO",210201,210201,AZANGARO,AZANGARO,AZANGARO,AZANGARO,OFICIAL_ORIGINAL,True,False
2335000,"AMPLIACION Y MEJORAMIENTO DE LOS SERVICIOS DE AGUA POTABLE Y DISPOSICIÓN SANITARIA DE EXCRETAS EN LA MICROCUENCA YANAMAYO, DISTRITO DE AZANGARO, PROVINCIA DE AZANGARO - PUNO",210201,210201,AZANGARO,AZANGARO,AZANGARO,AZANGARO,APROXIMADA_DISTRITO,True,False
2312182,"CREACION, MEJORAMIENTO DEL SERVICIO DE AGUA POTABLE Y SANEAMIENTO BÁSICO EN LOS SECTORES MOLLEBAMBA , SAN LUIS Y CENTRAL DE LA PARCIALIDAD DE CONDORMILLA ALTO, PROVINCIA DE MELGAR - PUNO",210801,210801,AYAVIRI,AYAVIRI,MELGAR,MELGAR,APROXIMADA_LOCALIDAD,True,False
2422349,"ADQUISICIÓN DE ESTACIÓN DE BOMBEO EN EL(LA) PLANTA DE TRATAMIENTO DE AGUA POTABLE - AYABACAS DE LA EPS SEDAJULIACA SA EN LA LOCALIDAD JULIACA, DISTRITO DE JULIACA, PROVINCIA SAN ROMAN, DEPARTAMENTO PUNO",211101,211101,JULIACA,JULIACA,SAN ROMAN,SAN ROMAN,OFICIAL_ORIGINAL,True,False
2422474,"ADQUISICIÓN DE SISTEMAS DE GRUPO ELECTRÓGENO DE PISTA (APU) EN EL(LA) PLANTA DE TRATAMIENTO DE AGUA POTABLE - AYABACAS DE LA EPS SEDAJULIACA SA EN LA LOCALIDAD JULIACA, DISTRITO DE JULIACA, PROVINCIA SAN ROMAN, DEPARTAMENTO PUNO",211101,211101,JULIACA,JULIACA,SAN ROMAN,SAN ROMAN,OFICIAL_ORIGINAL,True,False
2626754,CREACION DEL SERVICIO DE AGUA POTABLE RURAL EN LA COMUNIDAD DE SAN GERONIMO DE ULLAGACHI   DISTRITO DE ATUNCOLLA DE LA PROVINCIA DE PUNO DEL DEPARTAMENTO DE PUNO,210104,210104,ATUNCOLLA,ATUNCOLLA,PUNO,PUNO,OFICIAL_ORIGINAL,True,False
2189499,"MEJORAMIENTO Y AMPLIACION DEL SERVICIO DE AGUA POTABLE Y DISPOSICION SANITARIA DE EXCRETAS EN LAS PARCIALIDADES SAN FRANCISCO Y COLLINE DEL CENTRO POBLADO ARCONUMA, DISTRITO KELLUYO - CHUCUITO - PUNO",210404,210404,KELLUYO,KELLUYO,CHUCUITO,CHUCUITO,APROXIMADA_LOCALIDAD,True,False
2189506,"INSTALACION DEL SERVICIO DE AGUA POTABLE Y DISPOSICION SANITARIA DE EXCRETAS EN LA CAPITAL DEL CENTRO POBLADO TUQUINA, DISTRITO POMATA- CHUCUITO - PUNO",210406,210406,POMATA,POMATA,CHUCUITO,CHUCUITO,APROXIMADA_LOCALIDAD,True,False
2621880,CREACION DEL SERVICIO DE AGUA POTABLE RURAL Y CREACION DEL SERVICIO DE ALCANTARILLADO U OTRAS FORMAS DE DISPOSICIÓN SANITARIA DE EXCRETAS EN LA COMUNIDAD CAMPESINA DE COCHAQUINRAY DEL   DISTRITO DE JULIACA DE LA PROVINCIA DE SAN ROMAN DEL DEPARTAMENTO DE PUNO,211101,211101,JULIACA,JULIACA,SAN ROMAN,SAN ROMAN,OFICIAL_ORIGINAL,True,False
2653687,"CONSTRUCCION DE CERCO PERIMETRICO, CAPTACION DE AGUA , LÍNEA DE CONDUCCIÓN Y CÁMARA DE VÁLVULAS EN EL(LA) SISTEMA  DE AGUA POTABLE EN LA LOCALIDAD DE AJOYANI DEL  DISTRITO DE AJOYANI, PROVINCIA CARABAYA, DEPARTAMENTO PUNO",210302,210302,AJOYANI,AJOYANI,CARABAYA,CARABAYA,OFICIAL_ORIGINAL,True,False
2647568,"CONSTRUCCION DE SISTEMA DE ABASTECIMIENTO DE AGUA POTABLE EN EL(LA) SECTOR MUSPAYPAMPA EN EL CENTRO POBLADO ISILLUMA, DISTRITO DE ALTO INAMBARI, PROVINCIA SANDIA, DEPARTAMENTO PUNO",211209,211209,ALTO INAMBARI,ALTO INAMBARI,SANDIA,SANDIA,OFICIAL_ORIGINAL,True,False
2628795,"REPARACION DE CAPTACION DE AGUA , SISTEMA DE DESINFECCION Y PASE AEREO EN EL(LA) SISTEMA DE AGUA POTABLE EN LA LOCALIDAD OROYA, DISTRITO DE AYAPATA, PROVINCIA CARABAYA, DEPARTAMENTO PUNO",210303,210303,AYAPATA,AYAPATA,CARABAYA,CARABAYA,OFICIAL_ORIGINAL,True,False
2702508,"ADQUISICION DE BOMBA DE AGUA Y LINEA DE CONDUCCION EN EL(LA) PARCIALIDAD DE HUANUCOLLO- ARCOPUNCO DEL  DISTRITO DE ROSASPATA, PROVINCIA HUANCANE, DEPARTAMENTO PUNO",210606,210606,ROSASPATA,ROSASPATA,HUANCANE,HUANCANE,OFICIAL_ORIGINAL,True,False
2694963,"REMODELACION DE SISTEMA DE ABASTECIMIENTO DE AGUA POTABLE EN EL(LA) MEDIANTE EL SISTEMA DE BOMBEO FOTOVOLTAICO EN LA COMUNIDAD DE KAPIA PUSUMA DISTRITO DE KELLUYO, PROVINCIA CHUCUITO, DEPARTAMENTO PUNO",210404,210404,KELLUYO,KELLUYO,CHUCUITO,CHUCUITO,OFICIAL_ORIGINAL,True,False
2676149,"ADQUISICION DE TERRENO EN EL(LA) PARA LA CONSTRUCCION DE LA PLANTA DE TRATAMIENTO DE AGUAS RESIDUALES EN EL SECTOR COCAHUTA DEL  DISTRITO DE HUANCANE, PROVINCIA HUANCANE, DEPARTAMENTO PUNO",210601,210601,HUANCANE,HUANCANE,HUANCANE,HUANCANE,OFICIAL_ORIGINAL,True,False
2693501,"RENOVACION DE CAPTACION DE AGUA , RESERVORIO, LINEA DE CONDUCCION Y RED DE DISTRIBUCION EN EL(LA) SISTEMA DE AGUA POTABLE DE LA LOCALIDAD DE SUANCATA CENTRAL,  DISTRITO DE JULI, PROVINCIA CHUCUITO, DEPARTAMENTO PUNO",210401,210401,JULI,JULI,CHUCUITO,CHUCUITO,OFICIAL_ORIGINAL,True,False
2670424,"CONSTRUCCION DE POZO, ESTACION DE BOMBEO DE AGUA, LÍNEA DE IMPULSIÓN Y RESERVORIO ADEMÁS DE OTROS ACTIVOS EN EL(LA) COMUNIDAD CAMPESINA DE CHIJOTAMAYA DEL CENTRO POBLADO DE CHECCA DEL  DISTRITO DE ILAVE, PROVINCIA EL COLLAO, DEPARTAMENTO PUNO",210501,210501,ILAVE,ILAVE,EL COLLAO,EL COLLAO,OFICIAL_ORIGINAL,True,False
2194518,"INSTALACION DEL SISTEMA DE AGUA POTABLE Y ALCANTARILLADO  DEL CENTRO POBLADO DE PROGRESO, DISTRITO DE ASILLO - AZANGARO - PUNO",210204,210204,ASILLO,ASILLO,AZANGARO,AZANGARO,APROXIMADA_DISTRITO,True,False
2160552,"INSTALACION SISTEMA DE AGUA POTABLE Y LETRINAS SANITARIAS CON ARRASTRE HIDRAULICO EN EL CENTRO POBLADO DE OSCOROQUE, DISTRITO DE CRUCERO - CARABAYA - PUNO",210306,210306,CRUCERO,CRUCERO,CARABAYA,CARABAYA,APROXIMADA_LOCALIDAD,True,False
2571320,MEJORAMIENTO Y AMPLIACION DE PLANTA DE TRATAMIENTO DE AGUAS RESIDUALES EN LA LOCALIDAD DE HUAYRAPATA DEL DISTRITO DE HUAYRAPATA - PROVINCIA DE MOHO - DEPARTAMENTO DE PUNO,210903,210903,HUAYRAPATA,HUAYRAPATA,MOHO,MOHO,OFICIAL_ORIGINAL,True,False
