Código Único,Nombre de inversión,ARCHIVO_ORIGEN,UBIGEO_DESDE_NOMBRE,UBIGEO_VALIDADO_PMI,UBIGEO_FINAL_VALIDADO,PMI_ENCONTRADO,COINCIDE_NOMBRE_PMI,METODO_EXTRACCION_UBIGEO,CONFIANZA_UBIGEO,ESTADO_UBIGEO,UBIGEOS_CANDIDATOS,OBSERVACION_UBIGEO
2402140.0,"MEJORAMIENTO DE DRENAJE PLUVIAL EN LA CALLE LORETO C-04 Y C-06, CALLE PROSPERO C-05, C-06 Y C-07, CALLE ALFONSO UGARTE C-05 Y C-06, CALLE SACHACHORRO C-04, CALLE COMERCIO C-01, CALLE MIRAFLORES C-02 Y C-03, CALLE HUALLAGA C-01 Y C-03, CALLE PROGRESO C-01 Y C-05, CALLE LIBERTAD C-01 Y C-04,  DISTRITO DE SAN ANTONIO - PROVINCIA DE SAN MARTIN - DEPARTAMENTO DE SAN MARTIN",Cartera_260824-123814.xlsx,220912,,220912,,,EXTRAIDO_DESDE_NOMBRE,ALTA,RESUELTO,220912,Coincidencia resuelta usando provincia SAN MARTIN
2292736.0,"MEJORAMIENTO Y AMPLIACION DEL SERVICIO DE AGUA POTABLE, SANEAMIENTO Y DISPOSICION DE EXCRETAS EN LA PEQUEÑA CIUDAD DE PALMAPAMPA Y LAS LOCALIDADES DE MONTERRICO, PICHIWILLCA, SAN AGUSTIN, BUENOS AIRES, CHAUPIMAYO, UNION CATARATA, SANABAMBA Y VILLARICA",Cartera_260824-123814.xlsx,,050509,,SI,NO,VALIDADO_PMI_POR_CUI,BAJA,REVISAR_CONFLICTO,,"No se detectó patrón ""DISTRITO DE"" en el nombre | Distrito PMI (SAMUGARI) no encontrado en nombre de inversión"
2399586.0,ESQUEMA ANEXO 22-PAMPA DE JICAMARCA DE CANTO GRANDE - SECTORIZACIÓN Y AMPLIACIÓN  DE LOS SISTEMAS DE AGUA POTABLE Y ALCANTARILLADO - DISTRITO DE SAN ANTONIO DE HUAROCHIRI,Cartera_260824-123814.xlsx,,150716,150716,SI,SI,VALIDADO_PMI_POR_CUI,ALTA,RESUELTO,,Distrito SAN ANTONIO DE HUAROCHIRI no encontrado en GPKG | Validado por PMI: SAN ANTONIO
2455143.0,"CREACION DEL SISTEMA DE DRENAJE PLUVIAL EN LOS JIRONES SANCHEZ CERRO C-7, ULISES REATEGUI C-1 Y C-7, PRLG. ULISES REATEGUI C-1, JUAN FLORES C-3 A LA C-6, UCAYALI C-5 A LA -7, PARAISO C-1Y C-2, HUIMBAYOC C-1, PROGRESO C-4, BUENOS AIRES C-1, C-3 Y C-4, BENAVIDES C-3 A LA C-5, ARNALDO YALTA C-1 A LA C-3, AGUIRRE C-2, PSJ LA POSTA MEDICA HUIMBAYOC DEL DISTRITO DE HUIMBAYOC - PROVINCIA DE SAN MARTIN - DEPARTAMENTO DE SAN MARTIN",Cartera_260824-123814.xlsx,220907,,220907,,,EXTRAIDO_DESDE_NOMBRE,ALTA,RESUELTO,220907,Coincidencia exacta y única por nombre
2094736.0,GESTION DEL PROGRAMA Y OTROS - PROGRAMA DE MEDIDAS DE RAPIDO IMPACTO II,Cartera_260824-123814.xlsx,,,,NO,NO,FALLIDO,BAJA,REVISAR_CONFLICTO,,"No se detectó patrón ""DISTRITO DE"" en el nombre | Datos PMI no cruzaron con GPKG (- TODOS - - - TODOS -)"
2167692.0,"CONSTRUCCION Y EQUIPAMIENTO DE UNA NUEVA PLANTA DE TRATAMIENTO DE AGUA POTABLE DE CALANA, DISTRITO DE CALANA PROVINCIA DE TACNA, REGION TACNA",Cartera_260824-123814.xlsx,230103,,230103,,,EXTRAIDO_DESDE_NOMBRE,ALTA,RESUELTO,230103,Coincidencia exacta y única por nombre
2348792.0,MEJORAMIENTO Y AMPLIACION DEL SERVICIO DEL SISTEMA DE ALCANTARILLADO EN LA LOCALIDAD DE SAN CRISTOBAL DE SISA DEL DISTRITO DE SAN HILARION - PROVINCIA DE PICOTA - DEPARTAMENTO DE SAN MARTIN,Cartera_260824-123814.xlsx,220707,,220707,,,EXTRAIDO_DESDE_NOMBRE,ALTA,RESUELTO,220707,Coincidencia exacta y única por nombre
2344332.0,INSTALACION COMPLEMENTARIA DE REDES SECUNDARIAS Y CONEXIONES DOMICILIARIAS DE AGUA POTABLE Y ALCANTARILLADO DEL ESQUEMA ÑAÑA Y ANEXOS DISTRITO LURIGANCHO CHOSICA,Cartera_260824-123814.xlsx,,150118,150118,SI,SI,VALIDADO_PMI_POR_CUI,ALTA,RESUELTO,,"No se detectó patrón ""DISTRITO DE"" en el nombre | Validado por PMI: LURIGANCHO"
2387810.0,"MEJORAMIENTO Y AMPLIACION DE LOS SISTEMAS DE AGUA POTABLE, ALCANTARILLADO Y TRATAMIENTO DE LAS AGUAS RESIDUALES DE LA CIUDAD DE HUARMEY  DISTRITO DE HUARMEY - PROVINCIA DE HUARMEY - DEPARTAMENTO DE ANCASH",Cartera_260824-123814.xlsx,021101,,021101,,,EXTRAIDO_DESDE_NOMBRE,ALTA,RESUELTO,021101,Coincidencia exacta y única por nombre
2226478.0,"MEJORAMIENTO, AMPLIACION SISTEMA DE AGUA POTABLE, SANEAMIENTO Y TRATAMIENTO DE AGUAS SERVIDAS DE LA CIUDAD DE NAUTA, PROVINCIA DE LORETO - LORETO",Cartera_260824-123814.xlsx,,160301,160301,SI,SI,VALIDADO_PMI_POR_CUI,ALTA,RESUELTO,,"No se detectó patrón ""DISTRITO DE"" en el nombre | Validado por PMI: NAUTA"
2188775.0,"MEJORAMIENTO Y AMPLIACION DEL SISTEMA INTEGRAL DE AGUA POTABLE Y SANEAMIENTO EN LAS LOCALIDADES DE COATA, SUCASCO Y ALMOZANCHE, DISTRITO DE COATA - PUNO - PUNO",Cartera_260824-123814.xlsx,210107,,210107,,,EXTRAIDO_DESDE_NOMBRE,ALTA,RESUELTO,210107,Coincidencia exacta y única por nombre
2198633.0,"AMPLIACIÓN Y MEJORAMIENTO DEL SERVICIO DE AGUA POTABLE E INSTALACIÓN DEL SERVICIO DE SANEAMIENTO DEL CENTRO POBLADO RURAL DE NUEVA FLORIDA, DISTRITO DE BELLAVISTA, PROVINCIA DE BELLAVISTA, DEPARTAMENTO DE SAN MARTÍN",Cartera_260824-123814.xlsx,220201,,220201,,,EXTRAIDO_DESDE_NOMBRE,ALTA,RESUELTO,220201,Coincidencia resuelta usando provincia BELLAVISTA
2157797.0,"INSTALACION DE LOS SISTEMA DE AGUA POTABLE Y ALCANTARILLADO DE LA LOCALIDAD DE MARCONA, DISTRITO DE MARCONA - NAZCA - ICA",Cartera_260824-123814.xlsx,110304,,110304,,,EXTRAIDO_DESDE_NOMBRE,ALTA,RESUELTO,110304,Coincidencia exacta y única por nombre
2412243.0,"MEJORAMIENTO Y AMPLIACION DE LOS SERVICIOS DE AGUA POTABLE, ALCANTARILLADO Y PTAR EN LA COMUNIDAD CAMPESINA DE SAN PEDRO DE RACCO DEL DISTRITO DE SIMON BOLIVAR - PROVINCIA DE PASCO - DEPARTAMENTO DE PASCO",Cartera_260824-123814.xlsx,190109,,190109,,,EXTRAIDO_DESDE_NOMBRE,ALTA,RESUELTO,190109,Coincidencia exacta y única por nombre
2178849.0,"MEJORAMIENTO Y AMPLIACION DEL SISTEMA DE AGUA POTABLE E INSTALACION DE UNIDADES BASICAS DE SANEAMIENTO(UBS) EN LA LOCALIDAD DE CANAL, DISTRITO DE SAMUGARI, PROVINCIA DE LA MAR - AYACUCHO",Cartera_260824-123814.xlsx,050509,,050509,,,EXTRAIDO_DESDE_NOMBRE,ALTA,RESUELTO,050509,Coincidencia exacta y única por nombre
2133298.0,"MEJORAMIENTO Y AMPLIACION DEL SISTEMA DE AGUA POTABLE Y ALCANTARILLADO DE LA LOCALIDAD DE ASILLO , DISTRITO DE ASILLO - AZANGARO - PUNO",Cartera_260824-123814.xlsx,210204,,210204,,,EXTRAIDO_DESDE_NOMBRE,ALTA,RESUELTO,210204,Coincidencia exacta y única por nombre
2079199.0,"MEJORAMIENTO Y AMPLIACION DE LOS SISTEMAS DE AGUA POTABLE, DESAGUE Y PLANTA DE TRATAMIENTO EN EL CENTRO POBLADO DE HUYRO , DISTRITO DE HUAYOPATA - LA CONVENCION - CUSCO",Cartera_260824-123814.xlsx,080903,,080903,,,EXTRAIDO_DESDE_NOMBRE,ALTA,RESUELTO,080903,Coincidencia exacta y única por nombre
2168996.0,CONSTRUCCIÓN Y MEJORAMIENTO DEL SISTEMA DE AGUA POTABLE Y LETRINAS DE LAS LOCALIDADES DE DE SANTA ROSA Y SAN VICENTE DE PIEDRA RODADA - DISTRITO Y PROVINCIA DE SULLANA - DEPARTAMENTO DE PIURA,Cartera_260824-123814.xlsx,,200601,200601,SI,SI,VALIDADO_PMI_POR_CUI,ALTA,RESUELTO,,"No se detectó patrón ""DISTRITO DE"" en el nombre | Validado por PMI: SULLANA"
2191608.0,"MEJORAMIENTO Y AMPLIACION DEL SERVICIO DE AGUA POTABLE, SERVICIO DE ALCANTARILLADO Y TRATAMIENTO DE AGUAS RESIDUALES EN LA CIUDAD DE SAN MIGUEL, DISTRITO DE SAN MIGUEL, PROVINCIA DE LA MAR - AYACUCHO",Cartera_260824-123814.xlsx,050501,,050501,,,EXTRAIDO_DESDE_NOMBRE,ALTA,RESUELTO,050501,Coincidencia resuelta usando provincia LA MAR
2500953.0,"MEJORAMIENTO DEL SISTEMA DE DRENAJE PLUVIAL DEL JR. ENRIQUE LÓPEZ C-03, C-04, JR. RAMÓN CASTILLA C-01, C-02, JR. RICARDO PALMA C-01, C-02, AV 20 DE MAYO C-04, C-05, C-06, JR. ADELINA RAMÍREZ C-01, PSJ SIN NOMBRE C-01, JR LOS JARDINES C-01, JESÚS MORÍ C-01, EN EL CASERIO 20 DE MAYO DEL DISTRITO DE SAN JOSE DE SISA - PROVINCIA DE EL DORADO - DEPARTAMENTO DE SAN MARTIN",Cartera_260824-123814.xlsx,220301,,220301,,,EXTRAIDO_DESDE_NOMBRE,ALTA,RESUELTO,220301,Coincidencia exacta y única por nombre
2272942.0,"MEJORAMIENTO Y AMPLIACION DEL SERVICIO DE AGUA POTABLE, ALCANTARILLADO Y PTAR DE LA PC HAQUIRA, DISTRITO DE HAQUIRA - COTABAMBAS - APURIMAC",Cartera_260824-123814.xlsx,030504,,030504,,,EXTRAIDO_DESDE_NOMBRE,ALTA,RESUELTO,030504,Coincidencia exacta y única por nombre
2168929.0,"CONSTRUCCIÓN DEL SISTEMA DE AGUA POTABLE Y SANEAMIENTO EN LAS LOCALIDADES DE PAMPA ELERA BAJA Y  ALTA, PUEBLO NUEVO DE PAMPA ELERA ALTA, CHIPILLICO, POTRERILLO, EL SAUCE, MONTE DE LOS OLIVOS Y TONGAL, DISTRITO LAS LOMAS, PROV. DE PIURA, DEP. DE PIURA",Cartera_260824-123814.xlsx,,200111,200111,SI,SI,VALIDADO_PMI_POR_CUI,ALTA,RESUELTO,,"No se detectó patrón ""DISTRITO DE"" en el nombre | Validado por PMI: LAS LOMAS"
2295629.0,"MEJORAMIENTO Y AMPLIACION DEL SERVICIO DE AGUA POTABLE E INSTALACION DEL SERVICIO DE SANEAMIENTO EN EL CENTRO POBLADO BARRANQUITA, DISTRITO DE PICOTA , PROVINCIA DE PICOTA - SAN MARTIN",Cartera_260824-123814.xlsx,220701,,220701,,,EXTRAIDO_DESDE_NOMBRE,ALTA,RESUELTO,220701,Coincidencia exacta y única por nombre
2280879.0,AMPLIACION DEL SISTEMA DE DISTRIBUCION DE AGUA POTABLE DE LA CIUDAD DEL CUSCO,Cartera_260824-123814.xlsx,,,,NO,NO,FALLIDO,BAJA,REVISAR_CONFLICTO,,"No se detectó patrón ""DISTRITO DE"" en el nombre | Datos PMI no cruzaron con GPKG (- TODOS - - CUSCO)"
2539320.0,MEJORAMIENTO Y AMPLIACION DEL SERVICIO DE AGUA POTABLE Y DISPOSICIÓN SANITARIA DE EXCRETAS DE LA LOCALIDAD LA MENTA ALTA DEL DISTRITO DE LAS LOMAS - PROVINCIA DE PIURA - DEPARTAMENTO DE PIURA,Cartera_260824-123814.xlsx,200111,,200111,,,EXTRAIDO_DESDE_NOMBRE,ALTA,RESUELTO,200111,Coincidencia exacta y única por nombre
2325346.0,"CREACION DEL SISTEMA DE DRENAJE PLUVIAL  EN LOS JIRONES MARIANO BELLIDO, 24 DE JUNIO, LA MAR, MUNIVE, MADRID Y WARI, DISTRITO DE SAN JUAN BAUTISTA - HUAMANGA - AYACUCHO",Cartera_260824-123814.xlsx,,050110,050110,SI,SI,VALIDADO_PMI_POR_CUI,ALTA,RESUELTO,"050110, 160113, 110110",Distrito SAN JUAN BAUTISTA es ambiguo y no se extrajo provincia | Validado por PMI: SAN JUAN BAUTISTA
2170972.0,"INSTALACION DEL SERVICIO DE AGUA POTABLE Y SANEAMIENTO BASICO DE LA LOCALIDAD DE PALTARUMI, DISTRITO DE DANIEL HERNANDEZ - TAYACAJA - HUANCAVELICA",Cartera_260824-123814.xlsx,090706,,090706,,,EXTRAIDO_DESDE_NOMBRE,ALTA,RESUELTO,090706,Coincidencia exacta y única por nombre
2170995.0,"INSTALACION DEL SERVICIO DE AGUA POTABLE Y SANEAMIENTO BASICO DE LA LOCALIDAD DE VILLAPAMPA - RUPASCCA, DISTRITO DE YAULI - HUANCAVELICA - HUANCAVELICA",Cartera_260824-123814.xlsx,,090117,090117,SI,SI,VALIDADO_PMI_POR_CUI,ALTA,RESUELTO,"120810, 090117, 120433",Distrito YAULI es ambiguo y no se extrajo provincia | Validado por PMI: YAULI
2170980.0,"INSTALACION DEL SERVICIO DE AGUA POTABLE Y SANEAMIENTO BASICO DE LA LOCALIDAD DE QUINTAO , DISTRITO DE COLCABAMBA - TAYACAJA - HUANCAVELICA",Cartera_260824-123814.xlsx,,090705,090705,SI,SI,VALIDADO_PMI_POR_CUI,ALTA,RESUELTO,"090705, 020103, 030405",Distrito COLCABAMBA es ambiguo y no se extrajo provincia | Validado por PMI: COLCABAMBA
2235420.0,"MEJORAMIENTO Y AMPLIACION DEL SERVICIO DE AGUA POTABLE E INSTALACION DE LA DISPOSICION SANITARIA DE EXCRETAS Y DE AGUAS GRISES EN LA COMUNIDAD NATIVA DE YUPICUSA, DISTRITO DE IMAZA, PROVINCIA DE BAGUA, DEPARTAMENTO DE AMAZONAS",Cartera_260824-123814.xlsx,010205,,010205,,,EXTRAIDO_DESDE_NOMBRE,ALTA,RESUELTO,010205,Coincidencia exacta y única por nombre
2280260.0,"MEJORAMIENTO Y AMPLIACION DEL SERVICIO DE AGUA POTABLE Y SANEAMIENTO BASICO EN EL CENTRO POBLADO SANTA ROSA, DISTRITO DE SANTO TOMAS - CUTERVO - CAJAMARCA",Cartera_260824-123814.xlsx,,060613,060613,SI,SI,VALIDADO_PMI_POR_CUI,ALTA,RESUELTO,"060613, 080701, 010521",Distrito SANTO TOMAS es ambiguo y no se extrajo provincia | Validado por PMI: SANTO TOMAS
2235702.0,"AMPLIACION Y MEJORAMIENTO DEL SERVICIO DE AGUA POTABLE Y SANEAMIENTO DEL CENTRO POBLADO SAN PEDRO ALTO, DISTRITO DE AGALLPAMPA - OTUZCO - LA LIBERTAD",Cartera_260824-123814.xlsx,130602,,130602,,,EXTRAIDO_DESDE_NOMBRE,ALTA,RESUELTO,130602,Coincidencia exacta y única por nombre
2178853.0,"MEJORAMIENTO Y AMPLIACION DEL SISTEMA DE AGUA POTABLE E INSTALACION DE UNIDADES BASICAS DE SANEAMIENTO (UBS) EN LA LOCALIDAD DE HUAYAO, DISTRITO DE TAMBO, PROVINCIA DE LA MAR - AYACUCHO",Cartera_260824-123814.xlsx,050508,,050508,,,EXTRAIDO_DESDE_NOMBRE,ALTA,RESUELTO,050508,Coincidencia resuelta usando provincia LA MAR
2191604.0,"MEJORAMIENTO Y AMPLIACION DEL SERVICIO DE AGUA POTABLE, SERVICIO DE ALCANTARILLADO Y TRATAMIENTO DE AGUAS RESIDUALES EN LA CIUDAD DE QARHUAPAMPA, DISTRITO DE TAMBO, PROVINCIA DE LA MAR - AYACUCHO",Cartera_260824-123814.xlsx,050508,,050508,,,EXTRAIDO_DESDE_NOMBRE,ALTA,RESUELTO,050508,Coincidencia resuelta usando provincia LA MAR
2289960.0,"MEJORAMIENTO Y AMPLIACION DE LOS SERVICIOS DE AGUA POTABLE Y DISPOSICION SANITARIA DE EXCRETAS DE LA LOCALIDAD DE SANTIAGO, DISTRITO DE ACOMAYO, PROVINCIA DE ACOMAYO - CUSCO",Cartera_260824-123814.xlsx,080201,,080201,,,EXTRAIDO_DESDE_NOMBRE,ALTA,RESUELTO,080201,Coincidencia exacta y única por nombre
2186352.0,MEJORAMIENTO Y AMPLIACION DEL SERVICIO DE AGUA POTABLE Y SANEAMIENTO EN LA COMUNIDAD DE CCOCHAPATA - DISTRITO TUPAC AMARU- PROVINCIA CANAS - REGION CUSCO,Cartera_260824-123814.xlsx,,080508,080508,SI,SI,VALIDADO_PMI_POR_CUI,ALTA,RESUELTO,,"No se detectó patrón ""DISTRITO DE"" en el nombre | Validado por PMI: TUPAC AMARU"
2400940.0,"INSTALACION DEL SERVICIO DE AGUA POTABLE Y SANEAMIENTO EN EL CENTRO POBLADO DE SANTA EMILIA, DISTRITO DE NAUTA , PROVINCIA DE LORETO - LORETO",Cartera_260824-123814.xlsx,160301,,160301,,,EXTRAIDO_DESDE_NOMBRE,ALTA,RESUELTO,160301,Coincidencia exacta y única por nombre
2266082.0,"MEJORAMIENTO Y AMPLIACIÓN DEL SERVICIO DE AGUA POTABLE E INSTALACIÓN DEL SERVICIO DE SANEAMIENTO EN EL CENTRO POBLADO SHAMPUYACU, DISTRITO DE AWAJUN - RIOJA - SAN MARTÍN",Cartera_260824-123814.xlsx,220802,,220802,,,EXTRAIDO_DESDE_NOMBRE,ALTA,RESUELTO,220802,Coincidencia exacta y única por nombre
2465313.0,"MEJORAMIENTO Y AMPLIACION DEL SISTEMA DE AGUA POTABLE Y ALCANTARILLADO DE LA CALLE TUMBES ENTRE LAS INTERSECCIONES DE LAS CALLES ABAD PUELL Y  AV RÍO CENEPA, Y CALLES ALEDAÑAS EN EL AAHH POZO ELEVADO  DISTRITO DE ZARUMILLA - PROVINCIA DE ZARUMILLA - DEPARTAMENTO DE TUMBES",Cartera_260824-123814.xlsx,240301,,240301,,,EXTRAIDO_DESDE_NOMBRE,ALTA,RESUELTO,240301,Coincidencia exacta y única por nombre
2279319.0,"MEJORAMIENTO Y AMPLIACION DE LOS SERVICIOS DE AGUA POTABLE Y SANEAMIENTO DEL CENTRO POBLADO DE CAMPAMENTO , DISTRITO DE COASA - CARABAYA - PUNO",Cartera_260824-123814.xlsx,210304,,210304,,,EXTRAIDO_DESDE_NOMBRE,ALTA,RESUELTO,210304,Coincidencia exacta y única por nombre
2305673.0,"INSTALACION DE LOS SERVICIOS DE AGUA POTABLE Y SANEAMIENTO RURAL EN LOS SECTORES DE NUEVA CALA CALA, ASPAEX, ASPAEX-I Y ASPAEX-III (LOS CARIBEÑOS), CENTRO POBLADO DE YACANGO, DISTRITO DE TORATA - MARISCAL NIETO - MOQUEGUA",Cartera_260824-123814.xlsx,180106,,180106,,,EXTRAIDO_DESDE_NOMBRE,ALTA,RESUELTO,180106,Coincidencia exacta y única por nombre
2199705.0,"AMPLIACION Y MEJORAMIENTO DEL SISTEMA DE AGUA POTABLE E INSTALACION DEL SERVICIO DE SANEAMIENTO BASICO DE LA LOCALIDAD DE INCA ROCA LOBOYACU, DISTRITO DE UCHIZA - TOCACHE - SAN MARTIN",Cartera_260824-123814.xlsx,221005,,221005,,,EXTRAIDO_DESDE_NOMBRE,ALTA,RESUELTO,221005,Coincidencia exacta y única por nombre
2297617.0,"MEJORAMIENTO Y AMPLIACION DEL SERVICIO DE AGUA POTABLE Y DISPOSICION SANITARIA DE EXCRETAS EN LA COMUNIDAD CAMPESINA DE AURINCOTA: SECTORES MULLUCHUYO - LLUMAHUI, PLATERIA - TOTOROCO, CHACAMARCA, PICHUPICHUNI, TICATANCA, DISTRITO DE HUACULLANI, PROVI",Cartera_260824-123814.xlsx,210403,,210403,,,EXTRAIDO_DESDE_NOMBRE,ALTA,RESUELTO,210403,Coincidencia exacta y única por nombre
2286781.0,"MEJORAMIENTO Y AMPLIACIÓN DEL SERVICIO DE AGUA POTABLE E INSTALACIÓN DEL SERVICIO DE SANEAMIENTO EN EL CENTRO POBLADO EL TRIUNFO, DISTRITO DE LA PECA- BAGUA-AMAZONAS",Cartera_260824-123814.xlsx,,010206,010206,SI,SI,VALIDADO_PMI_POR_CUI,ALTA,RESUELTO,,Distrito LA PECA- BAGUA-AMAZONAS no encontrado en GPKG | Validado por PMI: LA PECA
2190265.0,"MEJORAMIENTO Y AMPLIACION DEL SERVICIO DE AGUA POTABLE E INSTALACION DE UNIDADES BASICAS DE SANEAMIENTO (UBS) EN LAS LOCALIDADES DE SAN VICENTE, ROSARIO PAMPA Y NUEVO BERLIN, DISTRITO DE ANCO, PROVINCIA LA MAR - AYACUCHO",Cartera_260824-123814.xlsx,,050502,050502,SI,SI,VALIDADO_PMI_POR_CUI,ALTA,RESUELTO,"050502, 090502",Distrito ANCO es ambiguo y no se extrajo provincia | Validado por PMI: ANCO
2265193.0,"MEJORAMIENTO Y AMPLIACION DE LOS SERVICIOS DE AGUA POTABLE Y DISPOSICION SANITARIA DE EXCRETAS DEL CASERIO DE LLUICHOCOLPAN, DISTRITO DE LLUMPA - MARISCAL LUZURIAGA - ANCASH",Cartera_260824-123814.xlsx,021306,,021306,,,EXTRAIDO_DESDE_NOMBRE,ALTA,RESUELTO,021306,Coincidencia exacta y única por nombre
2292730.0,"MEJORAMIENTO DE LOS SERVICIOS DE AGUA POTABLE Y ALCANTARILLADO EN LA LOCALIDAD DE POMACANCHI, DISTRITO DE POMACANCHI - ACOMAYO - CUSCO",Cartera_260824-123814.xlsx,080205,,080205,,,EXTRAIDO_DESDE_NOMBRE,ALTA,RESUELTO,080205,Coincidencia exacta y única por nombre
2251094.0,"MEJORAMIENTO Y AMPLIACION DEL SERVICIO DE AGUA POTABLE Y DISPOSICION DE EXCRETAS DE LA LOCALIDAD PANJUY , DISTRITO DE TABALOSOS - LAMAS - SAN MARTIN",Cartera_260824-123814.xlsx,220510,,220510,,,EXTRAIDO_DESDE_NOMBRE,ALTA,RESUELTO,220510,Coincidencia exacta y única por nombre
2189518.0,"MEJORAMIENTO Y AMPLIACIÓN DE LOS SERVICIOS DE AGUA POTABLE Y DISPOSICIÓN SANITARIA DE EXCRETAS DE LA COMUNIDAD CAMPESINA DE ACCOPATA, DISTRITO DE ASILLO, AZANGARO - PUNO",Cartera_260824-123814.xlsx,210204,,210204,,,EXTRAIDO_DESDE_NOMBRE,ALTA,RESUELTO,210204,Coincidencia exacta y única por nombre
2400865.0,"INSTALACION DEL SERVICIO DE AGUA POTABLE Y SANEAMIENTO EN EL CENTRO POBLADO DE QUISTOCOCHA , DISTRITO DE SAN JUAN BAUTISTA - MAYNAS - LORETO",Cartera_260824-123814.xlsx,,160113,160113,SI,SI,VALIDADO_PMI_POR_CUI,ALTA,RESUELTO,"050110, 160113, 110110",Distrito SAN JUAN BAUTISTA es ambiguo y no se extrajo provincia | Validado por PMI: SAN JUAN BAUTISTA
2289940.0,"MEJORAMIENTO, AMPLIACION DEL SERVICIO DE AGUA POTABLE E INSTALACIÓN DEL SERVICIO DE ALCANTARILLADO, PLANTA DE TRATAMIENTO DE AGUAS RESIDUALES Y DISPOSICIÓN SANITARIA DE EXCRETAS EN EL CENTRO POBLADO SANTA ROSA DE TOLDOPAMPA, DISTRITO DE PAMPA HERMOSA - PROVINCIA DE SATIPO - REGIÓN JUNÍN",Cartera_260824-123814.xlsx,120605,,120605,,,EXTRAIDO_DESDE_NOMBRE,ALTA,RESUELTO,120605,Coincidencia resuelta usando provincia SATIPO
2189457.0,"AMPLIACION Y MEJORAMIENTO SERVICIO DE AGUA POTABLE Y DISPOSICION SANITARIA DE EXCRETAS EN LOS SECTORES CHATUMA CUCHO, CHIARAUYO, HANCCOHUYO, SAN ISIDRO Y CAPUHUI DEL CENTRO POBLADO CHATUMA, DISTRITO POMATA - CHUCUITO - PUNO",Cartera_260824-123814.xlsx,,210406,210406,SI,SI,VALIDADO_PMI_POR_CUI,ALTA,RESUELTO,,"No se detectó patrón ""DISTRITO DE"" en el nombre | Validado por PMI: POMATA"
2264061.0,"MEJORAMIENTO Y AMPLIACION DE LOS SERVICIOS DE AGUA POTABLE Y DISPOSICION SANITARIA DE EXCRETAS DE LA LOCALIDAD DE MARCJAHUI, DISTRITO DE LLUSCO - CHUMBIVILCAS - CUSCO",Cartera_260824-123814.xlsx,080706,,080706,,,EXTRAIDO_DESDE_NOMBRE,ALTA,RESUELTO,080706,Coincidencia exacta y única por nombre
2301620.0,"MEJORAMIENTO Y AMPLIACION DEL SERVICIO DE AGUA POTABLE Y SANEAMIENTO BASICO DEL CENTRO POBLADO DE PARIAHUANCA, DISTRITO DE PARIAHUANCA - HUANCAYO - JUNIN",Cartera_260824-123814.xlsx,,120124,120124,SI,SI,VALIDADO_PMI_POR_CUI,ALTA,RESUELTO,"120124, 020607",Distrito PARIAHUANCA es ambiguo y no se extrajo provincia | Validado por PMI: PARIAHUANCA
2186026.0,"INSTALACION DEL SERVICIO DE AGUA POTABLE Y DISPOSICION SANITARIA DE EXCRETAS EN LA COMUNIDAD CAMPESINA ARACACHI JAHUERJA, DISTRITO KELLUYO - CHUCUITO - PUNO",Cartera_260824-123814.xlsx,,210404,210404,SI,SI,VALIDADO_PMI_POR_CUI,ALTA,RESUELTO,,"No se detectó patrón ""DISTRITO DE"" en el nombre | Validado por PMI: KELLUYO"
2187527.0,"MEJORAMIENTO Y AMPLIACION DE LOS SISTEMAS DE AGUA POTABLE Y DISPOSICION SANITARIA DE EXCRETAS DE LA COMUNIDAD CAMPESINA JILA ( RETIRO, INAMPO Y CENTRAL), DISTRITO ASILLO, AZANGARO, PUNO.",Cartera_260824-123814.xlsx,,210204,210204,SI,SI,VALIDADO_PMI_POR_CUI,ALTA,RESUELTO,,"No se detectó patrón ""DISTRITO DE"" en el nombre | Validado por PMI: ASILLO"
2172748.0,"MEJORAMIENTO Y AMPLIACION DEL SERVICIO DE AGUA POTABLE Y SANEAMIENTO DEL ANEXO DE ANTACCACCA, DISTRITO MARANGANI, PROVINCIA CANCHIS, REGION CUSCO",Cartera_260824-123814.xlsx,,080604,080604,SI,SI,VALIDADO_PMI_POR_CUI,ALTA,RESUELTO,,"No se detectó patrón ""DISTRITO DE"" en el nombre | Validado por PMI: MARANGANI"
2400868.0,"INSTALACION DEL SERVICIO DE AGUA POTABLE Y SANEAMIENTO EN EL CENTRO POBLADO DE PENA NEGRA , DISTRITO DE SAN JUAN BAUTISTA - MAYNAS - LORETO",Cartera_260824-123814.xlsx,,160113,160113,SI,SI,VALIDADO_PMI_POR_CUI,ALTA,RESUELTO,"050110, 160113, 110110",Distrito SAN JUAN BAUTISTA es ambiguo y no se extrajo provincia | Validado por PMI: SAN JUAN BAUTISTA
2400917.0,"INSTALACION DEL SERVICIO DE AGUA POTABLE Y SANEAMIENTO EN LA COMUNIDAD NATIVA DE SAN PEDRO II, DISTRITO DE NAUTA , PROVINCIA DE LORETO - LORETO",Cartera_260824-123814.xlsx,160301,,160301,,,EXTRAIDO_DESDE_NOMBRE,ALTA,RESUELTO,160301,Coincidencia exacta y única por nombre
2178727.0,"AMPLIACION Y MEJORAMIENTO DEL SISTEMA DE AGUA E INSTALACION DE UNIDADES BASICAS DE SANEAMIENTO DE LA LOCALIDAD DE TRANCAPATA BAJA, DISTRITO DE CURAHUASI - ABANCAY - APURIMAC",Cartera_260824-123814.xlsx,030104,,030104,,,EXTRAIDO_DESDE_NOMBRE,ALTA,RESUELTO,030104,Coincidencia exacta y única por nombre
2305052.0,"AMPLIACION Y MEJORAMIENTO DEL SERVICIO DE AGUA POTABLE Y SANEAMIENTO DEL CENTRO POBLADO DE ESPINAL , DISTRITO DE SAYAPULLO - GRAN CHIMU - LA LIBERTAD",Cartera_260824-123814.xlsx,131104,,131104,,,EXTRAIDO_DESDE_NOMBRE,ALTA,RESUELTO,131104,Coincidencia exacta y única por nombre
2339592.0,"INSTALACIÓN DEL SERVICIO DE AGUA POTABLE Y SANEAMIENTO EN LA COMUNIDAD NATIVA DE SOLEDAD, DISTRITO DE BALSAPUERTO, PROVINCIA DE ALTO AMAZONAS, DEPARTAMENTO DE LORETO",Cartera_260824-123814.xlsx,160202,,160202,,,EXTRAIDO_DESDE_NOMBRE,ALTA,RESUELTO,160202,Coincidencia exacta y única por nombre
2307913.0,"AMPLIACION Y MEJORAMIENTO DEL SERVICIO DE AGUA POTABLE Y DISPOSICION SANITARIA DE EXCRETAS DEL CENTRO POBLADO DE TUTURCUYO , DISTRITO DE SANTIAGO DE PUPUJA - AZANGARO - PUNO",Cartera_260824-123814.xlsx,210214,,210214,,,EXTRAIDO_DESDE_NOMBRE,ALTA,RESUELTO,210214,Coincidencia exacta y única por nombre
2307932.0,"AMPLIACION Y MEJORAMIENTO DE LOS SERVICIOS DE AGUA POTABLE Y DISPOSICION SANITARIA DE EXCRETAS DE LA LOCALIDAD DE SUMARO , DISTRITO DE CHINCHAYPUJIO - ANTA - CUSCO",Cartera_260824-123814.xlsx,080304,,080304,,,EXTRAIDO_DESDE_NOMBRE,ALTA,RESUELTO,080304,Coincidencia exacta y única por nombre
2189499.0,"MEJORAMIENTO Y AMPLIACION DEL SERVICIO DE AGUA POTABLE Y DISPOSICION SANITARIA DE EXCRETAS EN LAS PARCIALIDADES SAN FRANCISCO Y COLLINE DEL CENTRO POBLADO ARCONUMA, DISTRITO KELLUYO - CHUCUITO - PUNO",Cartera_260824-123814.xlsx,,210404,210404,SI,SI,VALIDADO_PMI_POR_CUI,ALTA,RESUELTO,,"No se detectó patrón ""DISTRITO DE"" en el nombre | Validado por PMI: KELLUYO"
2289970.0,"MEJORAMIENTO Y AMPLIACION DEL SERVICIO DE AGUA POTABLE E INSTALACION DEL SANEAMIENTO EN LA LOCALIDAD DE CADMALCA BAJO, DISTRITO DE LAJAS - CHOTA - CAJAMARCA",Cartera_260824-123814.xlsx,060410,,060410,,,EXTRAIDO_DESDE_NOMBRE,ALTA,RESUELTO,060410,Coincidencia exacta y única por nombre
2293521.0,"MEJORAMIENTO Y AMPLIACION DE LOS SERVICIOS DE AGUA POTABLE Y SANEAMIENTO DEL CENTRO POBLADO DE AMOYO, DISTRITO DE SANDIA , PROVINCIA DE SANDIA - PUNO",Cartera_260824-123814.xlsx,211201,,211201,,,EXTRAIDO_DESDE_NOMBRE,ALTA,RESUELTO,211201,Coincidencia exacta y única por nombre
2168152.0,"AMPLIACION Y MEJORAMIENTO DEL SISTEMA DE AGUA E INSTALACION DE UNIDADES BASICAS DE SANEAMIENTO DE LA LOCALIDAD DE BACAS, DISTRITO DE CURAHUASI - ABANCAY - APURIMAC",Cartera_260824-123814.xlsx,030104,,030104,,,EXTRAIDO_DESDE_NOMBRE,ALTA,RESUELTO,030104,Coincidencia exacta y única por nombre
2194449.0,"INSTALACION DEL SERVICIO DE AGUA POTABLE Y SANEAMIENTO EN EL CASERIO VIRGEN DEL CARMEN, DISTRITO DE IRAZOLA - PADRE ABAD - UCAYALI",Cartera_260824-123814.xlsx,250302,,250302,,,EXTRAIDO_DESDE_NOMBRE,ALTA,RESUELTO,250302,Coincidencia exacta y única por nombre
2235548.0,"AMPLIACION Y MEJORAMIENTO DEL SISTEMA DE AGUA POTABLE Y DE SANEAMIENTO BASICO EN LA LOCALIDAD DE CHOCOBAMBA, DISTRITO DE HUACRACHUCO , PROVINCIA DE MARANON - HUANUCO",Cartera_260824-123814.xlsx,100701,,100701,,,EXTRAIDO_DESDE_NOMBRE,ALTA,RESUELTO,100701,Coincidencia exacta y única por nombre
2070374.0,"INSTALACION DEL SISTEMA  DE ALCANTARILLADO EN LA ESMERALDA, LOCALIDAD DE SAN LUCAS DE COLAN, DISTRITO DE  COLAN, PROVINCIA DE PAITA - PIURA",Cartera_260824-123814.xlsx,200504,,200504,,,EXTRAIDO_DESDE_NOMBRE,ALTA,RESUELTO,200504,Coincidencia exacta y única por nombre
2280627.0,"AMPLIACION Y MEJORAMIENTO DEL SERVICIO DE AGUA POTABLE E INSTALACION DEL SANEAMIENTO BASICO DE LA LOCALIDAD DE HUAGAL , DISTRITO DE JOSE SABOGAL - SAN MARCOS - CAJAMARCA",Cartera_260824-123814.xlsx,061007,,061007,,,EXTRAIDO_DESDE_NOMBRE,ALTA,RESUELTO,061007,Coincidencia exacta y única por nombre
2187526.0,"MEJORAMIENTO Y AMPLIACIÓN DE LOS  SERVICIOS DE AGUA POTABLE Y DISPOSICIÓN SANITARIA DE EXCRETAS DE LA COMUNIDAD  CAMPESINA DE ÑAUPAPAMPA, DISTRITO DE ASILLO, AZÁNGARO-PUNO",Cartera_260824-123814.xlsx,210204,,210204,,,EXTRAIDO_DESDE_NOMBRE,ALTA,RESUELTO,210204,Coincidencia exacta y única por nombre
2283136.0,"MEJORAMIENTO Y AMPLIACION DE LOS SERVICIOS DE AGUA POTABLE Y SANEAMIENTO DEL CENTRO POBLADO SUARA, DISTRITO DE SANDIA , PROVINCIA DE SANDIA - PUNO",Cartera_260824-123814.xlsx,211201,,211201,,,EXTRAIDO_DESDE_NOMBRE,ALTA,RESUELTO,211201,Coincidencia exacta y única por nombre
2253673.0,"INSTALACION DE LOS SERVICIOS DE AGUA POTABLE Y DISPOSICION SANITARIA DE EXCRETAS EN EL CENTRO POBLADO DE TUPAC AMARU, DISTRITO DE JOSE CRESPO Y CASTILLO, PROVINCIA DE LEONCIO PRADO, DEPARTAMENTO DE HUANUCO",Cartera_260824-123814.xlsx,,100604,100604,SI,SI,VALIDADO_PMI_POR_CUI,ALTA,RESUELTO,,Distrito JOSE CRESPO no encontrado en GPKG | Validado por PMI: JOSE CRESPO Y CASTILLO
2400890.0,"INSTALACION DEL SERVICIO DE AGUA POTABLE Y SANEAMIENTO EN EL CENTRO POBLADO DE SAN JOAQUIN DE OMAGUA, DISTRITO DE NAUTA , PROVINCIA DE LORETO - LORETO",Cartera_260824-123814.xlsx,160301,,160301,,,EXTRAIDO_DESDE_NOMBRE,ALTA,RESUELTO,160301,Coincidencia exacta y única por nombre
2266591.0,"MEJORAMIENTO Y AMPLIACION DEL SERVICIO DE AGUA POTABLE E INSTALACION DEL SANEAMIENTO EN LA LOCALIDAD DE CHUNIGA , DISTRITO DE LA LIBERTAD DE PALLAN - CELENDIN - CAJAMARCA",Cartera_260824-123814.xlsx,060312,,060312,,,EXTRAIDO_DESDE_NOMBRE,ALTA,RESUELTO,060312,Coincidencia exacta y única por nombre
2302966.0,"MEJORAMIENTO Y AMPLIACION DEL SERVICIO DE AGUA POTABLE Y CREACION DEL DISPOSICION SANITARIA DE EXCRETAS EN LA COMUNIDAD CAMPESINA DE CENTRO ARACACHI CHIARAQUI, DISTRITO DE KELLUYO, PROVINCIA DE CHUCUITO, DEPARTAMENTO DE PUNO.",Cartera_260824-123814.xlsx,210404,,210404,,,EXTRAIDO_DESDE_NOMBRE,ALTA,RESUELTO,210404,Coincidencia exacta y única por nombre
2189346.0,"MEJORAMIENTO Y AMPLIACION DE LOS SERVICIOS DE AGUA POTABLE Y DISPOSICIÓN SANITARIA DE EXCRETAS DE LA COMUNIDAD CAMPESINA DE CUYURAYA, DISTRITO DE HUANCANÉ, HUANCANÉ - PUNO",Cartera_260824-123814.xlsx,210601,,210601,,,EXTRAIDO_DESDE_NOMBRE,ALTA,RESUELTO,210601,Coincidencia exacta y única por nombre
2189502.0,"INSTALACION DE SERVICIOS DE AGUA POTABLE Y DISPOSICION SANITARIA DE EXCRETAS EN LOS SECTORES DE PAYE, LAURA Y VILLA DEL RIO, DE LA COMUNIDAD CAMPESINA JOVEN SAN JUAN DE ARACACHI, DISTRITO DE KELLUYO - CHUCUITO - PUNO",Cartera_260824-123814.xlsx,210404,,210404,,,EXTRAIDO_DESDE_NOMBRE,ALTA,RESUELTO,210404,Coincidencia exacta y única por nombre
2186350.0,MEJORAMIENTO Y AMPLIACIÓN DEL SERVICIO DE AGUA POTABLE Y SANEAMIENTO EN LOS BARRIOS CHULLO PAMPAHERCCA Y CONDEPUCARA  DE LA COMUNIDAD DE HERCCA  -  DISTRITO SICUANI - PROVINCIA CANCHIS - REGIÓN CUSCO,Cartera_260824-123814.xlsx,,080601,080601,SI,SI,VALIDADO_PMI_POR_CUI,ALTA,RESUELTO,,"No se detectó patrón ""DISTRITO DE"" en el nombre | Validado por PMI: SICUANI"
2400885.0,"INSTALACION Y AMPLIACION DEL SERVICIO DE AGUA POTABLE Y SANEAMIENTO EN EL CENTRO POBLADO DE EX PETROLERO (ZONA 1) , DISTRITO DE SAN JUAN BAUTISTA - MAYNAS - LORETO",Cartera_260824-123814.xlsx,,160113,160113,SI,SI,VALIDADO_PMI_POR_CUI,ALTA,RESUELTO,"050110, 160113, 110110",Distrito SAN JUAN BAUTISTA es ambiguo y no se extrajo provincia | Validado por PMI: SAN JUAN BAUTISTA
2147748.0,GESTION DEL PROGRAMA Y OTROS - PROGRAMA DE AGUA POTABLE Y SANEAMIENTO PARA LA AMAZONIA RURAL,Cartera_260824-123814.xlsx,,,,NO,NO,FALLIDO,BAJA,REVISAR_CONFLICTO,,"No se detectó patrón ""DISTRITO DE"" en el nombre | Datos PMI no cruzaron con GPKG (- TODOS - - - TODOS -)"
2235517.0,"AMPLIACION Y MEJORAMIENTO DEL SERVICIO DE AGUA POTABLE E INSTALACION DEL SISTEMA DE SANEAMIENTO BASICO DE LA LOCALIDAD DE SAN MARTIN DEL ALTO , DISTRITO DE SANTA ROSA - JAEN - CAJAMARCA",Cartera_260824-123814.xlsx,,060812,060812,SI,SI,VALIDADO_PMI_POR_CUI,ALTA,RESUELTO,"050507, 220304, 060812, 021510, 210504, 210808, 010610, 140114, 030710, 150139",Distrito SANTA ROSA es ambiguo y no se extrajo provincia | Validado por PMI: SANTA ROSA
2235713.0,"INSTALACION DEL SERVICIO DE AGUA POTABLE Y SANEAMIENTO EN EL CASERIO LA MERCED DE NESHUYA, DISTRITO DE CAMPOVERDE, PROVINCIA DE CORONEL PORTILLO, UCAYALI",Cartera_260824-123814.xlsx,250102,,250102,,,EXTRAIDO_DESDE_NOMBRE,ALTA,RESUELTO,250102,Coincidencia exacta y única por nombre
2187530.0,"MEJORAMIENTO Y AMPLIACION DE LOS  SERVICIOS DE AGUA POTABLE Y DISPOSICIÓN SANITARIA DE EXCRETAS DE LA COMUNIDAD CAMPESINA  DE ACCOCOLLO, DISTRITO DE HUANCANÉ, PROVINCIA DE HUANCANÉ, DEPARTAMENTO DE PUNO",Cartera_260824-123814.xlsx,210601,,210601,,,EXTRAIDO_DESDE_NOMBRE,ALTA,RESUELTO,210601,Coincidencia exacta y única por nombre
2400866.0,"INSTALACION DEL SERVICIO DE AGUA POTABLE Y SANEAMIENTO EN EL CENTRO POBLADO DE CRUZ DEL SUR , DISTRITO DE SAN JUAN BAUTISTA - MAYNAS - LORETO",Cartera_260824-123814.xlsx,,160113,160113,SI,SI,VALIDADO_PMI_POR_CUI,ALTA,RESUELTO,"050110, 160113, 110110",Distrito SAN JUAN BAUTISTA es ambiguo y no se extrajo provincia | Validado por PMI: SAN JUAN BAUTISTA
2170983.0,"INSTALACION DEL SERVICIO DE AGUA POTABLE Y SANEAMIENTO BASICO DE LA LOCALIDAD DE SAN ANTONIO DE MATIPACCANA, DISTRITO DE YAULI - HUANCAVELICA - HUANCAVELICA",Cartera_260824-123814.xlsx,,090117,090117,SI,SI,VALIDADO_PMI_POR_CUI,ALTA,RESUELTO,"120810, 090117, 120433",Distrito YAULI es ambiguo y no se extrajo provincia | Validado por PMI: YAULI
2276070.0,"MEJORAMIENTO Y AMPLIACION DE LOS SERVICIOS DE AGUA POTABLE Y SANEAMIENTO DEL CENTRO POBLADO DE APABUCO, DISTRITO DE SANDIA , PROVINCIA DE SANDIA - PUNO",Cartera_260824-123814.xlsx,211201,,211201,,,EXTRAIDO_DESDE_NOMBRE,ALTA,RESUELTO,211201,Coincidencia exacta y única por nombre
2284167.0,"AMPLIACION Y MEJORAMIENTO DEL SERVICIO DE AGUA POTABLE E INSTALACION DEL SANEAMIENTO BASICO DE LA LOCALIDAD DE CHICHIR, DISTRITO DE CONDEBAMBA - CAJABAMBA - CAJAMARCA",Cartera_260824-123814.xlsx,060203,,060203,,,EXTRAIDO_DESDE_NOMBRE,ALTA,RESUELTO,060203,Coincidencia exacta y única por nombre
2252832.0,"INSTALACION DE LOS SISTEMAS DE AGUA POTABLE Y SANEAMIENTO PARA EL CENTRO POBLADO DE AJACHIN , DISTRITO DE MANSERICHE - DATEM DEL MARANON - LORETO",Cartera_260824-123814.xlsx,160703,,160703,,,EXTRAIDO_DESDE_NOMBRE,ALTA,RESUELTO,160703,Coincidencia exacta y única por nombre
2255956.0,"MEJORAMIENTO Y AMPLIACIÓN DEL SERVICIO DE AGUA POTABLE E INSTALACIÓN DEL SERVICIO DE DISPOSICIÓN SANITARIA DE EXCRETAS DEL CENTRO POBLADO DE CENTRAL SORAPA, DISTRITO DE JULI, PROVINCIA DE CHUCUITOS- REGIÓN PUNO",Cartera_260824-123814.xlsx,210401,,210401,,,EXTRAIDO_DESDE_NOMBRE,ALTA,RESUELTO,210401,Coincidencia exacta y única por nombre
2339603.0,"INSTALACIÓN DEL SERVICIO DE AGUA POTABLE Y SANEAMIENTO EN LA COMUNIDAD NATIVA DE NUEVA ESPERANZA, DISTRITO DE BALSAPUERTO, PROVINCIA DE ALTO AMAZONAS, DEPARTAMENTO DE LORETO",Cartera_260824-123814.xlsx,160202,,160202,,,EXTRAIDO_DESDE_NOMBRE,ALTA,RESUELTO,160202,Coincidencia exacta y única por nombre
2235709.0,"MEJORAMIENTO Y AMPLIACION DEL SERVICIO DE AGUA POTABLE E INSTALACION DEL SANEAMIENTO EN LA LOCALIDAD DE CHURUCANCHA EL MOLINO , DISTRITO DE LAJAS - CHOTA - CAJAMARCA",Cartera_260824-123814.xlsx,060410,,060410,,,EXTRAIDO_DESDE_NOMBRE,ALTA,RESUELTO,060410,Coincidencia exacta y única por nombre
2195747.0,"MEJORAMIENTO Y AMPLIACION DEL SERVICIO DE AGUA POTABLE Y SANEAMIENTO BASICO EN EL CENTRO POBLADO RINCONADA , DISTRITO DE SANTO TOMAS - CUTERVO - CAJAMARCA",Cartera_260824-123814.xlsx,,060613,060613,SI,SI,VALIDADO_PMI_POR_CUI,ALTA,RESUELTO,"060613, 080701, 010521",Distrito SANTO TOMAS es ambiguo y no se extrajo provincia | Validado por PMI: SANTO TOMAS
2168171.0,"AMPLIACION Y MEJORAMIENTO DEL SISTEMA DE AGUA E INSTALACION DE UNIDADES BASICAS DE SANEAMIENTO DE LA LOCALIDAD DE PAMPA SAN JOSE , DISTRITO DE HAQUIRA - COTABAMBAS - APURIMAC",Cartera_260824-123814.xlsx,030504,,030504,,,EXTRAIDO_DESDE_NOMBRE,ALTA,RESUELTO,030504,Coincidencia exacta y única por nombre
2400923.0,"INSTALACION DEL SERVICIO DE AGUA POTABLE Y SANEAMIENTO EN EL CENTRO POBLADO DE PALIZADA, DISTRITO DE NAUTA , PROVINCIA DE LORETO - LORETO",Cartera_260824-123814.xlsx,160301,,160301,,,EXTRAIDO_DESDE_NOMBRE,ALTA,RESUELTO,160301,Coincidencia exacta y única por nombre
2276132.0,"MEJORAMIENTO Y AMPLIACION DE LOS SERVICIOS DE AGUA POTABLE Y SANEAMIENTO DEL CENTRO POBLADO AYO, DISTRITO DE SANDIA , PROVINCIA DE SANDIA - PUNO",Cartera_260824-123814.xlsx,211201,,211201,,,EXTRAIDO_DESDE_NOMBRE,ALTA,RESUELTO,211201,Coincidencia exacta y única por nombre
2400880.0,"INSTALACION DEL SERVICIO DE AGUA POTABLE Y SANEAMIENTO EN EL CENTRO POBLADO DE 13 DE FEBRERO , DISTRITO DE SAN JUAN BAUTISTA - MAYNAS - LORETO",Cartera_260824-123814.xlsx,,160113,160113,SI,SI,VALIDADO_PMI_POR_CUI,ALTA,RESUELTO,"050110, 160113, 110110",Distrito SAN JUAN BAUTISTA es ambiguo y no se extrajo provincia | Validado por PMI: SAN JUAN BAUTISTA
2283990.0,"MEJORAMIENTO Y AMPLIACION DEL SERVICIO DE AGUA POTABLE E INSTALACION DEL SANEAMIENTO EN LA LOCALIDAD DE OLMOS , DISTRITO DE LAJAS - CHOTA - CAJAMARCA",Cartera_260824-123814.xlsx,060410,,060410,,,EXTRAIDO_DESDE_NOMBRE,ALTA,RESUELTO,060410,Coincidencia exacta y única por nombre
2400874.0,"INSTALACION DEL SERVICIO DE AGUA POTABLE Y SANEAMIENTO EN EL CENTRO POBLADO DE NINA RUMI , DISTRITO DE SAN JUAN BAUTISTA - MAYNAS - LORETO",Cartera_260824-123814.xlsx,,160113,160113,SI,SI,VALIDADO_PMI_POR_CUI,ALTA,RESUELTO,"050110, 160113, 110110",Distrito SAN JUAN BAUTISTA es ambiguo y no se extrajo provincia | Validado por PMI: SAN JUAN BAUTISTA
2189453.0,"MEJORAMIENTO Y AMPLIACION DEL SERVICIO DE AGUA POTABLE Y DISPOSICION SANITARIA DE EXCRETAS EN LA COMUNIDAD CAMPESINA LAMPA CHICO, DISTRITO POMATA - CHUCUITO - PUNO",Cartera_260824-123814.xlsx,,210406,210406,SI,SI,VALIDADO_PMI_POR_CUI,ALTA,RESUELTO,,"No se detectó patrón ""DISTRITO DE"" en el nombre | Validado por PMI: POMATA"
2284002.0,"MEJORAMIENTO Y AMPLIACION DE LOS SERVICIOS DE AGUA POTABLE Y SANEAMIENTO DEL CENTRO POBLADO DE CHALLHUAMAYO , DISTRITO DE SAN GABAN - CARABAYA - PUNO",Cartera_260824-123814.xlsx,210309,,210309,,,EXTRAIDO_DESDE_NOMBRE,ALTA,RESUELTO,210309,Coincidencia exacta y única por nombre
2186043.0,"MEJORAMIENTO Y AMPLIACIÓN DE LOS SERVICIOS DE AGUA POTABLE Y DISPOSICIÓN SANITARIA DE EXCRETAS  DE LA COMUNIDAD CAMPESINA DE CASA BLANCA, DISTRITO DE ASILLO, AZÁNGARO - PUNO.",Cartera_260824-123814.xlsx,210204,,210204,,,EXTRAIDO_DESDE_NOMBRE,ALTA,RESUELTO,210204,Coincidencia exacta y única por nombre
2189482.0,MEJORAMIENTO Y AMPLIACION DEL SERVICIO DE AGUA POTABLE Y DISPOSICION SANITARIA DE EXCRETAS EN LA COMUNIDAD CAMPESINA ISCUANI DISTRITO POMATA - CHUCUITO - PUNO,Cartera_260824-123814.xlsx,,210406,210406,SI,SI,VALIDADO_PMI_POR_CUI,ALTA,RESUELTO,,"No se detectó patrón ""DISTRITO DE"" en el nombre | Validado por PMI: POMATA"
2189342.0,"MEJORAMIENTO Y AMPLIACION DE LOS  SERVICIOS DE AGUA POTABLE Y DISPOSICIÓN SANITARIA DE EXCRETAS DE LA COMUNIDAD CAMPESINA DE MACHARIRI CENTRAL, DISTRITO DE ASILLO, AZANGARO - PUNO.",Cartera_260824-123814.xlsx,210204,,210204,,,EXTRAIDO_DESDE_NOMBRE,ALTA,RESUELTO,210204,Coincidencia exacta y única por nombre
2412235.0,CREACION DE LOS SERVICIOS DE AGUA POTABLE Y DISPOSICIÓN SANITARIA DE EXCRETAS EN LA COMUNIDAD NATIVA DE SONENE DEL DISTRITO DE TAMBOPATA - PROVINCIA DE TAMBOPATA - DEPARTAMENTO DE MADRE DE DIOS,Cartera_260824-123814.xlsx,170101,,170101,,,EXTRAIDO_DESDE_NOMBRE,ALTA,RESUELTO,170101,Coincidencia exacta y única por nombre
2412233.0,MEJORAMIENTO Y AMPLIACION DE LOS SERVICIOS DE AGUA POTABLE Y DISPOSICIÓN SANITARIA DE EXCRETAS EN LA COMUNIDAD NATIVA DE BELGICA DEL DISTRITO DE IÑAPARI - PROVINCIA DE TAHUAMANU - DEPARTAMENTO DE MADRE DE DIOS,Cartera_260824-123814.xlsx,170301,,170301,,,EXTRAIDO_DESDE_NOMBRE,ALTA,RESUELTO,170301,Coincidencia exacta y única por nombre
2189450.0,"INSTALACION DE SERVICIOS DE AGUA POTABLE Y DISPOSICION SANITARIA DE EXCRETAS EN EL SECTOR HUARA HUARA DE LA COMUNIDAD CAMPESINA SICUYANI, DISTRITO DE ZEPITA - CHUCUITO - PUNO",Cartera_260824-123814.xlsx,210407,,210407,,,EXTRAIDO_DESDE_NOMBRE,ALTA,RESUELTO,210407,Coincidencia exacta y única por nombre
2200851.0,"INSTALACION DEL SERVICIO DE AGUA POTABLE Y SANEAMIENTO BASICO EN LA LOCALIDAD DE EL PORVENIR, DISTRITO DE EL CARMEN DE LA FRONTERA - HUANCABAMBA - PIURA",Cartera_260824-123814.xlsx,200303,,200303,,,EXTRAIDO_DESDE_NOMBRE,ALTA,RESUELTO,200303,Coincidencia exacta y única por nombre
2168150.0,"AMPLIACION Y MEJORAMIENTO DEL SISTEMA DE AGUA E INSTALACION DE UNIDADES BASICAS DE SANEAMIENTO DE LA LOCALIDAD DE ANTILLA, DISTRITO DE CURAHUASI - ABANCAY - APURIMAC",Cartera_260824-123814.xlsx,030104,,030104,,,EXTRAIDO_DESDE_NOMBRE,ALTA,RESUELTO,030104,Coincidencia exacta y única por nombre
2235558.0,"INSTALACION DE LOS SISTEMAS DE AGUA POTABLE Y SANEAMIENTO PARA EL CENTRO POBLADO DE SOLEDAD , DISTRITO DE MANSERICHE - DATEM DEL MARANON - LORETO",Cartera_260824-123814.xlsx,160703,,160703,,,EXTRAIDO_DESDE_NOMBRE,ALTA,RESUELTO,160703,Coincidencia exacta y única por nombre
2302961.0,MEJORAMIENTO Y AMPLIACION DEL SERVICIO DE AGUA POTABLE Y CREACION DEL SERVICIO DE DISPOSICION SANITARIA DE EXCRETAS EN EL SECTOR DE CHALLACOLLO DE LA COMUNIDAD CAMPESINA SISIPA CHALLACOLLO - DISTRITO DE POMATA - PROVINCIA DE CHUCUITO - DEPARTAMENTO DE PUNO,Cartera_260824-123814.xlsx,210406,,210406,,,EXTRAIDO_DESDE_NOMBRE,ALTA,RESUELTO,210406,Coincidencia exacta y única por nombre
2400934.0,"INSTALACION DEL SERVICIO DE AGUA POTABLE Y SANEAMIENTO EN EL CENTRO POBLADO DE SUCRE, DISTRITO DE NAUTA , PROVINCIA DE LORETO - LORETO",Cartera_260824-123814.xlsx,160301,,160301,,,EXTRAIDO_DESDE_NOMBRE,ALTA,RESUELTO,160301,Coincidencia exacta y única por nombre
2202461.0,"MEJORAMIENTO Y AMPLIACION DEL SERVICIO DE AGUA POTABLE E INSTALACION SANITARIA DE DISPOSICION DE EXCRETAS Y AGUAS GRISES EN EL CENTRO POBLADO DE CHIPE, DISTRITO DE IMAZA, PROVINCIA DE BAGUA, DEPARTAMENTO DE AMAZONAS",Cartera_260824-123814.xlsx,010205,,010205,,,EXTRAIDO_DESDE_NOMBRE,ALTA,RESUELTO,010205,Coincidencia exacta y única por nombre
2127836.0,"MEJORAMIENTO DEL SISTEMA DE AGUA POTABLE E INSTALACION DEL SISTEMA DE DESAGUE EN LAS URBANIZACIONES DE HARIN, HUARAN Y SILLACANCHA DISTRITO DE CALCA, PROVINCIA DE CALCA - CUSCO",Cartera_260824-123814.xlsx,080401,,080401,,,EXTRAIDO_DESDE_NOMBRE,ALTA,RESUELTO,080401,Coincidencia exacta y única por nombre
2170990.0,"INSTALACION DEL SERVICIO DE AGUA POTABLE Y SANEAMIENTO BASICO DE LA LOCALIDAD DE SUILLOC , DISTRITO DE COLCABAMBA - TAYACAJA - HUANCAVELICA",Cartera_260824-123814.xlsx,,090705,090705,SI,SI,VALIDADO_PMI_POR_CUI,ALTA,RESUELTO,"090705, 020103, 030405",Distrito COLCABAMBA es ambiguo y no se extrajo provincia | Validado por PMI: COLCABAMBA
2302964.0,"MEJORAMIENTO Y AMPLIACION DEL SERVICIO DE AGUA POTABLE Y DISPOSICION SANITARIA DE EXCRETAS EN LA COMUNIDAD CAMPESINA DE TULACOLLO, DISTRITO DE KELLUYO, PROVINCIA DE CHUCUITO, DEPARTAMENTO DE PUNO",Cartera_260824-123814.xlsx,210404,,210404,,,EXTRAIDO_DESDE_NOMBRE,ALTA,RESUELTO,210404,Coincidencia exacta y única por nombre
2253727.0,"AMPLIACION Y MEJORAMIENTO DEL SERVICIO DE AGUA POTABLE Y SANEAMIENTO DEL CENTRO POBLADO DE SANTA CRUZ , DISTRITO DE AGALLPAMPA - OTUZCO - LA LIBERTAD",Cartera_260824-123814.xlsx,130602,,130602,,,EXTRAIDO_DESDE_NOMBRE,ALTA,RESUELTO,130602,Coincidencia exacta y única por nombre
2189343.0,"MEJORAMIENTO Y AMPLIACION DE LOS SERVICIOS DE AGUA POTABLE Y DISPOSICION SANITARIA DE EXCRETAS DE LA COMUNIDAD CAMPESINA DE CUCHO ESQUEÑA DISTRITO DE ACORA, PROVINCIA DE PUNO, DEPARTAMENTO DE PUNO",Cartera_260824-123814.xlsx,210102,,210102,,,EXTRAIDO_DESDE_NOMBRE,ALTA,RESUELTO,210102,Coincidencia exacta y única por nombre
2400936.0,"INSTALACION DEL SERVICIO DE AGUA POTABLE Y SANEAMIENTO EN EL CENTRO POBLADO DE MIRAFLORES, DISTRITO DE NAUTA , PROVINCIA DE LORETO - LORETO",Cartera_260824-123814.xlsx,160301,,160301,,,EXTRAIDO_DESDE_NOMBRE,ALTA,RESUELTO,160301,Coincidencia exacta y única por nombre
2235555.0,"INSTALACION DE LOS SISTEMAS DE AGUA POTABLE Y SANEAMIENTO PARA EL CENTRO POBLADO DE SACHAPAPA, DISTRITO DE MANSERICHE - DATEM DEL MARANON - LORETO",Cartera_260824-123814.xlsx,160703,,160703,,,EXTRAIDO_DESDE_NOMBRE,ALTA,RESUELTO,160703,Coincidencia exacta y única por nombre
2189333.0,"MEJORAMIENTO Y AMPLIACIÓN DE LOS SERVICIOS DE AGUA POTABLE Y DISPOSICIÓN SANITARIA DE EXCRETAS  DE LA COMUNIDAD CAMPESINA DE CCACCA, DISTRITO DE ACORA, PUNO - PUNO",Cartera_260824-123814.xlsx,210102,,210102,,,EXTRAIDO_DESDE_NOMBRE,ALTA,RESUELTO,210102,Coincidencia exacta y única por nombre
2235546.0,"AMPLIACION Y MEJORAMIENTO DEL SERVICIO DE AGUA POTABLE Y SANEAMIENTO EN EL CENTRO POBLADO URAKUSA, DISTRITO DE NIEVA, PROVINCIA DE CONDORCANQUI - AMAZONAS",Cartera_260824-123814.xlsx,010401,,010401,,,EXTRAIDO_DESDE_NOMBRE,ALTA,RESUELTO,010401,Coincidencia exacta y única por nombre
2265210.0,"MEJORAMIENTO Y AMPLIACIÓN DEL SERVICIO DE AGUA POTABLE E INSTALACIÓN DE LOS SERVICIOS DE ALCANTARILLADO, PLANTA DE TRATAMIENTO Y DISPOSICIÓN SANITARIA DE EXCRETAS EN EL CENTRO POBLADO PORTILLO BAJO, DISTRITO DE RIO NEGRO ¿ SATIPO ¿ JUNÍN",Cartera_260824-123814.xlsx,,120607,120607,SI,SI,VALIDADO_PMI_POR_CUI,ALTA,RESUELTO,,"No se detectó patrón ""DISTRITO DE"" en el nombre | Validado por PMI: RIO NEGRO"
2189508.0,"INSTALACION DEL SERVICIO DE AGUA POTABLE Y DISPOSICION SANITARIA DE EXCRETAS EN LOS SECTORES DE MANUELO Y MAMANI EN LA COMUNIDAD CAMPESINA DE KAPIA PUSUMA, DISTRITO DE KELLUYO - CHUCUITO - PUNO",Cartera_260824-123814.xlsx,210404,,210404,,,EXTRAIDO_DESDE_NOMBRE,ALTA,RESUELTO,210404,Coincidencia exacta y única por nombre
2256647.0,"MEJORAMIENTO Y AMPLIACION DEL SERVICIO DE AGUA POTABLE Y SANEAMIENTO BASICO EN EL CENTRO POBLADO CHONTAS , DISTRITO DE SOCOTA - CUTERVO - CAJAMARCA",Cartera_260824-123814.xlsx,060614,,060614,,,EXTRAIDO_DESDE_NOMBRE,ALTA,RESUELTO,060614,Coincidencia exacta y única por nombre
2186045.0,"MEJORAMIENTO Y AMPLIACIÓN DE LOS SERVICIOS DE AGUA POTABLE Y DISPOSICIÓN SANITARIA DE EXCRETAS DE LA COMUNIDAD CAMPESINA DE MOLLOCCO ,  DISTRITO DE ACORA, PROVINCIA DE PUNO, DEPARTAMENTO DE PUNO",Cartera_260824-123814.xlsx,210102,,210102,,,EXTRAIDO_DESDE_NOMBRE,ALTA,RESUELTO,210102,Coincidencia exacta y única por nombre
2189336.0,"MEJORAMIENTO Y AMPLIACIÓN DE LOS SERVICIOS DE AGUA POTABLE Y DISPOSICIÓN SANITARIA DE EXCRETAS  DE LA COMUNIDAD CAMPESINA DE PAMAYA JICHUYO, CENTRO  POBLADO JAYU JAYU, DISTRITO DE ACORA, PUNO - PUNO",Cartera_260824-123814.xlsx,210102,,210102,,,EXTRAIDO_DESDE_NOMBRE,ALTA,RESUELTO,210102,Coincidencia exacta y única por nombre
2170973.0,"INSTALACION DEL SERVICIO DE AGUA POTABLE Y SANEAMIENTO BASICO DE LA LOCALIDAD DE PAMPA DEL CARMEN - DISTRITO DE LIRCAY , PROVINCIA DE ANGARAES - HUANCAVELICA",Cartera_260824-123814.xlsx,090301,,090301,,,EXTRAIDO_DESDE_NOMBRE,ALTA,RESUELTO,090301,Coincidencia exacta y única por nombre
2202924.0,"AMPLIACION Y MEJORAMIENTO DEL SERVICIO DE AGUA POTABLE Y SANEAMIENTO EN EL CENTRO POBLADO TUTIN , DISTRITO DE EL CENEPA - CONDORCANQUI - AMAZONAS",Cartera_260824-123814.xlsx,010402,,010402,,,EXTRAIDO_DESDE_NOMBRE,ALTA,RESUELTO,010402,Coincidencia exacta y única por nombre
2189337.0,"MEJORAMIENTO Y AMPLIACION DEL SERVICIO DE AGUA POTABLE Y DISPOSICION SANITARIA DE EXCRETAS EN LA COMUNIDAD CAMPESINA HUILACAYA, DISTRITO ZEPITA - CHUCUITO - PUNO",Cartera_260824-123814.xlsx,,210407,210407,SI,SI,VALIDADO_PMI_POR_CUI,ALTA,RESUELTO,,"No se detectó patrón ""DISTRITO DE"" en el nombre | Validado por PMI: ZEPITA"
2332509.0,"MEJORAMIENTO Y AMPLIACION DEL SERVICIO DE AGUA POTABLE Y SANEAMIENTO EN LA CC.NN JOSE OLAYA DISTRITO DE TROMPETEROS, PROVINCIA DE LORETO, REGION DE LORETO",Cartera_260824-123814.xlsx,160304,,160304,,,EXTRAIDO_DESDE_NOMBRE,ALTA,RESUELTO,160304,Coincidencia exacta y única por nombre
2189458.0,"MEJORAMIENTO Y AMPLIACION DE LOS SERVICIOS DE AGUA POTABLE Y DISPOSICION SANITARIA DE EXCRETAS EN LOS SECTORES SALLUYO Y SAN FRANCISCO DE LA COMUNIDAD CAMPESINA JAQUEHUAYTAHUI, DISTRITO POMATA- CHUCUITO - PUNO",Cartera_260824-123814.xlsx,,210406,210406,SI,SI,VALIDADO_PMI_POR_CUI,ALTA,RESUELTO,,"No se detectó patrón ""DISTRITO DE"" en el nombre | Validado por PMI: POMATA"
2257745.0,"MEJORAMIENTO Y AMPLIACION DEL SISTEMA DE AGUA POTABLE Y SANEAMIENTO BASICO EN EL CENTRO POBLADO LA LAGUNA, DISTRITO DE TACABAMBA - CHOTA - CAJAMARCA",Cartera_260824-123814.xlsx,060417,,060417,,,EXTRAIDO_DESDE_NOMBRE,ALTA,RESUELTO,060417,Coincidencia exacta y única por nombre
2235526.0,"MEJORAMIENTO Y AMPLIACION DEL SERVICIO DE AGUA POTABLE E INSTALACION DEL SANEAMIENTO BASICO DE LA LOCALIDAD DE ROSAPAMPA, DISTRITO DE CHALAMARCA - CHOTA - CAJAMARCA",Cartera_260824-123814.xlsx,060419,,060419,,,EXTRAIDO_DESDE_NOMBRE,ALTA,RESUELTO,060419,Coincidencia exacta y única por nombre
2400910.0,"INSTALACION DEL SERVICIO DE AGUA POTABLE Y SANEAMIENTO EN LA COMUNIDAD NATIVA DE HIPOLITO UNANUE, DISTRITO DE NAUTA , PROVINCIA DE LORETO - LORETO",Cartera_260824-123814.xlsx,160301,,160301,,,EXTRAIDO_DESDE_NOMBRE,ALTA,RESUELTO,160301,Coincidencia exacta y única por nombre
2202922.0,"AMPLIACION Y MEJORAMIENTO DEL SERVICIO DE AGUA POTABLE Y SANEAMIENTO EN EL CENTRO POBLADO DE ACHUIM, DISTRITO DE EL CENEPA - CONDORCANQUI - AMAZONAS",Cartera_260824-123814.xlsx,010402,,010402,,,EXTRAIDO_DESDE_NOMBRE,ALTA,RESUELTO,010402,Coincidencia exacta y única por nombre
2196429.0,"MEJORAMIENTO Y AMPLIACION DEL SERVICIO DE AGUA POTABLE Y SANEAMIENTO BASICO EN EL CENTRO POBLADO EL PUEBLO LO HIZO, DISTRITO DE SANTO TOMAS - CUTERVO - CAJAMARCA",Cartera_260824-123814.xlsx,,060613,060613,SI,SI,VALIDADO_PMI_POR_CUI,ALTA,RESUELTO,"060613, 080701, 010521",Distrito SANTO TOMAS es ambiguo y no se extrajo provincia | Validado por PMI: SANTO TOMAS
2235608.0,"MEJORAMIENTO Y AMPLIACION DEL SERVICIO DE AGUA POTABLE E INSTALACION DEL SANEAMIENTO EN LA LOCALIDAD DE EL NOGAL, DISTRITO DE CHALAMARCA - CHOTA - CAJAMARCA",Cartera_260824-123814.xlsx,060419,,060419,,,EXTRAIDO_DESDE_NOMBRE,ALTA,RESUELTO,060419,Coincidencia exacta y única por nombre
2170986.0,"INSTALACION DEL SERVICIO DE AGUA POTABLE Y SANEAMIENTO BASICO DE LA LOCALIDAD DE SAN JUAN DE AHUAY, DISTRITO DE LIRCAY , PROVINCIA DE ANGARAES - HUANCAVELICA",Cartera_260824-123814.xlsx,090301,,090301,,,EXTRAIDO_DESDE_NOMBRE,ALTA,RESUELTO,090301,Coincidencia exacta y única por nombre
2183859.0,"MEJORAMIENTO Y AMPLIACION DE LOS SERVICIOS DE AGUA POTABLE Y DISPOSICION SANITARIA DE EXCRETAS DE LA COMUNIDAD CAMPESINA DE CCAPALLA, CENTRO POBLADO CCAPALLA, DISTRITO DE ACORA, PUNO - PUNO",Cartera_260824-123814.xlsx,210102,,210102,,,EXTRAIDO_DESDE_NOMBRE,ALTA,RESUELTO,210102,Coincidencia exacta y única por nombre
2235609.0,"MEJORAMIENTO Y AMPLIACION DEL SERVICIO DE AGUA POTABLE E INSTALACION DEL SANEAMIENTO EN LA LOCALIDAD DE MIRAVALLE, DISTRITO DE CHALAMARCA - CHOTA - CAJAMARCA",Cartera_260824-123814.xlsx,060419,,060419,,,EXTRAIDO_DESDE_NOMBRE,ALTA,RESUELTO,060419,Coincidencia exacta y única por nombre
2400945.0,"INSTALACION DEL SERVICIO DE AGUA POTABLE Y SANEAMIENTO EN EL CENTRO POBLADO DE SAN JUAN DE LAGUNILLAS, DISTRITO DE NAUTA , PROVINCIA DE LORETO - LORETO",Cartera_260824-123814.xlsx,160301,,160301,,,EXTRAIDO_DESDE_NOMBRE,ALTA,RESUELTO,160301,Coincidencia exacta y única por nombre
2199708.0,"MEJORAMIENTO Y AMPLIACION DEL SERVICIO DE AGUA POTABLE Y SANEAMIENTO EN EL CASERIO DE SAUCE CHIQUITO, DISTRITO DE HUANCABAMBA - HUANCABAMBA - PIURA",Cartera_260824-123814.xlsx,,200301,200301,SI,SI,VALIDADO_PMI_POR_CUI,ALTA,RESUELTO,"190303, 200301",Distrito HUANCABAMBA es ambiguo y no se extrajo provincia | Validado por PMI: HUANCABAMBA
2330634.0,"MEJORAMIENTO Y AMPLIACIÓN DEL SERVICIO DE AGUA POTABLE Y SANEAMIENTO EN LA CC.NN SAN JUAN DE BARTRA DISTRITO DE EL TIGRE, PROVINCIA DE LORETO, REGIÓN DE LORETO.",Cartera_260824-123814.xlsx,,160303,160303,SI,SI,VALIDADO_PMI_POR_CUI,ALTA,RESUELTO,,Distrito EL TIGRE no encontrado en GPKG | Validado por PMI: TIGRE
2332506.0,"MEJORAMIENTO Y AMPLIACION DE LOS SERVICIOS DE AGUA POTABLE Y SANEAMIENTO EN LA CC.NN ANTIOQUIA DISTRITO DE TROMPETEROS, PROVINCIA DE LORETO, REGION DE LORETO",Cartera_260824-123814.xlsx,160304,,160304,,,EXTRAIDO_DESDE_NOMBRE,ALTA,RESUELTO,160304,Coincidencia exacta y única por nombre
2199709.0,"INSTALACION DEL SERVICIO DE AGUA POTABLE Y DISPOSICION SANITARIA DE EXCRETAS EN EL CENTRO POBLADO DE PUERTO PERU, DISTRITO DE YURIMAGUAS - ALTO AMAZONAS - LORETO",Cartera_260824-123814.xlsx,160201,,160201,,,EXTRAIDO_DESDE_NOMBRE,ALTA,RESUELTO,160201,Coincidencia exacta y única por nombre
2302960.0,"MEJORAMIENTO Y AMPLIACION DEL SERVICIO DE AGUA POTABLE Y CREACION DEL SERVICIO DE DISPOSICION SANITARIA DE EXCRETAS EN LA COMUNIDAD CAMPESINA JACHAPAMPA - SECTOR ALTO JACHAPAMPA, DISTRITO DE ZEPITA, PROVINCIA DE CHUCUITO, DEPARTAMENTO DE PUNO",Cartera_260824-123814.xlsx,210407,,210407,,,EXTRAIDO_DESDE_NOMBRE,ALTA,RESUELTO,210407,Coincidencia exacta y única por nombre
2235655.0,"AMPLIACION Y MEJORAMIENTO DEL SERVICIO DE AGUA POTABLE Y SANEAMIENTO EN EL CENTRO POBLADO KAYAMAS, DISTRITO DE NIEVA , PROVINCIA DE CONDORCANQUI - AMAZONAS",Cartera_260824-123814.xlsx,010401,,010401,,,EXTRAIDO_DESDE_NOMBRE,ALTA,RESUELTO,010401,Coincidencia exacta y única por nombre
2283732.0,"AMPLIACION Y MEJORAMIENTO DEL SERVICIO DE AGUA POTABLE E INSTALACION DEL SANEAMIENTO BASICO DE LA LOCALIDAD DE SAN JOSE DE TUMINA, DISTRITO DE JESUS - CAJAMARCA - CAJAMARCA",Cartera_260824-123814.xlsx,,060106,060106,SI,SI,VALIDADO_PMI_POR_CUI,ALTA,RESUELTO,"101001, 060106",Distrito JESUS es ambiguo y no se extrajo provincia | Validado por PMI: JESUS
2191201.0,"MEJORAMIENTO Y AMPLIACION DEL SERVICIO DE AGUA POTABLE Y DISPOSICION SANITARIA DE EXCRETAS EN EL SERTOR CENTRAL CHUA CHUA DEL CENTRO POBLADO CHUA CHUA, DISTRITO DE ZEPITA - CHUCUITO - PUNO",Cartera_260824-123814.xlsx,210407,,210407,,,EXTRAIDO_DESDE_NOMBRE,ALTA,RESUELTO,210407,Coincidencia exacta y única por nombre
2400920.0,"INSTALACION DEL SERVICIO DE AGUA POTABLE Y SANEAMIENTO EN LA COMUNIDAD NATIVA DE SAN PEDRO I, DISTRITO DE NAUTA , PROVINCIA DE LORETO - LORETO",Cartera_260824-123814.xlsx,160301,,160301,,,EXTRAIDO_DESDE_NOMBRE,ALTA,RESUELTO,160301,Coincidencia exacta y única por nombre
2283000.0,"MEJORAMIENTO Y AMPLIACION DEL SERVICIO DE AGUA POTABLE E INSTALACION DEL SANEAMIENTO EN LA LOCALIDAD DE MAMARURIBAMBA BAJO , DISTRITO DE COCHABAMBA - CHOTA - CAJAMARCA",Cartera_260824-123814.xlsx,,060407,060407,SI,SI,VALIDADO_PMI_POR_CUI,ALTA,RESUELTO,"060407, 100403, 020102, 090725",Distrito COCHABAMBA es ambiguo y no se extrajo provincia | Validado por PMI: COCHABAMBA
2189503.0,"INSTALACION DEL SERVICIO DE AGUA POTABLE Y DISPOSICIÓN SANITARIA DE EXCRETAS DE LA COMUNIDAD CAMPESINA DE CUSINI, DISTRITO DE ACORA, PROVINCIA DE PUNO, REGIÓN PUNO",Cartera_260824-123814.xlsx,210102,,210102,,,EXTRAIDO_DESDE_NOMBRE,ALTA,RESUELTO,210102,Coincidencia exacta y única por nombre
2235564.0,"INSTALACIÓN DEL SERVICIO DE AGUA POTABLE Y SANEAMIENTO BÁSICO EN EL CENTRO POBLADO DE ANDRES AVELINO CACERES, DISTRITO DE PICHANAQUI, PROVINCIA DE CHANCHAMAYO, REGIÓN JUNÍN",Cartera_260824-123814.xlsx,120303,,120303,,,EXTRAIDO_DESDE_NOMBRE,ALTA,RESUELTO,120303,Coincidencia exacta y única por nombre
2400941.0,"INSTALACION DEL SERVICIO DE AGUA POTABLE Y SANEAMIENTO EN EL CENTRO POBLADO DE LISBOA, DISTRITO DE NAUTA , PROVINCIA DE LORETO - LORETO",Cartera_260824-123814.xlsx,160301,,160301,,,EXTRAIDO_DESDE_NOMBRE,ALTA,RESUELTO,160301,Coincidencia exacta y única por nombre
2170948.0,"INSTALACION DEL SERVICIO DE AGUA POTABLE Y SANEAMIENTO BASICO DE LA LOCALIDAD DE ANYACCASA , DISTRITO DE YAULI - HUANCAVELICA - HUANCAVELICA",Cartera_260824-123814.xlsx,,090117,090117,SI,SI,VALIDADO_PMI_POR_CUI,ALTA,RESUELTO,"120810, 090117, 120433",Distrito YAULI es ambiguo y no se extrajo provincia | Validado por PMI: YAULI
2289945.0,"AMPLIACION Y MEJORAMIENTO DEL SERVICIO DE AGUA POTABLE E INSTALACION DEL SISTEMA DE SANEAMIENTO BASICO DE LA LOCALIDAD DE YUSCAPAMPA , DISTRITO DE TABACONAS - SAN IGNACIO - CAJAMARCA",Cartera_260824-123814.xlsx,060907,,060907,,,EXTRAIDO_DESDE_NOMBRE,ALTA,RESUELTO,060907,Coincidencia exacta y única por nombre
2189449.0,"MEJORAMIENTO Y AMPLIACION DEL SERVICIO DE AGUA POTABLE Y DISPOSICION SANITARIA DE EXCRETAS EN LOS SECTORES CENTRAL FLORES, COLLAPATA, MAMANI A Y MAMANI B DE LA COMUNIDAD CAMPESINA LOS ANDES, DISTRITO ZEPITA - CHUCUITO - PUNO",Cartera_260824-123814.xlsx,,210407,210407,SI,SI,VALIDADO_PMI_POR_CUI,ALTA,RESUELTO,,"No se detectó patrón ""DISTRITO DE"" en el nombre | Validado por PMI: ZEPITA"
2202909.0,"MEJORAMIENTO Y AMPLIACIÓN DEL SERVICIO DE AGUA POTABLE Y DISPOSICIÓN SANITARIA DE EXCRETAS EN LA COMUNIDAD NATIVA DE PUERTO OCOPA, DISTRITO DE RÍO TAMBO, PROVINCIA DE SATIPO, DEPARTAMENTO DE JUNÍN",Cartera_260824-123814.xlsx,120608,,120608,,,EXTRAIDO_DESDE_NOMBRE,ALTA,RESUELTO,120608,Coincidencia exacta y única por nombre
2235659.0,"MEJORAMIENTO Y AMPLIACION DEL SERVICIO DE AGUA POTABLE Y DISPOSICION SANITARIA DE EXCRETAS EN EL CENTRO POBLADO NUEVA ALEJANDRIA , DISTRITO DE PICHANAQUI - CHANCHAMAYO - JUNIN",Cartera_260824-123814.xlsx,120303,,120303,,,EXTRAIDO_DESDE_NOMBRE,ALTA,RESUELTO,120303,Coincidencia exacta y única por nombre
2235554.0,"INSTALACION DE LOS SISTEMAS DE AGUA POTABLE Y SANEAMIENTO PARA EL CENTRO POBLADO DE ATAHUALPA , DISTRITO DE MANSERICHE - DATEM DEL MARANON - LORETO",Cartera_260824-123814.xlsx,160703,,160703,,,EXTRAIDO_DESDE_NOMBRE,ALTA,RESUELTO,160703,Coincidencia exacta y única por nombre
2235523.0,"AMPLIACION Y MEJORAMIENTO DEL SERVICIO DE AGUA POTABLE E INSTALACION DEL SANEAMIENTO EN LA LOCALIDAD DE SANTOS, DISTRITO DE QUEROCOTILLO - CUTERVO - CAJAMARCA",Cartera_260824-123814.xlsx,060607,,060607,,,EXTRAIDO_DESDE_NOMBRE,ALTA,RESUELTO,060607,Coincidencia exacta y única por nombre
2256323.0,"MEJORAMIENTO Y AMPLIACION DEL SERVICIO DE AGUA POTABLE Y SANEAMIENTO BASICO EN EL CASERIO DE CATALUCO , DISTRITO DE HUANCABAMBA - HUANCABAMBA - PIURA",Cartera_260824-123814.xlsx,,200301,200301,SI,SI,VALIDADO_PMI_POR_CUI,ALTA,RESUELTO,"190303, 200301",Distrito HUANCABAMBA es ambiguo y no se extrajo provincia | Validado por PMI: HUANCABAMBA
2202917.0,"INSTALACION DEL SERVICIO DE AGUA POTABLE Y SANEAMIENTO EN EL CENTRO POBLADO BOCA AMBUJA, DISTRITO DE NIEVA, PROVINCIA DE CONDORCANQUI - AMAZONAS",Cartera_260824-123814.xlsx,010401,,010401,,,EXTRAIDO_DESDE_NOMBRE,ALTA,RESUELTO,010401,Coincidencia exacta y única por nombre
2307887.0,"INSTALACION DEL SERVICIO DE AGUA POTABLE Y SANEAMIENTO EN EL CENTRO POBLADO CHOSICA , DISTRITO DE RIO SANTIAGO - CONDORCANQUI - AMAZONAS",Cartera_260824-123814.xlsx,010403,,010403,,,EXTRAIDO_DESDE_NOMBRE,ALTA,RESUELTO,010403,Coincidencia exacta y única por nombre
2235797.0,"MEJORAMIENTO Y AMPLIACION DEL SERVICIO DE AGUA POTABLE E INSTALACION DE LA DISPOSICION SANITARIA DE EXCRETAS Y DE AGUAS GRISES EN LA COMUNIDAD NATIVA DE NUMPATKAIM, DISTRITO DE IMAZA, PROVINCIA DE BAGUA, DEPARTAMENTO DE AMAZONAS",Cartera_260824-123814.xlsx,010205,,010205,,,EXTRAIDO_DESDE_NOMBRE,ALTA,RESUELTO,010205,Coincidencia exacta y única por nombre
2196751.0,"INSTALACION DEL SERVICIO DE AGUA POTABLE Y SANEAMIENTO EN EL CASERIO DE LAS LOMAS, DISTRITO DE PACAIPAMPA - AYABACA - PIURA",Cartera_260824-123814.xlsx,200206,,200206,,,EXTRAIDO_DESDE_NOMBRE,ALTA,RESUELTO,200206,Coincidencia exacta y única por nombre
2400908.0,"INSTALACION DEL SERVICIO DE AGUA POTABLE Y SANEAMIENTO EN EL CENTRO POBLADO DE SANTA CRUZ, DISTRITO DE NAUTA , PROVINCIA DE LORETO - LORETO",Cartera_260824-123814.xlsx,160301,,160301,,,EXTRAIDO_DESDE_NOMBRE,ALTA,RESUELTO,160301,Coincidencia exacta y única por nombre
2235534.0,"AMPLIACION Y MEJORAMIENTO DEL SERVICIO DE AGUA POTABLE E INSTALACION DEL SANEAMIENTO EN LA LOCALIDAD DE UNION BELLAVISTA DE CAMSE, DISTRITO DE CUTERVO , PROVINCIA DE CUTERVO - CAJAMARCA",Cartera_260824-123814.xlsx,060601,,060601,,,EXTRAIDO_DESDE_NOMBRE,ALTA,RESUELTO,060601,Coincidencia exacta y única por nombre
2202460.0,"MEJORAMIENTO Y AMPLIACION DEL SERVICIO DE AGUA POTABLE E INSTALACION DE LA DISPOSICION SANITARIA DE EXCRETAS Y DE AGUAS GRISES EN LA COMUNIDAD NATIVA DE WACHAPEA, DISTRITO DE IMAZA, PROVINCIA DE BAGUA, DEPARTAMENTO DE AMAZONAS",Cartera_260824-123814.xlsx,010205,,010205,,,EXTRAIDO_DESDE_NOMBRE,ALTA,RESUELTO,010205,Coincidencia exacta y única por nombre
2400863.0,"INSTALACION DEL SERVICIO DE AGUA POTABLE Y SANEAMIENTO EN EL CENTRO POBLADO DE 25 DE ENERO , DISTRITO DE SAN JUAN BAUTISTA - MAYNAS - LORETO",Cartera_260824-123814.xlsx,,160113,160113,SI,SI,VALIDADO_PMI_POR_CUI,ALTA,RESUELTO,"050110, 160113, 110110",Distrito SAN JUAN BAUTISTA es ambiguo y no se extrajo provincia | Validado por PMI: SAN JUAN BAUTISTA
2257777.0,"INSTALACION DEL SERVICIO DE AGUA POTABLE Y SANEAMIENTO BASICO DE LA COMUNIDAD NATIVA EL DORADO, DISTRITO DE MOYOBAMBA , PROVINCIA DE MOYOBAMBA, DEPARTAMENTO DE SAN MARTIN",Cartera_260824-123814.xlsx,220101,,220101,,,EXTRAIDO_DESDE_NOMBRE,ALTA,RESUELTO,220101,Coincidencia exacta y única por nombre
2196738.0,"MEJORAMIENTO Y AMPLIACION DEL SERVICIO DE AGUA POTABLE Y SANEAMIENTO EN EL CASERIO DE SANTA ROSA, DISTRITO DE HUARMACA - HUANCABAMBA - PIURA",Cartera_260824-123814.xlsx,200304,,200304,,,EXTRAIDO_DESDE_NOMBRE,ALTA,RESUELTO,200304,Coincidencia exacta y única por nombre
2289965.0,"AMPLIACION Y MEJORAMIENTO DEL SERVICIO DE AGUA POTABLE E INSTALACION DEL SANEAMIENTO BASICO DE LA LOCALIDAD DE MEJICO, DISTRITO DE FRIAS - AYABACA - PIURA",Cartera_260824-123814.xlsx,200202,,200202,,,EXTRAIDO_DESDE_NOMBRE,ALTA,RESUELTO,200202,Coincidencia exacta y única por nombre
2196734.0,"AMPLIACION Y MEJORAMIENTO DE LOS SISTEMAS DE AGUA POTABLE Y SANEAMIENTO DEL CASERIO CORAZON DE JESUS , DISTRITO DE HUABAL - JAEN - CAJAMARCA",Cartera_260824-123814.xlsx,060805,,060805,,,EXTRAIDO_DESDE_NOMBRE,ALTA,RESUELTO,060805,Coincidencia exacta y única por nombre
2306897.0,"AMPLIACION Y MEJORAMIENTO DEL SERVICIO DE AGUA POTABLE E INSTALACION DE LOS SERVICIOS DE DISPOSICION SANITARIA DE EXCRETAS, ALCANTARILLADO Y TRATAMIENTO DE AGUAS RESIDUALES EN LA COMUNIDAD NATIVA DE JERUSALEN DE MINARO , DISTRITO DE PANGOA - SATIPO - JUNIN",Cartera_260824-123814.xlsx,120606,,120606,,,EXTRAIDO_DESDE_NOMBRE,ALTA,RESUELTO,120606,Coincidencia exacta y única por nombre
2400913.0,"INSTALACION DEL SERVICIO DE AGUA POTABLE Y SANEAMIENTO EN LA COMUNIDAD NATIVA DE MIGUEL GRAU, DISTRITO DE NAUTA , PROVINCIA DE LORETO - LORETO",Cartera_260824-123814.xlsx,160301,,160301,,,EXTRAIDO_DESDE_NOMBRE,ALTA,RESUELTO,160301,Coincidencia exacta y única por nombre
2303280.0,"AMPLIACION Y MEJORAMIENTO DEL SERVICIO DE AGUA POTABLE E INSTALACION DE LOS SERVICIOS DE DISPOSICION SANITARIA DE EXCRETAS, ALCANTARILLADO Y TRATAMIENTO DE AGUAS RESIDUALES EN LA COMUNIDAD NATIVA DE CANETE , DISTRITO DE MAZAMARI - SATIPO - JUNIN",Cartera_260824-123814.xlsx,120604,,120604,,,EXTRAIDO_DESDE_NOMBRE,ALTA,RESUELTO,120604,Coincidencia exacta y única por nombre
2280080.0,"AMPLIACION Y MEJORAMIENTO DEL SERVICIO DE AGUA POTABLE E INSTALACION DEL SANEAMIENTO BASICO DE LA LOCALIDAD DE TOTORA NUEVA, DISTRITO DE JOSE SABOGAL - SAN MARCOS - CAJAMARCA",Cartera_260824-123814.xlsx,061007,,061007,,,EXTRAIDO_DESDE_NOMBRE,ALTA,RESUELTO,061007,Coincidencia exacta y única por nombre
2202465.0,"MEJORAMIENTO Y AMPLIACION DEL SERVICIO DE AGUA POTABLE E INSTALACION DE LA DISPOSICION SANITARIA DE EXCRETAS Y DE AGUAS GRISES EN LA COMUNIDAD NATIVA DE SAN RAFAEL WINCHU, DISTRITO DE IMAZA, PROVINCIA DE BAGUA, DEPARTAMENTO DE AMAZONAS",Cartera_260824-123814.xlsx,010205,,010205,,,EXTRAIDO_DESDE_NOMBRE,ALTA,RESUELTO,010205,Coincidencia exacta y única por nombre
2327241.0,"MEJORAMIENTO Y AMPLIACION DEL SERVICIO DE AGUA POTABLE Y SANEAMIENTO BASICO EN EL CASERIO DE MOLULO , DISTRITO DE HUARMACA - HUANCABAMBA - PIURA",Cartera_260824-123814.xlsx,200304,,200304,,,EXTRAIDO_DESDE_NOMBRE,ALTA,RESUELTO,200304,Coincidencia exacta y única por nombre
2292676.0,"INSTALACION DEL SERVICIO DE AGUA POTABLE Y SANEAMIENTO EN LA COMUNIDAD NATIVA DE NUEVA BARRANQUITA, DISTRITO DE BALSAPUERTO, PROVINCIA DE ALTO AMAZONAS, DEPARTAMENTO DE LORETO",Cartera_260824-123814.xlsx,160202,,160202,,,EXTRAIDO_DESDE_NOMBRE,ALTA,RESUELTO,160202,Coincidencia exacta y única por nombre
2339548.0,"INSTALACION DEL SERVICIO DE AGUA POTABLE Y SANEAMIENTO EN LA COMUNIDAD NATIVA DE BELLAVISTA , DISTRITO DE BALSAPUERTO - ALTO AMAZONAS - LORETO",Cartera_260824-123814.xlsx,160202,,160202,,,EXTRAIDO_DESDE_NOMBRE,ALTA,RESUELTO,160202,Coincidencia exacta y única por nombre
2196749.0,"INSTALACION DEL SERVICIO DE AGUA POTABLE Y SANEAMIENTO EN EL CASERIO DE MEMBRILLO, DISTRITO DE PACAIPAMPA - AYABACA - PIURA",Cartera_260824-123814.xlsx,200206,,200206,,,EXTRAIDO_DESDE_NOMBRE,ALTA,RESUELTO,200206,Coincidencia exacta y única por nombre
2235583.0,"MEJORAMIENTO Y AMPLIACIÓN DEL SERVICIO DE AGUA POTABLE Y DISPOSICIÓN SANITARIA DE EXCRETAS EN LA COMUNIDAD NATIVA DE BOCA CHEMBO, DISTRITO DE RÍO TAMBO, PROVINCIA DE SATIPO, DEPARTAMENTO DE JUNÍN",Cartera_260824-123814.xlsx,120608,,120608,,,EXTRAIDO_DESDE_NOMBRE,ALTA,RESUELTO,120608,Coincidencia exacta y única por nombre
2235800.0,"INSTALACION DE LOS SERVICIOS DE AGUA POTABLE, DISPOSICION SANITARIA DE EXCRETAS Y DE AGUAS GRISES EN LA COMUNIDAD NATIVA DE HUANTZA, DISTRITO DE IMAZA, PROVINCIA DE BAGUA, DEPARTAMENTO DE AMAZONAS",Cartera_260824-123814.xlsx,010205,,010205,,,EXTRAIDO_DESDE_NOMBRE,ALTA,RESUELTO,010205,Coincidencia exacta y única por nombre
2328456.0,"MEJORAMIENTO, AMPLIACION DEL SERVICIO DE AGUA POTABLE Y SANEAMIENTO EN LA COMUNIDAD NATIVA SUNGACHI, DISTRITO DE ANDOAS, PROVINCIA DEL DATEM DEL MARAÑON, REGION LORETO",Cartera_260824-123814.xlsx,160706,,160706,,,EXTRAIDO_DESDE_NOMBRE,ALTA,RESUELTO,160706,Coincidencia exacta y única por nombre
2235896.0,"MEJORAMIENTO Y AMPLIACION DEL SERVICIO DE AGUA POTABLE E INSTALACIÓN DE LA DISPOSICIÓN SANITARIA DE EXCRETAS Y DE AGUAS GRISES EN LA COMUNIDAD NATIVA DE BETHEL JAYAIS, DISTRITO DE IMAZA, PROVINCIA DE BAGUA, DEPARTAMENTO DE AMAZONAS",Cartera_260824-123814.xlsx,010205,,010205,,,EXTRAIDO_DESDE_NOMBRE,ALTA,RESUELTO,010205,Coincidencia exacta y única por nombre
2195427.0,"MEJORAMIENTO Y AMPLIACION DEL SERVICIO DE AGUA POTABLE Y SANEAMIENTO BASICO EN EL CASERIO DE PARGUYUC, DISTRITO DE HUARMACA - HUANCABAMBA - PIURA",Cartera_260824-123814.xlsx,200304,,200304,,,EXTRAIDO_DESDE_NOMBRE,ALTA,RESUELTO,200304,Coincidencia exacta y única por nombre
2235258.0,"MEJORAMIENTO Y AMPLIACIÓN DEL SERVICIO DE AGUA POTABLE Y DISPOSICIÓN SANITARIA DE EXCRETAS EN LA COMUNIDAD NATIVA DE CAPITIRI, DISTRITO DE RÍO TAMBO, PROVINCIA DE SATIPO, DEPARTAMENTO DE JUNÍN",Cartera_260824-123814.xlsx,120608,,120608,,,EXTRAIDO_DESDE_NOMBRE,ALTA,RESUELTO,120608,Coincidencia exacta y única por nombre
2307895.0,"AMPLIACION Y MEJORAMIENTO DEL SISTEMA DE AGUA POTABLE E INSTALACION DEL SERVICIO DE SANEAMIENTO BASICO EN LA LOCALIDAD DE GENERAL ROQUE SAENZ PENA - RIO TIGRE, DISTRITO DE MARIANO DAMASO BERAUN - LEONCIO PRADO - HUANUCO",Cartera_260824-123814.xlsx,100606,,100606,,,EXTRAIDO_DESDE_NOMBRE,ALTA,RESUELTO,100606,Coincidencia exacta y única por nombre
2320222.0,"AMPLIACION Y MEJORAMIENTO DEL SERVICIO DE AGUA POTABLE Y DISPOSICION SANITARIA DE EXCRETAS EN EL CENTRO POBLADO BOLIVAR , DISTRITO DE PANGOA - SATIPO - JUNIN",Cartera_260824-123814.xlsx,120606,,120606,,,EXTRAIDO_DESDE_NOMBRE,ALTA,RESUELTO,120606,Coincidencia exacta y única por nombre
2251151.0,"MEJORAMIENTO Y AMPLIACION DEL SERVICIO DE AGUA POTABLE E INSTALACION DEL SISTEMA DE SANEAMIENTO BASICO DE LA LOCALIDAD DE PUCUNAN , DISTRITO DE SANTA ANA DE TUSI - DANIEL ALCIDES CARRION - PASCO",Cartera_260824-123814.xlsx,190206,,190206,,,EXTRAIDO_DESDE_NOMBRE,ALTA,RESUELTO,190206,Coincidencia exacta y única por nombre
2339543.0,"INSTALACIÓN DEL SERVICIO DE AGUA POTABLE Y SANEAMIENTO EN LA COMUNIDAD NATIVA DE LOMA LINDA , DISTRITO DE BALSAPUERTO, PROVINCIA DE ALTO AMAZONAS, DEPARTAMENTO DE LORETO",Cartera_260824-123814.xlsx,160202,,160202,,,EXTRAIDO_DESDE_NOMBRE,ALTA,RESUELTO,160202,Coincidencia exacta y única por nombre
2328478.0,"MEJORAMIENTO, AMPLIACION DEL SERVICIO DE AGUA POTABLE Y SANEAMIENTO EN LA COMUNIDAD NATIVA NUEVA VIDA, DISTRITO DE ANDOAS, PROVINCIA DE DATEM DEL MARAÑON, REGION LORETO",Cartera_260824-123814.xlsx,160706,,160706,,,EXTRAIDO_DESDE_NOMBRE,ALTA,RESUELTO,160706,Coincidencia exacta y única por nombre
2235658.0,"MEJORAMIENTO Y AMPLIACION DEL SERVICIO DE AGUA POTABLE Y DISPOSICION SANITARIA DE EXCRETAS EN EL CENTRO POBLADO SAN JUAN DE BOCA IPOKI, DISTRITO DE RIO NEGRO, PROVINCIA DE SATIPO,DEPARTAMENTO DE JUNIN",Cartera_260824-123814.xlsx,120607,,120607,,,EXTRAIDO_DESDE_NOMBRE,ALTA,RESUELTO,120607,Coincidencia exacta y única por nombre
2250836.0,"INSTALACION DEL SERVICIO DE AGUA POTABLE Y SANEAMIENTO EN EL CASERIO DE ANIMAS, DISTRITO DE HUARMACA, PROVINCIA DE HUANCABAMBA, DEPARTAMENTO DE PIURA",Cartera_260824-123814.xlsx,200304,,200304,,,EXTRAIDO_DESDE_NOMBRE,ALTA,RESUELTO,200304,Coincidencia exacta y única por nombre
2260573.0,"AMPLIACION Y MEJORAMIENTO DEL SERVICIO DE AGUA POTABLE Y DISPOSICION SANITARIA DE EXCRETAS DEL CENTRO POBLADO DE SAN CRISTOBAL DE ALTO CHENI , DISTRITO DE RIO NEGRO - SATIPO - JUNIN",Cartera_260824-123814.xlsx,120607,,120607,,,EXTRAIDO_DESDE_NOMBRE,ALTA,RESUELTO,120607,Coincidencia exacta y única por nombre
2267018.0,"INSTALACION DEL SERVICIO DE AGUA POTABLE Y DISPOSICION SANITARIA DE EXCRETAS EN EL CENTRO POBLADO CAMANTAVISHI , DISTRITO DE RIO TAMBO - SATIPO - JUNIN",Cartera_260824-123814.xlsx,120608,,120608,,,EXTRAIDO_DESDE_NOMBRE,ALTA,RESUELTO,120608,Coincidencia exacta y única por nombre
2202906.0,"MEJORAMIENTO Y AMPLIACIÓN DEL SERVICIO DE AGUA POTABLE Y DISPOSICIÓN SANITARIA DE EXCRETAS EN LA COMUNIDAD NATIVA CHAUJA, DISTRITO DE RÍO TAMBO, PROVINCIA DE SATIPO, DEPARTAMENTO DE JUNÍN",Cartera_260824-123814.xlsx,120608,,120608,,,EXTRAIDO_DESDE_NOMBRE,ALTA,RESUELTO,120608,Coincidencia exacta y única por nombre
2286909.0,"AMPLIACION Y MEJORAMIENTO DEL SERVICIO DE AGUA POTABLE E INSTALACION DEL SANEAMIENTO EN LA LOCALIDAD DE PAYAC MUNONO, DISTRITO DE CUTERVO , PROVINCIA DE CUTERVO - CAJAMARCA",Cartera_260824-123814.xlsx,060601,,060601,,,EXTRAIDO_DESDE_NOMBRE,ALTA,RESUELTO,060601,Coincidencia exacta y única por nombre
2301611.0,"INSTALACIÓN DEL SERVICIO DE AGUA POTABLE Y SANEAMIENTO EN EL CASERÍO DE MINAS DE TRIGAL, DISTRITO DE HUARMACA, HUANCABAMBA - PIURA",Cartera_260824-123814.xlsx,200304,,200304,,,EXTRAIDO_DESDE_NOMBRE,ALTA,RESUELTO,200304,Coincidencia exacta y única por nombre
2392883.0,PROGRAMA INTEGRAL DE AGUA Y SANEAMIENTO RURAL - PIASAR,Cartera_260824-123814.xlsx,,150122,,SI,NO,VALIDADO_PMI_POR_CUI,BAJA,REVISAR_CONFLICTO,,"No se detectó patrón ""DISTRITO DE"" en el nombre | Distrito PMI (MIRAFLORES) no encontrado en nombre de inversión"
2187533.0,"MEJORAMIENTO Y AMPLIACION DE LOS SERVICIOS DE AGUA POTABLE Y DISPOSICION SANITARIA DE EXCRETAS DE LA COMUNIDAD CAMPESINA DE KAKACHI, DISTRITO DE HUANCANE, HUANCANE, PUNO",Cartera_260824-123814.xlsx,210601,,210601,,,EXTRAIDO_DESDE_NOMBRE,ALTA,RESUELTO,210601,Coincidencia exacta y única por nombre
2331087.0,"CREACION DE LOS SISTEMAS DE AGUA POTABLE DEPENDIENTES DEL RESERVORIO N-31 Y ALCANTARILLADO SANITARIO DEL DISTRITO  DE CERRO COLORADO, PROVINCIA, DEPARTAMENTO Y REGIÓN DE AREQUIPA.",Cartera_260824-123814.xlsx,040104,,040104,,,EXTRAIDO_DESDE_NOMBRE,ALTA,RESUELTO,040104,Coincidencia exacta y única por nombre
2331093.0,"CREACION DE LOS SISTEMAS DE AGUA POTABLE DEPENDIENTES DEL RESERVORIO N-39 Y ALCANTARILLADO SANITARIO DEL DISTRITO  DE CERRO COLORADO, PROVINCIA, DEPARTAMENTO Y REGIÓN DE AREQUIPA.",Cartera_260824-123814.xlsx,040104,,040104,,,EXTRAIDO_DESDE_NOMBRE,ALTA,RESUELTO,040104,Coincidencia exacta y única por nombre
2286853.0,"AMPLIACION, MEJORAMIENTO DEL SERVICIO DE AGUA POTABLE Y ALCANTARILLADO DE LAS LOCALIDADES DE SAHUAY, ULLUY Y RONDOBAMBA, DISTRITO DE APARICIO POMARES - YAROWILCA - HUANUCO",Cartera_260824-123814.xlsx,101104,,101104,,,EXTRAIDO_DESDE_NOMBRE,ALTA,RESUELTO,101104,Coincidencia exacta y única por nombre
2200393.0,"MEJORAMIENTO Y AMPLIACION DEL SERVICIO DE AGUA POTABLE E INSTALACION DEL SERVICIO DE SANEAMIENTO EN EL CENTRO POBLADO PERLA DEL IMAZA , DISTRITO DE YAMBRASBAMBA - BONGARA - AMAZONAS",Cartera_260824-123814.xlsx,010312,,010312,,,EXTRAIDO_DESDE_NOMBRE,ALTA,RESUELTO,010312,Coincidencia exacta y única por nombre
2344330.0,AMPLIACION DEL SISTEMA DE AGUA POTABLE Y ALCANTARILLADO DEL PROYECTO ESPECIAL LOS ANGELES - DISTRITO DE SAN JUAN DE LURIGANCHO,Cartera_260824-123814.xlsx,150132,,150132,,,EXTRAIDO_DESDE_NOMBRE,ALTA,RESUELTO,150132,Coincidencia exacta y única por nombre
2235547.0,"AMPLIACION Y MEJORAMIENTO DEL SERVICIO DE AGUA POTABLE Y SANEAMIENTO EN EL CENTRO POBLADO JAPAIME ESCUELA, DISTRITO DE NIEVA , PROVINCIA DE CONDORCANQUI - AMAZONAS",Cartera_260824-123814.xlsx,010401,,010401,,,EXTRAIDO_DESDE_NOMBRE,ALTA,RESUELTO,010401,Coincidencia exacta y única por nombre
2305004.0,"MEJORAMIENTO DE LAS REDES DE ALCANTARILLADO Y AGUA POTABLE DE LA URB FERNANDO LEON DE VIVERO DEL, DISTRITO DE PUEBLO NUEVO - CHINCHA - ICA",Cartera_260824-123814.xlsx,,110207,110207,SI,SI,VALIDADO_PMI_POR_CUI,ALTA,RESUELTO,"110207, 100609, 140206, 110107, 130403",Distrito PUEBLO NUEVO es ambiguo y no se extrajo provincia | Validado por PMI: PUEBLO NUEVO
2323675.0,"AMPLIACION Y MEJORAMIENTO DEL SISTEMA DE AGUA POTABLE Y ALCANTARILLADO DEL AA.HH LOS CIBELES DEL DISTRITO DE ZARUMILLA, PROVINCIA DE ZARUMILLA - TUMBES",Cartera_260824-123814.xlsx,240301,,240301,,,EXTRAIDO_DESDE_NOMBRE,ALTA,RESUELTO,240301,Coincidencia exacta y única por nombre
2260079.0,"MEJORAMIENTO Y AMPLIACIÓN DEL SERVICIO DE AGUA POTABLE E INSTALACIÓN DEL SERVICIO DE DISPOSICIÓN SANITARIA DE EXCRETAS EN EL CENTRO POBLADO RIO SANTA, DISTRITO DE RIO NEGRO ¿ SATIPO ¿ JUNÍN",Cartera_260824-123814.xlsx,,120607,120607,SI,SI,VALIDADO_PMI_POR_CUI,ALTA,RESUELTO,,"No se detectó patrón ""DISTRITO DE"" en el nombre | Validado por PMI: RIO NEGRO"
2489889.0,"MEJORAMIENTO DEL SISTEMA DE DRENAJE PLUVIAL URBANO DE LOS JR. GARCILASO DE LA VEGA C2 ¿ C7; JR. LIMA C6-C8; JR. 28 DE JULIO C1, C7-C9; JR. PROGRESO C1, C8-C10; JR. MALECÓN C1, C7-C9; JR. IQUITOS C1, C2; JR. ANTONIO BARDALES C1-C3; JR. SAPOSOA C6, JR. LA UNIÓN C5, C6; JR. MIGUEL GRAU C5; JR. 2 DE MAYO C1-C5; JR. AYACUCHO C1-C5; JR. ROBERTO LÓPEZ C1-C3; JR. ALCIDES RUIZ CDRA. C1-C3; EN LA LOCALIDAD DE PISCOYACU DEL DISTRITO DE PISCOYACU - PROVINCIA DE HUALLAGA - DEPARTAMENTO DE SAN MARTIN",Cartera_260824-123814.xlsx,220404,,220404,,,EXTRAIDO_DESDE_NOMBRE,ALTA,RESUELTO,220404,Coincidencia exacta y única por nombre
2302266.0,"AMPLIACION DE LOS SISTEMAS DE AGUA POTABLE Y ALCANTARILLADO DE LA QUEBRADA DE MANCHAY 3ERA. ETAPA, DISTRITO DE PACHACAMAC, PROVINCIA DE LIMA, REGIÓN LIMA",Cartera_260824-123814.xlsx,150123,,150123,,,EXTRAIDO_DESDE_NOMBRE,ALTA,RESUELTO,150123,Coincidencia exacta y única por nombre
2400301.0,ESQUEMA CARAPONGO - AMPLIACIÓN  DE LOS SISTEMAS DE AGUA POTABLE Y ALCANTARILLADO DE LOS SECTORES 136 Y 137 DISTRITO DE LURIGANCHO,Cartera_260824-123814.xlsx,150118,,150118,,,EXTRAIDO_DESDE_NOMBRE,ALTA,RESUELTO,150118,Coincidencia exacta y única por nombre
2214737.0,"MEJORAMIENTO DEL SISTEMA DE ABASTECIMIENTO DE AGUA POTABLE E INSTALACION DEL SISTEMA DE ALCANTARILLADO EN EL P.V.P.D. LOS DELFINES, DISTRITO DE SAN JUAN BAUTISTA - MAYNAS - LORETO",Cartera_260824-123814.xlsx,,160113,160113,SI,SI,VALIDADO_PMI_POR_CUI,ALTA,RESUELTO,"050110, 160113, 110110",Distrito SAN JUAN BAUTISTA es ambiguo y no se extrajo provincia | Validado por PMI: SAN JUAN BAUTISTA
2337928.0,"MEJORAMIENTO Y AMPLIACION DEL SERVICIO DE AGUA POTABLE Y ALCANTARILLADO SANITARIO EN EL C.P. MARIA DEL SOCORRO, DISTRITO DE HUANCHACO - TRUJILLO - LA LIBERTAD",Cartera_260824-123814.xlsx,130104,,130104,,,EXTRAIDO_DESDE_NOMBRE,ALTA,RESUELTO,130104,Coincidencia exacta y única por nombre
2017723.0,MEJORAMIENTO Y AMPLIACION DEL SISTEMA DE AGUA POTABLE Y CONSTRUCCION DEL SISTEMA DE ALCANTARILLADO DEL DISTRITO DE ACOLLA,Cartera_260824-123814.xlsx,120402,,120402,,,EXTRAIDO_DESDE_NOMBRE,ALTA,RESUELTO,120402,Coincidencia exacta y única por nombre
2302072.0,"REHABILITACION DE REDES DE AGUA Y ALCANTARILLADO EN EL SECTOR A DEL A.H. SANTA JULIA EN EL DISTRITO DE 26 DE OCTUBRE, PROVINCIA DE PIURA - PIURA",Cartera_260824-123814.xlsx,,200115,,SI,NO,VALIDADO_PMI_POR_CUI,BAJA,REVISAR_CONFLICTO,,Distrito 26 DE OCTUBRE no encontrado en GPKG | Distrito PMI (VEINTISEIS DE OCTUBRE) no encontrado en nombre de inversión
2095790.0,"AMPLIACION SISTEMA INTEGRAL DE ALCANTARILLADO EN EL CENTRO POBLADO PAMPA LIBRE, DISTRITO DE CHANCAY - HUARAL - LIMA",Cartera_260824-123814.xlsx,,150605,150605,SI,SI,VALIDADO_PMI_POR_CUI,ALTA,RESUELTO,"150605, 061002",Distrito CHANCAY es ambiguo y no se extrajo provincia | Validado por PMI: CHANCAY
2279322.0,"CREACION DEL SERVICIO DE AGUA POTABLE Y ALCANTARILLADO EN LA URBANIZACIÓN ROSARIO COÑIRI DEL CENTRO POBLADO JAYLLIHUAYA DEL DISTRITO DE PUNO, PROVINCIA DE PUNO - PUNO",Cartera_260824-123814.xlsx,210101,,210101,,,EXTRAIDO_DESDE_NOMBRE,ALTA,RESUELTO,210101,Coincidencia exacta y única por nombre
2241776.0,"MEJORAMIENTO DE REDES DE AGUA POTABLE Y ALCANTARILLADO  DEL AA.HH. LAS PALMERAS DEL DISTRITO DE PIURA, PROVINCIA DE PIURA - PIURA",Cartera_260824-123814.xlsx,200101,,200101,,,EXTRAIDO_DESDE_NOMBRE,ALTA,RESUELTO,200101,Coincidencia exacta y única por nombre
2262794.0,"MEJORAMIENTO Y AMPLIACION DEL SERVICIO DE AGUA POTABLE E INSTALACION DEL SANEAMIENTO EN LA LOCALIDAD DE NEGROPAMPA BAJO, DISTRITO DE CHOTA , PROVINCIA DE CHOTA - CAJAMARCA",Cartera_260824-123814.xlsx,060401,,060401,,,EXTRAIDO_DESDE_NOMBRE,ALTA,RESUELTO,060401,Coincidencia exacta y única por nombre
2343069.0,MEJORAMIENTO Y AMPLIACION DEL SERVICIO DE AGUA POTABLE Y ALCANTARILLADO SANITARIO EN LA CIUDAD DE ILAVE - DISTRITO DE ILAVE - PROVINCIA DE EL COLLAO - DEPARTAMENTO DE PUNO,Cartera_260824-123814.xlsx,210501,,210501,,,EXTRAIDO_DESDE_NOMBRE,ALTA,RESUELTO,210501,Coincidencia exacta y única por nombre
2397194.0,"MEJORAMIENTO Y AMPLIACIÓN DE LOS SERVICIOS DE AGUA POTABLE Y ALCANTARILLADO DEL DISTRITO DE CHEPEN, PROVINCIA DE CHEPEN, DEPARTAMENTO LA LIBERTAD. ",Cartera_260824-123814.xlsx,130401,,130401,,,EXTRAIDO_DESDE_NOMBRE,ALTA,RESUELTO,130401,Coincidencia exacta y única por nombre
2289968.0,"AMPLIACIÓN Y MEJORAMIENTO DEL SERVICIO DE AGUA POTABLE Y SANEAMIENTO BASICO EN LA LOCALIDAD DE SAN MIGUEL, DISTRITO DE HUARANGO, PROVINCIA DE SAN IGNACIO, DEPARTAMENTO DE CAJAMARCA",Cartera_260824-123814.xlsx,060903,,060903,,,EXTRAIDO_DESDE_NOMBRE,ALTA,RESUELTO,060903,Coincidencia exacta y única por nombre
2202913.0,"AMPLIACION Y MEJORAMIENTO DEL SERVICIO DE AGUA POTABLE E INSTALACION DEL SISTEMA DE SANEAMIENTO BASICO EN LA LOCALIDAD DE ICHUNIARI , DISTRITO DE MAZAMARI - SATIPO - JUNIN",Cartera_260824-123814.xlsx,120604,,120604,,,EXTRAIDO_DESDE_NOMBRE,ALTA,RESUELTO,120604,Coincidencia exacta y única por nombre
2078794.0,"AMPLIACION Y MEJORAMIENTO DEL SISTEMA DE AGUA POTABLE Y ALCANTARILLADO EN  VILLANUEVA-PUCACACA-CHINCHA ALTA-SHIMBILLO-NVO CODO-PICOTA-SANTA ROSILLO-SAN ANTONIO-NVA UNION-WINGE CASPISAPA-PTO RICO Y SAN HILARION, PROVINCIA DE PICOTA - SAN MARTIN",Cartera_260824-123814.xlsx,,,,NO,NO,FALLIDO,BAJA,REVISAR_CONFLICTO,,"No se detectó patrón ""DISTRITO DE"" en el nombre | Datos PMI no cruzaron con GPKG (- TODOS - - PICOTA)"
2513304.0,"CONSTRUCCION DE CAPTACION DE AGUA , LÍNEA DE CONDUCCIÓN, PTAP Y RESERVORIO; ADEMÁS DE OTROS ACTIVOS EN EL(LA) SERVICIO DE AGUA POTABLE Y ALCANTARILLADO  DISTRITO DE SAN IGNACIO, PROVINCIA SAN IGNACIO, DEPARTAMENTO CAJAMARCA",Cartera_260824-123814.xlsx,060901,,060901,,,EXTRAIDO_DESDE_NOMBRE,ALTA,RESUELTO,060901,Coincidencia exacta y única por nombre
2308606.0,"MEJORAMIENTO Y AMPLIACION INSTALACION, DEL SERVICIO DE AGUA POTABLE Y SANEAMIENTO EN LOS CENTROS POBLADOS DE BETANIA, LA ESPERANZA, VICTORIA NUEVA Y SAN JUAN DE RIO SORITOR, 4 LOCALIDADES DEL DISTRITO DE NUEVA CAJAMARCA - PROVINCIA DE RIOJA - DEPARTAMENTO DE SAN MARTIN",Cartera_260824-123814.xlsx,220804,,220804,,,EXTRAIDO_DESDE_NOMBRE,ALTA,RESUELTO,220804,Coincidencia exacta y única por nombre
2449613.0,MEJORAMIENTO Y AMPLIACION DEL SISTEMA DE AGUA POTABLE E INSTALACION DEL SISTEMA DE DESAGÜE EN SARAYACU DEL DISTRITO DE INAMBARI - PROVINCIA DE TAMBOPATA - DEPARTAMENTO DE MADRE DE DIOS,Cartera_260824-123814.xlsx,170102,,170102,,,EXTRAIDO_DESDE_NOMBRE,ALTA,RESUELTO,170102,Coincidencia exacta y única por nombre
2030757.0,"MEJORAMIENTO, AMPLIACION DEL SISTEMA DE AGUA POTABLE Y ALCANTARILLADO EN LA LOCALIDAD DE NARANJOS, DISTRITO DE PARDO MIGUEL - RIOJA - SAN MARTIN",Cartera_260824-123814.xlsx,220805,,220805,,,EXTRAIDO_DESDE_NOMBRE,ALTA,RESUELTO,220805,Coincidencia exacta y única por nombre
2382904.0,CREACION DEL SERVICIO DE AGUA POTABLE Y SANEAMIENTO RURAL EN EL CENTRO POBLADO TOTORAL ALTO DEL DISTRITO DE TAMBO GRANDE - PROVINCIA DE PIURA - DEPARTAMENTO DE PIURA,Cartera_260824-123814.xlsx,200114,,200114,,,EXTRAIDO_DESDE_NOMBRE,ALTA,RESUELTO,200114,Coincidencia exacta y única por nombre
2304889.0,"MEJORAMIENTO, AMPLIACION DE LOS SERVICIOS DE AGUA POTABLE Y ALCANTARILLADO DE LA MICROCUENCA PIURAY CORIMARCA, DISTRITO DE CHINCHERO - URUBAMBA - CUSCO",Cartera_260824-123814.xlsx,081302,,081302,,,EXTRAIDO_DESDE_NOMBRE,ALTA,RESUELTO,081302,Coincidencia exacta y única por nombre
2225966.0,"MEJORAMIENTO Y AMPLIACION DEL SISTEMA DE ABASTECIMIENTO DE AGUA POTABLE Y SANEAMIENTO EN EL CENTRO POBLADO DE LA VICTORIA, DISTRITO DE PAUCARTAMBO - PASCO - PASCO",Cartera_260824-123814.xlsx,,190107,190107,SI,SI,VALIDADO_PMI_POR_CUI,ALTA,RESUELTO,"081101, 190107",Distrito PAUCARTAMBO es ambiguo y no se extrajo provincia | Validado por PMI: PAUCARTAMBO
2226480.0,"MEJORAMIENTO, AMPLIACION Y REHABILITACION DEL SERVICIO DE AGUA POTABLE, ALCANTARILLADO Y TRATAMIENTO DE AGUAS SERVIDAS DE LA CIUDAD DE CHACHAPOYAS, PROVINCIA DE CHACHAPOYAS - AMAZONAS",Cartera_260824-123814.xlsx,,010101,010101,SI,SI,VALIDADO_PMI_POR_CUI,ALTA,RESUELTO,,"No se detectó patrón ""DISTRITO DE"" en el nombre | Validado por PMI: CHACHAPOYAS"
2309429.0,"AMPLIACION, MEJORAMIENTO DE LOS SISTEMAS DE AGUA POTABLE Y ALCANTARILLADO DE LOS OCHO BARRIOS URBANO MARGINALES DE LA LOCALIDAD CURAHUASI, DISTRITO DE CURAHUASI - ABANCAY - APURIMAC",Cartera_260824-123814.xlsx,030104,,030104,,,EXTRAIDO_DESDE_NOMBRE,ALTA,RESUELTO,030104,Coincidencia exacta y única por nombre
2458493.0,MEJORAMIENTO Y AMPLIACION DEL SISTEMA DE AGUA POTABLE Y CREACIÓN DE LA DISPOSICIÓN FINAL DE EXCRETAS  EN LA LOCALIDAD DE SANTA ROSA HUARMITA DEL DISTRITO DE SAN JOSE DE QUERO - PROVINCIA DE CONCEPCION - DEPARTAMENTO DE JUNIN,Cartera_260824-123814.xlsx,120214,,120214,,,EXTRAIDO_DESDE_NOMBRE,ALTA,RESUELTO,120214,Coincidencia exacta y única por nombre
2338522.0,"CREACION DEL SISTEMA DE ALCANTARILLADO DEL CENTRO POBLADO ANGASH, DISTRITO DE SAN JOSE DEL ALTO - JAEN - CAJAMARCA",Cartera_260824-123814.xlsx,060811,,060811,,,EXTRAIDO_DESDE_NOMBRE,ALTA,RESUELTO,060811,Coincidencia exacta y única por nombre
2274607.0,"MEJORAMIENTO Y AMPLIACION DEL SERVICIO DE AGUA POTABLE Y SANEAMIENTO DEL DISTRITO DE BERNAL, PROVINCIA DE SECHURA - PIURA",Cartera_260824-123814.xlsx,200803,,200803,,,EXTRAIDO_DESDE_NOMBRE,ALTA,RESUELTO,200803,Coincidencia exacta y única por nombre
2503730.0,"MEJORAMIENTO Y AMPLIACION DEL SERVICIO DE AGUA POTABLE Y SANEAMIENTO BASICO EN LAS LOCALIDADES DE CCOLLCCA, SOYTOCCO, TANTANA Y TALLANA DEL DISTRITO DE ACOCRO - PROVINCIA DE HUAMANGA - DEPARTAMENTO DE AYACUCHO",Cartera_260824-123814.xlsx,050102,,050102,,,EXTRAIDO_DESDE_NOMBRE,ALTA,RESUELTO,050102,Coincidencia exacta y única por nombre
2236164.0,"AMPLIACION Y MEJORAMIENTO DEL SISTEMA DE AGUA POTABLE Y ALCANTARILLADO  DE CORIRE, DISTRITO DE URACA - CASTILLA - AREQUIPA",Cartera_260824-123814.xlsx,040413,,040413,,,EXTRAIDO_DESDE_NOMBRE,ALTA,RESUELTO,040413,Coincidencia exacta y única por nombre
2309153.0,"INSTALACION DEL SISTEMA DE EVACUACIÓN DE AGUAS PLUVIALES DE LA ZONA URBANA DEL DISTRITO DE OXAPAMPA, PROVINCIA DE OXAPAMPA - PASCO",Cartera_260824-123814.xlsx,190301,,190301,,,EXTRAIDO_DESDE_NOMBRE,ALTA,RESUELTO,190301,Coincidencia exacta y única por nombre
2017371.0,AMPLIACION Y MEJORAMIENTO DE LOS SISTEMAS DE AGUA POTABLE Y ALCANTARILLADO DE LA CIUDAD DE SAN RAMON,Cartera_260824-123814.xlsx,,120305,120305,SI,SI,VALIDADO_PMI_POR_CUI,ALTA,RESUELTO,,"No se detectó patrón ""DISTRITO DE"" en el nombre | Validado por PMI: SAN RAMON"
2071970.0,"INSTALACION DEL SERVICIO DE AGUA POTABLE Y ALCANTARILLADO DE LA LOCALIDAD DE TAMBOGAN, DISTRITO DE CHURUBAMBA - HUANUCO - HUANUCO",Cartera_260824-123814.xlsx,100104,,100104,,,EXTRAIDO_DESDE_NOMBRE,ALTA,RESUELTO,100104,Coincidencia exacta y única por nombre
2168995.0,CONSTRUCCIÓN Y MEJORAMIENTO DEL SISTEMA DE AGUA POTABLE Y LETRINAS DE LAS LOCALIDADES DE CHALACALA ALTA Y CHALACALA BAJA - DISTRITO Y PROVINCIA DE SULLANA - DEPARTAMENTO DE PIURA,Cartera_260824-123814.xlsx,,200601,200601,SI,SI,VALIDADO_PMI_POR_CUI,ALTA,RESUELTO,,"No se detectó patrón ""DISTRITO DE"" en el nombre | Validado por PMI: SULLANA"
2456767.0,MEJORAMIENTO Y AMPLIACION DEL SERVICIO DE AGUA POTABLE Y SISTEMA DE ELIMINACION DE EXCRETAS EN LA LOCALIDAD DE HUASCABAMBA DEL  DISTRITO DE CAPACMARCA - PROVINCIA DE CHUMBIVILCAS - DEPARTAMENTO DE CUSCO,Cartera_260824-123814.xlsx,080702,,080702,,,EXTRAIDO_DESDE_NOMBRE,ALTA,RESUELTO,080702,Coincidencia exacta y única por nombre
2611050.0,MEJORAMIENTO DEL SERVICIO DE AGUA POTABLE RURAL Y CREACION DEL SERVICIO DE ALCANTARILLADO U OTRAS FORMAS DE DISPOSICIÓN SANITARIA DE EXCRETAS EN LA LOCALIDAD DE ATACOCHA   DISTRITO DE SANTIAGO DE PISCHA DE LA PROVINCIA DE HUAMANGA DEL DEPARTAMENTO DE AYACUCHO,Cartera_260824-123814.xlsx,,050111,050111,SI,SI,VALIDADO_PMI_POR_CUI,ALTA,RESUELTO,,Distrito SANTIAGO DE PISCHA DE no encontrado en GPKG | Validado por PMI: SANTIAGO DE PISCHA
2509277.0,CREACION DEL SERVICIO DE AGUA POTABLE Y DISPOSICIÓN SANITARIA DE EXCRETAS EN LA COMUNIDAD NATIVA CHORINASHI DEL DISTRITO DE RAYMONDI - PROVINCIA DE ATALAYA - DEPARTAMENTO DE UCAYALI,Cartera_260824-123814.xlsx,,,,NO,NO,FALLIDO,BAJA,REVISAR_CONFLICTO,,Distrito RAYMONDI no encontrado en GPKG | Datos PMI no cruzaron con GPKG (RAYMONDI - ATALAYA)
2483010.0,MEJORAMIENTO Y AMPLIACION DEL SISTEMA DE AGUA POTABLE Y SANEAMIENTO BASICO EN 13 AA. VV DEL DISTRITO DE LA BANDA DE SHILCAYO - PROVINCIA DE SAN MARTIN - DEPARTAMENTO DE SAN MARTIN,Cartera_260824-123814.xlsx,220909,,220909,,,EXTRAIDO_DESDE_NOMBRE,ALTA,RESUELTO,220909,Coincidencia exacta y única por nombre
2446787.0,MEJORAMIENTO Y AMPLIACION DEL SERVICIO DE AGUA POTABLE E INSTALACION DE UNIDADES BASICAS DE SANEAMIENTO EN LOS SECTORES DE CENTRO Y CORCCAYOC DE LA COMUNIDAD DE PALLPA DEL DISTRITO DE QUIÑOTA - PROVINCIA DE CHUMBIVILCAS - DEPARTAMENTO DE CUSCO,Cartera_260824-123814.xlsx,080707,,080707,,,EXTRAIDO_DESDE_NOMBRE,ALTA,RESUELTO,080707,Coincidencia exacta y única por nombre
2613071.0,MEJORAMIENTO Y AMPLIACION DEL SERVICIO DE AGUA POTABLE RURAL Y CREACION DEL SERVICIO DE ALCANTARILLADO U OTRAS FORMAS DE DISPOSICIÓN SANITARIA DE EXCRETAS EN LA LOCALIDAD DE SANTIAGO DE COLCA   DISTRITO DE SANTIAGO DE PISCHA DE LA PROVINCIA DE HUAMANGA DEL DEPARTAMENTO DE AYACUCHO,Cartera_260824-123814.xlsx,,050111,050111,SI,SI,VALIDADO_PMI_POR_CUI,ALTA,RESUELTO,,Distrito SANTIAGO DE PISCHA DE no encontrado en GPKG | Validado por PMI: SANTIAGO DE PISCHA
2193289.0,MEJORAMIENTO Y AMPLIACION DEL SERVICIO DE AGUA POTABLE Y SANEAMIENTO BASICO EN EL CASERIO ALTO BOLOGNESI DEL DISTRITO DE SAN IGNACIO - PROVINCIA DE SAN IGNACIO - DEPARTAMENTO DE CAJAMARCA,Cartera_260824-123814.xlsx,060901,,060901,,,EXTRAIDO_DESDE_NOMBRE,ALTA,RESUELTO,060901,Coincidencia exacta y única por nombre
2160866.0,"CONSTRUCCION DEL SISTEMA DE AGUA POTABLE Y SANEAMIENTO BASICO DEL CENTRO POBLADO DE ORURO Y COMUNIDAD CAMPESINA DE ORURO SECTOR MURUMURUNI, DISTRITO CRUCERO, PROVINCIA CARABAYA, DEPARTAMENTO DE PUNO",Cartera_260824-123814.xlsx,,210306,210306,SI,SI,VALIDADO_PMI_POR_CUI,ALTA,RESUELTO,,"No se detectó patrón ""DISTRITO DE"" en el nombre | Validado por PMI: CRUCERO"
2196729.0,"AMPLIACION Y MEJORAMIENTO DE LOS SISTEMAS DE AGUA POTABLE Y SANEAMIENTO DEL CENTRO POBLADO LA VIRGINIA, DISTRITO DE JAEN , PROVINCIA DE JAEN - CAJAMARCA",Cartera_260824-123814.xlsx,060801,,060801,,,EXTRAIDO_DESDE_NOMBRE,ALTA,RESUELTO,060801,Coincidencia exacta y única por nombre
2303142.0,"MEJORAMIENTO Y AMPLIACION DEL SERVICIO DE AGUA POTABLE E INSTALACION DEL SERVICIO DE SANEAMIENTO BASICO DEL CENTRO POBLADO DE SAN JUAN DE PATARA (SECTOR SAYHUAPATA), DISTRITO DE HUAMANQUIQUIA , PROVINCIA DE VICTOR FAJARDO, DEPARTAMENTO DE AYACUCHO",Cartera_260824-123814.xlsx,051008,,051008,,,EXTRAIDO_DESDE_NOMBRE,ALTA,RESUELTO,051008,Coincidencia exacta y única por nombre
2308363.0,"MEJORAMIENTO Y AMPLIACION DEL SERVICIO DE AGUA POTABLE Y SANEAMIENTO EN EL CENTRO POBLADO MENOR SAN JOSE , DISTRITO DE YARINACOCHA - CORONEL PORTILLO - UCAYALI",Cartera_260824-123814.xlsx,250105,,250105,,,EXTRAIDO_DESDE_NOMBRE,ALTA,RESUELTO,250105,Coincidencia exacta y única por nombre
2295627.0,"INSTALACION DEL SERVICIO DE AGUA POTABLE Y SANEAMIENTO EN EL CENTRO POBLADO DE PUCARARCA , DISTRITO DE SAUCE - SAN MARTIN - SAN MARTIN",Cartera_260824-123814.xlsx,220913,,220913,,,EXTRAIDO_DESDE_NOMBRE,ALTA,RESUELTO,220913,Coincidencia exacta y única por nombre
2072295.0,"AMPLIACION, MEJORAMIENTO DE LOS SISTEMAS DE AGUA POTABLE Y ALCANTARILLADO DE LA CIUDAD DE CALCA, PROVINCIA DE CALCA - CUSCO",Cartera_260824-123814.xlsx,,080401,080401,SI,SI,VALIDADO_PMI_POR_CUI,ALTA,RESUELTO,,"No se detectó patrón ""DISTRITO DE"" en el nombre | Validado por PMI: CALCA"
2235549.0,"MEJORA Y AMPLIACION DEL SERVICIO DE AGUA POTABLE Y SANEAMIENTO BASICO EN EL CENTRO POBLADO DE CHINCHAVITO , DISTRITO DE CHAGLLA - PACHITEA - HUANUCO",Cartera_260824-123814.xlsx,100802,,100802,,,EXTRAIDO_DESDE_NOMBRE,ALTA,RESUELTO,100802,Coincidencia exacta y única por nombre
2339108.0,"MEJORAMIENTO DEL SERVICIO DE AGUA POTABLE E INSTALACION DEL SANEAMIENTO BASICO EN EL CASERIO NUEVO BELEN, DISTRITO DE MANANTAY - CORONEL PORTILLO - UCAYALI",Cartera_260824-123814.xlsx,250107,,250107,,,EXTRAIDO_DESDE_NOMBRE,ALTA,RESUELTO,250107,Coincidencia exacta y única por nombre
2202842.0,"MEJORAMIENTO Y AMPLIACION DEL SERVICIO DE AGUA POTABLE Y SANEAMIENTO BASICO EN EL CENTRO POBLADO SEXESHITA, DISTRITO DE SAN LUIS DE LUCMA - CUTERVO - CAJAMARCA",Cartera_260824-123814.xlsx,060610,,060610,,,EXTRAIDO_DESDE_NOMBRE,ALTA,RESUELTO,060610,Coincidencia exacta y única por nombre
2295628.0,"INSTALACION DEL SERVICIO DE AGUA POTABLE Y SANEAMIENTO DEL CENTRO POBLADO DE EL CHALLUAL , DISTRITO DE ALTO BIAVO - BELLAVISTA - SAN MARTIN",Cartera_260824-123814.xlsx,220202,,220202,,,EXTRAIDO_DESDE_NOMBRE,ALTA,RESUELTO,220202,Coincidencia exacta y única por nombre
2270790.0,"MEJORAMIENTO Y AMPLIACION DEL SERVICIO DE AGUA POTABLE Y SANEAMIENTO BASICO DEL CENTRO POBLADO DE SANTA ROSA DE CHAQUICOCHA , DISTRITO DE SANTO DOMINGO DE ACOBAMBA - HUANCAYO - JUNIN",Cartera_260824-123814.xlsx,120135,,120135,,,EXTRAIDO_DESDE_NOMBRE,ALTA,RESUELTO,120135,Coincidencia exacta y única por nombre
2252177.0,"REHABILITACION DE LAS REDES DE AGUA Y ALCANTARILLADO DE LOS SECTORES CIRCUNVALACION CUAJONE, MIGUEL GRAU, LOS OLIVOS Y MIRAMAR PARTE ALTA, DISTRITO Y PROVINCIA DE ILO, REGION MOQUEGUA",Cartera_260824-123814.xlsx,,180301,180301,SI,SI,VALIDADO_PMI_POR_CUI,ALTA,RESUELTO,,"No se detectó patrón ""DISTRITO DE"" en el nombre | Validado por PMI: ILO"
2262934.0,"AMPLIACION Y MEJORAMIENTO DEL SISTEMA DE AGUA POTABLE E INSTALACION DEL SERVICIO DE SANEAMIENTO BASICO EN LA LOCALIDAD DE LUCMABAMBA , DISTRITO DE CHOLON - MARANON - HUANUCO",Cartera_260824-123814.xlsx,100702,,100702,,,EXTRAIDO_DESDE_NOMBRE,ALTA,RESUELTO,100702,Coincidencia exacta y única por nombre
2281449.0,"AMPLIACION Y MEJORAMIENTO DEL SERVICIO DE AGUA POTABLE E INSTALACION DEL SERVICIO DE DISPOSICION SANITARIA DE EXCRETAS EN EL CENTRO POBLADO ALTO CHICHIRENE , DISTRITO DE PANGOA - SATIPO - JUNIN",Cartera_260824-123814.xlsx,120606,,120606,,,EXTRAIDO_DESDE_NOMBRE,ALTA,RESUELTO,120606,Coincidencia exacta y única por nombre
2166795.0,"AMPLIACION, RENOVACION Y MEJORAMIENTO DEL SISTEMA DE AGUA POTABLE Y ALCANTARILLADO DE CHIVAY,PROVINCIA DE CAYLLOMA, AREQUIPA",Cartera_260824-123814.xlsx,,040501,040501,SI,SI,VALIDADO_PMI_POR_CUI,ALTA,RESUELTO,,"No se detectó patrón ""DISTRITO DE"" en el nombre | Validado por PMI: CHIVAY"
2196730.0,"MEJORAMIENTO Y AMPLIACION DEL SERVICIO DE AGUA POTABLE Y SANEAMIENTO BASICO EN LA LOCALIDAD DE CONGONA , DISTRITO DE CANARIS - FERRENAFE - LAMBAYEQUE",Cartera_260824-123814.xlsx,140202,,140202,,,EXTRAIDO_DESDE_NOMBRE,ALTA,RESUELTO,140202,Coincidencia exacta y única por nombre
2168847.0,CONSTRUCCIÓN DEL SISTEMA DE AGUA  POTABLE  Y  SANEAMIENTO BÁSICO DE LA LOCALIDAD DE CHILACO SUR- DISTRITO DE SULLANA - PROVINCIA DE SULLANA - DEPARTAMENTO PIURA,Cartera_260824-123814.xlsx,200601,,200601,,,EXTRAIDO_DESDE_NOMBRE,ALTA,RESUELTO,200601,Coincidencia exacta y única por nombre
2466387.0,CREACION DEL SERVICIO DE AGUA Y DESAGUE EN LA COMUNIDAD DE WASHIENTSA  DISTRITO DE ANDOAS - PROVINCIA DE DATEM DEL MARAÑON - DEPARTAMENTO DE LORETO,Cartera_260824-123814.xlsx,160706,,160706,,,EXTRAIDO_DESDE_NOMBRE,ALTA,RESUELTO,160706,Coincidencia exacta y única por nombre
2235515.0,"INSTALACION DEL SERVICIO DE AGUA POTABLE Y SANEAMIENTO DEL CENTRO POBLADO PENA BLANCA , DISTRITO DE PAMPAS DE HOSPITAL - TUMBES - TUMBES",Cartera_260824-123814.xlsx,240104,,240104,,,EXTRAIDO_DESDE_NOMBRE,ALTA,RESUELTO,240104,Coincidencia exacta y única por nombre
2200859.0,"INSTALACION DEL SERVICIO DE AGUA POTABLE Y DISPOSICION SANITARIA DE EXCRETAS EN EL CENTRO POBLADO DE ALFONSO UGARTE , DISTRITO DE CAYNARACHI - LAMAS - SAN MARTIN",Cartera_260824-123814.xlsx,220504,,220504,,,EXTRAIDO_DESDE_NOMBRE,ALTA,RESUELTO,220504,Coincidencia exacta y única por nombre
2202940.0,"INSTALACIÓN  DEL SERVICIO DE AGUA POTABLE Y SANEAMIENTO  EN LA LOCALIDAD DE TAURIPAMPA, DISTRITO DE LAJAS, PROVINCIA DE CHOTA, DEPARTAMENTO DE CAJAMARCA",Cartera_260824-123814.xlsx,060410,,060410,,,EXTRAIDO_DESDE_NOMBRE,ALTA,RESUELTO,060410,Coincidencia exacta y única por nombre
2243422.0,MEJORAMIENTO Y AMPLIACION DE LOS SERVICIOS DE AGUA Y SANEAMIENTO DE LA VILLA DE ACOBAMBA DEL DISTRITO DE APARICIO POMARES - PROVINCIA DE YAROWILCA - DEPARTAMENTO DE HUANUCO,Cartera_260824-123814.xlsx,101104,,101104,,,EXTRAIDO_DESDE_NOMBRE,ALTA,RESUELTO,101104,Coincidencia exacta y única por nombre
2265352.0,"MEJORAMIENTO Y AMPLIACION DEL SISTEMA DE AGUA POTABLE Y SANEAMIENTO BASICO EN EL CENTRO POBLADO SANTA ELENA , DISTRITO DE SOCOTA - CUTERVO - CAJAMARCA",Cartera_260824-123814.xlsx,060614,,060614,,,EXTRAIDO_DESDE_NOMBRE,ALTA,RESUELTO,060614,Coincidencia exacta y única por nombre
2235707.0,"AMPLIACION Y MEJORAMIENTO DEL SERVICIO DE AGUA POTABLE E INSTALACION DEL SANEAMIENTO BASICO DE LA LOCALIDAD DE EL LIRIO , DISTRITO DE PACCHA - CHOTA - CAJAMARCA",Cartera_260824-123814.xlsx,,060413,060413,SI,SI,VALIDADO_PMI_POR_CUI,ALTA,RESUELTO,"120806, 060413, 120423",Distrito PACCHA es ambiguo y no se extrajo provincia | Validado por PMI: PACCHA
2235611.0,"AMPLIACIÓN Y MEJORAMIENTO DEL SERVICIO DE AGUA POTABLE E INSTALACIÓN DEL SERVICIO DE SANEAMIENTO EN EL CENTRO POBLADO DE PAMPA HERMOSA¿DISTRITO DE TROMPETEROS, PROVINCIA DE LORETO, REGIÓN LORETO",Cartera_260824-123814.xlsx,160304,,160304,,,EXTRAIDO_DESDE_NOMBRE,ALTA,RESUELTO,160304,Coincidencia exacta y única por nombre
2636419.0,"CREACION DEL SERVICIO DE AGUA POTABLE RURAL Y CREACION DEL SERVICIO DE ALCANTARILLADO U OTRAS FORMAS DE DISPOSICIÓN SANITARIA DE EXCRETAS EN CASERIO DE SANTA RITA , Y EL SECTOR NUEVO PIURITA   DISTRITO DE CALLAYUC DE LA PROVINCIA DE CUTERVO DEL DEPARTAMENTO DE CAJAMARCA",Cartera_260824-123814.xlsx,,060602,060602,SI,SI,VALIDADO_PMI_POR_CUI,ALTA,RESUELTO,,Distrito CALLAYUC DE no encontrado en GPKG | Validado por PMI: CALLAYUC
2335912.0,"MEJORAMIENTO Y AMPLIACIÓN DEL SERVICIO DE AGUA POTABLE Y CREACIÓN DEL SISTEMA DE ALCANTARILLADO EN LA LOCALIDAD DE CANA EDÉN, DISTRITO DE RIO TAMBO - SATIPO - JUNIN",Cartera_260824-123814.xlsx,120608,,120608,,,EXTRAIDO_DESDE_NOMBRE,ALTA,RESUELTO,120608,Coincidencia exacta y única por nombre
2170953.0,"INSTALACION DEL SERVICIO DE AGUA POTABLE Y SANEAMIENTO BÁSICO DE LA LOCALIDAD DE COCHABAMBA, DISTRITO SAN LUIS, PROVINCIA CARLOS FERMÍN FITZCARRALD, REGIÓN ANCASH",Cartera_260824-123814.xlsx,,020701,020701,SI,SI,VALIDADO_PMI_POR_CUI,ALTA,RESUELTO,,"No se detectó patrón ""DISTRITO DE"" en el nombre | Validado por PMI: SAN LUIS"
2235610.0,"MEJORAMIENTO Y AMPLIACION DEL SERVICIO DE AGUA POTABLE E INSTALACION DEL SANEAMIENTO EN LA LOCALIDAD DE LAS PALMAS , DISTRITO DE PACCHA - CHOTA - CAJAMARCA",Cartera_260824-123814.xlsx,,060413,060413,SI,SI,VALIDADO_PMI_POR_CUI,ALTA,RESUELTO,"120806, 060413, 120423",Distrito PACCHA es ambiguo y no se extrajo provincia | Validado por PMI: PACCHA
2595054.0," MEJORAMIENTO Y AMPLIACION DEL SERVICIO DE AGUA POTABLE RURAL Y MEJORAMIENTO Y AMPLIACION DEL SERVICIO DE ALCANTARILLADO U OTRAS FORMAS DE DISPOSICIÓN SANITARIA DE EXCRETAS EN LA LOCALIDAD DE CRUZ LOMAS,   DISTRITO DE PROVIDENCIA DE LA PROVINCIA DE LUYA DEL DEPARTAMENTO DE AMAZONAS",Cartera_260824-123814.xlsx,,010515,010515,SI,SI,VALIDADO_PMI_POR_CUI,ALTA,RESUELTO,,Distrito PROVIDENCIA DE no encontrado en GPKG | Validado por PMI: PROVIDENCIA
2308375.0,"AMPLIACION Y MEJORAMIENTO DEL SERVICIO DE AGUA POTABLE E INSTALACION DE SANEAMIENTO DEL CENTRO POBLADO DE AMANGAY , DISTRITO DE HUAYO - PATAZ - LA LIBERTAD",Cartera_260824-123814.xlsx,130806,,130806,,,EXTRAIDO_DESDE_NOMBRE,ALTA,RESUELTO,130806,Coincidencia exacta y única por nombre
2263854.0,"MEJORAMIENTO Y AMPLIACION DE LOS SERVICIOS DE AGUA POTABLE Y DISPOSICION SANITARIA DE EXCRETAS DE LA LOCALIDAD DE QUEUNA GRANDE , DISTRITO DE HUANCARANI - PAUCARTAMBO - CUSCO",Cartera_260824-123814.xlsx,081105,,081105,,,EXTRAIDO_DESDE_NOMBRE,ALTA,RESUELTO,081105,Coincidencia exacta y única por nombre
2606578.0,CREACION DEL SERVICIO DE AGUA POTABLE RURAL Y CREACION DEL SERVICIO DE ALCANTARILLADO U OTRAS FORMAS DE DISPOSICIÓN SANITARIA DE EXCRETAS EN LA LOCALIDAD DE JICATE BAJO   DISTRITO DE HUANCABAMBA DE LA PROVINCIA DE HUANCABAMBA DEL DEPARTAMENTO DE PIURA,Cartera_260824-123814.xlsx,,200301,200301,SI,SI,VALIDADO_PMI_POR_CUI,ALTA,RESUELTO,,Distrito HUANCABAMBA DE no encontrado en GPKG | Validado por PMI: HUANCABAMBA
2259273.0,"MEJORAMIENTO Y AMPLIACION DEL SISTEMA DE AGUA POTABLE Y DISPOSICION SANITARIA DE EXCRETAS DE LA COMUNIDAD YANAHUANCA , DISTRITO DE MARCARA - CARHUAZ - ANCASH",Cartera_260824-123814.xlsx,020606,,020606,,,EXTRAIDO_DESDE_NOMBRE,ALTA,RESUELTO,020606,Coincidencia exacta y única por nombre
2436607.0,MEJORAMIENTO Y AMPLIACION DEL SERVICIO DE AGUA POTABLE Y TRATAMIENTO DE EXCRETAS  EN LA LOCALIDAD DE LICLAPAMPA Y HUAPA CHACUN DEL DISTRITO DE JESUS - PROVINCIA DE LAURICOCHA - DEPARTAMENTO DE HUANUCO,Cartera_260824-123814.xlsx,101001,,101001,,,EXTRAIDO_DESDE_NOMBRE,ALTA,RESUELTO,101001,Coincidencia resuelta usando provincia LAURICOCHA
2569906.0,"CREACION DEL SISTEMA DE AGUA POTABLE Y SANEAMIENTO BASICO EN LOS CASERIOS MARCOPAMPA, CARDA, SANTA ROSA, SALITRE, MISQUIMACHAY Y CATAHUA,  DISTRITO DE SAN FELIPE - PROVINCIA DE JAEN - DEPARTAMENTO DE CAJAMARCA",Cartera_260824-123814.xlsx,060810,,060810,,,EXTRAIDO_DESDE_NOMBRE,ALTA,RESUELTO,060810,Coincidencia exacta y única por nombre
2235536.0,"MEJORAMIENTO Y AMPLIACION DEL SERVICIO DE AGUA POTABLE Y SANEAMIENTO BASICO EN EL CASERIO DE SAN MARTIN DE PAJONAL, DISTRITO DE CANCHAQUE - HUANCABAMBA - PIURA",Cartera_260824-123814.xlsx,200302,,200302,,,EXTRAIDO_DESDE_NOMBRE,ALTA,RESUELTO,200302,Coincidencia exacta y única por nombre
2235527.0,"MEJORAMIENTO Y AMPLIACION DEL SERVICIO DE AGUA POTABLE E INSTALACION DEL SANEAMIENTO BASICO EN LA LOCALIDAD DE MUSADEN , DISTRITO DE CORTEGANA - CELENDIN - CAJAMARCA",Cartera_260824-123814.xlsx,060303,,060303,,,EXTRAIDO_DESDE_NOMBRE,ALTA,RESUELTO,060303,Coincidencia exacta y única por nombre
2235706.0,"AMPLIACION Y MEJORAMIENTO DEL SERVICIO DE AGUA POTABLE E INSTALACION DEL SANEAMIENTO BASICO DE LA LOCALIDAD DE EDELMIRA, PROVINCIA DE SAN MARCOS - CAJAMARCA",Cartera_260824-123814.xlsx,,061001,,SI,NO,VALIDADO_PMI_POR_CUI,BAJA,REVISAR_CONFLICTO,,"No se detectó patrón ""DISTRITO DE"" en el nombre | Distrito PMI (PEDRO GALVEZ) no encontrado en nombre de inversión"
2505605.0,MEJORAMIENTO Y AMPLIACION DEL SISTEMA DE AGUA POTABLE Y RED DE ALCANTARILLADO DE LAS LOCALIDADES DE NUEVO TINGO Y BAJO TINGO  DISTRITO DE TINGO - PROVINCIA DE LUYA - DEPARTAMENTO DE AMAZONAS,Cartera_260824-123814.xlsx,010522,,010522,,,EXTRAIDO_DESDE_NOMBRE,ALTA,RESUELTO,010522,Coincidencia exacta y única por nombre
2260542.0,"INSTALACION DEL SERVICIO DE AGUA POTABLE Y SANEAMIENTO DE LA LOCALIDAD DE COPAL URCO , DISTRITO DE NAPO - MAYNAS - LORETO",Cartera_260824-123814.xlsx,160107,,160107,,,EXTRAIDO_DESDE_NOMBRE,ALTA,RESUELTO,160107,Coincidencia exacta y única por nombre
2251237.0,"MEJORAMIENTO Y AMPLIACION DEL SERVICIO DE AGUA POTABLE Y SANEAMIENTO BASICO DEL CENTRO POBLADO HUALLA , DISTRITO DE LARES - CALCA - CUSCO",Cartera_260824-123814.xlsx,080404,,080404,,,EXTRAIDO_DESDE_NOMBRE,ALTA,RESUELTO,080404,Coincidencia exacta y única por nombre
2412055.0,CREACION DEL SERVICIO DE AGUA POTABLE Y DISPOSICIÓN SANITARIA DE EXCRETAS EN LA COMUNIDAD NATIVA DE SAN GABRIEL DEL DISTRITO DE URARINAS - PROVINCIA DE LORETO - DEPARTAMENTO DE LORETO,Cartera_260824-123814.xlsx,160305,,160305,,,EXTRAIDO_DESDE_NOMBRE,ALTA,RESUELTO,160305,Coincidencia exacta y única por nombre
2336901.0,"AMPLIACION Y MEJORAMIENTO DEL SERVICIO DE AGUA POTABLE E INSTALACIÓN DE UBS EN LOS CASERÍOS ENABEN, CHALABAMBA Y YALEN, DISTRITO BOLÍVAR, PROVINCIA DE BOLIVAR - LA LIBERTAD",Cartera_260824-123814.xlsx,,130301,130301,SI,SI,VALIDADO_PMI_POR_CUI,ALTA,RESUELTO,,"No se detectó patrón ""DISTRITO DE"" en el nombre | Validado por PMI: BOLIVAR"
2400849.0,"INSTALACION DEL SERVICIO DE AGUA POTABLE Y SANEAMIENTO EN EL CENTRO POBLADO DE SANTO TOMAS , DISTRITO DE SAN JUAN BAUTISTA - MAYNAS - LORETO",Cartera_260824-123814.xlsx,,160113,160113,SI,SI,VALIDADO_PMI_POR_CUI,ALTA,RESUELTO,"050110, 160113, 110110",Distrito SAN JUAN BAUTISTA es ambiguo y no se extrajo provincia | Validado por PMI: SAN JUAN BAUTISTA
2235521.0,"AMPLIACION Y MEJORAMIENTO DEL SERVICIO DE AGUA POTABLE E INSTALACION DEL SISTEMA DE SANEAMIENTO BASICO DE LA LOCALIDAD DE VISTA ALEGRE , DISTRITO DE SANTA ROSA - JAEN - CAJAMARCA",Cartera_260824-123814.xlsx,,060812,060812,SI,SI,VALIDADO_PMI_POR_CUI,ALTA,RESUELTO,"050507, 220304, 060812, 021510, 210504, 210808, 010610, 140114, 030710, 150139",Distrito SANTA ROSA es ambiguo y no se extrajo provincia | Validado por PMI: SANTA ROSA
2251051.0,"AMPLIACION Y MEJORAMIENTO DEL SISTEMA DE AGUA POTABLE Y SANEAMIENTO BASICO EN EL CENTRO POBLADO PAITOJA , DISTRITO DE SORITOR - MOYOBAMBA - SAN MARTIN",Cartera_260824-123814.xlsx,220105,,220105,,,EXTRAIDO_DESDE_NOMBRE,ALTA,RESUELTO,220105,Coincidencia exacta y única por nombre
2293851.0,"MEJORAMIENTO Y AMPLIACION DEL SERVICIO DE AGUA POTABLE Y SANEAMIENTO DEL CENTRO POBLADO DE NUEVO CUTERVO, DISTRITO DE JEPELACIO, PROVINCIA DE MOYOBAMBA, DEPARTAMENTO DE SAN MARTIN",Cartera_260824-123814.xlsx,220104,,220104,,,EXTRAIDO_DESDE_NOMBRE,ALTA,RESUELTO,220104,Coincidencia exacta y única por nombre
2493594.0,"CREACION DE LOS SERVICIOS DE AGUA POTABLE Y DISPOSICIÓN SANITARIA DE EXCRETAS EN LAS LOCALIDADES DE CESAR VALLEJO,  RAYANPAMPA,  JAUCHIN, TIERRA BLANCA Y LACACANCHA,,  DISTRITO DE CHUQUIS - PROVINCIA DE DOS DE MAYO - DEPARTAMENTO DE HUANUCO",Cartera_260824-123814.xlsx,100307,,100307,,,EXTRAIDO_DESDE_NOMBRE,ALTA,RESUELTO,100307,Coincidencia exacta y única por nombre
2287086.0,"MEJORAMIENTO Y AMPLIACIÓN DEL SERVICIO DE AGUA POTABLE E INSTALACIÓN DEL SERVICIO DE SANEAMIENTO EN EL CENTRO POBLADO BELLO HORIZONTE, DISTRITO BAJO BIAVO, PROVINCIA BELLAVISTA, REGIÓN SAN MARTÍN",Cartera_260824-123814.xlsx,,220203,220203,SI,SI,VALIDADO_PMI_POR_CUI,ALTA,RESUELTO,,"No se detectó patrón ""DISTRITO DE"" en el nombre | Validado por PMI: BAJO BIAVO"
2403511.0,MEJORAMIENTO DEL SISTEMA DE AGUA POTABLE  EN EL A.H. CERRO EL PINO - DISTRITO LA VICTORIA,Cartera_260824-123814.xlsx,,150115,150115,SI,SI,VALIDADO_PMI_POR_CUI,ALTA,RESUELTO,,"No se detectó patrón ""DISTRITO DE"" en el nombre | Validado por PMI: LA VICTORIA"
2235261.0,"MEJORAMIENTO Y AMPLIACIÓN DEL SERVICIO DE AGUA POTABLE Y DISPOSICIÓN SANITARIA DE EXCRETAS EN LA COMUNIDAD NATIVA DE BETANIA, DISTRITO DE RÍO TAMBO, PROVINCIA DE SATIPO, DEPARTAMENTO DE JUNÍN",Cartera_260824-123814.xlsx,120608,,120608,,,EXTRAIDO_DESDE_NOMBRE,ALTA,RESUELTO,120608,Coincidencia exacta y única por nombre
2307065.0,"MEJORAMIENTO, AMPLIACION DEL SERVICIO DE AGUA POTABLE Y SANEAMIENTO DEL CENTRO POBLADO DE TRAPICHILLO Y ANEXOS, DISTRITO DE CUMBA - UTCUBAMBA - AMAZONAS",Cartera_260824-123814.xlsx,010703,,010703,,,EXTRAIDO_DESDE_NOMBRE,ALTA,RESUELTO,010703,Coincidencia exacta y única por nombre
2200853.0,"AMPLIACION Y MEJORAMIENTO DEL SERVICIO DE AGUA POTABLE E INSTALACION DEL SISTEMA DE SANEAMIENTO BASICO DE LA LOCALIDAD DE CRUCE EL MOLINO , DISTRITO DE HUARANGO - SAN IGNACIO - CAJAMARCA",Cartera_260824-123814.xlsx,060903,,060903,,,EXTRAIDO_DESDE_NOMBRE,ALTA,RESUELTO,060903,Coincidencia exacta y única por nombre
2260173.0,"MEJORAMIENTO Y AMPLIACION DEL SERVICIO DE AGUA POTABLE Y SANEAMIENTO BASICO EN LA COMUNIDAD NATIVA ACOLLA , DISTRITO DE PUERTO BERMUDEZ - OXAPAMPA - PASCO",Cartera_260824-123814.xlsx,190306,,190306,,,EXTRAIDO_DESDE_NOMBRE,ALTA,RESUELTO,190306,Coincidencia exacta y única por nombre
2235730.0,"MEJORAMIENTO Y AMPLIACION DEL SERVICIO DE AGUA POTABLE Y DISPOSICION SANITARIA DE EXCRETAS EN EL CENTRO POBLADO DOS DE MAYO DE ALTO CHENI DEL DISTRITO DE RIO NEGRO, PROVINCIA DE SATIPO, DEPARTAMENTO  JUNIN",Cartera_260824-123814.xlsx,120607,,120607,,,EXTRAIDO_DESDE_NOMBRE,ALTA,RESUELTO,120607,Coincidencia exacta y única por nombre
2254850.0,"INSTALACIÓN DE LOS SERVICIOS DE AGUA POTABLE Y DISPOSICION SANITARIA DE EXCRETAS EN EL CENTRO POBLADO DE ALTO KIMIRIKI DISTRITO DE PICHANAQUI, PROVINCIA CHANCHAMAYO, DEPARTAMENTO JUNÍN",Cartera_260824-123814.xlsx,120303,,120303,,,EXTRAIDO_DESDE_NOMBRE,ALTA,RESUELTO,120303,Coincidencia exacta y única por nombre
2400875.0,"INSTALACION DEL SERVICIO DE AGUA POTABLE Y SANEAMIENTO EN EL CENTRO POBLADO DE LLANCHAMA , DISTRITO DE SAN JUAN BAUTISTA - MAYNAS - LORETO",Cartera_260824-123814.xlsx,,160113,160113,SI,SI,VALIDADO_PMI_POR_CUI,ALTA,RESUELTO,"050110, 160113, 110110",Distrito SAN JUAN BAUTISTA es ambiguo y no se extrajo provincia | Validado por PMI: SAN JUAN BAUTISTA
2308377.0,"AMPLIACION Y MEJORAMIENTO DEL SERVICIO DE AGUA POTABLE Y DISPOSICION SANITARIA DE EXCRETAS EN EL CENTRO POBLADO DE ALTO ANAPATI , DISTRITO DE PANGOA - SATIPO - JUNIN",Cartera_260824-123814.xlsx,120606,,120606,,,EXTRAIDO_DESDE_NOMBRE,ALTA,RESUELTO,120606,Coincidencia exacta y única por nombre
2308376.0,"AMPLIACION Y MEJORAMIENTO DEL SERVICIO DE AGUA POTABLE Y SANEAMIENTO DEL CENTRO POBLADO CHINCHANGO, DISTRITO DE JULCAN , PROVINCIA DE JULCAN - LA LIBERTAD",Cartera_260824-123814.xlsx,130501,,130501,,,EXTRAIDO_DESDE_NOMBRE,ALTA,RESUELTO,130501,Coincidencia resuelta usando provincia JULCAN
2201828.0,"INSTALACION DEL SISTEMA DE AGUA POTABLE Y SANEAMIENTO BASICO EN LA LOCALIDAD DE MUCHQUIPATA, DISTRITO DE PANAO, PROVINCIA DE PACHITEA, DEPARTAMENTO DE HUANUCO",Cartera_260824-123814.xlsx,100801,,100801,,,EXTRAIDO_DESDE_NOMBRE,ALTA,RESUELTO,100801,Coincidencia exacta y única por nombre
2591586.0,MEJORAMIENTO Y AMPLIACION DEL SERVICIO DE AGUA POTABLE RURAL Y MEJORAMIENTO Y AMPLIACION DEL SERVICIO DE DISPOSICION SANITARIA DE EXCRETAS EN LA LOCALIDAD DE LA LIBERTAD DEL  DISTRITO DE CHALAMARCA - PROVINCIA DE CHOTA - DEPARTAMENTO DE CAJAMARCA,Cartera_260824-123814.xlsx,060419,,060419,,,EXTRAIDO_DESDE_NOMBRE,ALTA,RESUELTO,060419,Coincidencia exacta y única por nombre
2285435.0,"INSTALACION DEL SERVICIO DE AGUA POTABLE Y SANEAMIENTO EN EL CENTRO POBLADO MUCHINGUIS , DISTRITO DE RIO SANTIAGO - CONDORCANQUI - AMAZONAS",Cartera_260824-123814.xlsx,010403,,010403,,,EXTRAIDO_DESDE_NOMBRE,ALTA,RESUELTO,010403,Coincidencia exacta y única por nombre
2307897.0,"INSTALACION DEL SERVICIO DE AGUA POTABLE Y DISPOSICION SANITARIA DE EXCRETAS EN EL CENTRO POBLADO SANTA FE DE ALTO HUACHIRIKI , DISTRITO DE PICHANAQUI - CHANCHAMAYO - JUNIN",Cartera_260824-123814.xlsx,120303,,120303,,,EXTRAIDO_DESDE_NOMBRE,ALTA,RESUELTO,120303,Coincidencia exacta y única por nombre
2215134.0,"MEJORAMIENTO DEL SISTEMA DE SANEAMIENTO BASICO DE LA LOCALIDAD DE SAN MARCOS, DISTRITO DE UMARI - PACHITEA - HUANUCO",Cartera_260824-123814.xlsx,100804,,100804,,,EXTRAIDO_DESDE_NOMBRE,ALTA,RESUELTO,100804,Coincidencia exacta y única por nombre
2279630.0,"AMPLIACION Y MEJORAMIENTO DEL SERVICIO DE AGUA POTABLE E INSTALACION DEL SISTEMA DE SANEAMIENTO BASICO DE LA LOCALIDAD DE MONTE GRANDE DE LA CAPILLA , DISTRITO DE HUARANGO - SAN IGNACIO - CAJAMARCA",Cartera_260824-123814.xlsx,060903,,060903,,,EXTRAIDO_DESDE_NOMBRE,ALTA,RESUELTO,060903,Coincidencia exacta y única por nombre
2202910.0,"MEJORAMIENTO Y AMPLIACIÓN DEL SERVICIO DE AGUA POTABLE Y DISPOSICIÓN SANITARIA DE EXCRETAS EN EL CENTRO POBLADO UNION SANTA CRUZ, DISTRITO DE RÍO TAMBO, PROVINCIA DE SATIPO, DEPARTAMENTO DE JUNÍN",Cartera_260824-123814.xlsx,120608,,120608,,,EXTRAIDO_DESDE_NOMBRE,ALTA,RESUELTO,120608,Coincidencia exacta y única por nombre
2235579.0,"AMPLIACION Y MEJORAMIENTO DEL SERVICIO DE AGUA POTABLE Y SANEAMIENTO EN EL CENTRO POBLADO KAYACUSHA, DISTRITO DE NIEVA , PROVINCIA DE CONDORCANQUI - AMAZONAS",Cartera_260824-123814.xlsx,010401,,010401,,,EXTRAIDO_DESDE_NOMBRE,ALTA,RESUELTO,010401,Coincidencia exacta y única por nombre
2198630.0,"INSTALACION DEL SERVICIO DE AGUA POTABLE Y SANEAMIENTO BASICO EN LA LOCALIDAD DE UCUMAYO , DISTRITO DE TABACONAS - SAN IGNACIO - CAJAMARCA",Cartera_260824-123814.xlsx,060907,,060907,,,EXTRAIDO_DESDE_NOMBRE,ALTA,RESUELTO,060907,Coincidencia exacta y única por nombre
2251076.0,"AMPLIACION Y MEJORAMIENTO DEL SERVICIO DE AGUA POTABLE E INSTALACION DEL SISTEMA DE SANEAMIENTO BASICO DE LA LOCALIDAD DE CARMEN CAUTIVO , DISTRITO DE TABACONAS - SAN IGNACIO - CAJAMARCA",Cartera_260824-123814.xlsx,060907,,060907,,,EXTRAIDO_DESDE_NOMBRE,ALTA,RESUELTO,060907,Coincidencia exacta y única por nombre
2400127.0,"MEJORAMIENTO Y AMPLIACION DE LOS SERVICIOS DE AGUA POTABLE Y UNIDAD BASICA DE SANEAMIENTO (UBS) EN EL CENTRO POBLADO DE MONTEHUASI, CENTRO POBLADO DE USHUMAYO PAMPA Y CENTRO POBLADO DE PICAHUAY - DISTRITO DE UMARI - PROVINCIA DE PACHITEA - REGIÓN HUANUCO",Cartera_260824-123814.xlsx,100804,,100804,,,EXTRAIDO_DESDE_NOMBRE,ALTA,RESUELTO,100804,Coincidencia exacta y única por nombre
2279030.0,"MEJORAMIENTO Y AMPLIACION DEL SERVICIO DE AGUA POTABLE Y DISPOSICION SANITARIA DE EXCRETAS EN EL CENTRO POBLADO SAN MIGUEL DE AUTIKI , DISTRITO DE PICHANAQUI - CHANCHAMAYO - JUNIN",Cartera_260824-123814.xlsx,120303,,120303,,,EXTRAIDO_DESDE_NOMBRE,ALTA,RESUELTO,120303,Coincidencia exacta y única por nombre
2510335.0,"CREACION Y MEJORAMIENTO DEL SISTEMA DE AGUA POTABLE Y SANEAMIENTO BASICO RURAL EN LAS LOCALIDADES DE MAYURA, LECCLESPAMPA, PALLCCA, ACLLAHUASI, PARCCORA, ESPINCO,  ARCCACC Y MURUCHUPAMPA DEL  DISTRITO DE OCROS - PROVINCIA DE HUAMANGA - DEPARTAMENTO DE AYACUCHO",Cartera_260824-123814.xlsx,050106,,050106,,,EXTRAIDO_DESDE_NOMBRE,ALTA,RESUELTO,050106,Coincidencia resuelta usando provincia HUAMANGA
2279178.0,"AMPLIACION Y MEJORAMIENTO DEL SERVICIO DE AGUA POTABLE Y SANEAMIENTO EN EL CENTRO POBLADO YUJAGKIN (SAVIENTSA) , DISTRITO DE RIO SANTIAGO - CONDORCANQUI - AMAZONAS",Cartera_260824-123814.xlsx,010403,,010403,,,EXTRAIDO_DESDE_NOMBRE,ALTA,RESUELTO,010403,Coincidencia exacta y única por nombre
2274126.0,"AMPLIACION Y MEJORAMIENTO DE LOS SERVICIOS DE AGUA POTABLE Y DISPOSICION SANITARIA DE EXCRETAS EN EL CENTRO POBLADO MATERIATO, DISTRITO DE MAZAMARI, PROVINCIA DE SATIPO, DEPARTAMENTO DE JUNIN",Cartera_260824-123814.xlsx,120604,,120604,,,EXTRAIDO_DESDE_NOMBRE,ALTA,RESUELTO,120604,Coincidencia exacta y única por nombre
2399287.0,"MEJORAMIENTO DEL SERVICIO DE AGUA POTABLE Y SANEAMIENTO EN LOS CASERIOS DE TARNIHUAL, MARISCAL CASTILLA,PANGO, LA LIBERTAD, TAMBILLO, SURUPAMPA Y CENTRO POBLADO DE SAN JUAN DE LLUGON - DISTRITO DE OTUZCO - PROVINCIA DE OTUZCO - REGIÓN LA LIBERTAD",Cartera_260824-123814.xlsx,130601,,130601,,,EXTRAIDO_DESDE_NOMBRE,ALTA,RESUELTO,130601,Coincidencia exacta y única por nombre
2325008.0,"MODERNIZACIÓN DE LA PRESTACIÓN DE LOS SERVICIOS DE AGUA POTABLE Y SANEAMIENTO EN LAS EPS EMAPACOP, SEDACUSCO, SEDAPAR, SEMAPA BARRANCA, EMAPA HUACHO Y EMAPA HUARAL",Cartera_260824-123814.xlsx,,,,NO,NO,FALLIDO,BAJA,REVISAR_CONFLICTO,,"No se detectó patrón ""DISTRITO DE"" en el nombre | Datos PMI no cruzaron con GPKG (- TODOS - - - TODOS -)"
2235267.0,INSTALACIÓN DE LOS SERVICIOS DE AGUA POTABLE Y DISPOSICION SANITARIA DE EXCRETAS EN EL CENTRO POBLADO DE TRES AGUAS DISTRITO DE PICHANAQUI- CHANCHAMAYO - JUNIN,Cartera_260824-123814.xlsx,,120303,120303,SI,SI,VALIDADO_PMI_POR_CUI,ALTA,RESUELTO,,Distrito PICHANAQUI- CHANCHAMAYO no encontrado en GPKG | Validado por PMI: PICHANAQUI
2202933.0,INSTALACIÓN DE LOS SERVICIOS DE AGUA POTABLE Y DISPOSICION SANITARIA DE EXCRETAS EN EL CENTRO POBLADO DE MAGONARI DISTRITO DE PICHANAQUI- CHANCHAMAYO - JUNIN,Cartera_260824-123814.xlsx,,120303,120303,SI,SI,VALIDADO_PMI_POR_CUI,ALTA,RESUELTO,,Distrito PICHANAQUI- CHANCHAMAYO no encontrado en GPKG | Validado por PMI: PICHANAQUI
2531358.0,"CREACION DEL SERVICIO DE AGUA POTABLE Y SANEAMIENTO DE LAS LOCALIDADES EL CHIDO, LA QUINUA, EL VEINTISIETE Y LAS PAMPAS  DISTRITO DE FLORIDA - PROVINCIA DE BONGARA - DEPARTAMENTO DE AMAZONAS",Cartera_260824-123814.xlsx,010306,,010306,,,EXTRAIDO_DESDE_NOMBRE,ALTA,RESUELTO,010306,Coincidencia exacta y única por nombre
2255694.0,"MEJORAMIENTO Y AMPLIACIÓN DEL SERVICIO DE AGUA POTABLE Y DISPOSICIÓN SANITARIA DE EXCRETAS EN LA COMUNIDAD NATIVA DE PAUTI, DISTRITO DE RAYMONDI, PROVINCIA DE ATALAYA, DEPARTAMENTO DE UCAYALI",Cartera_260824-123814.xlsx,,,,NO,NO,FALLIDO,BAJA,REVISAR_CONFLICTO,,Distrito RAYMONDI no encontrado en GPKG | Datos PMI no cruzaron con GPKG (RAYMONDI - ATALAYA)
2437353.0,MEJORAMIENTO Y AMPLIACION DEL SISTEMA DE AGUA POTABLE Y CREACIÓN DE UNIDADES DE SANEAMIENTO BÁSICO RURAL EN LOS CASERÍOS DE JAULABAMBA Y INCHACA DEL DISTRITO DE QUIRUVILCA - PROVINCIA DE SANTIAGO DE CHUCO - DEPARTAMENTO DE LA LIBERTAD,Cartera_260824-123814.xlsx,131006,,131006,,,EXTRAIDO_DESDE_NOMBRE,ALTA,RESUELTO,131006,Coincidencia exacta y única por nombre
2235563.0,"INSTALACION DE LOS SISTEMAS DE AGUA POTABLE Y SANEAMIENTO PARA EL CENTRO POBLADO DE KUYUNTZA , DISTRITO DE ANDOAS - DATEM DEL MARANON - LORETO",Cartera_260824-123814.xlsx,160706,,160706,,,EXTRAIDO_DESDE_NOMBRE,ALTA,RESUELTO,160706,Coincidencia exacta y única por nombre
2280521.0,"AMPLIACION Y MEJORAMIENTO DEL SERVICIO DE AGUA POTABLE E INSTALACION DEL SISTEMA DE SANEAMIENTO BASICO EN LA COMUNIDAD NATIVA DE EL PORVENIR , DISTRITO DE PANGOA - SATIPO - JUNIN",Cartera_260824-123814.xlsx,120606,,120606,,,EXTRAIDO_DESDE_NOMBRE,ALTA,RESUELTO,120606,Coincidencia exacta y única por nombre
2455710.0,MEJORAMIENTO Y AMPLIACION DEL SERVICIO DE AGUA POTABLE Y CREACIÓN  DE DISPOSICIÓN SANITARIA DE EXCRETAS EN LAS 4 LOCALIDADES DEL DISTRITO DE MARGOS - PROVINCIA DE HUANUCO - DEPARTAMENTO DE HUANUCO,Cartera_260824-123814.xlsx,100105,,100105,,,EXTRAIDO_DESDE_NOMBRE,ALTA,RESUELTO,100105,Coincidencia exacta y única por nombre
2200342.0,"MEJORAMIENTO Y AMPLIACION DEL SERVICIO DE AGUA POTABLE Y DISPOSICION SANITARIA DE EXCRETAS EN LA COMUNIDAD NATIVA DE HUAO, DISTRITO DE RAYMONDI, PROVINCIA DE ATALAYA, DEPARTAMENTO DE UCAYALI",Cartera_260824-123814.xlsx,,,,NO,NO,FALLIDO,BAJA,REVISAR_CONFLICTO,,Distrito RAYMONDI no encontrado en GPKG | Datos PMI no cruzaron con GPKG (RAYMONDI - ATALAYA)
2235569.0,"INSTALACION DEL SERVICIO DE AGUA POTABLE Y DISPOSICION SANITARIA DE EXCRETAS EN EL CENTRO POBLADO SAN JOSE DE SHORI , DISTRITO DE PICHANAQUI - CHANCHAMAYO - JUNIN",Cartera_260824-123814.xlsx,120303,,120303,,,EXTRAIDO_DESDE_NOMBRE,ALTA,RESUELTO,120303,Coincidencia exacta y única por nombre
2198629.0,"AMPLIACION Y MEJORAMIENTO DEL SERVICIO DE AGUA POTABLE E INSTALACION DEL SISTEMA DE SANEAMIENTO BASICO DE LA LOCALIDAD DE LINDEROS , DISTRITO DE TABACONAS - SAN IGNACIO - CAJAMARCA",Cartera_260824-123814.xlsx,060907,,060907,,,EXTRAIDO_DESDE_NOMBRE,ALTA,RESUELTO,060907,Coincidencia exacta y única por nombre
2235334.0,"AMPLIACION Y MEJORAMIENTO DEL SERVICIO DE AGUA POTABLE E INSTALACION DEL SISTEMA DE SANEAMIENTO BASICO DE LA LOCALIDAD DE URUMBA ALTO , DISTRITO DE TABACONAS - SAN IGNACIO - CAJAMARCA",Cartera_260824-123814.xlsx,060907,,060907,,,EXTRAIDO_DESDE_NOMBRE,ALTA,RESUELTO,060907,Coincidencia exacta y única por nombre
2299942.0,"CREACION DEL SERVICIO DE AGUA POTABLE Y DISPOSICION SANITARIA DE EXCRETAS EN LOS SECTORES QUIÑONES Y MAMANI DEL CENTRO POBLADO SICUYANI, DISTRITO DE ZEPITA, PROVINCIA DE CHUCUITO, DEPARTAMENTO DE PUNO",Cartera_260824-123814.xlsx,210407,,210407,,,EXTRAIDO_DESDE_NOMBRE,ALTA,RESUELTO,210407,Coincidencia exacta y única por nombre
2251609.0,"AMPLIACION Y MEJORAMIENTO DEL SERVICIO DE AGUA POTABLE E INSTALACION DEL SERVICIO DE DISPOSICION SANITARIA DE EXCRETAS EN EL CENTRO POBLADO DE SAN JUAN DE KIHATE , DISTRITO DE RIO TAMBO - SATIPO - JUNIN",Cartera_260824-123814.xlsx,120608,,120608,,,EXTRAIDO_DESDE_NOMBRE,ALTA,RESUELTO,120608,Coincidencia exacta y única por nombre
2235266.0,"INSTALACIÓN DE LOS SERVICIOS DE AGUA POTABLE Y DISPOSICION SANITARIA DE EXCRETAS EN EL CENTRO POBLADO DE UNIÓN PROGRESO DISTRITO DE PICHANAQUI, PROVINCIA CHANCHAMAYO, DEPARTAMENTO JUNÍN",Cartera_260824-123814.xlsx,120303,,120303,,,EXTRAIDO_DESDE_NOMBRE,ALTA,RESUELTO,120303,Coincidencia exacta y única por nombre
2250947.0,"AMPLIACION Y MEJORAMIENTO DE LOS SISTEMAS DE AGUA POTABLE Y SANEAMIENTO DEL CASERIO SAN MARTIN, DISTRITO DE CUMBA, PROVINCIA DE UTCUBAMBA, DEPARTAMENTO DE AMAZONAS",Cartera_260824-123814.xlsx,010703,,010703,,,EXTRAIDO_DESDE_NOMBRE,ALTA,RESUELTO,010703,Coincidencia exacta y única por nombre
2202916.0,"AMPLIACION Y MEJORAMIENTO DEL SERVICIO DE AGUA POTABLE E INSTALACION DEL SISTEMA DE SANEAMIENTO BASICO EN LA LOCALIDAD DE UNION CUBARO , DISTRITO DE MAZAMARI - SATIPO - JUNIN",Cartera_260824-123814.xlsx,120604,,120604,,,EXTRAIDO_DESDE_NOMBRE,ALTA,RESUELTO,120604,Coincidencia exacta y única por nombre
2235601.0,"AMPLIACION Y MEJORAMIENTO DEL SERVICIO DE AGUA POTABLE E INSTALACION DEL SANEAMIENTO BASICO DE LA LOCALIDAD DE CEIBAL , DISTRITO DE FRIAS - AYABACA - PIURA",Cartera_260824-123814.xlsx,200202,,200202,,,EXTRAIDO_DESDE_NOMBRE,ALTA,RESUELTO,200202,Coincidencia exacta y única por nombre
2235424.0,"MEJORAMIENTO Y AMPLIACION DEL SERVICIO DE AGUA POTABLE E INSTALACIÓN DE LA DISPOSICIÓN SANITARIA DE EXCRETAS Y DE AGUAS GRISES DE LA COMUNIDAD NATIVA BICHANAK, DISTRITO DE IMAZA, PROVINCIA DE BAGUA, DEPARTAMENTO AMAZONAS",Cartera_260824-123814.xlsx,010205,,010205,,,EXTRAIDO_DESDE_NOMBRE,ALTA,RESUELTO,010205,Coincidencia exacta y única por nombre
2235416.0,"INSTALACION DE LOS SERVICIOS DE AGUA POTABLE, DISPOSICIÓN SANITARIA DE EXCRETAS Y DE AGUAS GRISES EN LA COMUNIDAD NATIVA DE DUSHID, DISTRITO DE IMAZA, PROVINCIA DE BAGUA, DEPARTAMENTO DE AMAZONAS",Cartera_260824-123814.xlsx,010205,,010205,,,EXTRAIDO_DESDE_NOMBRE,ALTA,RESUELTO,010205,Coincidencia exacta y única por nombre
2235607.0,"AMPLIACION Y MEJORAMIENTO DEL SERVICIO DE AGUA POTABLE E INSTALACION DEL SANEAMIENTO BASICO EN LA LOCALIDAD DE LAS MERCEDES, DISTRITO DE TABACONAS, PROVINCIA DE SAN IGNACIO, DEPARTAMENTO DE CAJAMARCA",Cartera_260824-123814.xlsx,060907,,060907,,,EXTRAIDO_DESDE_NOMBRE,ALTA,RESUELTO,060907,Coincidencia exacta y única por nombre
2235284.0,"AMPLIACIÓN Y MEJORAMIENTO DEL SERVICIO DE AGUA POTABLE Y SANEAMIENTO BASICO EN LA LOCALIDAD DE SAN PABLO DE QUIMOTARI, DISTRITO DE PANGOA - SATIPO - JUNIN",Cartera_260824-123814.xlsx,120606,,120606,,,EXTRAIDO_DESDE_NOMBRE,ALTA,RESUELTO,120606,Coincidencia exacta y única por nombre
2202919.0,"INSTALACION DEL SERVICIO DE AGUA POTABLE Y SANEAMIENTO EN EL CENTRO POBLADO AITAM , DISTRITO DE RIO SANTIAGO - CONDORCANQUI - AMAZONAS",Cartera_260824-123814.xlsx,010403,,010403,,,EXTRAIDO_DESDE_NOMBRE,ALTA,RESUELTO,010403,Coincidencia exacta y única por nombre
2235565.0,"MEJORAMIENTO Y AMPLIACIÓN DEL SERVICIO DE AGUA POTABLE E INSTALACIÓN DE DISPOSICION SANITARIA DE EXCRETAS EN EL CENTRO POBLADO DE CENTRO PUMPURIANI, DISTRITO DE PERENE, PROVINCIA CHANCHAMAYO, REGIÓN JUNIN",Cartera_260824-123814.xlsx,120302,,120302,,,EXTRAIDO_DESDE_NOMBRE,ALTA,RESUELTO,120302,Coincidencia exacta y única por nombre
2303939.0,"AMPLIACION Y MEJORAMIENTO DEL SERVICIO DE AGUA POTABLE E INSTALACION DE LOS SERVICIOS DE DISPOSICION SANITARIA DE EXCRETAS, ALCANTARILLADO Y TRATAMIENTO DE AGUAS RESIDUALES EN EL CENTRO POBLADO DE CENTRO CUBARO , DISTRITO DE MAZAMARI - SATIPO - JUNIN",Cartera_260824-123814.xlsx,120604,,120604,,,EXTRAIDO_DESDE_NOMBRE,ALTA,RESUELTO,120604,Coincidencia exacta y única por nombre
2261092.0,"MEJORAMIENTO Y AMPLIACION DE LOS SERVICIOS DE AGUA POTABLE Y SANEAMIENTO EN LA LOCALIDAD DE ALLANGA BAJA, DISTRITO DE CUTERVO, PROVINCIA DE CUTERVO - DEPARTAMENTO DE CAJAMARCA",Cartera_260824-123814.xlsx,060601,,060601,,,EXTRAIDO_DESDE_NOMBRE,ALTA,RESUELTO,060601,Coincidencia exacta y única por nombre
2286683.0,"AMPLIACION Y MEJORAMIENTO DEL SERVICIO DE AGUA POTABLE E INSTALACION DEL SISTEMA DE DISPOSICION SANITARIA DE EXCRETAS, ALCANTARILLADO Y TRATAMIENTO DE AGUAS RESIDUALES EN LA COMUNIDAD NATIVA DE MAPITAMI, DISTRITO MAZAMARI, PROVINCIA SATIPO, DEPARTAMENTO DE JUNIN",Cartera_260824-123814.xlsx,,120604,120604,SI,SI,VALIDADO_PMI_POR_CUI,ALTA,RESUELTO,,"No se detectó patrón ""DISTRITO DE"" en el nombre | Validado por PMI: MAZAMARI"
2328479.0,"MEJORAMIENTO, AMPLIACION DEL SERVICIO DE AGUA POTABLE Y SANEAMIENTO EN LA COMUNIDAD NATIVA SABALOYACU, DISTRITO DE ANDOAS, PROVINCIA DEL DATEM DEL MARAÑÓN, REGIÓN LORETO",Cartera_260824-123814.xlsx,160706,,160706,,,EXTRAIDO_DESDE_NOMBRE,ALTA,RESUELTO,160706,Coincidencia exacta y única por nombre
2334145.0,"AMPLIACION Y MEJORAMIENTO DEL SERVICIO DE AGUA POTABLE E INSTALACION DEL SERVICIO DE DISPOSICION DE ESCRETAS EN LOS CASERIOS DE JAGUAY, CHACAYO Y SAN AGUSTIN, DISTRITO DE SANTO DOMINGO, PROVINCIA DE MORROPON - PIURA",Cartera_260824-123814.xlsx,200409,,200409,,,EXTRAIDO_DESDE_NOMBRE,ALTA,RESUELTO,200409,Coincidencia exacta y única por nombre
2400918.0,"INSTALACION DEL SERVICIO DE AGUA POTABLE Y SANEAMIENTO EN LA COMUNIDAD NATIVA DE 20 DE ENERO, DISTRITO DE NAUTA , PROVINCIA DE LORETO - LORETO",Cartera_260824-123814.xlsx,160301,,160301,,,EXTRAIDO_DESDE_NOMBRE,ALTA,RESUELTO,160301,Coincidencia exacta y única por nombre
2289946.0,"MEJORAMIENTO Y AMPLIACION DEL SERVICIO DE AGUA POTABLE Y DISPOSICION SANITARIA DE EXCRETAS EN EL CENTRO POBLADO SAN MARCOS , DISTRITO DE RIO TAMBO - SATIPO - JUNIN",Cartera_260824-123814.xlsx,120608,,120608,,,EXTRAIDO_DESDE_NOMBRE,ALTA,RESUELTO,120608,Coincidencia exacta y única por nombre
2254847.0,"MEJORAMIENTO Y AMPLIACION DEL SERVICIO DE AGUA POTABLE Y DISPOSICION SANITARIA DE EXCRETAS EN EL CENTRO POBLADO EL PARAISO, DISTRITO DE RIO NEGRO, PROVINCIA DE SATIPO, DEPARTAMENTO DE JUNIN",Cartera_260824-123814.xlsx,120607,,120607,,,EXTRAIDO_DESDE_NOMBRE,ALTA,RESUELTO,120607,Coincidencia exacta y única por nombre
2251309.0,"INSTALACION DEL SERVICIO DE AGUA POTABLE Y DISPOSICION SANITARIA DE EXCRETAS EN EL CENTRO POBLADO DE TINCARENI , DISTRITO DE RIO TAMBO - SATIPO - JUNIN",Cartera_260824-123814.xlsx,120608,,120608,,,EXTRAIDO_DESDE_NOMBRE,ALTA,RESUELTO,120608,Coincidencia exacta y única por nombre
2263689.0,"AMPLIACION Y MEJORAMIENTO DEL SERVICIO DE AGUA POTABLE E INSTALACION DEL SERVICIO DE DISPOSICION SANITARIA DE EXCRETAS EN EL CENTRO POBLADO DE BUENOS AIRES , DISTRITO DE RIO TAMBO - SATIPO - JUNIN",Cartera_260824-123814.xlsx,120608,,120608,,,EXTRAIDO_DESDE_NOMBRE,ALTA,RESUELTO,120608,Coincidencia exacta y única por nombre
2090771.0,"CONSTRUCCION SISTEMA DE AGUA POTABLE Y ALCANTARILLADO DE LOS ASENTAMIENTO HUMANOS ALEDAÑOS DE LA CIUDAD DE TINGO MARIA -  DISTRITO RUPA RUPA., PROVINCIA DE LEONCIO PRADO - HUANUCO",Cartera_260824-123814.xlsx,,100601,,SI,NO,VALIDADO_PMI_POR_CUI,BAJA,REVISAR_CONFLICTO,,"No se detectó patrón ""DISTRITO DE"" en el nombre | Distrito PMI (RUPA-RUPA) no encontrado en nombre de inversión"
2421412.0,"REMODELACIÓN DE TUBERÍA DE PLÁSTICO HDPE; ADQUISICIÓN DE VÁLVULAS DE CONTROL, MACROMEDIDORES Y VÁLVULA REDUCTORA DE PRESIÓN; EN EL(LA) EPS MOYOBAMBA SRL CON LA SECTORIZACION EN LA LOCALIDAD MOYOBAMBA, DISTRITO DE MOYOBAMBA, PROVINCIA MOYOBAMBA, DEPARTAMENTO SAN MARTIN",Cartera_260824-123814.xlsx,220101,,220101,,,EXTRAIDO_DESDE_NOMBRE,ALTA,RESUELTO,220101,Coincidencia exacta y única por nombre
2235251.0,"INSTALACIÓN DE SERVICIO DE AGUA POTABLE Y SANEAMIENTO BÁSICO EN EL CENTRO POBLADO DONCEL, DISTRITO DE SORITOR, PROVINCIA DE MOYOBAMBA, DEPARTAMENTO DE SAN MARTÍN",Cartera_260824-123814.xlsx,220105,,220105,,,EXTRAIDO_DESDE_NOMBRE,ALTA,RESUELTO,220105,Coincidencia exacta y única por nombre
2196622.0,"MEJORAMIENTO DEL SERVICIO DE ALCANTARILLADO DE LA LOCALIDAD DE BOCAPAN DEL DISTRITO DE ZORRITOS, PROVINCIA DE CONTRALMIRANTE VILLAR - TUMBES",Cartera_260824-123814.xlsx,240201,,240201,,,EXTRAIDO_DESDE_NOMBRE,ALTA,RESUELTO,240201,Coincidencia exacta y única por nombre
2349174.0,MEJORAMIENTO Y AMPLIACION DEL SERVICIO DE AGUA POTABLE Y SANEAMIENTO BASICO EN EL CENTRO POBLADO DE SAN ISIDRO - DISTRITO DE SAN JOSE DE SISA - PROVINCIA DE EL DORADO - REGIÓN SAN MARTIN,Cartera_260824-123814.xlsx,220301,,220301,,,EXTRAIDO_DESDE_NOMBRE,ALTA,RESUELTO,220301,Coincidencia exacta y única por nombre
2378792.0,"AMPLIACION Y MEJORAMIENTO DEL SERVICIO DE AGUA-MARGEN DERECHA DEL RIO HUATANAY, DISTRITO DE SANTIAGO, PROVINCIA Y DEPARTAMENTO DEL CUSCO",Cartera_260824-123814.xlsx,,080106,080106,SI,SI,VALIDADO_PMI_POR_CUI,ALTA,RESUELTO,"080106, 110111",Distrito SANTIAGO es ambiguo y no se extrajo provincia | Validado por PMI: SANTIAGO
2317154.0,AMPLIACION DE LOS SISTEMAS DE AGUA POTABLE Y ALCANTARILLADO DEL SECTOR PARAÍSO ALTO - SECTOR 308 II ETAPA - DISTRITO DE VILLA MARÍA DEL TRIUNFO  DISTRITO DE VILLA MARIA DEL TRIUNFO - PROVINCIA DE LIMA - DEPARTAMENTO DE LIMA,Cartera_260824-123814.xlsx,,150143,150143,SI,SI,VALIDADO_PMI_POR_CUI,ALTA,RESUELTO,,Distrito VILLA MARIA DEL TRIUNFO  DISTRITO DE VILLA MARIA DEL TRIUNFO no encontrado en GPKG | Validado por PMI: VILLA MARIA DEL TRIUNFO
2087531.0,REHABILITACIÓN Y AMPLIACIÓN DEL SISTEMA DE AGUA POTABLE Y ALCANTARILLADO DE LA LOCALIDAD DE REQUENA - LORETO,Cartera_260824-123814.xlsx,,160501,160501,SI,SI,VALIDADO_PMI_POR_CUI,ALTA,RESUELTO,,"No se detectó patrón ""DISTRITO DE"" en el nombre | Validado por PMI: REQUENA"
2328427.0,"RECUPERACION  DEL SERVICIO DE AGUA POTABLE Y    ALCANTARILLADO EN LA URBANIZACION POPULAR SAN JOSE, DISTRITO DE VEINTISEIS DE OCTUBRE - PIURA - PIURA",Cartera_260824-123814.xlsx,200115,,200115,,,EXTRAIDO_DESDE_NOMBRE,ALTA,RESUELTO,200115,Coincidencia exacta y única por nombre
2150700.0,"REHABILITACION DEL SISTEMA DE AGUA POTABLE Y ALCANTARILLADO EN EL A.H TUPAC AMARU I Y II ETAPA, EN EL DISTRITO DE PIURA, PROVINCIA DE PIURA - PIURA",Cartera_260824-123814.xlsx,200101,,200101,,,EXTRAIDO_DESDE_NOMBRE,ALTA,RESUELTO,200101,Coincidencia exacta y única por nombre
2306770.0,"INSTALACION DE REDES COMPLEMENTARIAS DE AGUA POTABLE Y ALCANTARILLADO PARA HABILITACIONES REMANENTES DEL PROY. DE MEJORAMIENTO SANITARIO DE LAS ÁREAS MARGINALES DE LIMA, LOTE 7 Y 10 - DISTRITO DE PUENTE PIEDRA",Cartera_260824-123814.xlsx,150125,,150125,,,EXTRAIDO_DESDE_NOMBRE,ALTA,RESUELTO,150125,Coincidencia exacta y única por nombre
2090885.0,MEJORAMIENTO Y AMPLIACION DEL SISTEMA DE AGUA POTABLE Y ALCANTARILLADO DE LA LOCALIDAD DE TUCUME  DISTRITO DE TUCUME - PROVINCIA DE LAMBAYEQUE - DEPARTAMENTO DE LAMBAYEQUE,Cartera_260824-123814.xlsx,140312,,140312,,,EXTRAIDO_DESDE_NOMBRE,ALTA,RESUELTO,140312,Coincidencia exacta y única por nombre
2107751.0,"AMPLIACION, RENOVACION Y MEJORAMIENTO DEL SISTEMA DE AGUA POTABLE Y ALCANTARILLADO DE LA LOCALIDAD DE CARAVELI",Cartera_260824-123814.xlsx,,040301,040301,SI,SI,VALIDADO_PMI_POR_CUI,ALTA,RESUELTO,,"No se detectó patrón ""DISTRITO DE"" en el nombre | Validado por PMI: CARAVELI"
2331579.0,"AMPLIACION Y MEJORAMIENTO DE LOS SERVICIOS DE AGUA POTABLE Y SANEAMIENTO DEL DISTRITO DE CHALA, PROVINCIA DE CARAVELI, DEPARTAMENTO DE AREQUIPA",Cartera_260824-123814.xlsx,040307,,040307,,,EXTRAIDO_DESDE_NOMBRE,ALTA,RESUELTO,040307,Coincidencia exacta y única por nombre
2193247.0,"INSTALACION, MEJORAMIENTO DEL SERVICIO DE AGUA POTABLE Y SANEAMIENTO DE 103 CASERIOS, DISTRITO DE HUARMACA - HUANCABAMBA - PIURA",Cartera_260824-123814.xlsx,200304,,200304,,,EXTRAIDO_DESDE_NOMBRE,ALTA,RESUELTO,200304,Coincidencia exacta y única por nombre
2286058.0,"AMPLIACION Y MEJORAMIENTO DEL SISTEMA DE AGUA POTABLE Y ALCANTARILLADO SANITARIO DE LOS BARRIOS URBANOS: PATRON SANTIAGO, EL SALVADOR, LOS ALAMOS, WICHAYPAMPA, SEÑOR DE HUANCA Y SAN MARCOS DEL DISTRITO DE CHALLHUAHUACHO, PROVINCIA DE COTABAMBAS, DEPARTAMENTO DE APURIMAC",Cartera_260824-123814.xlsx,030506,,030506,,,EXTRAIDO_DESDE_NOMBRE,ALTA,RESUELTO,030506,Coincidencia exacta y única por nombre
2053284.0,MEJORAMIENTO DE MEDIDAS DE RÁPIDO IMPACTO DE LA ENTIDAD PRESTADORA DE SERVICIOS DE SANEAMIENTO DE JULIACA ¿ EPS SEDAJULIACA S.A. EN LOS DISTRITOS DE JULIACA Y SAN MIGUEL DE LA  PROVINCIA DE SAN ROMAN - DEPARTAMENTO DE PUNO,Cartera_260824-123814.xlsx,,,,NO,NO,FALLIDO,BAJA,REVISAR_CONFLICTO,,Múltiples distritos detectados en el nombre | Datos PMI no cruzaron con GPKG (- TODOS - - SAN ROMAN)
2461584.0,"CREACION DEL SERVICIO DE SISTEMA DE AGUA POTABLE Y SANEAMIENTO BASICO EN LOS C.P. Y SECTOR RURAL DE CARATA, LLACHAHUI, QUEATTA, POJSIN, PUTUCUNI, CANDILE CHINCHE, LLUCO MD Y  COATASI,  DISTRITO DE COATA - PROVINCIA DE PUNO - DEPARTAMENTO DE PUNO",Cartera_260824-123814.xlsx,210107,,210107,,,EXTRAIDO_DESDE_NOMBRE,ALTA,RESUELTO,210107,Coincidencia exacta y única por nombre
2191607.0,"MEJORAMIENTO Y AMPLIACION DEL SERVICIO DE AGUA POTABLE, SERVICIO DE ALCANTARILLADO Y TRATAMIENTO DE AGUAS RESIDUALES EN LA CIUDAD DE TAMBO, DISTRITO DE TAMBO, PROVINCIA DE LA MAR - AYACUCHO",Cartera_260824-123814.xlsx,050508,,050508,,,EXTRAIDO_DESDE_NOMBRE,ALTA,RESUELTO,050508,Coincidencia resuelta usando provincia LA MAR
2249276.0,"MEJORAMIENTO DEL SERVICIO DE AGUA POTABLE EN EL SECTOR DE LLIPTAMAYO COMUNIDAD DE CCAHUAYA, DISTRITO DE ALTO PICHIGUA - ESPINAR - CUSCO",Cartera_260824-123814.xlsx,080808,,080808,,,EXTRAIDO_DESDE_NOMBRE,ALTA,RESUELTO,080808,Coincidencia exacta y única por nombre
2474937.0,MEJORAMIENTO Y AMPLIACION DEL SISTEMA DE AGUA POTABLE Y DISPOSICION DE EXCRETAS EN LA LOCALIDAD DE AHUICHANTA DEL DISTRITO DE COLQUEMARCA - PROVINCIA DE CHUMBIVILCAS - DEPARTAMENTO DE CUSCO,Cartera_260824-123814.xlsx,080704,,080704,,,EXTRAIDO_DESDE_NOMBRE,ALTA,RESUELTO,080704,Coincidencia exacta y única por nombre
2183864.0,"MEJORAMIENTO Y AMPLIACIÓN DE LOS SERVICIOS DE AGUA POTABLE Y DISPOSICIÓN SANITARIA DE EXCRETAS  DE LA PARCIALIDAD DE IMATA, CENTRO  POBLADO AYRUMAS CARUMAS, DISTRITO DE ACORA, PUNO - PUNO.",Cartera_260824-123814.xlsx,210102,,210102,,,EXTRAIDO_DESDE_NOMBRE,ALTA,RESUELTO,210102,Coincidencia exacta y única por nombre
2471794.0,"CREACION DEL SERVICIO DE AGUA POTABLE Y DISPOSICIÓN SANITARIA DE EXCRETAS EN LOS SECTORES DE SILLCO, HUALLATANI, ORCCOCHIRI, CHACCOPALLA, SAYWA, HUAMANHUIRI, INTICANCHA, OTAÑA, PILLONE Y NANRAPAMPA DE LA C.C DE CHILLOROYA DEL DISTRITO DE LIVITACA - PROVINCIA DE CHUMBIVILCAS - DEPARTAMENTO DE CUSCO",Cartera_260824-123814.xlsx,080705,,080705,,,EXTRAIDO_DESDE_NOMBRE,ALTA,RESUELTO,080705,Coincidencia exacta y única por nombre
2403498.0,MEJORAMIENTO Y AMPLIACION DE LOS SISTEMAS DE AGUA POTABLE Y ALCANTARILLADO DE LOS SECTORES 318 Y 323 - 5TO TERRITORIO -  DISTRITO DE VILLA EL SALVADOR - PROVINCIA DE LIMA - DEPARTAMENTO DE LIMA,Cartera_260824-123814.xlsx,150142,,150142,,,EXTRAIDO_DESDE_NOMBRE,ALTA,RESUELTO,150142,Coincidencia exacta y única por nombre
2421285.0,"MEJORAMIENTO DEL SERVICIO DE AGUA POTABLE Y ALCANTARILLADO EN LAS ETAPAS I, II, III Y IV DE LA URB. PIURA, ETAPAS I Y II DE LA URB. LOS FICUS Y URB. LAS MALVINAS DEL DISTRITO DE PIURA - PROVINCIA DE PIURA - DEPARTAMENTO DE PIURA",Cartera_260824-123814.xlsx,200101,,200101,,,EXTRAIDO_DESDE_NOMBRE,ALTA,RESUELTO,200101,Coincidencia exacta y única por nombre
2511637.0,"MEJORAMIENTO Y AMPLIACION DEL SERVICIO DE AGUA POTABLE RURAL Y DISPOSICIÓN SANITARIA DE EXCRETAS DEL CENTRO POBLADO GRANADILLA ,PALMITO(SECTOR 3) Y ALTO PALMITO(SECTOR 1 Y SECTOR 2) DEL DISTRITO DE CALQUIS - PROVINCIA DE SAN MIGUEL - DEPARTAMENTO DE CAJAMARCA",Cartera_260824-123814.xlsx,061103,,061103,,,EXTRAIDO_DESDE_NOMBRE,ALTA,RESUELTO,061103,Coincidencia exacta y única por nombre
2519776.0,MEJORAMIENTO Y AMPLIACION DEL SERVICIO DE AGUA POTABLE Y SANEAMIENTO EN LOS CASERIOS DE LAS PALMERAS Y EL VERDE DEL DISTRITO DE TACABAMBA - PROVINCIA DE CHOTA - DEPARTAMENTO DE CAJAMARCA,Cartera_260824-123814.xlsx,060417,,060417,,,EXTRAIDO_DESDE_NOMBRE,ALTA,RESUELTO,060417,Coincidencia exacta y única por nombre
2307775.0,"INSTALACION DEL SERVICIO DE AGUA POTABLE Y SANEAMIENTO DE LA COMUNIDAD NATIVA DE SAN ANTONIO, DISTRITO DE BALSAPUERTO, PROVINCIA DE ALTO AMAZONAS, DEPARTAMENTO DE LORETO",Cartera_260824-123814.xlsx,160202,,160202,,,EXTRAIDO_DESDE_NOMBRE,ALTA,RESUELTO,160202,Coincidencia exacta y única por nombre
2503107.0,"MEJORAMIENTO Y AMPLIACION DEL SERVICIO DE AGUA POTABLE Y SANEAMIENTO DE LAS LOCALIDADES DE PUCHUDEN, NUEVO TUMAN Y NUEVO CAJAMARCA DEL DISTRITO DE YAUYUCAN - PROVINCIA DE SANTA CRUZ - DEPARTAMENTO DE CAJAMARCA",Cartera_260824-123814.xlsx,061311,,061311,,,EXTRAIDO_DESDE_NOMBRE,ALTA,RESUELTO,061311,Coincidencia exacta y única por nombre
2202937.0,"AMPLIACION Y MEJORAMIENTO DEL SERVICIO DE AGUA POTABLE E INSTALACION DEL SANEAMIENTO EN LA LOCALIDAD DE HUICHUD, DISTRITO DE CUTERVO , PROVINCIA DE CUTERVO - CAJAMARCA",Cartera_260824-123814.xlsx,060601,,060601,,,EXTRAIDO_DESDE_NOMBRE,ALTA,RESUELTO,060601,Coincidencia exacta y única por nombre
2279292.0,"INSTALACION DEL SERVICIO DE AGUA POTABLE Y DISPOSICION SANITARIA DE EXCRETAS EN EL CENTRO POBLADO DE SAN JOSE DE YANAYACU , DISTRITO DE HUIMBAYOC - SAN MARTIN - SAN MARTIN",Cartera_260824-123814.xlsx,220907,,220907,,,EXTRAIDO_DESDE_NOMBRE,ALTA,RESUELTO,220907,Coincidencia exacta y única por nombre
2592913.0,CREACION DEL SERVICIO DE DRENAJE PLUVIAL EN LA LOCALIDAD DE ESTANCIA   DISTRITO DE TABALOSOS DE LA PROVINCIA DE LAMAS DEL DEPARTAMENTO DE SAN MARTIN,Cartera_260824-123814.xlsx,,220510,220510,SI,SI,VALIDADO_PMI_POR_CUI,ALTA,RESUELTO,,Distrito TABALOSOS DE no encontrado en GPKG | Validado por PMI: TABALOSOS
2340712.0,"MEJORAMIENTO Y AMPLIACION DE LOS SERVICIOS DE AGUA POTABLE E INSTALACION DE LOS SERVICIOS DE SANEAMIENTO EN LA LOCALIDADES DE GUENAYHUILCA, MAYNAS, LAGSI, HUANCAYLO Y GORGOR, DISTRITO DE MARIAS - DOS DE MAYO - HUANUCO",Cartera_260824-123814.xlsx,100311,,100311,,,EXTRAIDO_DESDE_NOMBRE,ALTA,RESUELTO,100311,Coincidencia exacta y única por nombre
2270997.0,"MEJORAMIENTO Y AMPLIACION DE LOS SERVICIOS DE AGUA POTABLE Y SANEAMIENTO DEL CENTRO POBLADO DE PUMACHANCA , DISTRITO DE OLLACHEA - CARABAYA - PUNO",Cartera_260824-123814.xlsx,210308,,210308,,,EXTRAIDO_DESDE_NOMBRE,ALTA,RESUELTO,210308,Coincidencia exacta y única por nombre
2344329.0,AMPLIACION Y MEJORAMIENTO DEL SISTEMA DE AGUA POTABLE Y ALCANTARILLADO PARA EL ESQUEMA SAN JUAN DE AMANCAES - DISTRITO RIMAC,Cartera_260824-123814.xlsx,,150128,150128,SI,SI,VALIDADO_PMI_POR_CUI,ALTA,RESUELTO,,"No se detectó patrón ""DISTRITO DE"" en el nombre | Validado por PMI: RIMAC"
2189495.0,"MEJORAMIENTO Y AMPLIACION DEL SERVICIO DE AGUA POTABLE Y DISPOSICION SANITARIA DE EXCRETAS EN LOS SECTORES FARIPIÑA, VILACAYA, PUCARA Y CAUSILLUMA DE LA COMUNIDAD CAMPESINA HUACASUMA, DISTRITO HUACULLANI - CHUCUITO - PUNO",Cartera_260824-123814.xlsx,,210403,210403,SI,SI,VALIDADO_PMI_POR_CUI,ALTA,RESUELTO,,"No se detectó patrón ""DISTRITO DE"" en el nombre | Validado por PMI: HUACULLANI"
2307922.0,"AMPLIACION Y MEJORAMIENTO DEL SERVICIO DE AGUA POTABLE E INSTALACION DEL SANEAMIENTO DE LA LOCALIDAD DE LIBERTAD , DISTRITO DE TIGRE - LORETO - LORETO",Cartera_260824-123814.xlsx,160303,,160303,,,EXTRAIDO_DESDE_NOMBRE,ALTA,RESUELTO,160303,Coincidencia exacta y única por nombre
2235556.0,"INSTALACION DE LOS SISTEMAS DE AGUA POTABLE Y SANEAMIENTO PARA EL CENTRO POBLADO DE CHARUPA, DISTRITO DE PASTAZA - DATEM DEL MARANON - LORETO",Cartera_260824-123814.xlsx,160705,,160705,,,EXTRAIDO_DESDE_NOMBRE,ALTA,RESUELTO,160705,Coincidencia exacta y única por nombre
2284326.0,"AMPLIACION Y MEJORAMIENTO DEL SERVICIO DE AGUA POTABLE E INSTALACION DEL SANEAMIENTO DE LA LOCALIDAD DE 28 DE JULIO , DISTRITO DE TIGRE - LORETO - LORETO",Cartera_260824-123814.xlsx,160303,,160303,,,EXTRAIDO_DESDE_NOMBRE,ALTA,RESUELTO,160303,Coincidencia exacta y única por nombre
2332565.0,"MEJORAMIENTO Y AMPLIACIÓN DEL SERVICIO DE AGUA POTABLE Y SANEAMIENTO EN LA CC.NN DE SAN JOSÉ DE NUEVA ESPERANZA DISTRITO DE TROMPETEROS, PROVINCIA DE LORETO, REGIÓN DE LORETO",Cartera_260824-123814.xlsx,160304,,160304,,,EXTRAIDO_DESDE_NOMBRE,ALTA,RESUELTO,160304,Coincidencia exacta y única por nombre
2186040.0,"MEJORAMIENTO Y AMPLIACIÓN DE LOS  SERVICIOS DE AGUA POTABLE Y DISPOSICIÓN SANITARIA DE EXCRETAS DE LA COMUNIDAD  CAMPESINA DE CALAPAMPA, DISTRITO DE ASILLO, AZÁNGARO-PUNO",Cartera_260824-123814.xlsx,210204,,210204,,,EXTRAIDO_DESDE_NOMBRE,ALTA,RESUELTO,210204,Coincidencia exacta y única por nombre
2332562.0,"MEJORAMIENTO Y AMPLIACIÓN DEL SERVICIO DE AGUA POTABLE Y SANEAMIENTO EN LA CC.NN NUEVA JERUSALÉN DISTRITO DE TROMPETEROS, PROVINCIA DE LORETO, REGIÓN DE LORETO",Cartera_260824-123814.xlsx,160304,,160304,,,EXTRAIDO_DESDE_NOMBRE,ALTA,RESUELTO,160304,Coincidencia exacta y única por nombre
2198268.0,"AMPLIACION Y MEJORAMIENTO DE LOS SISTEMAS DE AGUA POTABLE Y SANEAMIENTO DEL CASERIO CHALLUAYACU , DISTRITO DE CUMBA - UTCUBAMBA - AMAZONAS",Cartera_260824-123814.xlsx,010703,,010703,,,EXTRAIDO_DESDE_NOMBRE,ALTA,RESUELTO,010703,Coincidencia exacta y única por nombre
2272048.0,"AMPLIACION Y MEJORAMIENTO DEL SERVICIO DE AGUA POTABLE E INSTALACION DEL SANEAMIENTO DE LA LOCALIDAD DE BELEN , DISTRITO DE TIGRE - LORETO - LORETO",Cartera_260824-123814.xlsx,160303,,160303,,,EXTRAIDO_DESDE_NOMBRE,ALTA,RESUELTO,160303,Coincidencia exacta y única por nombre
2307925.0,"AMPLIACION Y MEJORAMIENTO DEL SERVICIO DE AGUA POTABLE E INSTALACION DE LOS SERVICIOS DE DISPOSICION SANITARIA DE EXCRETAS, ALCANTARILLADO Y TRATAMIENTO DE AGUAS RESIDUALES EN EL CENTRO POBLADO DE SANTA ROSITA , DISTRITO DE PAMPA HERMOSA - SATIPO - JUNIN",Cartera_260824-123814.xlsx,,120605,120605,SI,SI,VALIDADO_PMI_POR_CUI,ALTA,RESUELTO,"120605, 160604",Distrito PAMPA HERMOSA es ambiguo y no se extrajo provincia | Validado por PMI: PAMPA HERMOSA
2286685.0,"MEJORAMIENTO Y AMPLIACION DE LOS SERVICIOS DE AGUA POTABLE Y DISPOSICION SANITARIA DE EXCRETAS DE LA LOCALIDAD DE COTATAQUI , DISTRITO DE PISAC - CALCA - CUSCO",Cartera_260824-123814.xlsx,080405,,080405,,,EXTRAIDO_DESDE_NOMBRE,ALTA,RESUELTO,080405,Coincidencia exacta y única por nombre
2284329.0,"MEJORAMIENTO Y AMPLIACION DEL SERVICIO DE AGUA POTABLE Y DISPOSICION DE EXCRETAS DE LA LOCALIDAD PORVENIR DEL NORTE , DISTRITO DE ALONSO DE ALVARADO - LAMAS - SAN MARTIN",Cartera_260824-123814.xlsx,220502,,220502,,,EXTRAIDO_DESDE_NOMBRE,ALTA,RESUELTO,220502,Coincidencia exacta y única por nombre
2200343.0,"MEJORAMIENTO Y AMPLIACION  DEL SERVICIO DE AGUA POTABLE Y SANEAMIENTO EN EL CENTRO POBLADO SANTA ROSA DE MASISEA, DISTRITO DE MASISEA, PROVINCIA DE CORONEL PORTILLO, UCAYALI",Cartera_260824-123814.xlsx,250104,,250104,,,EXTRAIDO_DESDE_NOMBRE,ALTA,RESUELTO,250104,Coincidencia exacta y única por nombre
2236681.0,"MEJORAMIENTO, AMPLIACION DE LOS SERVICIOS DE AGUA POTABLE Y SANEAMIENTO DE LA LOCALIDAD DE CHINCHAYPUJIO, DISTRITO DE CHINCHAYPUJIO, PROVINCIA DE ANTA - CUSCO",Cartera_260824-123814.xlsx,080304,,080304,,,EXTRAIDO_DESDE_NOMBRE,ALTA,RESUELTO,080304,Coincidencia exacta y única por nombre
2187528.0,"INSTALACION DE LOS SISTEMAS DE AGUA POTABLE Y DISPOSICION SANITARIA DE EXCRETAS DE LA COMUNIDAD CAMPESINA DE CAPARAYA, DISTRITO DE HUANCANE, HUANCANE - PUNO",Cartera_260824-123814.xlsx,210601,,210601,,,EXTRAIDO_DESDE_NOMBRE,ALTA,RESUELTO,210601,Coincidencia exacta y única por nombre
2287082.0,"AMPLIACION Y MEJORAMIENTO DEL SERVICIO DE AGUA POTABLE E INSTALACION DEL SERVICIO DE SANEAMIENTO DEL CENTRO POBLADO RURAL DE NUEVO PIZANA , DISTRITO DE POLVORA - TOCACHE - SAN MARTIN",Cartera_260824-123814.xlsx,221003,,221003,,,EXTRAIDO_DESDE_NOMBRE,ALTA,RESUELTO,221003,Coincidencia exacta y única por nombre
2170994.0,"INSTALACION DEL SERVICIO DE AGUA POTABLE Y SANEAMIENTO BASICO DE LA LOCALIDAD DE UNION CCANO, DISTRITO DE COLCABAMBA, PROVINCIA DE TAYACAJA, REGION HUANCAVELICA",Cartera_260824-123814.xlsx,090705,,090705,,,EXTRAIDO_DESDE_NOMBRE,ALTA,RESUELTO,090705,Coincidencia resuelta usando provincia TAYACAJA
2397220.0,MEJORAMIENTO Y AMPLIACION DEL SERVICIO  DE AGUA POTABLE Y CREACIÓN DEL SERVICIO DE SANEAMIENTO EN EL CENTRO POBLADO DE QUILCAYHUARIN - DISTRITO DE CHORAS - PROVINCIA DE YAROWILCA - REGIÓN HUANUCO,Cartera_260824-123814.xlsx,101108,,101108,,,EXTRAIDO_DESDE_NOMBRE,ALTA,RESUELTO,101108,Coincidencia exacta y única por nombre
2189446.0,"AMPLIACION Y MEJORAMIENTO DEL SERVICIO DE AGUA POTABLE Y DISPOSICION SANITARIA DE EXCRETAS EN LAS PARCIALIDADES DE QUIMBALITA Y CONCEPCION INGENIO, DISTRITO DE HUACULLANI - CHUCUITO - PUNO",Cartera_260824-123814.xlsx,210403,,210403,,,EXTRAIDO_DESDE_NOMBRE,ALTA,RESUELTO,210403,Coincidencia exacta y única por nombre
2235263.0,"MEJORAMIENTO Y AMPLIACIÓN DEL SERVICIO DE AGUA POTABLE E INSTALACIÓN DE DISPOSICION SANITARIA DE EXCRETAS EN EL CENTRO POBLADO DE PUCUSANI DISTRITO DE PERENE, PROVINCIA CHANCHAMAYO, DEPARTAMENTO JUNÍN",Cartera_260824-123814.xlsx,120302,,120302,,,EXTRAIDO_DESDE_NOMBRE,ALTA,RESUELTO,120302,Coincidencia exacta y única por nombre
2252768.0,"AMPLIACION Y MEJORAMIENTO DE LOS SISTEMAS DE AGUA POTABLE Y SANEAMIENTO DEL CASERIO SAN RAMON ALTO, DISTRITO DE HUABAL - JAEN - CAJAMARCA",Cartera_260824-123814.xlsx,060805,,060805,,,EXTRAIDO_DESDE_NOMBRE,ALTA,RESUELTO,060805,Coincidencia exacta y única por nombre
2305055.0,"AMPLIACION Y MEJORAMIENTO DEL SERVICIO DE AGUA POTABLE E INSTALACION DEL ALCANTARILLADO SANITARIO EN EL CENTRO POBLADO DE CUBANTIA, DISTRITO DE PANGOA, PROVINCIAL DE SATIPO, DEPARTAMENTO DE JUNIN",Cartera_260824-123814.xlsx,120606,,120606,,,EXTRAIDO_DESDE_NOMBRE,ALTA,RESUELTO,120606,Coincidencia exacta y única por nombre
2189486.0,"MEJORAMIENTO Y AMPLIACION DEL SERVICIO DE AGUA POTABLE Y DISPOSICION SANITARIA DE EXCRETAS EN LOS SECTORES CHOCCÑAPAMPA BAJO Y POCOAQUI DE LA COMUNIDAD CAMPESINA HUAPACA SANTIAGO, DISTRITO POMATA - CHUCUITO - PUNO",Cartera_260824-123814.xlsx,,210406,210406,SI,SI,VALIDADO_PMI_POR_CUI,ALTA,RESUELTO,,"No se detectó patrón ""DISTRITO DE"" en el nombre | Validado por PMI: POMATA"
2076026.0,"CONSTRUCCION DEL SISTEMA DE AGUA Y DESAGUE DEL C.P PARAISO, DISTRITO DE CHOLON - MARANON - HUANUCO",Cartera_260824-123814.xlsx,100702,,100702,,,EXTRAIDO_DESDE_NOMBRE,ALTA,RESUELTO,100702,Coincidencia exacta y única por nombre
2172732.0,"MEJORAMIENTO Y AMPLIACION DEL SERVICIO DE AGUA POTABLE E INSTALACION DE SANEAMIENTO BASICO DE LA LOCALIDAD DE CCARHUARUMI, DISTRITO DE LIRCAY , PROVINCIA DE ANGARAES - HUANCAVELICA",Cartera_260824-123814.xlsx,090301,,090301,,,EXTRAIDO_DESDE_NOMBRE,ALTA,RESUELTO,090301,Coincidencia exacta y única por nombre
2235553.0,"AMPLIACION Y MEJORAMIENTO DEL SERVICIO DE AGUA POTABLE Y SANEAMIENTO EN EL CENTRO POBLADO TAMPE, DISTRITO DE NIEVA , PROVINCIA DE CONDORCANQUI - AMAZONAS",Cartera_260824-123814.xlsx,010401,,010401,,,EXTRAIDO_DESDE_NOMBRE,ALTA,RESUELTO,010401,Coincidencia exacta y única por nombre
2307907.0,"MEJORAMIENTO Y AMPLIACION DEL SERVICIO DE AGUA POTABLE E INSTALACION DEL SANEAMIENTO EN LA LOCALIDAD DE PUCALA , DISTRITO DE PIMPINGOS - CUTERVO - CAJAMARCA",Cartera_260824-123814.xlsx,060606,,060606,,,EXTRAIDO_DESDE_NOMBRE,ALTA,RESUELTO,060606,Coincidencia exacta y única por nombre
2198265.0,"AMPLIACION Y MEJORAMIENTO DE LOS SISTEMAS DE AGUA POTABLE Y SANEAMIENTO DEL CASERIO EL PALMO, DISTRITO DE BAGUA GRANDE , PROVINCIA DE UTCUBAMBA - AMAZONAS",Cartera_260824-123814.xlsx,010701,,010701,,,EXTRAIDO_DESDE_NOMBRE,ALTA,RESUELTO,010701,Coincidencia exacta y única por nombre
2189345.0,"MEJORAMIENTO Y AMPLIACION DE LOS SERVICIOS DE AGUA POTABLE Y DISPOSICION SANITARIA DE EXCRETAS DE LA COMUNIDAD CAMPESINA DE HUILASIPE, CENTRO POBLADO DE CRUCERO, DISTRITO DE ACORA,  PUNO - PUNO",Cartera_260824-123814.xlsx,210102,,210102,,,EXTRAIDO_DESDE_NOMBRE,ALTA,RESUELTO,210102,Coincidencia exacta y única por nombre
2235264.0,INSTALACIÓN DE LOS SERVICIOS DE AGUA POTABLE Y DISPOSICION SANITARIA DE EXCRETAS EN EL CENTRO POBLADO DE AGUA VIVA DISTRITO DE PICHANAQUI- CHANCHAMAYO - JUNIN,Cartera_260824-123814.xlsx,,120303,120303,SI,SI,VALIDADO_PMI_POR_CUI,ALTA,RESUELTO,,Distrito PICHANAQUI- CHANCHAMAYO no encontrado en GPKG | Validado por PMI: PICHANAQUI
2267017.0,"INSTALACION DEL SERVICIO DE AGUA POTABLE Y DISPOSICION SANITARIA DE EXCRETAS EN LOS CENTROS POBLADOS DE QUEMPIRI Y YOYATO , DISTRITO DE RIO TAMBO - SATIPO - JUNIN",Cartera_260824-123814.xlsx,120608,,120608,,,EXTRAIDO_DESDE_NOMBRE,ALTA,RESUELTO,120608,Coincidencia exacta y única por nombre
2202466.0,"MEJORAMIENTO Y AMPLIACION DEL SERVICIO DE AGUA POTABLE E INSTALACIÓN DE LA DISPOSICIÓN SANITARIA DE EXCRETAS Y DE AGUAS GRISES EN EL CENTRO POBLADO DE CHICAIS, DISTRITO DE IMAZA, PROVINCIA DE BAGUA, DEPARTAMENTO DE AMAZONAS",Cartera_260824-123814.xlsx,010205,,010205,,,EXTRAIDO_DESDE_NOMBRE,ALTA,RESUELTO,010205,Coincidencia exacta y única por nombre
2332567.0,"MEJORAMIENTO Y AMPLIACIÓN DEL SERVICIO DE AGUA POTABLE Y SANEAMIENTO EN LA CC.NN SAUKI DISTRITO DE TROMPETEROS, PROVINCIA DE LORETO, REGIÓN DE LORETO.",Cartera_260824-123814.xlsx,160304,,160304,,,EXTRAIDO_DESDE_NOMBRE,ALTA,RESUELTO,160304,Coincidencia exacta y única por nombre
2269271.0,"INSTALACION DEL SISTEMA DE SANEAMIENTO BÁSICO EN LA COMUNIDAD DE CCAHUAYA  IV ETAPA SECTOR CHIPTA Y DIQUE, DISTRITO DE ALTO PICHIGUA - ESPINAR - CUSCO",Cartera_260824-123814.xlsx,080808,,080808,,,EXTRAIDO_DESDE_NOMBRE,ALTA,RESUELTO,080808,Coincidencia exacta y única por nombre
2332566.0,"MEJORAMIENTO Y AMPLIACIÓN DEL SERVICIO DE AGUA POTABLE Y SANEAMIENTO EN LA CC.NN SANTA ROSA DISTRITO DE TROMPETEROS, PROVINCIA DE LORETO, REGIÓN DE LORETO",Cartera_260824-123814.xlsx,160304,,160304,,,EXTRAIDO_DESDE_NOMBRE,ALTA,RESUELTO,160304,Coincidencia exacta y única por nombre
2305056.0,"AMPLIACION Y MEJORAMIENTO DEL SERVICIO DE AGUA POTABLE E INSTALACION DEL ALCANTARILLADO SANITARIO EN EL CENTRO POBLADO DE SAN JERONIMO , DISTRITO DE PANGOA - SATIPO - JUNIN",Cartera_260824-123814.xlsx,120606,,120606,,,EXTRAIDO_DESDE_NOMBRE,ALTA,RESUELTO,120606,Coincidencia exacta y única por nombre
2235423.0,"MEJORAMIENTO Y AMPLIACION DEL SERVICIO DE AGUA POTABLE E INSTALACIÓN DE LA DISPOSICIÓN SANITARIA DE EXCRETAS Y DE AGUAS GRISES EN LA COMUNIDAD NATIVA DE PAKUI, DISTRITO DE IMAZA, PROVINCIA DE BAGUA, DEPARTAMENTO DE AMAZONAS",Cartera_260824-123814.xlsx,010205,,010205,,,EXTRAIDO_DESDE_NOMBRE,ALTA,RESUELTO,010205,Coincidencia exacta y única por nombre
2235535.0,"INSTALACION DEL SERVICIO DE AGUA POTABLE Y SANEAMIENTO EN LA LOCALIDAD DE SANICULLO ALTO, DISTRITO DE CUTERVO , PROVINCIA DE CUTERVO - CAJAMARCA",Cartera_260824-123814.xlsx,060601,,060601,,,EXTRAIDO_DESDE_NOMBRE,ALTA,RESUELTO,060601,Coincidencia exacta y única por nombre
2328453.0,"MEJORAMIENTO, AMPLIACION DEL SERVICIO DE AGUA POTABLE Y SANEAMIENTO EN LA COMUNIDAD NATIVA SANTA MARIA DE MANCHARI, DISTRITO DE ANDOAS, PROVINCIA DE DATEM DEL MARAÑON, REGION LORETO",Cartera_260824-123814.xlsx,160706,,160706,,,EXTRAIDO_DESDE_NOMBRE,ALTA,RESUELTO,160706,Coincidencia exacta y única por nombre
2328454.0,"MEJORAMIENTO, AMPLIACION DEL SERVICIO DE AGUA POTABLE Y SANEAMIENTO EN LA COMUNIDAD NATIVA PUERTO ALEGRE, DISTRITO DE ANDOAS, PROVINCIA DEL DATEM DEL MARAÑÓN, REGIÓN LORETO",Cartera_260824-123814.xlsx,160706,,160706,,,EXTRAIDO_DESDE_NOMBRE,ALTA,RESUELTO,160706,Coincidencia exacta y única por nombre
2202571.0,"INSTALACION DE LOS SERVICIOS DE AGUA POTABLE, DISPOSICIÓN SANITARIA DE EXCRETAS Y DE AGUAS GRISES EN LA COMUNIDAD NATIVA DE WICHIM, DISTRITO DE IMAZA, PROVINCIA DE BAGUA, DEPARTAMENTO DE AMAZONAS",Cartera_260824-123814.xlsx,010205,,010205,,,EXTRAIDO_DESDE_NOMBRE,ALTA,RESUELTO,010205,Coincidencia exacta y única por nombre
2328450.0,"MEJORAMIENTO, AMPLIACION DEL SERVICIO DE AGUA POTABLE Y SANEAMIENTO EN LA COMUNIDAD NATIVA SAN FERNANDO, DISTRITO DE ANDOAS, PROVINCIA DE DATEM DEL MARAÑON, REGION LORETO",Cartera_260824-123814.xlsx,160706,,160706,,,EXTRAIDO_DESDE_NOMBRE,ALTA,RESUELTO,160706,Coincidencia exacta y única por nombre
2202572.0,"INSTALACION DE LOS SERVICIOS DE AGUA POTABLE, DISPOSICIÓN SANITARIA DE EXCRETAS Y DE AGUAS GRISES GRISES EN LA COMUNIDAD NATIVA DE SHUSHUI, DISTRITO DE IMAZA, PROVINCIA DE BAGUA, DEPARTAMENTO DE AMAZONAS",Cartera_260824-123814.xlsx,010205,,010205,,,EXTRAIDO_DESDE_NOMBRE,ALTA,RESUELTO,010205,Coincidencia exacta y única por nombre
2198700.0,"MEJORAMIENTO Y AMPLIACIÓN DEL SISTEMA DE AGUA POTABLE Y SANEAMIENTO EN LA ZONA URBANA DE IZCUCHACA, DISTRITO DE IZCUCHACA, PROVINCIA DE HUANCAVELICA - HUANCAVELICA",Cartera_260824-123814.xlsx,090108,,090108,,,EXTRAIDO_DESDE_NOMBRE,ALTA,RESUELTO,090108,Coincidencia exacta y única por nombre
2328476.0,"MEJORAMIENTO, AMPLIACION DEL SERVICIO DE AGUA POTABLE Y SANEAMIENTO EN LA COMUNIDAD NATIVA BUENA VISTA, DISTRITO DE ANDOAS, PROVINCIA DE DATEM DEL MARAÑON, REGION LORETO",Cartera_260824-123814.xlsx,160706,,160706,,,EXTRAIDO_DESDE_NOMBRE,ALTA,RESUELTO,160706,Coincidencia exacta y única por nombre
2234766.0,MEJORAMIENTO DEL SISTEMA DE ALCANTARILLADO Y TRATAMIENTO DE AGUAS SERVIDAS DE LA CIUDAD DE PUERTO MALDONADO.,Cartera_260824-123814.xlsx,,170101,,SI,NO,VALIDADO_PMI_POR_CUI,BAJA,REVISAR_CONFLICTO,,"No se detectó patrón ""DISTRITO DE"" en el nombre | Distrito PMI (TAMBOPATA) no encontrado en nombre de inversión"
2309846.0,"AMPLIACION Y MEJORAMIENTO DEL SISTEMA DE AGUA POTABLE Y ALCANTARILLADO EN LOS AA.HH. DE LAS LOCALIDADES DE SULLANA,BELLAVISTA,MARCAVELICA Y QUERECOTILLO DE LA PROVINCIA DE SULLANA, DEPARTAMENTO DE PIURA",Cartera_260824-123814.xlsx,,200601,200601,SI,SI,VALIDADO_PMI_POR_CUI,ALTA,RESUELTO,,"No se detectó patrón ""DISTRITO DE"" en el nombre | Validado por PMI: SULLANA"
2226075.0,"MEJORAMIENTO Y AMPLIACIÓN  DE LA RED PRINCIPAL  DE AGUA Y ALCANTARILLADO DEL SECTOR NOR ESTE Y NOR OESTE DEL AA HH  LOS  CLAVELES PAMPA GRANDE DISTRITO DE TUMBES, PROVINCIA DE TUMBES - TUMBES",Cartera_260824-123814.xlsx,240101,,240101,,,EXTRAIDO_DESDE_NOMBRE,ALTA,RESUELTO,240101,Coincidencia exacta y única por nombre
2332568.0,"MEJORAMIENTO Y AMPLIACIÓN DEL SERVICIO DE AGUA POTABLE Y SANEAMIENTO EN LA CC.NN SION DISTRITO DE TROMPETEROS, PROVINCIA DE LORETO, REGIÓN DE LORETO.",Cartera_260824-123814.xlsx,160304,,160304,,,EXTRAIDO_DESDE_NOMBRE,ALTA,RESUELTO,160304,Coincidencia exacta y única por nombre
2323266.0,"CREACION DEL SERVICIO DE AGUA POTABLE Y SANEAMIENTO EN LOS SECTORES, CARTAGENA,BELLAS ARTES, JUAN VELASCO ALVARADO I,II,III,IV Y V ETAPA DE LA LOCALIDAD DE CONSTITUCION, DISTRITO DE CONSTITUCION - OXAPAMPA - PASCO",Cartera_260824-123814.xlsx,190308,,190308,,,EXTRAIDO_DESDE_NOMBRE,ALTA,RESUELTO,190308,Coincidencia exacta y única por nombre
2497598.0,AMPLIACION DE LA PRODUCCION DE AGUA 6 DISTRITOS DE LA PROVINCIA DE CUSCO - DEPARTAMENTO DE CUSCO,Cartera_260824-123814.xlsx,,,,NO,NO,FALLIDO,BAJA,REVISAR_CONFLICTO,,Múltiples distritos detectados en el nombre | Datos PMI no cruzaron con GPKG (- TODOS - - - TODOS -)
2561234.0,"MEJORAMIENTO Y AMPLIACION DEL SERVICIO DE AGUA POTABLE, ALCANTARILLADO SANITARIO Y TRATAMIENTO DE AGUAS RESIDUALES EN LOS DISTRITOS DE ZARUMILLA Y AGUAS VERDES DE LA  PROVINCIA DE ZARUMILLA - DEPARTAMENTO DE TUMBES",Cartera_260824-123814.xlsx,,,,NO,NO,FALLIDO,BAJA,REVISAR_CONFLICTO,,Múltiples distritos detectados en el nombre | Datos PMI no cruzaron con GPKG (- TODOS - - - TODOS -)
2309659.0,"MEJORAMIENTO Y AMPLIACION DE LOS SISTEMAS DE AGUA POTABLE Y ALCANTARILLADO DE LOS SECTORES 273, 277, 278, 279, 280, 394 Y 395  DISTRITO DE VENTANILLA - PROVINCIA DE CALLAO - DEPARTAMENTO DE CALLAO",Cartera_260824-123814.xlsx,070106,,070106,,,EXTRAIDO_DESDE_NOMBRE,ALTA,RESUELTO,070106,Coincidencia exacta y única por nombre
2256322.0,"INSTALACION DE LOS SERVICIOS DE AGUA POTABLE Y ALCANTARILLADO SANITARIO EN LA NUEVA CIUDAD DE OLMOS, DISTRITO DE OLMOS - PROVINCIA DE LAMBAYEQUE - REGION LAMBAYEQUE",Cartera_260824-123814.xlsx,140308,,140308,,,EXTRAIDO_DESDE_NOMBRE,ALTA,RESUELTO,140308,Coincidencia exacta y única por nombre
2260867.0,"MEJORAMIENTO DEL SISTEMA DE EVACUACIÓN, TRATAMIENTO Y DISPOSICIÓN FINAL DE LAS AGUAS SERVIDAS DE LAS CIUDADES DE SULLANA Y BELLAVISTA, PROVINCIA DE SULLANA - PIURA",Cartera_260824-123814.xlsx,,200601,200601,SI,SI,VALIDADO_PMI_POR_CUI,ALTA,RESUELTO,,"No se detectó patrón ""DISTRITO DE"" en el nombre | Validado por PMI: SULLANA"
2552334.0, PROGRAMA INTEGRAL DE AGUA Y SANEAMIENTO RURAL SEGUNDA FASE - PIASAR II ,Cartera_260824-123814.xlsx,,200702,,SI,NO,VALIDADO_PMI_POR_CUI,BAJA,REVISAR_CONFLICTO,,"No se detectó patrón ""DISTRITO DE"" en el nombre | Distrito PMI (EL ALTO) no encontrado en nombre de inversión"
2376184.0,"MEJORAMIENTO DE LA CALIDAD DEL SERVICIO DE ABASTECIMIENTO DE AGUA POTABLE EN LAS LOCALIDADES DE SULLANA, QUERECOTILLO, SALITRAL Y MARCAVELICA DE LA PROVINCIA DE SULLANA - DEPARTAMENTO DE PIURA",Cartera_260824-123814.xlsx,,200601,200601,SI,SI,VALIDADO_PMI_POR_CUI,ALTA,RESUELTO,,"No se detectó patrón ""DISTRITO DE"" en el nombre | Validado por PMI: SULLANA"
2300479.0,"CREACION DEL SISTEMA INTEGRAL DE AGUA POTABLE Y ALCANTARILLADO  EN LA LOCALIDAD DE PUERTO INCA, DISTRITO DE PUERTO INCA, PROVINCIA DE PUERTO INCA - HUANUCO",Cartera_260824-123814.xlsx,100901,,100901,,,EXTRAIDO_DESDE_NOMBRE,ALTA,RESUELTO,100901,Coincidencia exacta y única por nombre
2178481.0,"AMPLIACIÓN Y MEJORAMIENTO DEL SISTEMA DE AGUA POTABLE Y ALCANTARILLADO SANITARIO EN LA LOCALIDAD DE CHUQUIBAMBA, DISTRITO DE CHUQUIBAMBA, PROVINCIA DE CONDESUYOS, DEPARTAMENTO Y REGION DE AREQUIPA.",Cartera_260824-123814.xlsx,040601,,040601,,,EXTRAIDO_DESDE_NOMBRE,ALTA,RESUELTO,040601,Coincidencia resuelta usando provincia CONDESUYOS
2067393.0,"MEJORAMIENTO, AMPLIACION DEL SISTEMA DE AGUA POTABLE Y DESAGUE DE TOMAYKICHWA, DISTRITO DE TOMAY KICHWA - AMBO - HUANUCO",Cartera_260824-123814.xlsx,100208,,100208,,,EXTRAIDO_DESDE_NOMBRE,ALTA,RESUELTO,100208,Coincidencia exacta y única por nombre
2488687.0,"MEJORAMIENTO Y AMPLIACION DEL SISTEMA DE SANEAMIENTO BÁSICO EN LOS SECTORES DE KERAKERA, AYANI, FUNDICION, TARUCATINCUC, JORNADA, KIVIO, HUALLATACCOTA, WINCHO, CHALLUMA Y HUAYLLAYOC DE LA C.C. DE UCHUCCARCCO DEL DISTRITO DE CHAMACA - PROVINCIA DE CHUMBIVILCAS - DEPARTAMENTO DE CUSCO",Cartera_260824-123814.xlsx,080703,,080703,,,EXTRAIDO_DESDE_NOMBRE,ALTA,RESUELTO,080703,Coincidencia exacta y única por nombre
2079224.0,"AMPLIACION Y MEJORAMIENTO DEL SISTEMA INTEGRAL DE AGUA POTABLE, ALCANTARILLADO Y DISPOSICION FINAL DE LA ZONA URBANA DEL DISTRITO DE RUPA RUPA",Cartera_260824-123814.xlsx,,100601,,SI,NO,VALIDADO_PMI_POR_CUI,BAJA,REVISAR_CONFLICTO,,Distrito RUPA RUPA no encontrado en GPKG | Distrito PMI (RUPA-RUPA) no encontrado en nombre de inversión
2095826.0,"AMPLIACION Y MEJORAMIENTO DE AGUA POTABLE Y ALCANTARILLADO SANITARIO DEL CPM SAN VICENTE DE PAUL (CHOROBAMBA, CAPILLAPAMPA Y EL JARDIN) DISTRITO DE LONGOTEA, PROVINCIA DE BOLIVAR - LA LIBERTAD",Cartera_260824-123814.xlsx,130304,,130304,,,EXTRAIDO_DESDE_NOMBRE,ALTA,RESUELTO,130304,Coincidencia exacta y única por nombre
2387732.0,MEJORAMIENTO Y AMPLIACION DE LOS SISTEMAS DE AGUA POTABLE Y SANEAMIENTO DE LA CIUDAD DE AYAVIRI  DISTRITO DE AYAVIRI - PROVINCIA DE MELGAR - DEPARTAMENTO DE PUNO,Cartera_260824-123814.xlsx,210801,,210801,,,EXTRAIDO_DESDE_NOMBRE,ALTA,RESUELTO,210801,Coincidencia resuelta usando provincia MELGAR
2226496.0,"MEJORAMIENTO, INSTALACION DEL SISTEMA DE AGUA POTABLE Y ALCANTARILLADO EN LONYA GRANDE Y SUS CENTROS POBLADOS DE NUEVA YORK, ROBLEPAMPA, SANTA CRUZ, HUAYLLA Y YUNGAY LONYA GRANDE, DISTRITO DE LONYA GRANDE - UTCUBAMBA - AMAZONAS",Cartera_260824-123814.xlsx,010706,,010706,,,EXTRAIDO_DESDE_NOMBRE,ALTA,RESUELTO,010706,Coincidencia exacta y única por nombre
2084708.0,"MEJORAMIENTO Y AMPLIACION DE SISTEMA DE AGUA POTABLE Y ALCANTARILLADO DE LA CIUDAD DE HUAMACHUCO - DISTRITO DE HUAMACHUCO, PROVINCIA DE SANCHEZ CARRION - LA LIBERTAD",Cartera_260824-123814.xlsx,130901,,130901,,,EXTRAIDO_DESDE_NOMBRE,ALTA,RESUELTO,130901,Coincidencia exacta y única por nombre
2047402.0,"AMPLIACION Y MEJORAMIENTO DEL SISTEMA DE AGUA Y ALCANTARILLADO DE LA CIUDAD DE TOCACHE, PROVINCIA DE TOCACHE - SAN MARTIN",Cartera_260824-123814.xlsx,,221001,221001,SI,SI,VALIDADO_PMI_POR_CUI,ALTA,RESUELTO,,"No se detectó patrón ""DISTRITO DE"" en el nombre | Validado por PMI: TOCACHE"
2144191.0,"AMPLIACION Y MEJORAMIENTO INTEGRAL DE LOS SISTEMAS DE AGUA POTABLE Y  ALCANTARILLADO ., DISTRITO DE SAN JOSE - LAMBAYEQUE - LAMBAYEQUE",Cartera_260824-123814.xlsx,,140311,140311,SI,SI,VALIDADO_PMI_POR_CUI,ALTA,RESUELTO,"130705, 210212, 140311",Distrito SAN JOSE es ambiguo y no se extrajo provincia | Validado por PMI: SAN JOSE
2328696.0,"INSTALACION, MEJORAMIENTO Y AMPLIACIÓN DEL SERVICIO DE AGUA POTABLE Y SANEAMIENTO EN LOS CENTROS POBLADOS  DE MIRAFLORES, PALESTINA, LA FLORIDA Y CAMPO AMOR, DISTRITO DE NUEVA CAJAMARCA, PROVINCIA DE RIOJA, DEPARTAMENTO DE SAN MARTÍN",Cartera_260824-123814.xlsx,220804,,220804,,,EXTRAIDO_DESDE_NOMBRE,ALTA,RESUELTO,220804,Coincidencia exacta y única por nombre
2132673.0,"AMPLIACION Y MEJORAMIENTO DE LOS SISTEMAS DE ALCANTARILLADO Y TRATAMIENTO DE AGUAS RESIDUALES EN LA LOCALIDAD DE MOYOBAMBA, PROVINCIA DE MOYOBAMBA - SAN MARTIN",Cartera_260824-123814.xlsx,,220101,220101,SI,SI,VALIDADO_PMI_POR_CUI,ALTA,RESUELTO,,"No se detectó patrón ""DISTRITO DE"" en el nombre | Validado por PMI: MOYOBAMBA"
2095204.0,"MEJORAMIENTO Y AMPLIACIÓN DEL SISTEMA DE AGUA POTABLE Y ALCANTARILLADO DE LA CIUDAD DE YURIMAGUAS, DISTRITO DE YURIMAGUAS, PROVINCIA DE ALTO AMAZONAS, DEPARTAMENTO DE LORETO",Cartera_260824-123814.xlsx,160201,,160201,,,EXTRAIDO_DESDE_NOMBRE,ALTA,RESUELTO,160201,Coincidencia exacta y única por nombre
2235574.0,"MEJORAMIENTO, AMPLIACION DE LOS SISTEMAS DE AGUA POTABLE Y ALCANTARILLADO EN LA LOCALIDAD DE CHINCHERO, DISTRITO DE CHINCHERO - URUBAMBA - CUSCO",Cartera_260824-123814.xlsx,081302,,081302,,,EXTRAIDO_DESDE_NOMBRE,ALTA,RESUELTO,081302,Coincidencia exacta y única por nombre
2403504.0,SECTORIZACION DEL SISTEMA DE AGUA POTABLE Y ALCANTARILLADO DE LA PARTE ALTA DE CHORRILLOS  MATRIZ PROCERES - CHORRILLOS,Cartera_260824-123814.xlsx,,150108,150108,SI,SI,VALIDADO_PMI_POR_CUI,ALTA,RESUELTO,,"No se detectó patrón ""DISTRITO DE"" en el nombre | Validado por PMI: CHORRILLOS"
2403503.0,"MEJORAMIENTO Y AMPLIACION DE LOS SISTEMAS DE AGUA POTABLE, ALCANTARILLADO Y TRATAMIENTO DE AGUAS RESIDUALES PARA EL ESQUEMA JOSÉ GÁLVEZ SECTOR 315  Y ESQUEMA VILLA ALEJANDRO EN LOS DISTRITOS DE VILLA MARIA DEL TRIUNFO Y LURIN DE LA  PROVINCIA DE LIMA - DEPARTAMENTO DE LIMA",Cartera_260824-123814.xlsx,,,,NO,NO,FALLIDO,BAJA,REVISAR_CONFLICTO,,Múltiples distritos detectados en el nombre | Datos PMI no cruzaron con GPKG (- TODOS - - LIMA)
2090887.0,DRENAJE PLUVIAL DE LA CIUDAD DE JULIACA,Cartera_260824-123814.xlsx,,211101,211101,SI,SI,VALIDADO_PMI_POR_CUI,ALTA,RESUELTO,,"No se detectó patrón ""DISTRITO DE"" en el nombre | Validado por PMI: JULIACA"
2331661.0,AMPLIACION Y MEJORAMIENTO DE LOS SERVICIOS DE AGUA POTABLE Y ALCANTARILLADO DE LA CIUDAD DE JULIACA - PUNO,Cartera_260824-123814.xlsx,,211101,211101,SI,SI,VALIDADO_PMI_POR_CUI,ALTA,RESUELTO,,"No se detectó patrón ""DISTRITO DE"" en el nombre | Validado por PMI: JULIACA"
2289966.0,"MEJORAMIENTO Y AMPLIACION DEL SERVICIO DE AGUA POTABLE Y DISPOSICION SANITARIA DE EXCRETAS EN EL CENTRO POBLADO UNION PROGRESO, DISTRITO DE RIO NEGRO, PROVINCIA DE SATIPO, DEPARTAMENTO DE JUNIN",Cartera_260824-123814.xlsx,120607,,120607,,,EXTRAIDO_DESDE_NOMBRE,ALTA,RESUELTO,120607,Coincidencia exacta y única por nombre
2046487.0,"REHABILITACION DEL SISTEMA DE AGUA POTABLE Y ALCANTARILLADO DEL CASCO URBANO DEL DISTRITO DE  LA UNION, PROVINCIA DE PIURA - PIURA",Cartera_260824-123814.xlsx,200110,,200110,,,EXTRAIDO_DESDE_NOMBRE,ALTA,RESUELTO,200110,Coincidencia resuelta usando provincia PIURA
2337107.0,"AMPLIACION, MEJORAMIENTO DE LOS SERVICIOS DE RECOLECCIÓN Y TRATAMIENTO DE AGUAS RESIDUALES DE LAS CIUDADES DE AYAVIRI, MOHO, JULIACA, PUNO, ILAVE Y JULI, DEPARTAMENTO DE PUNO",Cartera_260824-123814.xlsx,,,,NO,NO,FALLIDO,BAJA,REVISAR_CONFLICTO,,"No se detectó patrón ""DISTRITO DE"" en el nombre | Datos PMI no cruzaron con GPKG (- TODOS - - - TODOS -)"
2280625.0,"MEJORAMIENTO Y AMPLIACION DEL SERVICIO DE AGUA POTABLE Y DISPOSICION SANITARIA DE EXCRETAS EN EL CENTRO POBLADO SAN JACINTO DE SHAURIATO, DISTRITO DE RIO NEGRO, PROVINCIA DE SATIPO, DEPARTAMENTO DE JUNIN",Cartera_260824-123814.xlsx,120607,,120607,,,EXTRAIDO_DESDE_NOMBRE,ALTA,RESUELTO,120607,Coincidencia exacta y única por nombre
2311662.0,"MEJORAMIENTO Y AMPLIACION DE LOS SERVICIOS DE AGUA POTABLE Y ALCANTARILLADO SANITARIO DE LA ZONA URBANA DE LA LOCALIDAD DE SAN MARCOS, DISTRITO DE SAN MARCOS - HUARI - ANCASH",Cartera_260824-123814.xlsx,021014,,021014,,,EXTRAIDO_DESDE_NOMBRE,ALTA,RESUELTO,021014,Coincidencia exacta y única por nombre
2448877.0,"CREACION DEL SISTEMA DE AGUA POTABLE Y LETRINAS CON ARRASTRE HIDRAULICO EN LOS SECTORES CHACARAYA, JAPU, QUILLANI, HUATARRUSI, SAN MARTIN, ITMAPALLCCA, CHEQLLACCO, YURAQ-KANCHA, CHALLANSILLI, CCOCHANI, ILAVE, CHACCO, CCOLLPIÑA ,HUACUYLLANI, HUASHUA, PFOCCOYTO, CHALLHUANCA, LLANJA, PAQLLA-PAQLLA Y  CHAQHUARAPATA DE LAS COMUNIDADES DE LUTTO, PFUISA, ANTUYO, CCOLLPA CCASAHUI Y SAN SEBASTIAN DE LLUSCO DEL  DISTRITO DE LLUSCO - PROVINCIA DE CHUMBIVILCAS - DEPARTAMENTO DE CUSCO",Cartera_260824-123814.xlsx,080706,,080706,,,EXTRAIDO_DESDE_NOMBRE,ALTA,RESUELTO,080706,Coincidencia exacta y única por nombre
2537747.0,CREACION DEL SERVICIO DE AGUA POTABLE Y DISPOSICIÓN SANITARIA DE EXCRETAS EN LA COMUNIDAD NATIVA NUEVO CANAAN DEL DISTRITO DE TIGRE - PROVINCIA DE LORETO - DEPARTAMENTO DE LORETO,Cartera_260824-123814.xlsx,160303,,160303,,,EXTRAIDO_DESDE_NOMBRE,ALTA,RESUELTO,160303,Coincidencia exacta y única por nombre
2459017.0,MEJORAMIENTO Y AMPLIACION DEL SERVICIO DE DRENAJE PLUVIAL EN 4 DISTRITOS DE LA PROVINCIA DE CUSCO - DEPARTAMENTO DE CUSCO,Cartera_260824-123814.xlsx,,,,NO,NO,FALLIDO,BAJA,REVISAR_CONFLICTO,,Múltiples distritos detectados en el nombre | Datos PMI no cruzaron con GPKG (- TODOS - - CUSCO)
2168168.0,"AMPLIACION Y MEJORAMIENTO DEL SISTEMA DE AGUA E INSTALACION DE UNIDADES BASICAS DE SANEAMIENTO DE LA LOCALIDAD DE LLACTABAMBA SOCCORO , DISTRITO DE HUANCARAMA - ANDAHUAYLAS - APURIMAC",Cartera_260824-123814.xlsx,030204,,030204,,,EXTRAIDO_DESDE_NOMBRE,ALTA,RESUELTO,030204,Coincidencia exacta y única por nombre
2090141.0,PROYECTO INTEGRADO DEL SISTEMA  DE AGUA  POTABLE  Y ALCANTARILLADO DE LA LOCALIDAD DE BAGUA,Cartera_260824-123814.xlsx,,010206,,SI,NO,VALIDADO_PMI_POR_CUI,BAJA,REVISAR_CONFLICTO,,"No se detectó patrón ""DISTRITO DE"" en el nombre | Distrito PMI (LA PECA) no encontrado en nombre de inversión"
2501447.0,"AMPLIACION DE LOS SERVICIOS DE AGUA POTABLE Y ALCANTARILLADO EN LAS NUEVAS HABILITACIONES DEL ESQUEMA HORACIO ZEVALLOS, PARIACHI Y ANEXOS DEL DISTRITO DE ATE - PROVINCIA DE LIMA - DEPARTAMENTO DE LIMA",Cartera_260824-123814.xlsx,150103,,150103,,,EXTRAIDO_DESDE_NOMBRE,ALTA,RESUELTO,150103,Coincidencia exacta y única por nombre
2168176.0,"AMPLIACION Y MEJORAMIENTO DEL SISTEMA DE AGUA E INSTALACION DE UNIDADES BASICAS DE SANEAMIENTO DE LA LOCALIDAD DE SAN JUAN DE LLACHUA , DISTRITO DE HAQUIRA - COTABAMBAS - APURIMAC",Cartera_260824-123814.xlsx,030504,,030504,,,EXTRAIDO_DESDE_NOMBRE,ALTA,RESUELTO,030504,Coincidencia exacta y única por nombre
2535059.0,MEJORAMIENTO Y AMPLIACION DE LOS SERVICIOS DE AGUA POTABLE Y ALCANTARILLADO PARA LAS HABILITACIONES DEL SECTOR 326 DEL VILLA EL SALVADOR DEL DISTRITO DE VILLA EL SALVADOR - PROVINCIA DE LIMA - DEPARTAMENTO DE LIMA,Cartera_260824-123814.xlsx,150142,,150142,,,EXTRAIDO_DESDE_NOMBRE,ALTA,RESUELTO,150142,Coincidencia exacta y única por nombre
2168162.0,"AMPLIACION Y MEJORAMIENTO DEL SISTEMA DE AGUA E INSTALACION DE UNIDADES BASICAS DE SANEAMIENTO DE LA LOCALIDAD DE HUANCA UMUYTO , DISTRITO DE HAQUIRA - COTABAMBAS - APURIMAC",Cartera_260824-123814.xlsx,030504,,030504,,,EXTRAIDO_DESDE_NOMBRE,ALTA,RESUELTO,030504,Coincidencia exacta y única por nombre
2077961.0,AMPLIACION Y MEJORAMIENTO DE LOS SISTEMAS DE AGUA POTABLE Y ALCANTARILLADO DEL DISTRITO DE RIPAN,Cartera_260824-123814.xlsx,100317,,100317,,,EXTRAIDO_DESDE_NOMBRE,ALTA,RESUELTO,100317,Coincidencia exacta y única por nombre
2322358.0,INSTALACION DE LOS SISTEMAS DE AGUA POTABLE Y ALCANTARILLADO DEL ESQUEMA INTEGRAL VILLAS DE ANCON - DISTRITO DE ANCON,Cartera_260824-123814.xlsx,150102,,150102,,,EXTRAIDO_DESDE_NOMBRE,ALTA,RESUELTO,150102,Coincidencia exacta y única por nombre
2340083.0,"AMPLIACION Y MEJORAMIENTO DE LOS SISTEMAS DE AGUA POTABLE Y ALCANTARILLADO DE LOS SECTORES 268, 269, 270, 271, 272, 274, 275 Y 276 , DISTRITO DE VENTANILLA - PROVINCIA CONSTITUCIONAL DEL CALLAO",Cartera_260824-123814.xlsx,070106,,070106,,,EXTRAIDO_DESDE_NOMBRE,ALTA,RESUELTO,070106,Coincidencia exacta y única por nombre
2168159.0,"AMPLIACION Y MEJORAMIENTO DEL SISTEMA DE AGUA E INSTALACION DE UNIDADES BASICAS DE SANEAMIENTO DE LA LOCALIDAD DE CONCACHA , DISTRITO DE CURAHUASI - ABANCAY - APURIMAC",Cartera_260824-123814.xlsx,030104,,030104,,,EXTRAIDO_DESDE_NOMBRE,ALTA,RESUELTO,030104,Coincidencia exacta y única por nombre
2300050.0,"AMPLIACION Y MEJORAMIENTO DE LOS SISTEMAS DE AGUA POTABLE Y ALCANTARILLADO DE LOS SECTORES 334, 335, 336, 337, 343 Y 344 - DISTRITOS DE COMAS E INDEPENDENCIA.",Cartera_260824-123814.xlsx,,,,NO,NO,FALLIDO,BAJA,REVISAR_CONFLICTO,,Múltiples distritos detectados en el nombre | Datos PMI no cruzaron con GPKG (- TODOS - - LIMA)
2168172.0,"AMPLIACION Y MEJORAMIENTO DEL SISTEMA DE AGUA E INSTALACION DE UNIDADES BASICAS DE SANEAMIENTO DE LA LOCALIDAD DE PATAHUASI , DISTRITO DE HAQUIRA - COTABAMBAS - APURIMAC",Cartera_260824-123814.xlsx,030504,,030504,,,EXTRAIDO_DESDE_NOMBRE,ALTA,RESUELTO,030504,Coincidencia exacta y única por nombre
2168167.0,"AMPLIACION Y MEJORAMIENTO DEL SISTEMA DE AGUA E INSTALACION DE UNIDADES BASICAS DE SANEAMIENTO DE LA LOCALIDAD DE LAUPAY , DISTRITO DE HAQUIRA - COTABAMBAS - APURIMAC",Cartera_260824-123814.xlsx,030504,,030504,,,EXTRAIDO_DESDE_NOMBRE,ALTA,RESUELTO,030504,Coincidencia exacta y única por nombre
2311200.0,"CREACION DEL SERVICIO DE AGUA POTABLE Y DISPOSICIÓN SANITARIA DE EXCRETAS EN LOS CENTROS POBLADOS DE FELIPE PINGLO ALVA, PALMERAS, 28 DE JULIO, SANJA SECA, UNIÓN LIBERTAD, ALTO SAN JUAN II Y PUENTE PIEDRA, DISTRITO DE LUYANDO - LEONCIO PRADO - HUANUCO",Cartera_260824-123814.xlsx,100605,,100605,,,EXTRAIDO_DESDE_NOMBRE,ALTA,RESUELTO,100605,Coincidencia exacta y única por nombre
2191199.0,"MEJORAMIENTO Y AMPLIACION DE LOS SERVICIOS DE AGUA POTABLE Y DISPOSICION SANITARIA DE EXCRETAS DEL CENTRO POBLADO DE CARITAMAYA, DISTRITO DE ACORA, PROVINCIA DE PUNO, DEPARTAMENTO DE PUNO",Cartera_260824-123814.xlsx,210102,,210102,,,EXTRAIDO_DESDE_NOMBRE,ALTA,RESUELTO,210102,Coincidencia exacta y única por nombre
2189465.0,"MEJORAMIENTO Y AMPLIACION DE LOS SERVICIOS DE AGUA POTABLE Y DISPOSICION SANITARIA DE EXCRETAS DEL CENTRO POBLADO THUNCO, DISTRITO DE ACORA, PUNO - PUNO",Cartera_260824-123814.xlsx,210102,,210102,,,EXTRAIDO_DESDE_NOMBRE,ALTA,RESUELTO,210102,Coincidencia exacta y única por nombre
2302962.0,"MEJORAMIENTO Y AMPLIACION DEL SERVICIO DE AGUA POTABLE Y CREACION DEL SERVICIO DE DISPOSICION SANITARIA DE EXCRETAS EN EL C.P. TASAPA PATACOLLO (SECTORES TASAPA CENTRAL, PRIMER TASAPA, II TASAPA, IRUJANI Y JOCCO), DISTRITO DE ZEPITA, PROVINCIA DE CHUCUITO ¿ DEPARTAMENTO DE PUNO",Cartera_260824-123814.xlsx,210407,,210407,,,EXTRAIDO_DESDE_NOMBRE,ALTA,RESUELTO,210407,Coincidencia exacta y única por nombre
2186037.0,"MEJORAMIENTO Y AMPLIACION DE LOS SERVICIOS DE AGUA POTABLE Y DISPOSICION SANITARIA DE EXCRETAS DEL CENTRO POBLADO ISCATA, DISTRITO DE ACORA, PUNO - PUNO",Cartera_260824-123814.xlsx,210102,,210102,,,EXTRAIDO_DESDE_NOMBRE,ALTA,RESUELTO,210102,Coincidencia exacta y única por nombre
2254843.0,"MEJORAMIENTO Y AMPLIACION DEL SISTEMA DE AGUA POTABLE Y SANEAMIENTO BASICO EN EL CENTRO POBLADO SUGLLAQUIRO, DISTRITO DE MOYOBAMBA , PROVINCIA DE MOYOBAMBA - SAN MARTIN",Cartera_260824-123814.xlsx,220101,,220101,,,EXTRAIDO_DESDE_NOMBRE,ALTA,RESUELTO,220101,Coincidencia exacta y única por nombre
2244668.0,"INSTALACION DEL SISTEMA DE ALCANTARILLADO EN EL AA.HH SEÑOR DE LOS MILAGROS Y C.P CASA BLANCA, DISTRITO DE CERRO AZUL, PROVINCIA DE CAÑETE - LIMA",Cartera_260824-123814.xlsx,150504,,150504,,,EXTRAIDO_DESDE_NOMBRE,ALTA,RESUELTO,150504,Coincidencia exacta y única por nombre
2046101.0,MEDIDAS DE RAPIDO IMPACTO DE LA EPS SERVICIO MUNICIPAL DE AGUA POTABLE Y ALCANTARILLADO DE CHINCHA - SEMAPACH.SA,Cartera_260824-123814.xlsx,,,,NO,NO,FALLIDO,BAJA,REVISAR_CONFLICTO,,"No se detectó patrón ""DISTRITO DE"" en el nombre | Datos PMI no cruzaron con GPKG (- TODOS - - CHINCHA)"
2189506.0,"INSTALACION DEL SERVICIO DE AGUA POTABLE Y DISPOSICION SANITARIA DE EXCRETAS EN LA CAPITAL DEL CENTRO POBLADO TUQUINA, DISTRITO POMATA- CHUCUITO - PUNO",Cartera_260824-123814.xlsx,,210406,210406,SI,SI,VALIDADO_PMI_POR_CUI,ALTA,RESUELTO,,"No se detectó patrón ""DISTRITO DE"" en el nombre | Validado por PMI: POMATA"
2168146.0,"AMPLIACION Y MEJORAMIENTO DEL SISTEMA DE AGUA  POTABLE E INSTALACION DE UNIDADES BÁSICAS DE SANEAMIENTO EN LA LOCALIDAD DE TOTORAY, DISTRITO DE CURAHUASI PROVINCIA DE ABANCAY - APURÍMAC",Cartera_260824-123814.xlsx,030104,,030104,,,EXTRAIDO_DESDE_NOMBRE,ALTA,RESUELTO,030104,Coincidencia exacta y única por nombre
2084815.0,"MEJORAMIENTO Y AMPLIACIÓN DE LOS SERVICIOS DE SANEAMIENTO Y FORTALECIMIENTO INSTITUCIONAL INTEGRAL  DE LA EMAPA PASCO, PROVINCIA DE PASCO - PASCO",Cartera_260824-123814.xlsx,,,,NO,NO,FALLIDO,BAJA,REVISAR_CONFLICTO,,"No se detectó patrón ""DISTRITO DE"" en el nombre | Datos PMI no cruzaron con GPKG (- TODOS - - PASCO)"
2189340.0,"MEJORAMIENTO Y AMPLIACIÓN DE LOS SERVICIOS DE AGUA POTABLE Y DISPOSICIÓN SANITARIA DE EXCRETAS DEL CENTRO POBLADO CRUCERO, DISTRITO DE ACORA, PUNO - PUNO",Cartera_260824-123814.xlsx,210102,,210102,,,EXTRAIDO_DESDE_NOMBRE,ALTA,RESUELTO,210102,Coincidencia exacta y única por nombre
2183866.0,"MEJORAMIENTO Y AMPLIACIÓN DE LOS SERVICIOS DE AGUA POTABLE Y DISPOSICIÓN SANITARIA DE EXCRETAS  DE LA COMUNIDAD CAMPESINA DE COLLINI, CENTRO  POBLADO INCASAMAWI, DISTRITO DE ACORA, PUNO - PUNO",Cartera_260824-123814.xlsx,210102,,210102,,,EXTRAIDO_DESDE_NOMBRE,ALTA,RESUELTO,210102,Coincidencia exacta y única por nombre
2310847.0,"MEJORAMIENTO Y AMPLIACION DEL SERVICIO DE AGUA POTABLE Y CREACION DEL SERVICIO DE DISPOSICION SANITARIA DE EXCRETAS EN EL CENTRO POBLADO ISANI (SECTORES KENTURAMAYA, ISANI CENTRAL, AMAYSAMAHUI, MACHACAUYU, KAMAÑAPATA - KALUNAMAYA Y PATACANI), DISTRIT",Cartera_260824-123814.xlsx,,210407,,SI,NO,VALIDADO_PMI_POR_CUI,BAJA,REVISAR_CONFLICTO,,"No se detectó patrón ""DISTRITO DE"" en el nombre | Distrito PMI (ZEPITA) no encontrado en nombre de inversión"
2189448.0,"INSTALACION DEL SERVICIO DE AGUA POTABLE Y DISPOSICION SANITARIA DE EXCRETAS EN LOS SECTORES SIQUICAUSILLUMA, KAMANI Y CENTRAL VILLACHAVE II DE LA COMUNIDAD CAMPESINA VILACHAVE, DISTRITO HUACULLANI - CHUCUITO - PUNO",Cartera_260824-123814.xlsx,,210403,210403,SI,SI,VALIDADO_PMI_POR_CUI,ALTA,RESUELTO,,"No se detectó patrón ""DISTRITO DE"" en el nombre | Validado por PMI: HUACULLANI"
2168147.0,"AMPLIACION Y MEJORAMIENTO DEL SISTEMA DE AGUA  POTABLE E INSTALACION DE UNIDADES BÁSICAS DE SANEAMIENTO EN LA LOCALIDAD DE TRIGO ORCCO, DISTRITO DE CURAHUASI PROVINCIA DE ABANCAY - APURÍMAC",Cartera_260824-123814.xlsx,030104,,030104,,,EXTRAIDO_DESDE_NOMBRE,ALTA,RESUELTO,030104,Coincidencia exacta y única por nombre
2299423.0,"CREACION DEL SERVICIO DE AGUA POTABLE Y DISPOSICION SANITARIA DE EXCRETAS EN LOS SECTORES VENTILLA I, VENTILLA II Y CUMO HUACULLANI, CENTRO POBLADO YOROHOCO, DISTRITO DE HUACULLANI, PROVINCIA DE CHUCUITO, DEPARTAMENTO DE PUNO",Cartera_260824-123814.xlsx,210403,,210403,,,EXTRAIDO_DESDE_NOMBRE,ALTA,RESUELTO,210403,Coincidencia exacta y única por nombre
2307898.0,"AMPLIACION Y MEJORAMIENTO DEL SISTEMA DE AGUA POTABLE E INSTALACION DEL SERVICIO DE SANEAMIENTO BASICO DE LA LOCALIDAD DE SANTO DOMINGO DE PUQUI, DISTRITO DE HUACRACHUCO, PROVINCIA DE MARANON - HUANUCO",Cartera_260824-123814.xlsx,100701,,100701,,,EXTRAIDO_DESDE_NOMBRE,ALTA,RESUELTO,100701,Coincidencia exacta y única por nombre
2332507.0,"MEJORAMIENTO Y AMPLIACIÓN DEL SERVICIO DE AGUA POTABLE Y SANEAMIENTO EN LA CC.NN BELÉN DISTRITO DE TROMPETEROS, PROVINCIA DE LORETO, REGIÓN DE LORETO.",Cartera_260824-123814.xlsx,160304,,160304,,,EXTRAIDO_DESDE_NOMBRE,ALTA,RESUELTO,160304,Coincidencia exacta y única por nombre
2396141.0,"MEJORAMIENTO Y AMPLIACION DE LOS SISTEMAS DE AGUA POTABLE Y ALCANTARILLADO DE LOS SECTORES 361, 362, 363, 364, 365, 384, 385, 386, 387 Y 388  DISTRITO DE PUENTE PIEDRA - PROVINCIA DE LIMA - DEPARTAMENTO DE LIMA",Cartera_260824-123814.xlsx,150125,,150125,,,EXTRAIDO_DESDE_NOMBRE,ALTA,RESUELTO,150125,Coincidencia exacta y única por nombre
2189498.0,"MEJORAMIENTO Y AMPLIACIÓN DE LOS SERVICIOS DE AGUA POTABLE Y DISPOSICIÓN SANITARIA DE EXCRETAS DE LA COMUNIDAD CAMPESINA DE HUANTACACHI CHILA, C.P. COPAQUIRA, DISTRITO DE ACORA, PROVINCIA DE PUNO, DEPARTAMENTO DE PUNO",Cartera_260824-123814.xlsx,210102,,210102,,,EXTRAIDO_DESDE_NOMBRE,ALTA,RESUELTO,210102,Coincidencia exacta y única por nombre
2189452.0,"MEJORAMIENTO Y AMPLIACION DEL SERVICIO DE AGUA POTABLE Y DISPOSICION SANITARIA DE EXCRETAS EN LOS SECTORES TACAHUA Y KOLLIHUERTA DE LA COMUNIDAD CAMPESINA TUQUINA, DISTRITO POMATA - CHUCUITO - PUNO",Cartera_260824-123814.xlsx,,210406,210406,SI,SI,VALIDADO_PMI_POR_CUI,ALTA,RESUELTO,,"No se detectó patrón ""DISTRITO DE"" en el nombre | Validado por PMI: POMATA"
2310861.0,"MEJORAMIENTO Y AMPLIACION DEL SERVICIO DE AGUA POTABLE Y CREACION DEL SERVICIO DE DISPOSICION SANITARIA DE EXCRETAS EN EL SECTOR SISIPA DE LA COMUNIDAD CAMPESINA SISIPA CHALLACOLLO, DISTRITO DE POMATA, PROVINCIA DE CHUCUITO, DEPARTAMENTO PUNO",Cartera_260824-123814.xlsx,210406,,210406,,,EXTRAIDO_DESDE_NOMBRE,ALTA,RESUELTO,210406,Coincidencia exacta y única por nombre
2339595.0,"INSTALACIÓN DEL SERVICIO DE AGUA POTABLE Y SANEAMIENTO EN LA COMUNIDAD NATIVA DE PROGRESO, DISTRITO DE BALSAPUERTO, PROVINCIA DE ALTO AMAZONAS, DEPARTAMENTO DE LORETO",Cartera_260824-123814.xlsx,160202,,160202,,,EXTRAIDO_DESDE_NOMBRE,ALTA,RESUELTO,160202,Coincidencia exacta y única por nombre
2171246.0,"MEJORAMIENTO, AMPLIACION DEL SERVICIO DE AGUA POTABLE Y DISPOSICIÓN SANITARIA DE EXCRETAS EN LA COMUNIDAD CAMPESINA DE LACACHI DEL CENTRO POBLADO DE TOTORANI, DISTRITO DE ACORA - PUNO - PUNO",Cartera_260824-123814.xlsx,210102,,210102,,,EXTRAIDO_DESDE_NOMBRE,ALTA,RESUELTO,210102,Coincidencia exacta y única por nombre
2191606.0,"MEJORAMIENTO Y AMPLIACION DE LOS SERVICIOS DE AGUA POTABLE Y DISPOSICION SANITARIA DE EXCRETAS EN LOS SECTORES CHALLAJAHUIRA, CENTRAL JACHAPAMPA BAJA Y LIQUINA BAJA, DE LA COMUNIDAD CAMPESINA JACHAPAMPA, DISTRITO ZEPITA - CHUCUITO - PUNO",Cartera_260824-123814.xlsx,,210407,210407,SI,SI,VALIDADO_PMI_POR_CUI,ALTA,RESUELTO,,"No se detectó patrón ""DISTRITO DE"" en el nombre | Validado por PMI: ZEPITA"
2168157.0,"AMPLIACION Y MEJORAMIENTO DEL SISTEMA DE AGUA E INSTALACION DE UNIDADES BASICAS DE SANEAMIENTO DE LA LOCALIDAD DE CHALHUAHUACHO , DISTRITO DE CURAHUASI - ABANCAY - APURIMAC",Cartera_260824-123814.xlsx,030104,,030104,,,EXTRAIDO_DESDE_NOMBRE,ALTA,RESUELTO,030104,Coincidencia exacta y única por nombre
2183865.0,"MEJORAMIENTO Y AMPLIACIÓN DE LOS SERVICIOS DE AGUA POTABLE Y DISPOSICIÓN SANITARIA DE EXCRETAS  DE LA COMUNIDAD CAMPESINA DE JACHACACHI, CENTRO  POBLADO TOTORANI, DISTRITO DE ACORA, PUNO - PUNO",Cartera_260824-123814.xlsx,210102,,210102,,,EXTRAIDO_DESDE_NOMBRE,ALTA,RESUELTO,210102,Coincidencia exacta y única por nombre
2191605.0,"MEJORAMIENTO Y AMPLIACION DEL SERVICIO DE AGUA POTABLE Y DISPOSICION SANITARIA DE EXCRETAS EN LOS SECTORES IZCUCHACA Y PAMPA CHUA CHUA DEL CENTRO POBLADO CHUA CHUA, DISTRITO ZEPITA - CHUCUITO - PUNO",Cartera_260824-123814.xlsx,,210407,210407,SI,SI,VALIDADO_PMI_POR_CUI,ALTA,RESUELTO,,"No se detectó patrón ""DISTRITO DE"" en el nombre | Validado por PMI: ZEPITA"
2327885.0,"MEJORAMIENTO Y AMPLIACION DEL SERVICIO DE AGUA POTABLE Y SANEAMIENTO BASICO EN EL CASERIO REDENCION NEVATI , DISTRITO DE PUERTO BERMUDEZ - OXAPAMPA - PASCO",Cartera_260824-123814.xlsx,190306,,190306,,,EXTRAIDO_DESDE_NOMBRE,ALTA,RESUELTO,190306,Coincidencia exacta y única por nombre
2260618.0,"MEJORAMIENTO Y AMPLIACION DEL SERVICIO DE AGUA POTABLE Y SANEAMIENTO BASICO EN EL CASERIO BOCA SAMAYA , DISTRITO DE PUERTO BERMUDEZ - OXAPAMPA - PASCO",Cartera_260824-123814.xlsx,190306,,190306,,,EXTRAIDO_DESDE_NOMBRE,ALTA,RESUELTO,190306,Coincidencia exacta y única por nombre
2282656.0,"INSTALACION DEL SERVICIO DE AGUA POTABLE Y SANEAMIENTO EN EL CENTRO POBLADO RURAL DE PAMPA HERMOSA , DISTRITO DE HUALLAGA - BELLAVISTA - SAN MARTIN",Cartera_260824-123814.xlsx,220204,,220204,,,EXTRAIDO_DESDE_NOMBRE,ALTA,RESUELTO,220204,Coincidencia exacta y única por nombre
2293767.0,"MEJORAMIENTO Y AMPLIACIÓN DEL SERVICIO DE AGUA POTABLE E INSTALACIÓN DE DISPOSICION SANITARIA DE EXCRETAS EN EL CENTRO POBLADO DE LOS OLIVOS, DISTRITO DE PERENE, PROVINCIA CHANCHAMAYO, REGIÓN JUNIN",Cartera_260824-123814.xlsx,120302,,120302,,,EXTRAIDO_DESDE_NOMBRE,ALTA,RESUELTO,120302,Coincidencia exacta y única por nombre
2301614.0,"AMPLIACION Y MEJORAMIENTO DE LOS SERVICIOS DE AGUA POTABLE Y SANEAMIENTO EN LA LOCALIDAD DE ZONA PATRIA , DISTRITO DE PERENE - CHANCHAMAYO - JUNIN",Cartera_260824-123814.xlsx,120302,,120302,,,EXTRAIDO_DESDE_NOMBRE,ALTA,RESUELTO,120302,Coincidencia exacta y única por nombre
2192687.0,"MEJORAMIENTO Y AMPLIACION DEL SERVICIO DE AGUA POTABLE Y ALCANTARILLADO E INSTALACION DE LA PLANTA DE TRATAMIENTO DE AGUAS RESIDUALES DE LA CIUDAD DE LIRCAY - DISTRITO DE LIRCAY, PROVINCIA DE ANGARAES - HUANCAVELICA",Cartera_260824-123814.xlsx,090301,,090301,,,EXTRAIDO_DESDE_NOMBRE,ALTA,RESUELTO,090301,Coincidencia exacta y única por nombre
2168857.0,CONSTRUCCIÓN DEL SISTEMA DE AGUA POTABLE Y LETRINAS EN LA LOCALIDAD DE SANTA ROSA DE CIENEGUILLO SUR - DISTRITO Y PROVINCIA DE SULLANA - DEPARTAMENTO DE PIURA,Cartera_260824-123814.xlsx,,200601,200601,SI,SI,VALIDADO_PMI_POR_CUI,ALTA,RESUELTO,,"No se detectó patrón ""DISTRITO DE"" en el nombre | Validado por PMI: SULLANA"
2328455.0,"MEJORAMIENTO, AMPLIACION DEL SERVICIO DE AGUA POTABLE Y SANEAMIENTO EN LA COMUNIDAD NATIVA BOLOGNESI, DISTRITO DE ANDOAS, PROVINCIA DE DATEM DEL MARAÑON, REGION LORETO",Cartera_260824-123814.xlsx,160706,,160706,,,EXTRAIDO_DESDE_NOMBRE,ALTA,RESUELTO,160706,Coincidencia exacta y única por nombre
2428089.0,"Mejoramiento, AMPLIACIÓN y CREACIÓN del Sistema de Tratamiento de Aguas Residuales en los 7 Y 3 (Respectivamente) Distritos de Tacna y Huanuco",Cartera_260824-123814.xlsx,,,,NO,NO,FALLIDO,BAJA,REVISAR_CONFLICTO,,Múltiples distritos detectados en el nombre | Datos PMI no cruzaron con GPKG (- TODOS - - - TODOS -)
2412107.0,CREACION DEL SERVICIO DE AGUA POTABLE Y DISPOSICIÓN SANITARIA DE EXCRETAS EN LA COMUNIDAD NATIVA DE NUEVO MIRAFLORES I ZONA DEL DISTRITO DE NAUTA - PROVINCIA DE LORETO - DEPARTAMENTO DE LORETO,Cartera_260824-123814.xlsx,160301,,160301,,,EXTRAIDO_DESDE_NOMBRE,ALTA,RESUELTO,160301,Coincidencia exacta y única por nombre
2302373.0,"AMPLIACION Y MEJORAMIENTO DEL SISTEMA DE AGUA POTABLE Y ALCANTARILLADO EN LOS ASENTAMIENTOS HUMANOS DE LOS DISTRITOS DE PIURA Y CASTILLA, PROVINCIA DE PIURA, DEPARTAMENTO DE PIURA",Cartera_260824-123814.xlsx,,200101,200101,SI,SI,VALIDADO_PMI_POR_CUI,ALTA,RESUELTO,,Múltiples distritos detectados en el nombre | Validado por PMI: PIURA
2183860.0,"MEJORAMIENTO Y AMPLIACIÓN DE LOS SERVICIOS DE AGUA POTABLE Y DISPOSICIÓN SANITARIA DE EXCRETAS DEL CENTRO  POBLADO JAYU JAYU, DISTRITO DE ACORA, PUNO - PUNO.",Cartera_260824-123814.xlsx,210102,,210102,,,EXTRAIDO_DESDE_NOMBRE,ALTA,RESUELTO,210102,Coincidencia exacta y única por nombre
2338414.0,"MEJORAMIENTO Y AMPLIACION DE LOS SERVICIOS DE AGUA POTABLE Y SISTEMA DE DISPOSICIÓN DE EXCRETAS EN LAS JUNTAS VECINALES DE: SANTA ROSA, OMO Y LA RINCONADA  DEL VALLE DE MOQUEGUA, PROVINCIA DE MARISCAL NIETO - MOQUEGUA",Cartera_260824-123814.xlsx,,180101,180101,SI,SI,VALIDADO_PMI_POR_CUI,ALTA,RESUELTO,,"No se detectó patrón ""DISTRITO DE"" en el nombre | Validado por PMI: MOQUEGUA"
2395187.0,"MEJORAMIENTO Y AMPLIACION DEL SISTEMA DE AGUA POTABLE  Y ALCANTARILLADO DE LOS SECTORES 359 Y 360 Y NUEVAS HABILITACIONES  ESQUEMA INTEGRAL CARABAYLLO - SECTORES 352, 353, 355, 356, 357, 358. DISTRITO DE SAN ANTONIO (HUAROCHIRI)  DISTRITO DE CARABAYLLO - PROVINCIA DE LIMA - DEPARTAMENTO DE LIMA",Cartera_260824-123814.xlsx,150106,,150106,,,EXTRAIDO_DESDE_NOMBRE,ALTA,RESUELTO,150106,Coincidencia exacta y única por nombre
2339705.0,INSTALACIÓN DE LOS SISTEMAS DE AGUA POTABLE Y ALCANTARILLADO PARA LA ASOCIACIÓN PRO VIVIENDA PROFAM PERÚ DISTRITO SANTA ROSA,Cartera_260824-123814.xlsx,,150139,150139,SI,SI,VALIDADO_PMI_POR_CUI,ALTA,RESUELTO,,"No se detectó patrón ""DISTRITO DE"" en el nombre | Validado por PMI: SANTA ROSA"
2252048.0,"MEJORAMIENTO DE LAS REDES DE AGUA POTABLE Y ALCANTARILLADO CON CONEXIONES DOMICILIARIAS DE LOS PUEBLOS JÓVENES SAN ANTONIO Y AMPLIACIÓN SAN ANTONIO, DISTRITO DE CHICLAYO, PROVINCIA DE CHICLAYO,  DEPARTAMENTO DE LAMBAYEQUE",Cartera_260824-123814.xlsx,140101,,140101,,,EXTRAIDO_DESDE_NOMBRE,ALTA,RESUELTO,140101,Coincidencia exacta y única por nombre
2459317.0,"MEJORAMIENTO, AMPLIACIÓN Y CREACIÓN DEL SERVICIO DE DRENAJE PLUVIAL EN EL ÁMBITO URBANO DE LOS DISTRITOS DE CUSCO, WANCHAQ, SANTIAGO Y SAN SEBASTIAN DE LA PROVINCIA Y DEPARTAMENTO DE CUSCO Y LOS DISTRITOS DE ZARUMILLA Y AGUAS VERDES DE LA PROVINCIA DE ZARUMILLA-DEPARTAMENTO DE TUMBES",Cartera_260824-123814.xlsx,,080101,080101,SI,SI,VALIDADO_PMI_POR_CUI,ALTA,RESUELTO,,Múltiples distritos detectados en el nombre | Validado por PMI: CUSCO
2328824.0,"MEJORAMIENTO DEL SERVICIO DE AGUA POTABLE Y ALCANTARILLADO SANITARIO DE LOS BARRIOS 01, 02, 03, 06, 08, 09 Y 12, DISTRITO DE FLORENCIA DE MORA - TRUJILLO - LA LIBERTAD",Cartera_260824-123814.xlsx,130103,,130103,,,EXTRAIDO_DESDE_NOMBRE,ALTA,RESUELTO,130103,Coincidencia exacta y única por nombre
2067952.0,"MEJORAMIENTO, AMPLIACION SISTEMA DE SANEAMIENTO BASICO DEL CENTRO POBLADO DE TINTA, PROVINCIA DE CANCHIS - CUSCO",Cartera_260824-123814.xlsx,,080608,080608,SI,SI,VALIDADO_PMI_POR_CUI,ALTA,RESUELTO,,"No se detectó patrón ""DISTRITO DE"" en el nombre | Validado por PMI: TINTA"
2449471.0,MEJORAMIENTO Y AMPLIACION DEL SISTEMA DE AGUA Y SANEAMIENTO DEL ANEXO DE PUMAPUJIO DE LA COMUNIDAD DE CANCAHUANI DEL DISTRITO DE CAPACMARCA - PROVINCIA DE CHUMBIVILCAS - DEPARTAMENTO DE CUSCO,Cartera_260824-123814.xlsx,080702,,080702,,,EXTRAIDO_DESDE_NOMBRE,ALTA,RESUELTO,080702,Coincidencia exacta y única por nombre
2251323.0,"AMPLIACION Y MEJORAMIENTO DEL SERVICIO DE AGUA POTABLE E INSTALACION DEL SANEAMIENTO BASICO DE LA LOCALIDAD DE SANTA ANA (ZAPALLOPAMPA) , DISTRITO DE JOSE SABOGAL - SAN MARCOS - CAJAMARCA",Cartera_260824-123814.xlsx,061007,,061007,,,EXTRAIDO_DESDE_NOMBRE,ALTA,RESUELTO,061007,Coincidencia exacta y única por nombre
2281271.0,"INSTALACION DE LOS SERVICIOS DE AGUA POTABLE Y SANEAMIENTO EN EL CENTRO POBLADO DE VAINILLA, DISTRITO DE BELLAVISTA , PROVINCIA DE BELLAVISTA - SAN MARTIN",Cartera_260824-123814.xlsx,220201,,220201,,,EXTRAIDO_DESDE_NOMBRE,ALTA,RESUELTO,220201,Coincidencia resuelta usando provincia BELLAVISTA
2303325.0,"AMPLIACION Y MEJORAMIENTO DEL SERVICIO DE AGUA POTABLE Y SANEAMIENTO EN EL CENTRO POBLADO NUEVA ESPERANZA , DISTRITO DE RIO SANTIAGO - CONDORCANQUI - AMAZONAS",Cartera_260824-123814.xlsx,010403,,010403,,,EXTRAIDO_DESDE_NOMBRE,ALTA,RESUELTO,010403,Coincidencia exacta y única por nombre
2261186.0,"MEJORAMIENTO Y AMPLIACION DEL SERVICIO DE AGUA POTABLE E INSTALACION DEL SERVICIO DE ALCANTARILLADO EN EL CENTRO POBLADO NUEVO CHANCHAMAYO , DISTRITO DE BAJO BIAVO - BELLAVISTA - SAN MARTIN",Cartera_260824-123814.xlsx,220203,,220203,,,EXTRAIDO_DESDE_NOMBRE,ALTA,RESUELTO,220203,Coincidencia exacta y única por nombre
2266243.0,"AMPLIACION Y MEJORAMIENTO DEL SERVICIO DE AGUA POTABLE E INSTALACION DEL SANEAMIENTO BASICO DE LA LOCALIDAD DE HUASANCHE , DISTRITO DE LAGUNAS - AYABACA - PIURA",Cartera_260824-123814.xlsx,,200204,200204,SI,SI,VALIDADO_PMI_POR_CUI,ALTA,RESUELTO,"140107, 160206, 200204",Distrito LAGUNAS es ambiguo y no se extrajo provincia | Validado por PMI: LAGUNAS
2301622.0,"AMPLIACION Y MEJORAMIENTO DEL SERVICIO DE AGUA POTABLE E INSTALACION DEL SANEAMIENTO BASICO DE LA LOCALIDAD DE YERBAS BUENAS , DISTRITO DE LAGUNAS - AYABACA - PIURA",Cartera_260824-123814.xlsx,,200204,200204,SI,SI,VALIDADO_PMI_POR_CUI,ALTA,RESUELTO,"140107, 160206, 200204",Distrito LAGUNAS es ambiguo y no se extrajo provincia | Validado por PMI: LAGUNAS
2257588.0,"MEJORAMIENTO Y AMPLIACION DEL SERVICIO DE AGUA POTABLE E INSTALACION DEL SANEAMIENTO EN LA LOCALIDAD DE PALO SOLO , DISTRITO DE COCHABAMBA - CHOTA - CAJAMARCA",Cartera_260824-123814.xlsx,,060407,060407,SI,SI,VALIDADO_PMI_POR_CUI,ALTA,RESUELTO,"060407, 100403, 020102, 090725",Distrito COCHABAMBA es ambiguo y no se extrajo provincia | Validado por PMI: COCHABAMBA
2278286.0,"MEJORAMIENTO Y AMPLIACION DEL SERVICIO DE AGUA POTABLE Y SANEAMIENTO BASICO DEL CENTRO POBLADO DE SAN MARCOS DE ROCCHAC , DISTRITO DE SAN MARCOS DE ROCCHAC - TAYACAJA - HUANCAVELICA",Cartera_260824-123814.xlsx,090716,,090716,,,EXTRAIDO_DESDE_NOMBRE,ALTA,RESUELTO,090716,Coincidencia exacta y única por nombre
2235260.0,MEJORAMIENTO Y AMPLIACIÓN DEL SERVICIO DE AGUA POTABLE E INSTALACIÓN DE DISPOSICION SANITARIA DE EXCRETAS EN EL CENTRO POBLADO DE CENTRO KUVIRIANI DISTRITO DE PICHANAQUI- CHANCHAMAYO - JUNIN,Cartera_260824-123814.xlsx,,120303,120303,SI,SI,VALIDADO_PMI_POR_CUI,ALTA,RESUELTO,,Distrito PICHANAQUI- CHANCHAMAYO no encontrado en GPKG | Validado por PMI: PICHANAQUI
2307929.0,"MEJORAMIENTO Y AMPLIACION DE LOS SERVICIOS DE AGUA POTABLE Y DISPOSICION SANITARIA DE EXCRETAS DE LA LOCALIDAD DE CHOQUECANCHA , DISTRITO DE LARES - CALCA - CUSCO",Cartera_260824-123814.xlsx,080404,,080404,,,EXTRAIDO_DESDE_NOMBRE,ALTA,RESUELTO,080404,Coincidencia exacta y única por nombre
2503616.0,"AMPLIACION DE LOS SERVICIOS DE AGUA POTABLE Y ALCANTARILLADO EN LOS SECTORES 308, 309 Y 310 VILLA MARIA DEL TRIUNFO DEL DISTRITO DE VILLA MARIA DEL TRIUNFO - PROVINCIA DE LIMA - DEPARTAMENTO DE LIMA",Cartera_260824-123814.xlsx,150143,,150143,,,EXTRAIDO_DESDE_NOMBRE,ALTA,RESUELTO,150143,Coincidencia exacta y única por nombre
2532566.0,MEJORAMIENTO Y AMPLIACION DEL SERVICIO DE ALCANTARILLADO Y TRATAMIENTO DE AGUAS RESIDUALES EN LOS DISTRITOS DE NUEVO CHIMBOTE Y CHIMBOTE DE LA  PROVINCIA DE SANTA - DEPARTAMENTO DE ANCASH,Cartera_260824-123814.xlsx,,,,NO,NO,FALLIDO,BAJA,REVISAR_CONFLICTO,,Múltiples distritos detectados en el nombre | Datos PMI no cruzaron con GPKG (- TODOS - - SANTA)
2567526.0,MEJORAMIENTO Y AMPLIACION DEL SERVICIO DE DRENAJE PLUVIAL EN LOS DISTRITOS DE ZARUMILLA Y AGUAS VERDES DE LA  PROVINCIA DE ZARUMILLA - DEPARTAMENTO DE TUMBES,Cartera_260824-123814.xlsx,,,,NO,NO,FALLIDO,BAJA,REVISAR_CONFLICTO,,Múltiples distritos detectados en el nombre | Datos PMI no cruzaron con GPKG (- TODOS - - - TODOS -)
2316034.0,"AMPLIACION Y MEJORAMIENTO DEL SISTEMA DE AGUA POTABLE Y SANEAMIENTO EN LOS CENTROS POBLADOS LA FLORIDA Y PASAMAYO E INSTALACION DEL SERVICIO DE AGUA POTABLE Y SANEAMIENTO EN EL CENTRO POBLADO EL EDEN, DISTRITO DE YANTALO - MOYOBAMBA - SAN MARTIN",Cartera_260824-123814.xlsx,220106,,220106,,,EXTRAIDO_DESDE_NOMBRE,ALTA,RESUELTO,220106,Coincidencia exacta y única por nombre
2469971.0,"MEJORAMIENTO Y AMPLIACION DEL SERVICIO DE TRATAMIENTO DE AGUAS RESIDUALES PARA DISPOSICIÓN FINAL Y/O REÚSO, Y DE LA INFRAESTRUCTURA DE RECOLECCIÓN EN LA LOCALIDAD DE CHEPÉN Y 8 DISTRITOS DE LA PROVINCIA DE TRUJILLO - DEPARTAMENTO DE LA LIBERTAD",Cartera_260824-123814.xlsx,,,,NO,NO,FALLIDO,BAJA,REVISAR_CONFLICTO,,Múltiples distritos detectados en el nombre | Datos PMI no cruzaron con GPKG (- TODOS - - - TODOS -)
2470012.0,"CREACION DE LOS SERVICIOS DE TRATAMIENTO DE AGUAS RESIDUALES PARA DISPOSICIÓN FINAL EN EL DISTRITO DE SAN JOSÉ DE SISA DE LA PROVINCIA DE EL DORADO Y EN LOS DISTRITOS DE TARAPOTO, LA BANDA DE SHILCAYO Y MORALES DE LA  PROVINCIA DE SAN MARTIN - DEPARTAMENTO DE SAN MARTIN",Cartera_260824-123814.xlsx,,,,NO,NO,FALLIDO,BAJA,REVISAR_CONFLICTO,,Múltiples distritos detectados en el nombre | Datos PMI no cruzaron con GPKG (- TODOS - - - TODOS -)
2568567.0,MEJORAMIENTO Y AMPLIACION DE LOS SERVICIOS DE AGUA POTABLE Y SANEAMIENTO DE LA LOCALIDAD DE HUARAL DEL  DISTRITO DE HUARAL - PROVINCIA DE HUARAL - DEPARTAMENTO DE LIMA,Cartera_260824-123814.xlsx,150601,,150601,,,EXTRAIDO_DESDE_NOMBRE,ALTA,RESUELTO,150601,Coincidencia exacta y única por nombre
2501633.0,AMPLIACION DE LOS SERVICIOS DE AGUA POTABLE Y ALCANTARILLADO PARA LAS NUEVAS HABILITACIONES DEL ESQUEMA SANTA ROSA Y ANCÓN EN LOS DISTRITOS DE SANTA ROSA Y ANCON DE LA  PROVINCIA DE LIMA - DEPARTAMENTO DE LIMA,Cartera_260824-123814.xlsx,,,,NO,NO,FALLIDO,BAJA,REVISAR_CONFLICTO,,Múltiples distritos detectados en el nombre | Datos PMI no cruzaron con GPKG (- TODOS - - LIMA)
2469999.0,"CREACION DEL SERVICIO DE TRATAMIENTO DE AGUAS RESIDUALES PARA DISPOSICIÓN FINAL Y/O REÚSO, MEJORAMIENTO Y AMPLIACIÓN DE LA INFRAESTRUCTURA DE LA RED DE RECOLECCIÓN EN LOS DISTRITOS DE CAJAMARCA Y LOS BAÑOS DEL INCA DE LA  PROVINCIA DE CAJAMARCA - DEPARTAMENTO DE CAJAMARCA",Cartera_260824-123814.xlsx,,,,NO,NO,FALLIDO,BAJA,REVISAR_CONFLICTO,,Múltiples distritos detectados en el nombre | Datos PMI no cruzaron con GPKG (- TODOS - - - TODOS -)
2428087.0,MEJORAMIENTO Y AMPLIACION DEL SISTEMA DE ALCANTARILLADO Y TRATAMIENTO DE AGUAS RESIDUALES EN 7 DISTRITOS DE LA PROVINCIA DE TACNA - DEPARTAMENTO DE TACNA,Cartera_260824-123814.xlsx,,,,NO,NO,FALLIDO,BAJA,REVISAR_CONFLICTO,,Múltiples distritos detectados en el nombre | Datos PMI no cruzaron con GPKG (- TODOS - - - TODOS -)
2469992.0,MEJORAMIENTO Y AMPLIACION DEL SERVICIO DE TRATAMIENTO DE AGUAS RESIDUALES PARA DISPOSICIÓN FINAL Y/O REÚSO E INFRAESTRUCTURA DE LA RED DE RECOLECCIÓN EN 7 DISTRITOS DE LA PROVINCIA DE CHINCHA - DEPARTAMENTO DE ICA,Cartera_260824-123814.xlsx,,,,NO,NO,FALLIDO,BAJA,REVISAR_CONFLICTO,,Múltiples distritos detectados en el nombre | Datos PMI no cruzaron con GPKG (- TODOS - - - TODOS -)
2428088.0,"MEJORAMIENTO DEL SERVICIO DE ALCANTARILLADO SANITARIO Y CREACIÓN DEL SERVICIO DE TRATAMIENTO DE AGUAS RESIDUALES EN LOS DISTRITOS DE AMARILIS, PILLCO MARCA Y HUANUCO DE LA  PROVINCIA DE HUANUCO - DEPARTAMENTO DE HUANUCO",Cartera_260824-123814.xlsx,,,,NO,NO,FALLIDO,BAJA,REVISAR_CONFLICTO,,Múltiples distritos detectados en el nombre | Datos PMI no cruzaron con GPKG (- TODOS - - HUANUCO)
2569318.0,"MEJORAMIENTO Y AMPLIACION DE LOS SERVICIOS DE AGUA POTABLE Y ALCANTARILLADO SANITARIO DE LA CIUDAD DE PUERTO MALDONADO Y C.P. MAYOR EL TRIUNFO Y CREACIÓN DEL SERVICIO DE TRATAMIENTO DE AGUAS RESIDUALES EN EL SECTOR LA PASTORA DE LA CIUDAD DE PUERTO MALDONADO, EN LOS DISTRITOS DE TAMBOPATA Y LAS PIEDRAS DE LA  PROVINCIA DE TAMBOPATA - DEPARTAMENTO DE MADRE DE DIOS",Cartera_260824-123814.xlsx,,,,NO,NO,FALLIDO,BAJA,REVISAR_CONFLICTO,,Múltiples distritos detectados en el nombre | Datos PMI no cruzaron con GPKG (- TODOS - - TAMBOPATA)
2194055.0,"AMPLIACION Y MEJORAMIENTO DEL SERVICIO DE AGUA POTABLE Y DESAGUE  EN LA CIUDAD DE URUBAMBA DEL DISTRITO DE URUBAMBA, PROVINCIA DE URUBAMBA - CUSCO",Cartera_260824-123814.xlsx,081301,,081301,,,EXTRAIDO_DESDE_NOMBRE,ALTA,RESUELTO,081301,Coincidencia exacta y única por nombre
2161852.0,"AMPLIACION, RENOVACION Y MEJORAMIENTO DEL SISTEMA DE AGUA POTABLE Y ALCANTARILLADO DE COCACHACRA",Cartera_260824-123814.xlsx,,040702,040702,SI,SI,VALIDADO_PMI_POR_CUI,ALTA,RESUELTO,,"No se detectó patrón ""DISTRITO DE"" en el nombre | Validado por PMI: COCACHACRA"
2595846.0,MEJORAMIENTO Y AMPLIACION DEL SERVICIO DE AGUA POTABLE URBANO Y MEJORAMIENTO Y AMPLIACION DEL SERVICIO DE ALCANTARILLADO Y MEJORAMIENTO Y AMPLIACION DEL SERVICIO DE TRATAMIENTO DE AGUAS RESIDUALES PARA DISPOSICIÓN FINAL EN LA LOCALIDAD DE BARRANCA   DISTRITO DE BARRANCA DE LA PROVINCIA DE BARRANCA DEL DEPARTAMENTO DE LIMA,Cartera_260824-123814.xlsx,,150201,150201,SI,SI,VALIDADO_PMI_POR_CUI,ALTA,RESUELTO,,Distrito BARRANCA DE no encontrado en GPKG | Validado por PMI: BARRANCA
2333133.0,"MEJORAMIENTO , AMPLIACIÓN DEL SISTEMA DE AGUA POTABLE Y ALCANTARILLADO SANITARIO DE LA ZONA URBANA DE HUALLANCA, DISTRITO DE HUALLANCA - BOLOGNESI - ANCASH",Cartera_260824-123814.xlsx,,020508,020508,SI,SI,VALIDADO_PMI_POR_CUI,ALTA,RESUELTO,"020508, 021202",Distrito HUALLANCA es ambiguo y no se extrajo provincia | Validado por PMI: HUALLANCA
2327619.0,"MEJORAMIENTO Y AMPLIACION DE LOS SERVICIOS DE AGUA POTABLE, ALCANTARILLADO Y TRATAMIENTO DE AGUAS RESIDUALES , PROVINCIA DE CORONEL PORTILLO - UCAYALI",Cartera_260824-123814.xlsx,,,,NO,NO,FALLIDO,BAJA,REVISAR_CONFLICTO,,"No se detectó patrón ""DISTRITO DE"" en el nombre | Datos PMI no cruzaron con GPKG (- TODOS - - CORONEL PORTILLO)"
2594508.0,MEJORAMIENTO Y AMPLIACION DEL SERVICIO DE AGUA POTABLE URBANO Y MEJORAMIENTO Y AMPLIACION DEL SERVICIO DE ALCANTARILLADO Y MEJORAMIENTO Y AMPLIACION DEL SERVICIO DE TRATAMIENTO DE AGUAS RESIDUALES PARA DISPOSICIÓN FINAL EN LAS CALLES PRINCIPALES DE HUACHO (DEL SECTOR 1 AL 13) Y ASOCIACIONES DE CIUDAD SATÉLITE (SECTOR 14)   DISTRITO DE HUACHO DE LA PROVINCIA DE HUAURA DEL DEPARTAMENTO DE LIMA,Cartera_260824-123814.xlsx,,150801,150801,SI,SI,VALIDADO_PMI_POR_CUI,ALTA,RESUELTO,,Distrito HUACHO DE no encontrado en GPKG | Validado por PMI: HUACHO
2387743.0,MEJORAMIENTO Y AMPLIACION DE LOS SERVICIOS DE AGUA POTABLE Y ALCANTARILLADO SANITARIO EN EL AMBITO URBANO  DISTRITO DE MOHO - PROVINCIA DE MOHO - DEPARTAMENTO DE PUNO,Cartera_260824-123814.xlsx,210901,,210901,,,EXTRAIDO_DESDE_NOMBRE,ALTA,RESUELTO,210901,Coincidencia exacta y única por nombre
2519940.0,MEJORAMIENTO Y AMPLIACION DEL SERVICIO DE DRENAJE PLUVIAL DE LA CIUDAD DE PUERTO MALDONADO Y C.P. MAYOR EL TRIUNFO EN LOS DISTRITOS DE TAMBOPATA Y LAS PIEDRAS DE LA  PROVINCIA DE TAMBOPATA - DEPARTAMENTO DE MADRE DE DIOS,Cartera_260824-123814.xlsx,,,,NO,NO,FALLIDO,BAJA,REVISAR_CONFLICTO,,Múltiples distritos detectados en el nombre | Datos PMI no cruzaron con GPKG (- TODOS - - TAMBOPATA)
2319483.0,"AMPLIACION Y MEJORAMIENTO DEL SISTEMA DE PRODUCCION, ALMACENAMIENTO Y DISTRIBUCION PRIMARIA DE AGUA POTABLE DE LOS DISTRITOS DE PIURA Y CASTILLA, PROVINCIA Y DEPARTAMENTO DE PIURA",Cartera_260824-123814.xlsx,,200101,200101,SI,SI,VALIDADO_PMI_POR_CUI,ALTA,RESUELTO,,Múltiples distritos detectados en el nombre | Validado por PMI: PIURA
2597789.0,"MEJORAMIENTO Y AMPLIACION DEL SERVICIO DE AGUA POTABLE URBANO Y MEJORAMIENTO Y AMPLIACION DEL SERVICIO DE ALCANTARILLADO Y CREACION DEL SERVICIO DE TRATAMIENTO DE AGUAS RESIDUALES PARA DISPOSICIÓN FINAL EN LOS SECTORES DE VEGUETA, SAN ISIDRO Y PRIMAVERA   DISTRITO DE VEGUETA DE LA PROVINCIA DE HUAURA DEL DEPARTAMENTO DE LIMA",Cartera_260824-123814.xlsx,,150812,150812,SI,SI,VALIDADO_PMI_POR_CUI,ALTA,RESUELTO,,Distrito VEGUETA DE no encontrado en GPKG | Validado por PMI: VEGUETA
2241642.0,"MEJORAMIENTO, AMPLIACION DEL SISTEMA DE AGUA POTABLE Y ALCANTARILLADO EN EL CENTRO URBANO DEL CPM DE SAN SEBASTIAN DE CHOROPAMPA, DISTRITO DE MAGDALENA - CAJAMARCA - CAJAMARCA",Cartera_260824-123814.xlsx,,060109,060109,SI,SI,VALIDADO_PMI_POR_CUI,ALTA,RESUELTO,"010112, 060109",Distrito MAGDALENA es ambiguo y no se extrajo provincia | Validado por PMI: MAGDALENA
2387679.0,"MEJORAMIENTO Y AMPLIACION DE LOS SERVICIOS DE AGUA POTABLE Y RECOLECCIÓN DE AGUAS RESIDUALES DE LA CIUDAD DE PUNO,  DISTRITO DE PUNO - PROVINCIA DE PUNO - DEPARTAMENTO DE PUNO",Cartera_260824-123814.xlsx,210101,,210101,,,EXTRAIDO_DESDE_NOMBRE,ALTA,RESUELTO,210101,Coincidencia exacta y única por nombre
2515057.0,"MEJORAMIENTO Y AMPLIACION DEL SISTEMA DE AGUA POTABLE Y SANEAMIENTO BÁSICO DE LAS LOCALIDADES DE LUCMILLO, EL LIRIO Y EL CASTILLO DEL DISTRITO DE SAN SILVESTRE DE COCHAN - PROVINCIA DE SAN MIGUEL - DEPARTAMENTO DE CAJAMARCA",Cartera_260824-123814.xlsx,061111,,061111,,,EXTRAIDO_DESDE_NOMBRE,ALTA,RESUELTO,061111,Coincidencia exacta y única por nombre
2600082.0,MEJORAMIENTO Y AMPLIACION DEL SERVICIO DE AGUA POTABLE RURAL Y CREACION DEL SERVICIO DE ALCANTARILLADO U OTRAS FORMAS DE DISPOSICIÓN SANITARIA DE EXCRETAS EN LA LOCALIDAD DE BARRIOS ALTOS   DISTRITO DE TABACONAS DE LA PROVINCIA DE SAN IGNACIO DEL DEPARTAMENTO DE CAJAMARCA,Cartera_260824-123814.xlsx,,060907,060907,SI,SI,VALIDADO_PMI_POR_CUI,ALTA,RESUELTO,,Distrito TABACONAS DE no encontrado en GPKG | Validado por PMI: TABACONAS
2484744.0,"MEJORAMIENTO Y AMPLIACION DEL SISTEMA DE AGUA POTABLE Y SANEAMIENTO EN LOS
SECTORES DE TANDARCOCHA, MOLLEBAMBA, AYLLUPACHICTE, CARHUACALLA, PUMATAMBO,
CCOYPA, AYUSBAMBA, HUILLKAQUI, CCOLQUEUCRO, MISKABAMBA, HUAROBAMBA, PIRCCA,
NAYHUA, URBIS Y KARUSPAMPA DEL  DISTRITO DE PACCARITAMBO - PROVINCIA DE PARURO - DEPARTAMENTO DE CUSCO",Cartera_260824-123814.xlsx,081007,,081007,,,EXTRAIDO_DESDE_NOMBRE,ALTA,RESUELTO,081007,Coincidencia exacta y única por nombre
2259084.0,"MEJORAMIENTO Y AMPLIACION DE LOS SERVICIOS DE AGUA POTABLE Y DISPOSICION SANITARIA DE EXCRETAS EN EL CENTRO POBLADO COPA GRANDE , DISTRITO DE MARCARA - CARHUAZ - ANCASH",Cartera_260824-123814.xlsx,020606,,020606,,,EXTRAIDO_DESDE_NOMBRE,ALTA,RESUELTO,020606,Coincidencia exacta y única por nombre
2485581.0,MEJORAMIENTO Y AMPLIACION DEL SERVICIO DE AGUA POTABLE Y SANEAMIENTO EN EL CENTRO POBLADO DE MOCAPE DEL DISTRITO DE OLMOS - PROVINCIA DE LAMBAYEQUE - DEPARTAMENTO DE LAMBAYEQUE,Cartera_260824-123814.xlsx,140308,,140308,,,EXTRAIDO_DESDE_NOMBRE,ALTA,RESUELTO,140308,Coincidencia exacta y única por nombre
2538775.0,CREACION DEL SERVICIO DE AGUA POTABLE Y DISPOSICIÓN SANITARIA DE EXCRETAS EN LA COMUNIDAD NATIVA DE SIWIN DEL DISTRITO DE ANDOAS - PROVINCIA DE DATEM DEL MARAÑON - DEPARTAMENTO DE LORETO,Cartera_260824-123814.xlsx,160706,,160706,,,EXTRAIDO_DESDE_NOMBRE,ALTA,RESUELTO,160706,Coincidencia exacta y única por nombre
2282514.0,"AMPLIACION Y MEJORAMIENTO DEL SERVICIO DE AGUA POTABLE E INSTALACION DEL SANEAMIENTO BASICO DE LA LOCALIDAD DE SAN ISIDRO, DISTRITO DE JOSE SABOGAL - SAN MARCOS - CAJAMARCA",Cartera_260824-123814.xlsx,061007,,061007,,,EXTRAIDO_DESDE_NOMBRE,ALTA,RESUELTO,061007,Coincidencia exacta y única por nombre
2487140.0,MEJORAMIENTO Y AMPLIACION DEL SERVICIO DE AGUA POTABLE Y DISPOSICIÓN SANITARIA DE EXCRETAS EN EL CASERÍO PASAJE NORTE Y PIEDRA MORA DEL DISTRITO DE OLMOS - PROVINCIA DE LAMBAYEQUE - DEPARTAMENTO DE LAMBAYEQUE,Cartera_260824-123814.xlsx,140308,,140308,,,EXTRAIDO_DESDE_NOMBRE,ALTA,RESUELTO,140308,Coincidencia exacta y única por nombre
2489984.0,MEJORAMIENTO Y AMPLIACION DEL SERVICIO DE AGUA POTABLE Y DISPOSICIÓN SANITARIA DE EXCRETAS EN EL CASERÍO FICUAR DEL DISTRITO DE OLMOS - PROVINCIA DE LAMBAYEQUE - DEPARTAMENTO DE LAMBAYEQUE,Cartera_260824-123814.xlsx,140308,,140308,,,EXTRAIDO_DESDE_NOMBRE,ALTA,RESUELTO,140308,Coincidencia exacta y única por nombre
2472143.0,MEJORAMIENTO Y AMPLIACION DEL SERVICIO DE AGUA POTABLE Y DISPOSICIÓN SANITARIA DE EXCRETAS EN EL CASERÍO CALERA SANTA ISABEL DEL DISTRITO DE OLMOS - PROVINCIA DE LAMBAYEQUE - DEPARTAMENTO DE LAMBAYEQUE,Cartera_260824-123814.xlsx,140308,,140308,,,EXTRAIDO_DESDE_NOMBRE,ALTA,RESUELTO,140308,Coincidencia exacta y única por nombre
2484063.0,MEJORAMIENTO Y AMPLIACION DEL SERVICIO DE AGUA POTABLE Y DISPOSICIÓN SANITARIA DE EXCRETAS EN EL CASERÍO PASABAR ASERRADERO DEL DISTRITO DE OLMOS - PROVINCIA DE LAMBAYEQUE - DEPARTAMENTO DE LAMBAYEQUE,Cartera_260824-123814.xlsx,140308,,140308,,,EXTRAIDO_DESDE_NOMBRE,ALTA,RESUELTO,140308,Coincidencia exacta y única por nombre
2472182.0,MEJORAMIENTO Y AMPLIACION DEL SERVICIO DE AGUA POTABLE Y DISPOSICIÓN SANITARIA DE EXCRETAS EN EL CASERÍO HUALTACAL CORAZON DE JESUS DEL DISTRITO DE OLMOS - PROVINCIA DE LAMBAYEQUE - DEPARTAMENTO DE LAMBAYEQUE,Cartera_260824-123814.xlsx,140308,,140308,,,EXTRAIDO_DESDE_NOMBRE,ALTA,RESUELTO,140308,Coincidencia exacta y única por nombre
2487034.0,MEJORAMIENTO Y AMPLIACION DEL SERVICIO DE AGUA POTABLE Y DISPOSICIÓN SANITARIA DE EXCRETAS EN EL CASERÍO OBERASAL DEL DISTRITO DE OLMOS - PROVINCIA DE LAMBAYEQUE - DEPARTAMENTO DE LAMBAYEQUE,Cartera_260824-123814.xlsx,140308,,140308,,,EXTRAIDO_DESDE_NOMBRE,ALTA,RESUELTO,140308,Coincidencia exacta y única por nombre
2662599.0,MEJORAMIENTO Y AMPLIACION DEL SERVICIO DE AGUA POTABLE RURAL Y DEL SERVICIO DE ALCANTARILLADO U OTRAS FORMAS DE DISPOSICIÓN SANITARIA DE EXCRETAS EN EL CENTRO POBLADO DE ESCCANA  DISTRITO DE CHILCAS - PROVINCIA DE LA MAR - DEPARTAMENTO DE AYACUCHO,Cartera_260824-123814.xlsx,050504,,050504,,,EXTRAIDO_DESDE_NOMBRE,ALTA,RESUELTO,050504,Coincidencia exacta y única por nombre
2412676.0,AMPLIACION DE LOS SERVICIOS DE AGUA POTABLE Y ALCANTARILLADO PARA LAS NUEVAS HABILITACIONES DEL ESQUEMA PACHACUTEC DEL DISTRITO DE VENTANILLA - PROVINCIA CONSTITUCIONAL DEL CALLAO - DEPARTAMENTO DE CALLAO,Cartera_260824-123814.xlsx,070106,,070106,,,EXTRAIDO_DESDE_NOMBRE,ALTA,RESUELTO,070106,Coincidencia exacta y única por nombre
2284052.0,"AMPLIACION Y MEJORAMIENTO DEL SERVICIO DE AGUA POTABLE E INSTALACION DEL SERVICIO DE SANEAMIENTO DEL CENTRO POBLADO RURAL YACUSISA , DISTRITO DE ALTO SAPOSOA - HUALLAGA - SAN MARTIN",Cartera_260824-123814.xlsx,220402,,220402,,,EXTRAIDO_DESDE_NOMBRE,ALTA,RESUELTO,220402,Coincidencia exacta y única por nombre
2330178.0,"INSTALACION DEL SISTEMA DE AGUA POTABLE Y SANEAMIENTO EN EL CENTRO POBLADO FRONTERA LOS PALOS, DISTRITO DE LA YARADA LOS PALOS, PROVINCIA DE TACNA - TACNA",Cartera_260824-123814.xlsx,230111,,230111,,,EXTRAIDO_DESDE_NOMBRE,ALTA,RESUELTO,230111,Coincidencia exacta y única por nombre
2525415.0,AMPLIACION DE LOS SERVICIOS DE AGUA POTABLE Y ALCANTARILLADO PARA LAS NUEVAS HABILITACIONES DEL ESQUEMA ÑAÑA DEL DISTRITO DE LURIGANCHO - PROVINCIA DE LIMA - DEPARTAMENTO DE LIMA,Cartera_260824-123814.xlsx,150118,,150118,,,EXTRAIDO_DESDE_NOMBRE,ALTA,RESUELTO,150118,Coincidencia exacta y única por nombre
2507567.0,MEJORAMIENTO Y AMPLIACION DEL SERVICIO DE SANEAMIENTO BASICO   Y ALCANTARILLADO DEL CENTRO POBLADO DE VILLA SALVACION DEL DISTRITO DE MANU - PROVINCIA DE MANU - DEPARTAMENTO DE MADRE DE DIOS,Cartera_260824-123814.xlsx,170201,,170201,,,EXTRAIDO_DESDE_NOMBRE,ALTA,RESUELTO,170201,Coincidencia exacta y única por nombre
2517538.0,AMPLIACION DE LOS SERVICIOS DE AGUA POTABLE Y ALCANTARILLADO DEL ESQUEMA VÍCTOR RAÚL HAYA DE LA TORRE DEL DISTRITO DE SAN MARTIN DE PORRES - PROVINCIA DE LIMA - DEPARTAMENTO DE LIMA,Cartera_260824-123814.xlsx,150135,,150135,,,EXTRAIDO_DESDE_NOMBRE,ALTA,RESUELTO,150135,Coincidencia exacta y única por nombre
2504554.0,"AMPLIACION DE LOS SERVICIOS DE AGUA POTABLE Y ALCANTARILLADO PARA LOS SECTORES 176,177 Y 178 DEL  DISTRITO DE ATE - PROVINCIA DE LIMA - DEPARTAMENTO DE LIMA",Cartera_260824-123814.xlsx,150103,,150103,,,EXTRAIDO_DESDE_NOMBRE,ALTA,RESUELTO,150103,Coincidencia exacta y única por nombre
2281282.0,"INSTALACION DEL SERVICIO DE AGUA POTABLE Y SANEAMIENTO DEL CENTRO POBLADO RURAL DE CAYENA, DISTRITO DE JUANJUI , PROVINCIA DE MARISCAL CACERES - SAN MARTIN",Cartera_260824-123814.xlsx,220601,,220601,,,EXTRAIDO_DESDE_NOMBRE,ALTA,RESUELTO,220601,Coincidencia exacta y única por nombre
2389079.0,MEJORAMIENTO Y AMPLIACION DE LOS SISTEMAS DE AGUA POTABLE Y ALCANTARILLADO EN LOS DISTRITOS DE ATE Y SANTA ANITA DE LA  PROVINCIA DE LIMA - DEPARTAMENTO DE LIMA,Cartera_260824-123814.xlsx,,,,NO,NO,FALLIDO,BAJA,REVISAR_CONFLICTO,,Múltiples distritos detectados en el nombre | Datos PMI no cruzaron con GPKG (- TODOS - - LIMA)
2301617.0,"AMPLIACION Y MEJORAMIENTO DEL SERVICIO DE AGUA POTABLE E INSTALACION DEL SERVICIO DE SANEAMIENTO DEL CENTRO POBLADO RURAL EL DORADO, DISTRITO SAPOSOA , PROVINCIA DE HUALLAGA - SAN MARTIN",Cartera_260824-123814.xlsx,,220401,220401,SI,SI,VALIDADO_PMI_POR_CUI,ALTA,RESUELTO,,"No se detectó patrón ""DISTRITO DE"" en el nombre | Validado por PMI: SAPOSOA"
2337555.0,"INSTALACION DEL SISTEMA DE AGUA POTABLE Y SANEAMIENTO EN EL CENTRO POBLADO NUEVO COPARE, DISTRITO DE LA YARADA LOS PALOS, PROVINCIA DE TACNA - TACNA",Cartera_260824-123814.xlsx,230111,,230111,,,EXTRAIDO_DESDE_NOMBRE,ALTA,RESUELTO,230111,Coincidencia exacta y única por nombre
2235518.0,"AMPLIACIÓN Y MEJORAMIENTO DEL SERVICIO DE AGUA POTABLE E INSTALACIÓN DEL SERVICIO DE SANEAMIENTO EN LA LOCALIDAD DE CASARANA, DISTRITO DE LA ARENA - PIURA - PIURA",Cartera_260824-123814.xlsx,200109,,200109,,,EXTRAIDO_DESDE_NOMBRE,ALTA,RESUELTO,200109,Coincidencia exacta y única por nombre
2269613.0,"MEJORAMIENTO Y AMPLIACION DEL SERVICIO DE AGUA POTABLE Y SANEAMIENTO BASICO DEL CENTRO POBLADO DE HUALCHANCCA , DISTRITO DE LOS MOROCHUCOS - CANGALLO - AYACUCHO",Cartera_260824-123814.xlsx,050203,,050203,,,EXTRAIDO_DESDE_NOMBRE,ALTA,RESUELTO,050203,Coincidencia exacta y única por nombre
2202169.0,"INSTALACION DEL SERVICIO DE AGUA POTABLE Y DISPOSICION DE EXCRETAS DE LA LOCALIDAD PROGRESO , DISTRITO DE LA BANDA DE SHILCAYO - SAN MARTIN - SAN MARTIN",Cartera_260824-123814.xlsx,220909,,220909,,,EXTRAIDO_DESDE_NOMBRE,ALTA,RESUELTO,220909,Coincidencia exacta y única por nombre
2305053.0,"AMPLIACIÓN Y MEJORAMIENTO DEL SERVICIO DE AGUA POTABLE Y SANEAMIENTO DEL CENTRO POBLADO SAN MATEO DE MOLLEPATA, DISTRITO DE BAMBAMARCA- BOLÍVAR - LA LIBERTAD",Cartera_260824-123814.xlsx,,130302,130302,SI,SI,VALIDADO_PMI_POR_CUI,ALTA,RESUELTO,,Distrito BAMBAMARCA- BOLIVAR no encontrado en GPKG | Validado por PMI: BAMBAMARCA
2264617.0,"MEJORAMIENTO Y AMPLIACIÓN DEL SERVICIO DE AGUA POTABLE Y SANEAMIENTO BÁSICO DE LA COMUNIDAD NATIVA DE DULCE GLORIA- DISTRITO DE YURUA, PROVINCIA DE ATALAYA, DEPARTAMENTO DE UCAYALI",Cartera_260824-123814.xlsx,250204,,250204,,,EXTRAIDO_DESDE_NOMBRE,ALTA,RESUELTO,250204,Coincidencia exacta y única por nombre
2252833.0,"INSTALACION DE LOS SISTEMAS DE AGUA POTABLE Y SANEAMIENTO PARA EL CENTRO POBLADO DE NUEVA UNION , DISTRITO DE LAGUNAS - ALTO AMAZONAS - LORETO",Cartera_260824-123814.xlsx,,160206,160206,SI,SI,VALIDADO_PMI_POR_CUI,ALTA,RESUELTO,"140107, 160206, 200204",Distrito LAGUNAS es ambiguo y no se extrajo provincia | Validado por PMI: LAGUNAS
2262010.0,"AMPLIACION Y MEJORAMIENTO DEL SERVICIO DE AGUA POTABLE E INSTALACION DEL SANEAMIENTO DE LA LOCALIDAD DE PABUR VIEJO , DISTRITO DE LA MATANZA - MORROPON - PIURA",Cartera_260824-123814.xlsx,200404,,200404,,,EXTRAIDO_DESDE_NOMBRE,ALTA,RESUELTO,200404,Coincidencia exacta y única por nombre
2301618.0,"AMPLIACION Y MEJORAMIENTO DEL SERVICIO DE AGUA POTABLE E INSTALACION DEL SERVICIO DE SANEAMIENTO DEL CENTRO POBLADO RURAL SARGENTO LORES DE BALSAYACU , DISTRITO DE POLVORA - TOCACHE - SAN MARTIN",Cartera_260824-123814.xlsx,221003,,221003,,,EXTRAIDO_DESDE_NOMBRE,ALTA,RESUELTO,221003,Coincidencia exacta y única por nombre
2257235.0,"AMPLIACION Y MEJORAMIENTO DEL SERVICIO DE AGUA POTABLE Y SANEAMIENTO DEL CENTRO POBLADO DE CUNGUSH , DISTRITO DE CURGOS - SANCHEZ CARRION - LA LIBERTAD",Cartera_260824-123814.xlsx,130904,,130904,,,EXTRAIDO_DESDE_NOMBRE,ALTA,RESUELTO,130904,Coincidencia exacta y única por nombre
2201832.0,"INSTALACION DEL SERVICIO DE AGUA POTABLE Y DEL SISTEMA DE SANEAMIENTO BASICO DE LA LOCALIDAD DE CARAMPAYOG , DISTRITO DE SAN RAFAEL - AMBO - HUANUCO",Cartera_260824-123814.xlsx,,100207,100207,SI,SI,VALIDADO_PMI_POR_CUI,ALTA,RESUELTO,"220206, 100207",Distrito SAN RAFAEL es ambiguo y no se extrajo provincia | Validado por PMI: SAN RAFAEL
2272590.0,"MEJORAMIENTO Y AMPLIACION DEL SERVICIO DE AGUA POTABLE E INSTALACION DEL SANEAMIENTO EN LA LOCALIDAD DE VELASQUEZ , DISTRITO DE LA LIBERTAD DE PALLAN - CELENDIN - CAJAMARCA",Cartera_260824-123814.xlsx,060312,,060312,,,EXTRAIDO_DESDE_NOMBRE,ALTA,RESUELTO,060312,Coincidencia exacta y única por nombre
2280501.0,"AMPLIACION Y MEJORAMIENTO DEL SERVICIO DE AGUA POTABLE E INSTALACION DEL SANEAMIENTO BASICO DE LA LOCALIDAD DE PAMPA ALEGRE , DISTRITO DE JOSE SABOGAL - SAN MARCOS - CAJAMARCA",Cartera_260824-123814.xlsx,061007,,061007,,,EXTRAIDO_DESDE_NOMBRE,ALTA,RESUELTO,061007,Coincidencia exacta y única por nombre
2307931.0,"AMPLIACION Y MEJORAMIENTO DEL SERVICIO DE AGUA POTABLE E INSTALACION DEL SERVICIO DE DISPOSICION SANITARIA DE EXCRETAS EN EL CENTRO POBLADO DE SAN FERNANDO, DISTRITO DE HUACRACHUCO, PROVINCIA DE MARANON, DEPARTAMENTO DE HUANUCO",Cartera_260824-123814.xlsx,100701,,100701,,,EXTRAIDO_DESDE_NOMBRE,ALTA,RESUELTO,100701,Coincidencia exacta y única por nombre
2280611.0,"AMPLIACION Y MEJORAMIENTO DEL SERVICIO DE AGUA POTABLE E INSTALACION DEL SANEAMIENTO BASICO DE LA LOCALIDAD DE CAMISH , DISTRITO DE JOSE SABOGAL - SAN MARCOS - CAJAMARCA",Cartera_260824-123814.xlsx,061007,,061007,,,EXTRAIDO_DESDE_NOMBRE,ALTA,RESUELTO,061007,Coincidencia exacta y única por nombre
2235525.0,"AMPLIACION Y MEJORAMIENTO DEL SERVICIO DE AGUA POTABLE E INSTALACION DEL SANEAMIENTO BASICO EN LA LOCALIDAD DE NUEVO HORIZONTE , DISTRITO DE LA LIBERTAD DE PALLAN - CELENDIN - CAJAMARCA",Cartera_260824-123814.xlsx,060312,,060312,,,EXTRAIDO_DESDE_NOMBRE,ALTA,RESUELTO,060312,Coincidencia exacta y única por nombre
2251118.0,"MEJORAMIENTO DEL SERVICIO DE AGUA POTABLE Y DISPOSICION DE EXCRETAS DE LA LOCALIDAD NUEVO TACABAMBA , DISTRITO DE SANTA ROSA - EL DORADO - SAN MARTIN",Cartera_260824-123814.xlsx,,220304,220304,SI,SI,VALIDADO_PMI_POR_CUI,ALTA,RESUELTO,"050507, 220304, 060812, 021510, 210504, 210808, 010610, 140114, 030710, 150139",Distrito SANTA ROSA es ambiguo y no se extrajo provincia | Validado por PMI: SANTA ROSA
2235700.0,"INSTALACION DEL SERVICIO DE AGUA POTABLE Y SANEAMIENTO DEL CENTRO POBLADO EL ORIENTE HUAYCHACA, DISTRITO DE JULCAN , PROVINCIA DE JULCAN - LA LIBERTAD",Cartera_260824-123814.xlsx,130501,,130501,,,EXTRAIDO_DESDE_NOMBRE,ALTA,RESUELTO,130501,Coincidencia resuelta usando provincia JULCAN
2201829.0,"INSTALACIÓN DEL SISTEMA DE AGUA POTABLE Y SANEAMIENTO BÁSICO EN EL CASERÍO DE ALLPAMARCA DEL CENTRO POBLADO DE TAYAGASHA, DISTRITO DE PANAO, PROVINCIA DE PACHITEA, DEPARTAMENTO DE HUÁNUCO",Cartera_260824-123814.xlsx,100801,,100801,,,EXTRAIDO_DESDE_NOMBRE,ALTA,RESUELTO,100801,Coincidencia exacta y única por nombre
2235262.0,MEJORAMIENTO Y AMPLIACIÓN DEL SERVICIO DE AGUA POTABLE E INSTALACIÓN DE DISPOSICION SANITARIA DE EXCRETAS EN EL CENTRO POBLADO DE BUENA VISTA DISTRITO DE PICHANAQUI- CHANCHAMAYO - JUNIN,Cartera_260824-123814.xlsx,,120303,120303,SI,SI,VALIDADO_PMI_POR_CUI,ALTA,RESUELTO,,Distrito PICHANAQUI- CHANCHAMAYO no encontrado en GPKG | Validado por PMI: PICHANAQUI
2301612.0,"MEJORAMIENTO Y AMPLIACION DEL SERVICIO DE AGUA POTABLE E INSTALACION DEL SERVICIO DE SANEAMIENTO BASICO EN EL CENTRO POBLADO DE SANTA ROSA , DISTRITO DE SHAMBOYACU - PICOTA - SAN MARTIN",Cartera_260824-123814.xlsx,220708,,220708,,,EXTRAIDO_DESDE_NOMBRE,ALTA,RESUELTO,220708,Coincidencia exacta y única por nombre
2301615.0,"MEJORAMIENTO Y AMPLIACION DEL SERVICIO DE AGUA POTABLE E INSTALACION DE DISPOSICION SANITARIA DE EXCRETAS EN EL CENTRO POBLADO DE YAPAZ BAJO, DISTRITO DE SAN LUIS DE SHUARO, PROVINCIA CHANCHAMAYO, REGION JUNIN",Cartera_260824-123814.xlsx,120304,,120304,,,EXTRAIDO_DESDE_NOMBRE,ALTA,RESUELTO,120304,Coincidencia exacta y única por nombre
2330643.0,"MEJORAMIENTO Y AMPLIACIÓN DEL SERVICIO DE AGUA POTABLE Y SANEAMIENTO EN LA CC.NN MARSELLA DISTRITO DE EL TIGRE, PROVINCIA DE LORETO, REGIÓN DE LORETO",Cartera_260824-123814.xlsx,,160303,160303,SI,SI,VALIDADO_PMI_POR_CUI,ALTA,RESUELTO,,Distrito EL TIGRE no encontrado en GPKG | Validado por PMI: TIGRE
2284337.0,"AMPLIACION Y MEJORAMIENTO DEL SERVICIO DE AGUA POTABLE E INSTALACION DE LOS SERVICIOS DE DISPOSICION SANITARIA DE EXCRETAS, ALCANTARILLADO Y TRATAMIENTO DE AGUAS RESIDUALES DEL CENTRO POBLADO DE SAN JUAN DE BARRIOS ALTOS, DISTRITO DE SATIPO , PROVINCIA DE SATIPO - JUNIN",Cartera_260824-123814.xlsx,120601,,120601,,,EXTRAIDO_DESDE_NOMBRE,ALTA,RESUELTO,120601,Coincidencia exacta y única por nombre
2284972.0,"INSTALACIÓN DE LOS SERVICIOS DE AGUA POTABLE Y SANEAMIENTO PARA EL CENTRO POBLADO DE SAN PEDRO DE MANGUA , DISTRITO DE MAZAN - MAYNAS - LORETO",Cartera_260824-123814.xlsx,160106,,160106,,,EXTRAIDO_DESDE_NOMBRE,ALTA,RESUELTO,160106,Coincidencia exacta y única por nombre
2260630.0,"INSTALACION DEL SERVICIO DE AGUA POTABLE Y SANEAMIENTO DEL CENTRO POBLADO MARAN, DISTRITO DE SULLANA , PROVINCIA DE SULLANA - PIURA",Cartera_260824-123814.xlsx,200601,,200601,,,EXTRAIDO_DESDE_NOMBRE,ALTA,RESUELTO,200601,Coincidencia exacta y única por nombre
2235605.0,"INSTALACION DEL SERVICIO DE AGUA POTABLE Y SANEAMIENTO DEL CENTRO POBLADO LABUNDAY , DISTRITO DE AGALLPAMPA - OTUZCO - LA LIBERTAD",Cartera_260824-123814.xlsx,130602,,130602,,,EXTRAIDO_DESDE_NOMBRE,ALTA,RESUELTO,130602,Coincidencia exacta y única por nombre
2284075.0,"MEJORAMIENTO Y AMPLIACION DEL SERVICIO DE AGUA POTABLE E INSTALACION DEL SERVICIO DE SANEAMIENTO BASICO EN EL CENTRO POBLADO EL PARAISO , DISTRITO DE SHAMBOYACU - PICOTA - SAN MARTIN",Cartera_260824-123814.xlsx,220708,,220708,,,EXTRAIDO_DESDE_NOMBRE,ALTA,RESUELTO,220708,Coincidencia exacta y única por nombre
2251685.0,"MEJORAMIENTO Y AMPLIACION DEL SERVICIO DE AGUA POTABLE Y DISPOSICION SANITARIA DE EXCRETAS EN EL CENTRO POBLADO SAN JOSE DE ANAPIARI , DISTRITO DE PICHANAQUI - CHANCHAMAYO - JUNIN",Cartera_260824-123814.xlsx,120303,,120303,,,EXTRAIDO_DESDE_NOMBRE,ALTA,RESUELTO,120303,Coincidencia exacta y única por nombre
2301623.0,"AMPLIACION Y MEJORAMIENTO DEL SERVICIO DE AGUA POTABLE Y SANEAMIENTO DEL CENTRO POBLADO DE CAMPO ALEGRE , DISTRITO DE CALAMARCA - JULCAN - LA LIBERTAD",Cartera_260824-123814.xlsx,130502,,130502,,,EXTRAIDO_DESDE_NOMBRE,ALTA,RESUELTO,130502,Coincidencia exacta y única por nombre
2235657.0,"MEJORAMIENTO Y AMPLIACION DEL SERVICIO DE AGUA POTABLE Y DISPOSICION SANITARIA DE EXCRETAS EN EL CENTRO POBLADO PAUCARBAMBILLA , DISTRITO DE PICHANAQUI - CHANCHAMAYO - JUNIN",Cartera_260824-123814.xlsx,120303,,120303,,,EXTRAIDO_DESDE_NOMBRE,ALTA,RESUELTO,120303,Coincidencia exacta y única por nombre
2202928.0,"AMPLIACION Y MEJORAMIENTO DEL SERVICIO DE AGUA POTABLE E INSTALACION DEL SANEAMIENTO BASICO DE LA LOCALIDAD DE TAMBO GRANDE , DISTRITO DE CHALACO - MORROPON - PIURA",Cartera_260824-123814.xlsx,200403,,200403,,,EXTRAIDO_DESDE_NOMBRE,ALTA,RESUELTO,200403,Coincidencia exacta y única por nombre
2301607.0,"INSTALACIÓN DE LOS SERVICIOS DE AGUA POTABLE Y SANEAMIENTO PARA EL CENTRO POBLADO DE BAGAZAN, DISTRITO DE MAZAN- MAYNAS- LORETO",Cartera_260824-123814.xlsx,,160106,160106,SI,SI,VALIDADO_PMI_POR_CUI,ALTA,RESUELTO,,Distrito MAZAN- MAYNAS- LORETO no encontrado en GPKG | Validado por PMI: MAZAN
2202927.0,"AMPLIACION Y MEJORAMIENTO DEL SERVICIO DE AGUA POTABLE E INSTALACION DEL SANEAMIENTO BASICO DE LA LOCALIDAD DE PEDREGAL , DISTRITO DE CHALACO - MORROPON - PIURA",Cartera_260824-123814.xlsx,200403,,200403,,,EXTRAIDO_DESDE_NOMBRE,ALTA,RESUELTO,200403,Coincidencia exacta y única por nombre
2235552.0,"AMPLIACION Y MEJORAMIENTO DEL SERVICIO DE AGUA POTABLE Y SANEAMIENTO EN EL CENTRO POBLADO YUMINGKUS, DISTRITO DE NIEVA , PROVINCIA DE CONDORCANQUI - AMAZONAS",Cartera_260824-123814.xlsx,010401,,010401,,,EXTRAIDO_DESDE_NOMBRE,ALTA,RESUELTO,010401,Coincidencia exacta y única por nombre
2308374.0,"AMPLIACION Y MEJORAMIENTO DEL SERVICIO DE AGUA POTABLE Y SANEAMIENTO DEL CENTRO POBLADO DE MASCARAT ALTO , DISTRITO DE USQUIL - OTUZCO - LA LIBERTAD",Cartera_260824-123814.xlsx,130614,,130614,,,EXTRAIDO_DESDE_NOMBRE,ALTA,RESUELTO,130614,Coincidencia exacta y única por nombre
2332569.0,"MEJORAMIENTO Y AMPLIACIÓN DEL SERVICIO DE AGUA POTABLE Y SANEAMIENTO EN LA CC.NN NUEVA VALENCIA DISTRITO DE TROMPETEROS, PROVINCIA DE LORETO, REGIÓN DE LORETO",Cartera_260824-123814.xlsx,160304,,160304,,,EXTRAIDO_DESDE_NOMBRE,ALTA,RESUELTO,160304,Coincidencia exacta y única por nombre
2284274.0,"AMPLIACION Y MEJORAMIENTO DEL SERVICIO DE AGUA POTABLE E INSTALACION DEL SANEAMIENTO BASICO DE LA LOCALIDAD DE CORIORCO , DISTRITO DE JOSE SABOGAL - SAN MARCOS - CAJAMARCA",Cartera_260824-123814.xlsx,061007,,061007,,,EXTRAIDO_DESDE_NOMBRE,ALTA,RESUELTO,061007,Coincidencia exacta y única por nombre
2202938.0,"AMPLIACION Y MEJORAMIENTO DEL SERVICIO DE AGUA POTABLE E INSTALACION DEL SANEAMIENTO EN LA LOCALIDAD DE SANTA CLARA DE CAMSE, DISTRITO DE CUTERVO , PROVINCIA DE CUTERVO - CAJAMARCA",Cartera_260824-123814.xlsx,060601,,060601,,,EXTRAIDO_DESDE_NOMBRE,ALTA,RESUELTO,060601,Coincidencia exacta y única por nombre
2262069.0,"AMPLIACION Y MEJORAMIENTO DEL SERVICIO DE AGUA POTABLE E INSTALACION DEL SANEAMIENTO DE LA LOCALIDAD DE LA BOCANA , DISTRITO DE LA MATANZA - MORROPON - PIURA",Cartera_260824-123814.xlsx,200404,,200404,,,EXTRAIDO_DESDE_NOMBRE,ALTA,RESUELTO,200404,Coincidencia exacta y única por nombre
2252405.0,"AMPLIACION Y MEJORAMIENTO DEL SERVICIO DE AGUA POTABLE E INSTALACION DEL SANEAMIENTO BASICO DE LA LOCALIDAD DE CHAMBA , DISTRITO DE FRIAS - AYABACA - PIURA",Cartera_260824-123814.xlsx,200202,,200202,,,EXTRAIDO_DESDE_NOMBRE,ALTA,RESUELTO,200202,Coincidencia exacta y única por nombre
2286796.0,"INSTALACION DEL SERVICIO DE AGUA POTABLE Y SANEAMIENTO DE LA LOCALIDAD DE SAN JORGE , DISTRITO DE NAPO - MAYNAS - LORETO",Cartera_260824-123814.xlsx,160107,,160107,,,EXTRAIDO_DESDE_NOMBRE,ALTA,RESUELTO,160107,Coincidencia exacta y única por nombre
2305788.0,"AMPLIACION Y MEJORAMIENTO DEL SERVICIO DE AGUA POTABLE E INSTALACION DEL SANEAMIENTO BASICO DE LA LOCALIDAD DE LORITO PAMPA , DISTRITO DE JESUS - CAJAMARCA - CAJAMARCA",Cartera_260824-123814.xlsx,,060106,060106,SI,SI,VALIDADO_PMI_POR_CUI,ALTA,RESUELTO,"101001, 060106",Distrito JESUS es ambiguo y no se extrajo provincia | Validado por PMI: JESUS
2235585.0,"MEJORAMIENTO Y AMPLIACIÓN DEL SERVICIO DE AGUA POTABLE Y DISPOSICIÓN SANITARIA DE EXCRETAS EN LA COMUNIDAD NATIVA DE SAN ANTONIO DE CHENI, DISTRITO DE RÍO TAMBO, PROVINCIA DE SATIPO, DEPARTAMENTO DE JUNÍN",Cartera_260824-123814.xlsx,120608,,120608,,,EXTRAIDO_DESDE_NOMBRE,ALTA,RESUELTO,120608,Coincidencia exacta y única por nombre
2328452.0,"MEJORAMIENTO, AMPLIACION DEL SERVICIO DE AGUA POTABLE Y SANEAMIENTO EN LA COMUNIDAD NATIVA SOPLIN, DISTRITO DE ANDOAS, PROVINCIA DEL DATEM DEL MARAÑÓN, REGIÓN LORETO",Cartera_260824-123814.xlsx,160706,,160706,,,EXTRAIDO_DESDE_NOMBRE,ALTA,RESUELTO,160706,Coincidencia exacta y única por nombre
2202920.0,INSTALACION DEL SERVICIO DE AGUA POTABLE Y SANEAMIENTO EN EL CENTRO POBLADO WAYAMPIAK-IMAZA-BAGUA-AMAZONAS,Cartera_260824-123814.xlsx,,010205,010205,SI,SI,VALIDADO_PMI_POR_CUI,ALTA,RESUELTO,,"No se detectó patrón ""DISTRITO DE"" en el nombre | Validado por PMI: IMAZA"
2260724.0,"MEJORAMIENTO Y AMPLIACIÓN DEL SERVICIO DE AGUA POTABLE E INSTALACIÓN DEL SERVICIO DE DISPOSICIÓN SANITARIA DE EXCRETAS EN EL CENTRO POBLADO RIO BERTHA, DISTRITO DE RIO NEGRO ¿ SATIPO ¿ JUNÍN",Cartera_260824-123814.xlsx,,120607,120607,SI,SI,VALIDADO_PMI_POR_CUI,ALTA,RESUELTO,,"No se detectó patrón ""DISTRITO DE"" en el nombre | Validado por PMI: RIO NEGRO"
2337784.0,"INSTALACION DEL SISTEMA DE AGUA POTABLE Y SANEAMIENTO EN EL CENTRO POBLADO SAN JOSE , DISTRITO DE MARIANO NICOLAS VALCARCEL - CAMANA - AREQUIPA",Cartera_260824-123814.xlsx,040203,,040203,,,EXTRAIDO_DESDE_NOMBRE,ALTA,RESUELTO,040203,Coincidencia exacta y única por nombre
2281803.0,"CREACION DEL SERVICIO DE AGUA POTABLE Y DISPOSICION DE EXCRETAS DE LA LOCALIDAD DE MIRADOR ALTO ROQUE, DISTRITO DE ALONSO DE ALVARADO, PROVINCIA DE LAMAS, SAN MARTIN",Cartera_260824-123814.xlsx,220502,,220502,,,EXTRAIDO_DESDE_NOMBRE,ALTA,RESUELTO,220502,Coincidencia exacta y única por nombre
2303286.0,"AMPLIACION Y MEJORAMIENTO DEL SERVICIO DE AGUA POTABLE E INSTALACION DE LOS SERVICIOS DE DISPOSICION SANITARIA DE EXCRETAS, ALCANTARILLADO Y TRATAMIENTO DE AGUAS RESIDUALES EN EL CENTRO POBLADO DE SAN FRANCISCO DE CUBARO, DISTRITO MAZAMARI, PROVINCIA SATIPO, DEPARTAMENTO DE JUNIN",Cartera_260824-123814.xlsx,,120604,120604,SI,SI,VALIDADO_PMI_POR_CUI,ALTA,RESUELTO,,"No se detectó patrón ""DISTRITO DE"" en el nombre | Validado por PMI: MAZAMARI"
2251602.0,"INSTALACION DEL SERVICIO DE AGUA POTABLE Y DISPOSICION SANITARIA DE EXCRETAS DEL CENTRO POBLADO DE POTSOTENI , DISTRITO DE PANGOA - SATIPO - JUNIN",Cartera_260824-123814.xlsx,120606,,120606,,,EXTRAIDO_DESDE_NOMBRE,ALTA,RESUELTO,120606,Coincidencia exacta y única por nombre
2251689.0,"AMPLIACION Y MEJORAMIENTO DEL SERVICIO DE AGUA POTABLE Y DISPOSICION SANITARIA DE EXCRETAS DEL CENTRO POBLADO SANTA ROSA DE OCOPA , DISTRITO DE RIO TAMBO - SATIPO - JUNIN",Cartera_260824-123814.xlsx,120608,,120608,,,EXTRAIDO_DESDE_NOMBRE,ALTA,RESUELTO,120608,Coincidencia exacta y única por nombre
2202905.0,"MEJORAMIENTO Y AMPLIACIÓN DEL SERVICIO DE AGUA POTABLE Y DISPOSICIÓN SANITARIA DE EXCRETAS EN LA COMUNIDAD NATIVA DE BUENOS AIRES, DISTRITO DE RÍO TAMBO, PROVINCIA DE SATIPO, DEPARTAMENTO DE JUNÍN",Cartera_260824-123814.xlsx,120608,,120608,,,EXTRAIDO_DESDE_NOMBRE,ALTA,RESUELTO,120608,Coincidencia exacta y única por nombre
2235598.0,"INSTALACION DEL SERVICIO DE AGUA POTABLE Y SANEAMIENTO DEL CENTRO POBLADO LLOQUE YUPANQUI , DISTRITO DE TAMBO GRANDE - PIURA - PIURA",Cartera_260824-123814.xlsx,200114,,200114,,,EXTRAIDO_DESDE_NOMBRE,ALTA,RESUELTO,200114,Coincidencia exacta y única por nombre
2412955.0,"AMPLIACION DE LOS SISTEMAS DE AGUA POTABLE Y ALCANTARILLADO EN NUEVAS HABILITACIONES PARTES ALTAS DE HUAYCAN II, SECTORES 150, 151, 152, 153, 154  DISTRITO DE ATE - PROVINCIA DE LIMA - DEPARTAMENTO DE LIMA",Cartera_260824-123814.xlsx,150103,,150103,,,EXTRAIDO_DESDE_NOMBRE,ALTA,RESUELTO,150103,Coincidencia exacta y única por nombre
2251113.0,"INSTALACION DEL SERVICIO DE AGUA POTABLE Y DISPOSICION SANITARIA DE EXCRETAS EN EL CENTRO POBLADO MIRAFLORES , DISTRITO DE PICHANAQUI - CHANCHAMAYO - JUNIN",Cartera_260824-123814.xlsx,120303,,120303,,,EXTRAIDO_DESDE_NOMBRE,ALTA,RESUELTO,120303,Coincidencia exacta y única por nombre
2283443.0,AMPLIACIÓN Y MEJORAMIENTO DE LOS SISTEMAS DE AGUA POTABLE Y ALCANTARILLADO DEL SECTOR 206 - CERRO LA MILLA - DISTRITO DE SAN MARTÍN DE PORRES.,Cartera_260824-123814.xlsx,,150135,150135,SI,SI,VALIDADO_PMI_POR_CUI,ALTA,RESUELTO,,Distrito SAN MARTIN DE PORRES. no encontrado en GPKG | Validado por PMI: SAN MARTIN DE PORRES
2694737.0, MEJORAMIENTO Y AMPLIACIÓN DE LOS SERVICIOS DE AGUA POTABLE Y SANEAMIENTO BAJO LOS PRINCIPIOS DE ECONOMÍA CIRCULAR EN LAS CUENCAS DE LURÍN Y TITICACA ,Cartera_260824-123814.xlsx,,150122,,SI,NO,VALIDADO_PMI_POR_CUI,BAJA,REVISAR_CONFLICTO,,"No se detectó patrón ""DISTRITO DE"" en el nombre | Distrito PMI (MIRAFLORES) no encontrado en nombre de inversión"
2611402.0,MEJORAMIENTO Y AMPLIACION DEL SERVICIO DE AGUA POTABLE RURAL Y CREACION DEL SERVICIO DE ALCANTARILLADO U OTRAS FORMAS DE DISPOSICION SANITARIA DE EXCRETAS EN EL CENTRO POBLADO DE VISTA ALEGRE ALTO DISTRITO DE HUALGAYOC DE LA PROVINCIA DE HUALGAYOC DEL DEPARTAMENTO DE CAJAMARCA,Cartera_260824-123814.xlsx,,060703,060703,SI,SI,VALIDADO_PMI_POR_CUI,ALTA,RESUELTO,,Distrito HUALGAYOC DE no encontrado en GPKG | Validado por PMI: HUALGAYOC
2522539.0,MEJORAMIENTO Y AMPLIACION DE LOS SERVICIOS DE AGUA POTABLE Y SANEAMIENTO  EN LA COMUNIDAD CAMPESINA DE YURAJHUANCA DEL DISTRITO DE SIMON BOLIVAR - PROVINCIA DE PASCO - DEPARTAMENTO DE PASCO,Cartera_260824-123814.xlsx,190109,,190109,,,EXTRAIDO_DESDE_NOMBRE,ALTA,RESUELTO,190109,Coincidencia exacta y única por nombre
2494218.0,MEJORAMIENTO Y AMPLIACION DE LOS SERVICIOS DE AGUA POTABLE Y SANEAMIENTO EN LA COMUNIDAD CAMPESINA DE QUIULACOCHA DEL DISTRITO DE SIMON BOLIVAR - PROVINCIA DE PASCO - DEPARTAMENTO DE PASCO,Cartera_260824-123814.xlsx,190109,,190109,,,EXTRAIDO_DESDE_NOMBRE,ALTA,RESUELTO,190109,Coincidencia exacta y única por nombre
2474075.0,CREACION DE LOS SERVICIOS DE AGUA POTABLE Y DISPOSICIÓN SANITARIA DE EXCRETAS EN LA LOCALIDAD DE MORO SAMA (PUERTO GRAU) DEL DISTRITO DE SAMA - PROVINCIA DE TACNA - DEPARTAMENTO DE TACNA,Cartera_260824-123814.xlsx,230109,,230109,,,EXTRAIDO_DESDE_NOMBRE,ALTA,RESUELTO,230109,Coincidencia exacta y única por nombre
2523870.0,"MEJORAMIENTO Y AMPLIACION DE LOS SERVICIOS DE AGUA POTABLE, ALCANTARILLADO Y TRATAMIENTO DE AGUAS RESIDUALES EN EL CERCADO SAYÁN, ASOCIACIONES DE VIVIENDA VILLA EL SOL, CRUZ DEL JIRON PORTACHUELO Y TRABAJANDO POR EL FUTURO DE PORTACHUELO 4 LOCALIDADES DEL DISTRITO DE SAYAN - PROVINCIA DE HUAURA - DEPARTAMENTO DE LIMA",Cartera_260824-123814.xlsx,150811,,150811,,,EXTRAIDO_DESDE_NOMBRE,ALTA,RESUELTO,150811,Coincidencia exacta y única por nombre
2544208.0,MEJORAMIENTO Y AMPLIACION DEL SERVICIO DE AGUA POTABLE Y DISPOSICIÓN SANITARIA DE EXCRETAS EN LA ISLA TAQUILE  DISTRITO DE AMANTANI - PROVINCIA DE PUNO - DEPARTAMENTO DE PUNO,Cartera_260824-123814.xlsx,210103,,210103,,,EXTRAIDO_DESDE_NOMBRE,ALTA,RESUELTO,210103,Coincidencia exacta y única por nombre
2497921.0,AMPLIACION DEL SISTEMA SCADA EN LOS SERVICIOS DE AGUA Y SANEAMIENTO 6 DISTRITOS DE LA PROVINCIA DE CUSCO - DEPARTAMENTO DE CUSCO,Cartera_260824-123814.xlsx,,,,NO,NO,FALLIDO,BAJA,REVISAR_CONFLICTO,,Múltiples distritos detectados en el nombre | Datos PMI no cruzaron con GPKG (- TODOS - - - TODOS -)
2318958.0,"AMPLIACION Y MEJORAMIENTO DEL SERVICIO DE AGUA POTABLE Y SANEAMIENTO DE LA LOCALIDAD DE PAMPA MIRAFLORES , DISTRITO DE SANTA ROSA - LA MAR - AYACUCHO",Cartera_260824-123814.xlsx,,050507,050507,SI,SI,VALIDADO_PMI_POR_CUI,ALTA,RESUELTO,"050507, 220304, 060812, 021510, 210504, 210808, 010610, 140114, 030710, 150139",Distrito SANTA ROSA es ambiguo y no se extrajo provincia | Validado por PMI: SANTA ROSA
2307899.0,"AMPLIACION Y MEJORAMIENTO DEL SERVICIO DE AGUA POTABLE E INSTALACION DEL SANEAMIENTO BASICO DE LA LOCALIDAD DE ALTO DE LA CRUZ , DISTRITO DE LA ARENA - PIURA - PIURA",Cartera_260824-123814.xlsx,200109,,200109,,,EXTRAIDO_DESDE_NOMBRE,ALTA,RESUELTO,200109,Coincidencia exacta y única por nombre
2412246.0,"MEJORAMIENTO Y AMPLIACION DE LOS SERVICIOS DE AGUA POTABLE, ALCANTARILLADO Y PTAR  EN LA COMUNIDAD CAMPESINA DE SANTA ANA DE PACOYAN DEL DISTRITO DE SIMON BOLIVAR - PROVINCIA DE PASCO - DEPARTAMENTO DE PASCO",Cartera_260824-123814.xlsx,190109,,190109,,,EXTRAIDO_DESDE_NOMBRE,ALTA,RESUELTO,190109,Coincidencia exacta y única por nombre
2534241.0,CREACION DEL SERVICIO DE AGUA POTABLE Y DISPOSICIÓN SANITARIA DE EXCRETAS EN LA CC.NN. SANTA ROSA DE SERJALI DEL DISTRITO DE SEPAHUA - PROVINCIA DE ATALAYA - DEPARTAMENTO DE UCAYALI,Cartera_260824-123814.xlsx,250202,,250202,,,EXTRAIDO_DESDE_NOMBRE,ALTA,RESUELTO,250202,Coincidencia exacta y única por nombre
2532358.0,MEJORAMIENTO Y AMPLIACION DEL SERVICIO DE AGUA POTABLE Y SANEAMIENTO DEL CENTRO POBLADO PALO BLANCO DEL DISTRITO DE MOTUPE - PROVINCIA DE LAMBAYEQUE - DEPARTAMENTO DE LAMBAYEQUE,Cartera_260824-123814.xlsx,140307,,140307,,,EXTRAIDO_DESDE_NOMBRE,ALTA,RESUELTO,140307,Coincidencia exacta y única por nombre
2486188.0,MEJORAMIENTO Y AMPLIACION DEL SERVICIO DE AGUA POTABLE Y DISPOSICIÓN SANITARIA DE EXCRETAS EN EL CENTRO POBLADO LA ESTANCIA DEL DISTRITO DE OLMOS - PROVINCIA DE LAMBAYEQUE - DEPARTAMENTO DE LAMBAYEQUE,Cartera_260824-123814.xlsx,140308,,140308,,,EXTRAIDO_DESDE_NOMBRE,ALTA,RESUELTO,140308,Coincidencia exacta y única por nombre
2447183.0,CREACION DEL SERVICIOS DE AGUA POTABLE Y DISPOSICIÓN SANITARIA DE EXCRETAS EN LA LOCALIDAD  DE COPACABANA DEL DISTRITO DE MORONA - PROVINCIA DE DATEM DEL MARAÑON - DEPARTAMENTO DE LORETO,Cartera_260824-123814.xlsx,160704,,160704,,,EXTRAIDO_DESDE_NOMBRE,ALTA,RESUELTO,160704,Coincidencia exacta y única por nombre
2538809.0,CREACION DEL SERVICIO DE AGUA POTABLE Y DISPOSICIÓN SANITARIA DE EXCRETAS EN LA COMUNIDAD NATIVA SAN MIGUEL DEL DISTRITO DE PARINARI - PROVINCIA DE LORETO - DEPARTAMENTO DE LORETO,Cartera_260824-123814.xlsx,160302,,160302,,,EXTRAIDO_DESDE_NOMBRE,ALTA,RESUELTO,160302,Coincidencia exacta y única por nombre
2450141.0,CREACION DEL SERVICIO DE AGUA POTABLE Y DISPOSICIÓN SANITARIA DE EXCRETAS EN LA COMUNIDAD NATIVA DE NUEVA VIDA DEL DISTRITO DE MORONA - PROVINCIA DE DATEM DEL MARAÑON - DEPARTAMENTO DE LORETO,Cartera_260824-123814.xlsx,160704,,160704,,,EXTRAIDO_DESDE_NOMBRE,ALTA,RESUELTO,160704,Coincidencia exacta y única por nombre
2538871.0,CREACION DEL SERVICIO DE AGUA POTABLE Y DISPOSICION SANITARIA DE EXCRETAS EN LA COMUNIDAD NATIVA DE SALASHCA DEL DISTRITO DE PASTAZA - PROVINCIA DE DATEM DEL MARAÑON - DEPARTAMENTO DE LORETO,Cartera_260824-123814.xlsx,160705,,160705,,,EXTRAIDO_DESDE_NOMBRE,ALTA,RESUELTO,160705,Coincidencia exacta y única por nombre
2484146.0,"MEJORAMIENTO Y AMPLIACION DEL SERVICIO DE AGUA POTABLE Y DISPOSICIÓN SANITARIA DE EXCRETAS, EN EL CASERÍO VIRGEN DEL CARMEN DEL DISTRITO DE OLMOS - PROVINCIA DE LAMBAYEQUE - DEPARTAMENTO DE LAMBAYEQUE",Cartera_260824-123814.xlsx,140308,,140308,,,EXTRAIDO_DESDE_NOMBRE,ALTA,RESUELTO,140308,Coincidencia exacta y única por nombre
2485365.0,MEJORAMIENTO Y AMPLIACION DEL SERVICIO DE AGUA POTABLE Y DISPOSICIÓN SANITARIA DE EXCRETAS EN EL CASERÍO EL CARDO DEL DISTRITO DE OLMOS - PROVINCIA DE LAMBAYEQUE - DEPARTAMENTO DE LAMBAYEQUE,Cartera_260824-123814.xlsx,140308,,140308,,,EXTRAIDO_DESDE_NOMBRE,ALTA,RESUELTO,140308,Coincidencia exacta y única por nombre
2484008.0,MEJORAMIENTO Y AMPLIACION DEL SERVICIO DE AGUA POTABLE Y DISPOSICION SANITARIA DE EXCRETAS EN EL CASERIO SEÑOR DE LOS MILAGROS DEL DISTRITO DE OLMOS - PROVINCIA DE LAMBAYEQUE - DEPARTAMENTO DE LAMBAYEQUE,Cartera_260824-123814.xlsx,140308,,140308,,,EXTRAIDO_DESDE_NOMBRE,ALTA,RESUELTO,140308,Coincidencia exacta y única por nombre
2038578.0,SISTEMA DE AGUA Y ALCANTARILLADO DEL CENTRO  POBLADO DE MACABI BAJO,Cartera_260824-123814.xlsx,,130205,,SI,NO,VALIDADO_PMI_POR_CUI,BAJA,REVISAR_CONFLICTO,,"No se detectó patrón ""DISTRITO DE"" en el nombre | Distrito PMI (PAIJAN) no encontrado en nombre de inversión"
2472208.0,"MEJORAMIENTO Y AMPLIACION DEL SERVICIO DE AGUA POTABLE Y DISPOSICIÓN SANITARIA DE EXCRETAS, EN EL CASERÍO ANEXO SANTA ROSA DEL DISTRITO DE OLMOS - PROVINCIA DE LAMBAYEQUE - DEPARTAMENTO DE LAMBAYEQUE",Cartera_260824-123814.xlsx,140308,,140308,,,EXTRAIDO_DESDE_NOMBRE,ALTA,RESUELTO,140308,Coincidencia exacta y única por nombre
2484044.0,"MEJORAMIENTO Y AMPLIACION DEL SERVICIO DE AGUA POTABLE Y DISPOSICIÓN SANITARIA DE EXCRETAS, EN EL CASERÍO DE TIERRA RAJADA DEL DISTRITO DE OLMOS - PROVINCIA DE LAMBAYEQUE - DEPARTAMENTO DE LAMBAYEQUE",Cartera_260824-123814.xlsx,140308,,140308,,,EXTRAIDO_DESDE_NOMBRE,ALTA,RESUELTO,140308,Coincidencia exacta y única por nombre
2486654.0,MEJORAMIENTO Y AMPLIACION DEL SERVICIO DE AGUA POTABLE Y DISPOSICIÓN SANITARIA DE EXCRETAS EN EL CASERÍO CERRO TEODORO DEL DISTRITO DE OLMOS - PROVINCIA DE LAMBAYEQUE - DEPARTAMENTO DE LAMBAYEQUE,Cartera_260824-123814.xlsx,140308,,140308,,,EXTRAIDO_DESDE_NOMBRE,ALTA,RESUELTO,140308,Coincidencia exacta y única por nombre
2485638.0,MEJORAMIENTO Y AMPLIACION DEL SERVICIO DE AGUA POTABLE Y DISPOSICIÓN SANITARIA DE EXCRETAS EN EL CASERÍO CHUNCAR DEL DISTRITO DE OLMOS - PROVINCIA DE LAMBAYEQUE - DEPARTAMENTO DE LAMBAYEQUE,Cartera_260824-123814.xlsx,140308,,140308,,,EXTRAIDO_DESDE_NOMBRE,ALTA,RESUELTO,140308,Coincidencia exacta y única por nombre
2485848.0,MEJORAMIENTO Y AMPLIACION DEL SERVICIO DE AGUA POTABLE Y DISPOSICIÓN SANITARIA DE EXCRETAS EN LOS CASERÍOS LAS POZAS Y EL SAUCE DEL DISTRITO DE OLMOS - PROVINCIA DE LAMBAYEQUE - DEPARTAMENTO DE LAMBAYEQUE,Cartera_260824-123814.xlsx,140308,,140308,,,EXTRAIDO_DESDE_NOMBRE,ALTA,RESUELTO,140308,Coincidencia exacta y única por nombre
2484196.0,MEJORAMIENTO Y AMPLIACION DEL SERVICIO DE AGUA POTABLE Y DISPOSICIÓN SANITARIA DE EXCRETAS EN EL CASERÍO LAUCHA GRANDE DEL DISTRITO DE OLMOS - PROVINCIA DE LAMBAYEQUE - DEPARTAMENTO DE LAMBAYEQUE,Cartera_260824-123814.xlsx,140308,,140308,,,EXTRAIDO_DESDE_NOMBRE,ALTA,RESUELTO,140308,Coincidencia exacta y única por nombre
2483708.0,MEJORAMIENTO Y AMPLIACION DEL SERVICIO DE AGUA POTABLE Y DISPOSICIÓN SANITARIA DE EXCRETAS EN EL CASERÍO ALICLA DEL DISTRITO DE OLMOS - PROVINCIA DE LAMBAYEQUE - DEPARTAMENTO DE LAMBAYEQUE,Cartera_260824-123814.xlsx,140308,,140308,,,EXTRAIDO_DESDE_NOMBRE,ALTA,RESUELTO,140308,Coincidencia exacta y única por nombre
2485643.0,MEJORAMIENTO Y AMPLIACION DEL SERVICIO DE AGUA POTABLE Y DISPOSICIÓN SANITARIA DE EXCRETAS EN EL CASERIO ALTO DE ROQUE DEL DISTRITO DE OLMOS - PROVINCIA DE LAMBAYEQUE - DEPARTAMENTO DE LAMBAYEQUE,Cartera_260824-123814.xlsx,140308,,140308,,,EXTRAIDO_DESDE_NOMBRE,ALTA,RESUELTO,140308,Coincidencia exacta y única por nombre
2484188.0,"MEJORAMIENTO Y AMPLIACION DEL SERVICIO DE AGUA POTABLE Y DISPOSICIÓN SANITARIA DE EXCRETAS, EN LOS CASERÍOS DE LAUCHA CHICA Y CHOLOPE DEL DISTRITO DE OLMOS - PROVINCIA DE LAMBAYEQUE - DEPARTAMENTO DE LAMBAYEQUE",Cartera_260824-123814.xlsx,140308,,140308,,,EXTRAIDO_DESDE_NOMBRE,ALTA,RESUELTO,140308,Coincidencia exacta y única por nombre
2472215.0,"MEJORAMIENTO Y AMPLIACION DEL SERVICIO DE AGUA POTABLE Y DISPOSICIÓN SANITARIA DE EXCRETAS, EN EL CASERÍO LOS TABLONES DEL DISTRITO DE OLMOS - PROVINCIA DE LAMBAYEQUE - DEPARTAMENTO DE LAMBAYEQUE",Cartera_260824-123814.xlsx,140308,,140308,,,EXTRAIDO_DESDE_NOMBRE,ALTA,RESUELTO,140308,Coincidencia exacta y única por nombre
2489761.0,MEJORAMIENTO Y AMPLIACION DEL SERVICIO DE AGUA POTABLE Y DISPOSICIÓN SANITARIA DE EXCRETAS EN EL CASERÍO CRUZ DE CHALPON DEL DISTRITO DE OLMOS - PROVINCIA DE LAMBAYEQUE - DEPARTAMENTO DE LAMBAYEQUE,Cartera_260824-123814.xlsx,140308,,140308,,,EXTRAIDO_DESDE_NOMBRE,ALTA,RESUELTO,140308,Coincidencia exacta y única por nombre
2235701.0,"AMPLIACION Y MEJORAMIENTO DEL SERVICIO DE AGUA POTABLE Y SANEAMIENTO DEL CENTRO POBLADO DE CHOPTALOMA, DISTRITO DE JULCAN , PROVINCIA DE JULCAN - LA LIBERTAD",Cartera_260824-123814.xlsx,130501,,130501,,,EXTRAIDO_DESDE_NOMBRE,ALTA,RESUELTO,130501,Coincidencia resuelta usando provincia JULCAN
2301610.0,"MEJORAMIENTO Y AMPLIACION DE LOS SERVICIOS DE AGUA POTABLE Y DISPOSICION SANITARIA DE EXCRETAS DE LA LOCALIDAD DE HUAMA , DISTRITO DE LAMAY - CALCA - CUSCO",Cartera_260824-123814.xlsx,080403,,080403,,,EXTRAIDO_DESDE_NOMBRE,ALTA,RESUELTO,080403,Coincidencia exacta y única por nombre
2538890.0,CREACION DEL SERVICIO DE AGUA POTABLE Y DISPOSICION SANITARIA DE EXCRETAS EN LA COMUNIDAD NATIVA DE LA CURVA DEL DISTRITO DE PASTAZA - PROVINCIA DE DATEM DEL MARAÑON - DEPARTAMENTO DE LORETO,Cartera_260824-123814.xlsx,160705,,160705,,,EXTRAIDO_DESDE_NOMBRE,ALTA,RESUELTO,160705,Coincidencia exacta y única por nombre
2282083.0,"MEJORAMIENTO Y AMPLIACIÓN DEL SERVICIO DE AGUA POTABLE Y SANEAMIENTO BÁSICO EN EL CENTRO POBLADO JERILLO, DISTRITO DE JEPELACIO, PROVINCIA DE MOYOBAMBA, DEPARTAMENTO DE SAN MARTÍN",Cartera_260824-123814.xlsx,220104,,220104,,,EXTRAIDO_DESDE_NOMBRE,ALTA,RESUELTO,220104,Coincidencia exacta y única por nombre
2263778.0,"AMPLIACION Y MEJORAMIENTO DEL SERVICIO DE AGUA POTABLE E INSTALACION DEL SANEAMIENTO DE LA LOCALIDAD DE PAMPA DE LOS SILVA , DISTRITO DE LA ARENA - PIURA - PIURA",Cartera_260824-123814.xlsx,200109,,200109,,,EXTRAIDO_DESDE_NOMBRE,ALTA,RESUELTO,200109,Coincidencia exacta y única por nombre
2235654.0,"AMPLIACION Y MEJORAMIENTO DEL SERVICIO DE AGUA POTABLE Y SANEAMIENTO EN EL CENTRO POBLADO CHONZA LAGUNA , DISTRITO DE COPALLIN - BAGUA - AMAZONAS",Cartera_260824-123814.xlsx,010203,,010203,,,EXTRAIDO_DESDE_NOMBRE,ALTA,RESUELTO,010203,Coincidencia exacta y única por nombre
2180920.0,"INSTALACION, MEJORAMIENTO DE LOS SERVICIOS DE AGUA POTABLE Y SANEAMIENTO BASICO EN EL CENTRO POBLADO DE HUANZAPAMPA, DISTRITO DE YANAS - DOS DE MAYO - HUANUCO",Cartera_260824-123814.xlsx,100323,,100323,,,EXTRAIDO_DESDE_NOMBRE,ALTA,RESUELTO,100323,Coincidencia exacta y única por nombre
2264141.0,"MEJORAMIENTO Y AMPLIACION DE LOS SERVICIOS DE AGUA POTABLE Y SANEAMIENTO DEL CENTRO POBLADO DE PUERTO LUZ , DISTRITO DE MADRE DE DIOS - MANU - MADRE DE DIOS",Cartera_260824-123814.xlsx,170203,,170203,,,EXTRAIDO_DESDE_NOMBRE,ALTA,RESUELTO,170203,Coincidencia exacta y única por nombre
2308373.0,"AMPLIACION Y MEJORAMIENTO DEL SERVICIO DE AGUA POTABLE E INSTALACION DEL SERVICIO DE SANEAMIENTO DEL CENTRO POBLADO VALLE GRANDE , DISTRITO DE ELIAS SOPLIN VARGAS - RIOJA - SAN MARTIN",Cartera_260824-123814.xlsx,220803,,220803,,,EXTRAIDO_DESDE_NOMBRE,ALTA,RESUELTO,220803,Coincidencia exacta y única por nombre
2258947.0,"INSTALACION DE LOS SERVICIOS DE AGUA POTABLE Y DISPOSICION SANITARIA DE EXCRETAS EN EL CASERIO YANACACA GRANDE , DISTRITO DE BUENA VISTA ALTA - PROVINCIA DE CASMA - ANCASH",Cartera_260824-123814.xlsx,020802,,020802,,,EXTRAIDO_DESDE_NOMBRE,ALTA,RESUELTO,020802,Coincidencia exacta y única por nombre
2285436.0,"AMPLIACION Y MEJORAMIENTO DEL SERVICIO DE AGUA POTABLE Y SANEAMIENTO EN EL CENTRO POBLADO HUMBATE , DISTRITO DE LA PECA - BAGUA - AMAZONAS",Cartera_260824-123814.xlsx,010206,,010206,,,EXTRAIDO_DESDE_NOMBRE,ALTA,RESUELTO,010206,Coincidencia exacta y única por nombre
2307894.0,"INSTALACION DEL SISTEMA DE AGUA POTABLE Y DEL SERVICIO DE SANEAMIENTO BASICO EN LA LOCALIDAD DE YANAJANCA , DISTRITO DE CHOLON - MARANON - HUANUCO",Cartera_260824-123814.xlsx,100702,,100702,,,EXTRAIDO_DESDE_NOMBRE,ALTA,RESUELTO,100702,Coincidencia exacta y única por nombre
2301619.0,"AMPLIACION Y MEJORAMIENTO DEL SERVICIO DE AGUA POTABLE E INSTALACION DEL SERVICIO DE SANEAMIENTO DEL CENTRO POBLADO RURAL SANTA ROSA DE MISHOLO , DISTRITO DE POLVORA - TOCACHE - SAN MARTIN",Cartera_260824-123814.xlsx,221003,,221003,,,EXTRAIDO_DESDE_NOMBRE,ALTA,RESUELTO,221003,Coincidencia exacta y única por nombre
2305787.0,"AMPLIACION Y MEJORAMIENTO DEL SERVICIO DE AGUA POTABLE E INSTALACION DEL SANEAMIENTO BASICO DE LA LOCALIDAD DE SAN LUIS DE UNIGAN , DISTRITO DE ENCANADA - CAJAMARCA - CAJAMARCA",Cartera_260824-123814.xlsx,060105,,060105,,,EXTRAIDO_DESDE_NOMBRE,ALTA,RESUELTO,060105,Coincidencia exacta y única por nombre
2283803.0,"AMPLIACION Y MEJORAMIENTO DEL SERVICIO DE AGUA POTABLE E INSTALACION DEL SERVICIO DE SANEAMIENTO DEL CENTRO POBLADO RURAL DE NUEVO SAN MARTIN , DISTRITO DE POLVORA - TOCACHE - SAN MARTIN",Cartera_260824-123814.xlsx,221003,,221003,,,EXTRAIDO_DESDE_NOMBRE,ALTA,RESUELTO,221003,Coincidencia exacta y única por nombre
2301715.0,"AMPLIACION Y MEJORAMIENTO DEL SISTEMA DE AGUA POTABLE E INSTALACION DEL SERVICIO DE SANEAMIENTO BASICO DE LA LOCALIDAD DE YAMOS, DISTRITO DE HUACRACHUCO , PROVINCIA DE MARANON - HUANUCO",Cartera_260824-123814.xlsx,100701,,100701,,,EXTRAIDO_DESDE_NOMBRE,ALTA,RESUELTO,100701,Coincidencia exacta y única por nombre
2200338.0,"INSTALACION DEL SERVICIO DE AGUA POTABLE Y DISPOSICION SANITARIA DE EXCRETAS EN EL CENTRO POBLADO DE PARINARI, DISTRITO DE TENIENTE CESAR LOPEZ ROJAS, PROVINCIA DE ALTO AMAZONAS, DEPARTAMENTO DE LORETO",Cartera_260824-123814.xlsx,160211,,160211,,,EXTRAIDO_DESDE_NOMBRE,ALTA,RESUELTO,160211,Coincidencia exacta y única por nombre
2287088.0,"AMPLIACION Y MEJORAMIENTO DEL SERVICIO DE AGUA POTABLE E INSTALACION DEL SERVICIO DE SANEAMIENTO DEL CENTRO POBLADO RURAL DE BUENOS AIRES , DISTRITO DE POLVORA - TOCACHE - SAN MARTIN",Cartera_260824-123814.xlsx,221003,,221003,,,EXTRAIDO_DESDE_NOMBRE,ALTA,RESUELTO,221003,Coincidencia exacta y única por nombre
2235612.0,"INSTALACION DEL SERVICIO DE AGUA POTABLE Y SANEAMIENTO BASICO EN EL CASERIO SANTA RITA BAJA , DISTRITO DE CHAGLLA - PACHITEA - HUANUCO",Cartera_260824-123814.xlsx,100802,,100802,,,EXTRAIDO_DESDE_NOMBRE,ALTA,RESUELTO,100802,Coincidencia exacta y única por nombre
2202164.0,"MEJORAMIENTO Y AMPLIACION DEL SERVICIO DE AGUA POTABLE Y DISPOSICION DE EXCRETAS DE LA LOCALIDAD PROGRESO , DISTRITO DE ZAPATERO - LAMAS - SAN MARTIN",Cartera_260824-123814.xlsx,220511,,220511,,,EXTRAIDO_DESDE_NOMBRE,ALTA,RESUELTO,220511,Coincidencia exacta y única por nombre
2305526.0,"MEJORAMIENTO Y AMPLIACION DE LOS SERVICIOS DE AGUA POTABLE Y SANEAMIENTO DEL CENTRO POBLADO DE BAJO COLORADO (PLAYA OCULTA) , DISTRITO DE MADRE DE DIOS - MANU - MADRE DE DIOS",Cartera_260824-123814.xlsx,170203,,170203,,,EXTRAIDO_DESDE_NOMBRE,ALTA,RESUELTO,170203,Coincidencia exacta y única por nombre
2289942.0,"AMPLIACION Y MEJORAMIENTO DEL SISTEMA DE AGUA POTABLE E INSTALACION DEL SERVICIO DE SANEAMIENTO BASICO EN LA LOCALIDAD DE BELLA ALTA , DISTRITO DE MARIANO DAMASO BERAUN - LEONCIO PRADO - HUANUCO",Cartera_260824-123814.xlsx,100606,,100606,,,EXTRAIDO_DESDE_NOMBRE,ALTA,RESUELTO,100606,Coincidencia exacta y única por nombre
2268242.0,"MEJORAMIENTO Y AMPLIACION DEL SERVICIO DE AGUA POTABLE Y SANEAMIENTO BASICO EN EL CASERIO CASERIO HUASCAR , DISTRITO DE LUYANDO - LEONCIO PRADO - HUANUCO",Cartera_260824-123814.xlsx,100605,,100605,,,EXTRAIDO_DESDE_NOMBRE,ALTA,RESUELTO,100605,Coincidencia exacta y única por nombre
2276196.0,"INSTALACION DEL SERVICIO DE AGUA POTABLE Y SANEAMIENTO DEL CENTRO POBLADO RURAL DE LA FLORIDA , DISTRITO DE POLVORA - TOCACHE - SAN MARTIN",Cartera_260824-123814.xlsx,221003,,221003,,,EXTRAIDO_DESDE_NOMBRE,ALTA,RESUELTO,221003,Coincidencia exacta y única por nombre
2301624.0,"AMPLIACION Y MEJORAMIENTO DEL SERVICIO DE AGUA POTABLE Y SANEAMIENTO DEL CENTRO POBLADO HUAGALL , DISTRITO DE CALAMARCA - JULCAN - LA LIBERTAD",Cartera_260824-123814.xlsx,130502,,130502,,,EXTRAIDO_DESDE_NOMBRE,ALTA,RESUELTO,130502,Coincidencia exacta y única por nombre
2263918.0,"AMPLIACION Y MEJORAMIENTO DEL SERVICIO DE AGUA POTABLE E INSTALACION DEL SANEAMIENTO BASICO DE LA LOCALIDAD DE LICLIPAMPA , DISTRITO DE SAN BERNARDINO - SAN PABLO - CAJAMARCA",Cartera_260824-123814.xlsx,061202,,061202,,,EXTRAIDO_DESDE_NOMBRE,ALTA,RESUELTO,061202,Coincidencia exacta y única por nombre
2255198.0,"INSTALACION DE LOS SERVICIOS DE AGUA POTABLE Y DISPOSICION SANITARIA DE EXCRETAS EN EL CENTRO POBLADO DE SAN MIGUEL LA COCHA, DISTRITO DE JOSE CRESPO Y CASTILLO - LEONCIO PRADO - HUANUCO",Cartera_260824-123814.xlsx,,100604,100604,SI,SI,VALIDADO_PMI_POR_CUI,ALTA,RESUELTO,,Distrito JOSE CRESPO no encontrado en GPKG | Validado por PMI: JOSE CRESPO Y CASTILLO
2281005.0,"AMPLIACION Y MEJORAMIENTO DEL SERVICIO DE AGUA POTABLE E INSTALACION DEL SANEAMIENTO BASICO DE LA LOCALIDAD DE CASADEN , DISTRITO DE MAGDALENA - CAJAMARCA - CAJAMARCA",Cartera_260824-123814.xlsx,,060109,060109,SI,SI,VALIDADO_PMI_POR_CUI,ALTA,RESUELTO,"010112, 060109",Distrito MAGDALENA es ambiguo y no se extrajo provincia | Validado por PMI: MAGDALENA
2306013.0,"AMPLIACION Y MEJORAMIENTO DEL SERVICIO DE AGUA POTABLE E INSTALACION DE LOS SERVICIOS DE DISPOSICION SANITARIA DE EXCRETAS, ALCANTARILLADO Y TRATAMIENTO DE AGUAS RESIDUALES EN EL CENTRO POBLADO DE ULLUYMARCA , DISTRITO DE PAMPA HERMOSA - SATIPO - JUNIN",Cartera_260824-123814.xlsx,,120605,120605,SI,SI,VALIDADO_PMI_POR_CUI,ALTA,RESUELTO,"120605, 160604",Distrito PAMPA HERMOSA es ambiguo y no se extrajo provincia | Validado por PMI: PAMPA HERMOSA
2260525.0,"AMPLIACION Y MEJORAMIENTO DEL SERVICIO DE AGUA POTABLE E INSTALACION DEL SANEAMIENTO BASICO DE LA LOCALIDAD DE HUACAS ALTO , DISTRITO DE LAGUNAS - AYABACA - PIURA",Cartera_260824-123814.xlsx,,200204,200204,SI,SI,VALIDADO_PMI_POR_CUI,ALTA,RESUELTO,"140107, 160206, 200204",Distrito LAGUNAS es ambiguo y no se extrajo provincia | Validado por PMI: LAGUNAS
2338461.0,"MEJORAMIENTO Y AMPLIACIÓN DEL SISTEMA DE AGUA POTABLE Y CREACIÓN DE UNIDADES BÁSICAS DE SANEAMIENTO EN LAS LOCALIDADES DE  OYOCCOCHA, YURACC CANCHA, PISQUIRI, TOCCTO, RURUNMARCA Y CCASANCCA, DISTRITO DE CAJA - ACOBAMBA - HUANCAVELICA",Cartera_260824-123814.xlsx,090204,,090204,,,EXTRAIDO_DESDE_NOMBRE,ALTA,RESUELTO,090204,Coincidencia exacta y única por nombre
2268480.0,"AMPLIACION Y MEJORAMIENTO DEL SISTEMA DE AGUA POTABLE Y SANEAMIENTO BASICO EN EL CENTRO POBLADO EL DORADO , DISTRITO DE OMIA - RODRIGUEZ DE MENDOZA - AMAZONAS",Cartera_260824-123814.xlsx,010609,,010609,,,EXTRAIDO_DESDE_NOMBRE,ALTA,RESUELTO,010609,Coincidencia exacta y única por nombre
2286905.0,"AMPLIACION Y MEJORAMIENTO DEL SERVICIO DE AGUA POTABLE E INSTALACION DEL SANEAMIENTO BASICO DE LA LOCALIDAD DE LLADEN , DISTRITO DE LLAPA - SAN MIGUEL - CAJAMARCA",Cartera_260824-123814.xlsx,061107,,061107,,,EXTRAIDO_DESDE_NOMBRE,ALTA,RESUELTO,061107,Coincidencia exacta y única por nombre
2293516.0,"AMPLIACION Y MEJORAMIENTO DEL SERVICIO DE AGUA POTABLE E INSTALACION DEL SISTEMA DE SANEAMIENTO BASICO EN LA LOCALIDAD DE MENTUSHARI , DISTRITO DE LLAYLLA - SATIPO - JUNIN",Cartera_260824-123814.xlsx,120603,,120603,,,EXTRAIDO_DESDE_NOMBRE,ALTA,RESUELTO,120603,Coincidencia exacta y única por nombre
2279707.0,"MEJORAMIENTO Y AMPLIACION DEL SERVICIO DE AGUA POTABLE Y SANEAMIENTO EN EL CASERIO DE HUANACAURE , DISTRITO DE CHINCHAO - HUANUCO - HUANUCO",Cartera_260824-123814.xlsx,100103,,100103,,,EXTRAIDO_DESDE_NOMBRE,ALTA,RESUELTO,100103,Coincidencia exacta y única por nombre
2274336.0,"AMPLIACION Y MEJORAMIENTO DEL SERVICIO DE AGUA POTABLE E INSTALACION DEL SERVICIO DE SANEAMIENTO DEL CENTRO POBLADO DE SOLEDAD , DISTRITO DE PAJARILLO - MARISCAL CACERES - SAN MARTIN",Cartera_260824-123814.xlsx,220605,,220605,,,EXTRAIDO_DESDE_NOMBRE,ALTA,RESUELTO,220605,Coincidencia exacta y única por nombre
2293764.0,"AMPLIACION Y MEJORAMIENTO DEL SERVICIO DE AGUA POTABLE E INSTALACION DEL SANEAMIENTO BASICO EN LA LOCALIDAD DE SAN ANTONIO , DISTRITO DE CORTEGANA - CELENDIN - CAJAMARCA",Cartera_260824-123814.xlsx,060303,,060303,,,EXTRAIDO_DESDE_NOMBRE,ALTA,RESUELTO,060303,Coincidencia exacta y única por nombre
2275415.0,"INSTALACION DEL SERVICIO DE AGUA POTABLE Y SANEAMIENTO BASICO EN EL CASERIO DE PUEBLO NUEVO , DISTRITO DE TOURNAVISTA - PUERTO INCA - HUANUCO",Cartera_260824-123814.xlsx,100904,,100904,,,EXTRAIDO_DESDE_NOMBRE,ALTA,RESUELTO,100904,Coincidencia exacta y única por nombre
2460828.0,"MEJORAMIENTO Y AMPLIACION DEL SISTEMA DE AGUA POTABLE E INSTALACION DEL SISTEMA DE SANEAMIENTO BASICO EN  LAS  LOCALIDADES DE MOLLEPATA ,YUNCAYBAMBA,LORENSAYOCC Y CCACCE DEL  DISTRITO DE HUANCARAY - PROVINCIA DE ANDAHUAYLAS - DEPARTAMENTO DE APURIMAC",Cartera_260824-123814.xlsx,030205,,030205,,,EXTRAIDO_DESDE_NOMBRE,ALTA,RESUELTO,030205,Coincidencia exacta y única por nombre
2264206.0,"MEJORAMIENTO Y AMPLIACION DEL SERVICIO DE AGUA POTABLE Y SANEAMIENTO EN EL CENTRO POBLADO VILLA RICA, DISTRITO DE PARDO MIGUEL - RIOJA - SAN MARTIN",Cartera_260824-123814.xlsx,220805,,220805,,,EXTRAIDO_DESDE_NOMBRE,ALTA,RESUELTO,220805,Coincidencia exacta y única por nombre
2307926.0,"AMPLIACION Y MEJORAMIENTO DEL SERVICIO DE AGUA POTABLE E INSTALACION DEL SISTEMA DE DISPOSICION SANITARIA DE EXCRETAS, ALCANTARILLADO Y TRATAMIENTO DE AGUAS RESIDUALES EN EL CENTRO POBLADO DE CHALLHUAMAYO , DISTRITO DE LLAYLLA - SATIPO - JUNIN",Cartera_260824-123814.xlsx,120603,,120603,,,EXTRAIDO_DESDE_NOMBRE,ALTA,RESUELTO,120603,Coincidencia exacta y única por nombre
2258910.0,"AMPLIACION Y MEJORAMIENTO DE LOS SERVICIOS DE AGUA POTABLE, ALCANTARILLADO E INSTALACION DEL SERVICIO DE DISPOSICION SANITARIA DE EXCRETAS EN EL CASERIO COCHAS GRANDES , DISTRITO DE SAN JUAN - SIHUAS - ANCASH",Cartera_260824-123814.xlsx,,021909,021909,SI,SI,VALIDADO_PMI_POR_CUI,ALTA,RESUELTO,"021909, 090410, 050616, 060112",Distrito SAN JUAN es ambiguo y no se extrajo provincia | Validado por PMI: SAN JUAN
2251279.0,"MEJORAMIENTO Y AMPLIACION DEL SERVICIO DE AGUA POTABLE Y SANEAMIENTO EN EL CASERIO DE SANTA ROSA DE UCHUCHACA , DISTRITO DE CHINCHAO - HUANUCO - HUANUCO",Cartera_260824-123814.xlsx,100103,,100103,,,EXTRAIDO_DESDE_NOMBRE,ALTA,RESUELTO,100103,Coincidencia exacta y única por nombre
2251244.0,"MEJORAMIENTO Y AMPLIACION DEL SERVICIO DE AGUA POTABLE Y SANEAMIENTO BASICO DEL CENTRO POBLADO SUYO , DISTRITO DE LARES - CALCA - CUSCO",Cartera_260824-123814.xlsx,080404,,080404,,,EXTRAIDO_DESDE_NOMBRE,ALTA,RESUELTO,080404,Coincidencia exacta y única por nombre
2307916.0,"INSTALACION DEL SERVICIO DE AGUA POTABLE Y SANEAMIENTO DE LA LOCALIDAD DE PUERTO MIGUEL , DISTRITO DE FERNANDO LORES - MAYNAS - LORETO",Cartera_260824-123814.xlsx,160103,,160103,,,EXTRAIDO_DESDE_NOMBRE,ALTA,RESUELTO,160103,Coincidencia exacta y única por nombre
2263629.0,"INSTALACION DE LOS SISTEMAS DE AGUA POTABLE Y SANEAMIENTO PARA EL CENTRO POBLADO DE SAN MIGUEL DE CACAO, DISTRITO DE RAMON CASTILLA , PROVINCIA DE MARISCAL RAMON CASTILLA - LORETO",Cartera_260824-123814.xlsx,160401,,160401,,,EXTRAIDO_DESDE_NOMBRE,ALTA,RESUELTO,160401,Coincidencia exacta y única por nombre
2253228.0,"AMPLIACIÓN Y MEJORAMIENTO DEL SERVICIO DE AGUA POTABLE Y CREACIÓN DEL SERVICIO DE SANEAMIENTO EN LA LOCALIDAD PALO BLANCO, DISTRITO DE CHULUCANAS, PROVINCIA DE MORROPÓN, DEPARTAMENTO DE PIURA",Cartera_260824-123814.xlsx,200401,,200401,,,EXTRAIDO_DESDE_NOMBRE,ALTA,RESUELTO,200401,Coincidencia exacta y única por nombre
2307918.0,"INSTALACION DEL SERVICIO DE AGUA POTABLE Y SANEAMIENTO DE LA LOCALIDAD DE BELLO HORIZONTE , DISTRITO DE MAZAN - MAYNAS - LORETO",Cartera_260824-123814.xlsx,160106,,160106,,,EXTRAIDO_DESDE_NOMBRE,ALTA,RESUELTO,160106,Coincidencia exacta y única por nombre
2235566.0,"INSTALACION DEL SERVICIO DE AGUA POTABLE Y DISPOSICION SANITARIA DE EXCRETAS EN EL CENTRO POBLADO SAN PEDRO DE SHAURIATO, DISTRITO DE PICHANAQUI - CHANCHAMAYO - JUNIN",Cartera_260824-123814.xlsx,120303,,120303,,,EXTRAIDO_DESDE_NOMBRE,ALTA,RESUELTO,120303,Coincidencia exacta y única por nombre
2263617.0,"INSTALACIÓN DEL SERVICIO DE AGUA POTABLE Y DISPOSICIÓN SANITARIA DE EXCRETAS EN LA COMUNIDAD NATIVA DE APINIHUA, DISTRITO DE RAYMONDI, PROVINCIA DE ATALAYA, DEPARTAMENTO DE UCAYALI",Cartera_260824-123814.xlsx,,,,NO,NO,FALLIDO,BAJA,REVISAR_CONFLICTO,,Distrito RAYMONDI no encontrado en GPKG | Datos PMI no cruzaron con GPKG (RAYMONDI - ATALAYA)
2278984.0,"MEJORAMIENTO Y AMPLIACION DEL SERVICIO DE AGUA POTABLE Y DISPOSICION SANITARIA DE EXCRETAS EN EL CENTRO POBLADO UNION SANTA ROSA , DISTRITO DE PICHANAQUI - CHANCHAMAYO - JUNIN",Cartera_260824-123814.xlsx,120303,,120303,,,EXTRAIDO_DESDE_NOMBRE,ALTA,RESUELTO,120303,Coincidencia exacta y única por nombre
2251140.0,"AMPLIACION Y MEJORAMIENTO DEL SERVICIO DE AGUA POTABLE E INSTALACION DEL SANEAMIENTO DEL CENTRO POBLADO LA PENITA , DISTRITO DE LANCONES - SULLANA - PIURA",Cartera_260824-123814.xlsx,200604,,200604,,,EXTRAIDO_DESDE_NOMBRE,ALTA,RESUELTO,200604,Coincidencia exacta y única por nombre
2235727.0,MEJORAMIENTO Y AMPLIACIÓN DEL SERVICIO DE AGUA POTABLE E INSTALACIÓN DE DISPOSICION SANITARIA DE EXCRETAS EN EL CENTRO POBLADO DE SANTA ROSA DE ALTO ZOTANI DISTRITO DE PERENE- CHANCHAMAYO - JUNIN,Cartera_260824-123814.xlsx,,120302,120302,SI,SI,VALIDADO_PMI_POR_CUI,ALTA,RESUELTO,,Distrito PERENE- CHANCHAMAYO no encontrado en GPKG | Validado por PMI: PERENE
2269363.0,"INSTALACION DE LOS SISTEMAS DE AGUA POTABLE Y SANEAMIENTO PARA EL CENTRO POBLADO DE PUERTO ALEGRE, DISTRITO DE RAMON CASTILLA , PROVINCIA DE MARISCAL RAMON CASTILLA - LORETO",Cartera_260824-123814.xlsx,160401,,160401,,,EXTRAIDO_DESDE_NOMBRE,ALTA,RESUELTO,160401,Coincidencia exacta y única por nombre
2251083.0,"AMPLIACION Y MEJORAMIENTO DEL SERVICIO DE AGUA POTABLE E INSTALACION DEL SANEAMIENTO BASICO DE LA LOCALIDAD DE CENTRO SAN PEDRO , DISTRITO DE FRIAS - AYABACA - PIURA",Cartera_260824-123814.xlsx,200202,,200202,,,EXTRAIDO_DESDE_NOMBRE,ALTA,RESUELTO,200202,Coincidencia exacta y única por nombre
2259193.0,"MEJORAMIENTO Y AMPLIACION DEL SERVICIO DE AGUA POTABLE Y SANEAMIENTO BASICO EN EL CENTRO POBLADO PABLOYACU, DISTRITO DE MOYOBAMBA, PROVINCIA DE MOYOBAMBA, DEPARTAMENTO DE SAN MARTIN",Cartera_260824-123814.xlsx,220101,,220101,,,EXTRAIDO_DESDE_NOMBRE,ALTA,RESUELTO,220101,Coincidencia exacta y única por nombre
2264070.0,"AMPLIACION Y MEJORAMIENTO DEL SERVICIO DE AGUA POTABLE Y SANEAMIENTO DEL CENTRO POBLADO PASHAGON, DISTRITO DE HUAMACHUCO , PROVINCIA DE SANCHEZ CARRION - LA LIBERTAD",Cartera_260824-123814.xlsx,130901,,130901,,,EXTRAIDO_DESDE_NOMBRE,ALTA,RESUELTO,130901,Coincidencia exacta y única por nombre
2412106.0,CREACION DEL SERVICIO DE AGUA POTABLE Y DISPOSICIÓN SANITARIA DE EXCRETAS EN LA COMUNIDAD NATIVA DE PAMPA CAÑO DEL DISTRITO DE NAUTA - PROVINCIA DE LORETO - DEPARTAMENTO DE LORETO,Cartera_260824-123814.xlsx,160301,,160301,,,EXTRAIDO_DESDE_NOMBRE,ALTA,RESUELTO,160301,Coincidencia exacta y única por nombre
2260547.0,"INSTALACION DEL SERVICIO DE AGUA POTABLE Y SANEAMIENTO DE LA LOCALIDAD DE SARGENTO LORES , DISTRITO DE NAPO - MAYNAS - LORETO",Cartera_260824-123814.xlsx,160107,,160107,,,EXTRAIDO_DESDE_NOMBRE,ALTA,RESUELTO,160107,Coincidencia exacta y única por nombre
2301343.0,"AMPLIACION Y MEJORAMIENTO DEL SERVICIO DE AGUA POTABLE E INSTALACION DE LOS SERVICIOS DE DISPOSICION SANITARIA DE EXCRETAS, ALCANTARILLADO Y TRATAMIENTO DE AGUAS RESIDUALES EN EL CENTRO POBLADO DE PORTILLO ALTO , DISTRITO DE RIO NEGRO - SATIPO - JUNIN",Cartera_260824-123814.xlsx,120607,,120607,,,EXTRAIDO_DESDE_NOMBRE,ALTA,RESUELTO,120607,Coincidencia exacta y única por nombre
2235568.0,"INSTALACION DEL SERVICIO DE AGUA POTABLE Y DISPOSICION SANITARIA DE EXCRETAS EN EL CENTRO POBLADO RIO COLORADO , DISTRITO DE PICHANAQUI - CHANCHAMAYO - JUNIN",Cartera_260824-123814.xlsx,120303,,120303,,,EXTRAIDO_DESDE_NOMBRE,ALTA,RESUELTO,120303,Coincidencia exacta y única por nombre
2412113.0,CREACION DEL SERVICIO DE AGUA POTABLE Y DISPOSICIÓN SANITARIA DE EXCRETAS EN LA COMUNIDAD NATIVA DE SOLTERITOS DEL DISTRITO DE NAUTA - PROVINCIA DE LORETO - DEPARTAMENTO DE LORETO,Cartera_260824-123814.xlsx,160301,,160301,,,EXTRAIDO_DESDE_NOMBRE,ALTA,RESUELTO,160301,Coincidencia exacta y única por nombre
2280629.0,"MEJORAMIENTO Y AMPLIACIÓN DEL SERVICIO DE AGUA POTABLE Y DISPOSICIÓN SANITARIA DE EXCRETAS EN LA COMUNIDAD NATIVA DE SAPANI, DISTRITO DE RAYMONDI, PROVINCIA DE ATALAYA, DEPARTAMENTO DE UCAYALI",Cartera_260824-123814.xlsx,,,,NO,NO,FALLIDO,BAJA,REVISAR_CONFLICTO,,Distrito RAYMONDI no encontrado en GPKG | Datos PMI no cruzaron con GPKG (RAYMONDI - ATALAYA)
2301609.0,"INSTALACIÓN DEL SERVICIO DE AGUA POTABLE Y DISPOSICIÓN SANITARIA DE EXCRETAS EN LA COMUNIDAD NATIVA DE QUEMPOREQUISHI, DISTRITO DE RAYMONDI, PROVINCIA DE ATALAYA, DEPARTAMENTO DE UCAYALI",Cartera_260824-123814.xlsx,,,,NO,NO,FALLIDO,BAJA,REVISAR_CONFLICTO,,Distrito RAYMONDI no encontrado en GPKG | Datos PMI no cruzaron con GPKG (RAYMONDI - ATALAYA)
2235729.0,"MEJORAMIENTO Y AMPLIACION DEL SERVICIO DE AGUA POTABLE Y DISPOSICION SANITARIA DE EXCRETAS EN EL CENTRO POBLADO BAJO VILLA VICTORIA EN EL DISTRITO DE RIO NEGRO, PROVINCIA DE SATIPO, REGION JUNIN",Cartera_260824-123814.xlsx,120607,,120607,,,EXTRAIDO_DESDE_NOMBRE,ALTA,RESUELTO,120607,Coincidencia exacta y única por nombre
2235603.0,"MEJORAMIENTO Y AMPLIACION DEL SERVICIO DE AGUA POTABLE E INSTALACION DEL SANEAMIENTO BASICO DE LA LOCALIDAD DE SAN DIEGO , DISTRITO DE FRIAS - AYABACA - PIURA",Cartera_260824-123814.xlsx,200202,,200202,,,EXTRAIDO_DESDE_NOMBRE,ALTA,RESUELTO,200202,Coincidencia exacta y única por nombre
2200346.0,"INSTALACION DEL SERVICIO DE AGUA POTABLE Y DISPOSICION SANITARIA DE EXCRETAS EN LA COMUNIDAD NATIVA DE TZAVENTENI, DISTRITO DE RAYMONDI, PROVINCIA DE ATALAYA - UCAYALI",Cartera_260824-123814.xlsx,,,,NO,NO,FALLIDO,BAJA,REVISAR_CONFLICTO,,Distrito RAYMONDI no encontrado en GPKG | Datos PMI no cruzaron con GPKG (RAYMONDI - ATALAYA)
2256728.0,"MEJORAMIENTO Y AMPLIACION DEL SERVICIO DE AGUA POTABLE Y SANEAMIENTO BASICO EN EL CENTRO POBLADO LA LIBERTAD, DISTRITO DE MOYOBAMBA, PROVINCIA DE MOYOBAMBA, DEPARTAMENTO DE SAN MARTIN",Cartera_260824-123814.xlsx,220101,,220101,,,EXTRAIDO_DESDE_NOMBRE,ALTA,RESUELTO,220101,Coincidencia exacta y única por nombre
2202925.0,"AMPLIACION Y MEJORAMIENTO DEL SERVICIO DE AGUA POTABLE E INSTALACION DEL SANEAMIENTO BASICO DE LA LOCALIDAD DE EL HUILCO , DISTRITO DE AYABACA - AYABACA - PIURA",Cartera_260824-123814.xlsx,200201,,200201,,,EXTRAIDO_DESDE_NOMBRE,ALTA,RESUELTO,200201,Coincidencia exacta y única por nombre
2412109.0,CREACION DEL SERVICIO DE AGUA POTABLE Y DISPOSICIÓN SANITARIA DE EXCRETAS EN LA COMUNIDAD NATIVA DE NUEVO MIRAFLORES DEL DISTRITO DE NAUTA - PROVINCIA DE LORETO - DEPARTAMENTO DE LORETO,Cartera_260824-123814.xlsx,160301,,160301,,,EXTRAIDO_DESDE_NOMBRE,ALTA,RESUELTO,160301,Coincidencia exacta y única por nombre
2412104.0,CREACION DEL SERVICIO DE AGUA POTABLE Y DISPOSICIÓN SANITARIA DE EXCRETAS EN LA COMUNIDAD NATIVA DE ALIANZA DEL DISTRITO DE NAUTA - PROVINCIA DE LORETO - DEPARTAMENTO DE LORETO,Cartera_260824-123814.xlsx,160301,,160301,,,EXTRAIDO_DESDE_NOMBRE,ALTA,RESUELTO,160301,Coincidencia exacta y única por nombre
2303342.0,"AMPLIACION Y MEJORAMIENTO DEL SERVICIO DE AGUA POTABLE E INSTALACION DEL SERVICIO DE DISPOSICION SANITARIA DE EXCRETAS EN EL CENTRO POBLADO DE SAN MIGUEL DE MINIARO , DISTRITO DE PANGOA - SATIPO - JUNIN",Cartera_260824-123814.xlsx,120606,,120606,,,EXTRAIDO_DESDE_NOMBRE,ALTA,RESUELTO,120606,Coincidencia exacta y única por nombre
2279974.0,"AMPLIACION Y MEJORAMIENTO DEL SERVICIO DE AGUA POTABLE E INSTALACION DEL SANEAMIENTO BASICO DE LA LOCALIDAD DE TAZAJERAS , DISTRITO DE PACAIPAMPA - AYABACA - PIURA",Cartera_260824-123814.xlsx,200206,,200206,,,EXTRAIDO_DESDE_NOMBRE,ALTA,RESUELTO,200206,Coincidencia exacta y única por nombre
2200345.0,"INSTALACIÓN DEL SERVICIO DE AGUA POTABLE Y DISPOSICIÓN SANITARIA DE EXCRETAS EN LA COMUNIDAD NATIVA DE PITZA, DISTRITO DE RAYMONDI, PROVINCIA DE ATALAYA, DEPARTAMENTO DE UCAYALI",Cartera_260824-123814.xlsx,,,,NO,NO,FALLIDO,BAJA,REVISAR_CONFLICTO,,Distrito RAYMONDI no encontrado en GPKG | Datos PMI no cruzaron con GPKG (RAYMONDI - ATALAYA)
2235723.0,"AMPLIACION Y MEJORAMIENTO DEL SERVICIO DE AGUA POTABLE Y DISPOSICION SANITARIA DE EXCRETAS EN EL CENTRO POBLADO SANTA TERESITA , DISTRITO DE PANGOA - SATIPO - JUNIN",Cartera_260824-123814.xlsx,120606,,120606,,,EXTRAIDO_DESDE_NOMBRE,ALTA,RESUELTO,120606,Coincidencia exacta y única por nombre
2255709.0,"INSTALACIÓN DEL SERVICIO DE AGUA POTABLE Y DISPOSICIÓN SANITARIA DE EXCRETAS EN LA COMUNIDAD NATIVA DE MAJONTONI, DISTRITO DE RAYMONDI, PROVINCIA DE ATALAYA, DEPARTAMENTO DE UCAYALI",Cartera_260824-123814.xlsx,,,,NO,NO,FALLIDO,BAJA,REVISAR_CONFLICTO,,Distrito RAYMONDI no encontrado en GPKG | Datos PMI no cruzaron con GPKG (RAYMONDI - ATALAYA)
2260863.0,"AMPLIACION Y MEJORAMIENTO DEL SERVICIO DE AGUA POTABLE Y DISPOSICION SANITARIA DE EXCRETAS DE LA COMUNIDAD NATIVA DE VALLE SAMARIA, DISTRITO MAZAMARI, PROVINCIA SATIPO, DEPARTAMENTO DE JUNIN",Cartera_260824-123814.xlsx,,120604,120604,SI,SI,VALIDADO_PMI_POR_CUI,ALTA,RESUELTO,,"No se detectó patrón ""DISTRITO DE"" en el nombre | Validado por PMI: MAZAMARI"
2251333.0,"AMPLIACION Y MEJORAMIENTO DEL SERVICIO DE AGUA POTABLE Y DISPOSICION SANITARIA DE EXCRETAS EN EL CENTRO POBLADO CACHINGARANI , DISTRITO DE PANGOA - SATIPO - JUNIN",Cartera_260824-123814.xlsx,120606,,120606,,,EXTRAIDO_DESDE_NOMBRE,ALTA,RESUELTO,120606,Coincidencia exacta y única por nombre
2412108.0,CREACION DEL SERVICIO DE AGUA POTABLE Y DISPOSICIÓN SANITARIA DE EXCRETAS EN LA COMUNIDAD NATIVA DE LIBERTAD DE CHOROYACU DEL DISTRITO DE NAUTA - PROVINCIA DE LORETO - DEPARTAMENTO DE LORETO,Cartera_260824-123814.xlsx,160301,,160301,,,EXTRAIDO_DESDE_NOMBRE,ALTA,RESUELTO,160301,Coincidencia exacta y única por nombre
2266404.0,"INSTALACION DEL SERVICIO DE AGUA POTABLE Y SANEAMIENTO DEL CENTRO POBLADO TOPARPA , DISTRITO DE TAMBO GRANDE - PIURA - PIURA",Cartera_260824-123814.xlsx,200114,,200114,,,EXTRAIDO_DESDE_NOMBRE,ALTA,RESUELTO,200114,Coincidencia exacta y única por nombre
2412054.0,CREACION DEL SERVICIO DE AGUA POTABLE Y DISPOSICIÓN SANITARIA DE EXCRETAS EN LA COMUNIDAD NATIVA DE NUEVO LIMA DEL DISTRITO DE URARINAS - PROVINCIA DE LORETO - DEPARTAMENTO DE LORETO,Cartera_260824-123814.xlsx,160305,,160305,,,EXTRAIDO_DESDE_NOMBRE,ALTA,RESUELTO,160305,Coincidencia exacta y única por nombre
2593855.0,AMPLIACION DEL SERVICIO DE ALCANTARILLADO EN EL AA.HH ALTO MARCAVALLE   DISTRITO DE SANTA ROSA DE SACCO DE LA PROVINCIA DE YAULI DEL DEPARTAMENTO DE JUNIN,Cartera_260824-123814.xlsx,,120808,120808,SI,SI,VALIDADO_PMI_POR_CUI,ALTA,RESUELTO,,Distrito SANTA ROSA DE SACCO DE no encontrado en GPKG | Validado por PMI: SANTA ROSA DE SACCO
2254855.0,"INSTALACION DEL SERVICIO DE AGUA POTABLE Y SANEAMIENTO EN EL CENTRO POBLADO ALIANZA PROGRESO , DISTRITO DE RIO SANTIAGO - CONDORCANQUI - AMAZONAS",Cartera_260824-123814.xlsx,010403,,010403,,,EXTRAIDO_DESDE_NOMBRE,ALTA,RESUELTO,010403,Coincidencia exacta y única por nombre
2286250.0,"MEJORAMIENTO Y AMPLIACION DEL SISTEMA DE SANEAMIENTO BASICO Y TRATAMIENTO DE AGUAS RESIDUALES DE LA CIUDAD DE HUARI, DISTRITO DE HUARI, PROVINCIA DE HUARI - ANCASH",Cartera_260824-123814.xlsx,021001,,021001,,,EXTRAIDO_DESDE_NOMBRE,ALTA,RESUELTO,021001,Coincidencia exacta y única por nombre
2590437.0,MEJORAMIENTO Y AMPLIACION DE LOS SERVICIOS DE AGUA POTABLE Y ALCANTARILLADO EN LOS DISTRITOS DE CHIMBOTE Y NUEVO CHIMBOTE DE LA  PROVINCIA DE SANTA - DEPARTAMENTO DE ANCASH,Cartera_260824-123814.xlsx,,150122,,SI,NO,VALIDADO_PMI_POR_CUI,BAJA,REVISAR_CONFLICTO,,Múltiples distritos detectados en el nombre | Distrito PMI (MIRAFLORES) no encontrado en nombre de inversión
2700390.0,"MEJORAMIENTO Y AMPLIACION DE LA RED DE SERVICIO(S)  DE AGUA POTABLE RURAL Y  DE ALCANTARILLADO U OTRAS FORMAS DE DISPOSICIÓN SANITARIA DE EXCRETAS EN 4 SISTEMAS DE AGUA POTABLE Y/O  SISTEMA DE ALCANTARILLADO U OTRAS FORMAS DE DISPOSICIÓN SANITARIA   DE CENTRO POBLADO EL TINGO SECTOR 3, EL TINGO HUECO GRANDE, EL TINGO, LAS AGUILAS DISTRITO  HUALGAYOC PROVINCIA DE HUALGAYOC DEPARTAMENTO DE CAJAMARCA",Cartera_260824-123814.xlsx,,150122,,SI,NO,VALIDADO_PMI_POR_CUI,BAJA,REVISAR_CONFLICTO,,"No se detectó patrón ""DISTRITO DE"" en el nombre | Distrito PMI (MIRAFLORES) no encontrado en nombre de inversión"
2671439.0,MEJORAMIENTO Y AMPLIACION DEL SERVICIO DE AGUA POTABLE RURAL Y MEJORAMIENTO Y AMPLIACION DEL SERVICIO DE ALCANTARILLADO U OTRAS FORMAS DE DISPOSICIÓN SANITARIA DE EXCRETAS EN EL CENTRO POBLADO CONCHACOLLO   DISTRITO DE CHAMACA DE LA PROVINCIA DE CHUMBIVILCAS DEL DEPARTAMENTO DE CUSCO,Cartera_260824-123814.xlsx,,080703,080703,SI,SI,VALIDADO_PMI_POR_CUI,ALTA,RESUELTO,,Distrito CHAMACA DE no encontrado en GPKG | Validado por PMI: CHAMACA
2663252.0,MEJORAMIENTO DEL SERVICIO DE AGUA POTABLE RURAL Y CREACION DEL SERVICIO DE ALCANTARILLADO U OTRAS FORMAS DE DISPOSICIÓN SANITARIA DE EXCRETAS EN CASERIO PILANCONES   DISTRITO DE HUALGAYOC DE LA PROVINCIA DE HUALGAYOC DEL DEPARTAMENTO DE CAJAMARCA,Cartera_260824-123814.xlsx,,150122,,SI,NO,VALIDADO_PMI_POR_CUI,BAJA,REVISAR_CONFLICTO,,Distrito HUALGAYOC DE no encontrado en GPKG | Distrito PMI (MIRAFLORES) no encontrado en nombre de inversión
2706743.0,"MEJORAMIENTO Y AMPLIACION DEL SERVICIO DE TRATAMIENTO DE AGUAS RESIDUALES PARA DISPOSICIÓN FINAL Y MEJORAMIENTO DEL SERVICIO DE ALCANTARILLADO EN SERVICIO DE TRATAMIENTO DE AGUAS RESIDUALES PARA DISPOSICION FINAL , SERVICIO DE ALCANTARILLADO   DISTRITOS DE JULIACA, SAN MIGUEL DE LA PROVINCIA DE SAN ROMAN DEL DEPARTAMENTO DE PUNO",Cartera_260824-123814.xlsx,,150122,,SI,NO,VALIDADO_PMI_POR_CUI,BAJA,REVISAR_CONFLICTO,,Múltiples distritos detectados en el nombre | Distrito PMI (MIRAFLORES) no encontrado en nombre de inversión
2286606.0,"INSTALACION DEL SISTEMA DE AGUA POTABLE Y SANEAMIENTO BASICO EN LA LOCALIDAD SOLEDAD - SACHAVACA, DISTRITO DE MONZON - HUAMALIES - HUANUCO",Cartera_260824-123814.xlsx,100507,,100507,,,EXTRAIDO_DESDE_NOMBRE,ALTA,RESUELTO,100507,Coincidencia exacta y única por nombre
2311139.0,"MEJORAMIENTO Y AMPLIACION DEL SERVICIO DE AGUA POTABLE Y SANEAMIENTO EN EL CENTRO POBLADO PERLA DE DAGUAS, DISTRITO DE NUEVA CAJAMARCA, PROVINCIA DE RIOJA, DEPARTAMENTO DE SAN MARTIN",Cartera_260824-123814.xlsx,220804,,220804,,,EXTRAIDO_DESDE_NOMBRE,ALTA,RESUELTO,220804,Coincidencia exacta y única por nombre
2656700.0,MEJORAMIENTO DEL SERVICIO DE AGUA POTABLE URBANO EN LA ZONA NORTE DE LA CIUDAD DE CAJAMARCA   DISTRITO DE CAJAMARCA DE LA PROVINCIA DE CAJAMARCA DEL DEPARTAMENTO DE CAJAMARCA,Cartera_260824-123814.xlsx,,060101,060101,SI,SI,VALIDADO_PMI_POR_CUI,ALTA,RESUELTO,,Distrito CAJAMARCA DE no encontrado en GPKG | Validado por PMI: CAJAMARCA
2656903.0,MEJORAMIENTO DEL SERVICIO DE AGUA POTABLE URBANO EN LA ZONA ESTE DE LA CIUDAD DE CAJAMARCA   DISTRITO DE CAJAMARCA DE LA PROVINCIA DE CAJAMARCA DEL DEPARTAMENTO DE CAJAMARCA,Cartera_260824-123814.xlsx,,060101,060101,SI,SI,VALIDADO_PMI_POR_CUI,ALTA,RESUELTO,,Distrito CAJAMARCA DE no encontrado en GPKG | Validado por PMI: CAJAMARCA
2702568.0,"CONSTRUCCION DE LINEA DE CONDUCCION; EN EL(LA) R-1 CATA CATAS A CÁMARA DE REPARTO COSTA AZUL Y EMPALME EN PP.JJ. 18 DE MAYO  DISTRITO DE ILO, PROVINCIA ILO, DEPARTAMENTO MOQUEGUA",Cartera_260824-123814.xlsx,180301,,180301,,,EXTRAIDO_DESDE_NOMBRE,ALTA,RESUELTO,180301,Coincidencia exacta y única por nombre
2086631.0,MEDIDAS DE RAPIDO IMPACTO DE EMAPA HUACHO CIUDAD DE HUACHO,Cartera_260824-123814.xlsx,,,,NO,NO,FALLIDO,BAJA,REVISAR_CONFLICTO,,"No se detectó patrón ""DISTRITO DE"" en el nombre | Datos PMI no cruzaron con GPKG (- TODOS - - HUAURA)"
2201831.0,"AMPLIACION Y MEJORAMIENTO DEL SERVICIO DE AGUA POTABLE E INSTALACION DEL SISTEMA DE SANEAMIENTO BASICO DE LA LOCALIDAD DE AYANCOCHA ALTA , DISTRITO DE SAN RAFAEL - AMBO - HUANUCO",Cartera_260824-123814.xlsx,,100207,100207,SI,SI,VALIDADO_PMI_POR_CUI,ALTA,RESUELTO,"220206, 100207",Distrito SAN RAFAEL es ambiguo y no se extrajo provincia | Validado por PMI: SAN RAFAEL
2273336.0,"MEJORAMIENTO Y AMPLIACION DEL SERVICIO DE AGUA POTABLE Y SANEAMIENTO BASICO DEL CENTRO POBLADO PACCHA , DISTRITO DE VINCHOS - HUAMANGA - AYACUCHO",Cartera_260824-123814.xlsx,050114,,050114,,,EXTRAIDO_DESDE_NOMBRE,ALTA,RESUELTO,050114,Coincidencia exacta y única por nombre
2454786.0,"MEJORAMIENTO Y AMPLIACION DE LOS SERVICIOS DE AGUA POTABLE Y ALCANTARILLADO E INSTALACIÓN DE LA PLANTA DE TRATAMIENTO DE AGUA PARA LAS ASOCIACIONES CERRO BAUL, ALTO YACANGO, CERRO MEJIA, VILLA YACANGO Y ALTO MARAVILLAS DEL CENTRO POBLADO DE YACANGO DEL DISTRITO DE TORATA - PROVINCIA DE MARISCAL NIETO - DEPARTAMENTO DE MOQUEGUA",Cartera_260824-123814.xlsx,180106,,180106,,,EXTRAIDO_DESDE_NOMBRE,ALTA,RESUELTO,180106,Coincidencia exacta y única por nombre
2526696.0,"ADQUISICION DE TUBERIA; EN EL(LA) JR 20 DE ABRIL CUADRA 7, 8 Y 9 Y JR JUNIN CUADRA 7 Y 8 EN LA LOCALIDAD MOYOBAMBA, DISTRITO DE MOYOBAMBA, PROVINCIA MOYOBAMBA, DEPARTAMENTO SAN MARTIN",Cartera_260824-123814.xlsx,220101,,220101,,,EXTRAIDO_DESDE_NOMBRE,ALTA,RESUELTO,220101,Coincidencia exacta y única por nombre
2202923.0,"AMPLIACION Y MEJORAMIENTO DEL SERVICIO DE AGUA POTABLE Y SANEAMIENTO EN EL CENTRO POBLADO KUSU CHICO , DISTRITO DE EL CENEPA - CONDORCANQUI - AMAZONAS",Cartera_260824-123814.xlsx,010402,,010402,,,EXTRAIDO_DESDE_NOMBRE,ALTA,RESUELTO,010402,Coincidencia exacta y única por nombre
2264128.0,"AMPLIACION Y MEJORAMIENTO DEL SISTEMA DE AGUA POTABLE E INSTALACION DEL SERVICIO DE SANEAMIENTO BASICO DE LA LOCALIDAD DE EL PORVENIR, DISTRITO DE HUACRACHUCO , PROVINCIA DE MARANON - HUANUCO",Cartera_260824-123814.xlsx,100701,,100701,,,EXTRAIDO_DESDE_NOMBRE,ALTA,RESUELTO,100701,Coincidencia exacta y única por nombre
2251228.0,"MEJORAMIENTO Y AMPLIACIÓN DEL SERVICIO DE AGUA POTABLE E INSTALACIÓN DE ALCANTARILLADO DEL CENTRO POBLADO DE MAYAS (EL ALTO), DISTRITO DE CONCHUCOS, PROVINCIA DE PALLASCA, DEPARTAMENTO DE ANCASH",Cartera_260824-123814.xlsx,021503,,021503,,,EXTRAIDO_DESDE_NOMBRE,ALTA,RESUELTO,021503,Coincidencia exacta y única por nombre
2256070.0,"AMPLIACION Y MEJORAMIENTO DEL SERVICIO DE AGUA POTABLE Y SANEAMIENTO DEL CENTRO POBLADO DE VAQUERIA, DISTRITO DE HUAMACHUCO , PROVINCIA DE SANCHEZ CARRION - LA LIBERTAD",Cartera_260824-123814.xlsx,130901,,130901,,,EXTRAIDO_DESDE_NOMBRE,ALTA,RESUELTO,130901,Coincidencia exacta y única por nombre
2235533.0,"INSTALACION DEL SERVICIO DE AGUA POTABLE Y SANEAMIENTO BASICO EN LA LOCALIDAD DE ALTO CHILAC N 08 , DISTRITO DE HUASMIN - CELENDIN - CAJAMARCA",Cartera_260824-123814.xlsx,060304,,060304,,,EXTRAIDO_DESDE_NOMBRE,ALTA,RESUELTO,060304,Coincidencia exacta y única por nombre
2235604.0,"AMPLIACION Y MEJORAMIENTO DEL SERVICIO DE AGUA POTABLE E INSTALACION DEL SANEAMIENTO BASICO DE LA LOCALIDAD DE PEDREGAL DE MATALACAS, DISTRITO DE PACAIPAMPA - AYABACA - PIURA",Cartera_260824-123814.xlsx,200206,,200206,,,EXTRAIDO_DESDE_NOMBRE,ALTA,RESUELTO,200206,Coincidencia exacta y única por nombre
2276144.0,"MEJORAMIENTO Y AMPLIACION DEL SERVICIO DE AGUA POTABLE E INSTALACION DEL SERVICIO DE ALCANTARILLADO EN EL CENTRO POBLADO VALPARAISO , DISTRITO DE BAJO BIAVO - BELLAVISTA - SAN MARTIN",Cartera_260824-123814.xlsx,220203,,220203,,,EXTRAIDO_DESDE_NOMBRE,ALTA,RESUELTO,220203,Coincidencia exacta y única por nombre
2196728.0,"MEJORAMIENTO Y AMPLIACION DEL SERVICIO DE AGUA POTABLE Y SANEAMIENTO BASICO EN LA LOCALIDAD DE MACUACO , DISTRITO DE OYOTUN - CHICLAYO - LAMBAYEQUE",Cartera_260824-123814.xlsx,140110,,140110,,,EXTRAIDO_DESDE_NOMBRE,ALTA,RESUELTO,140110,Coincidencia exacta y única por nombre
2305789.0,"MEJORAMIENTO Y AMPLIACION DE LOS SERVICIOS DE AGUA POTABLE Y DISPOSICION SANITARIA DE EXCRETAS DE LA LOCALIDAD DE CHALLHUANI ALTO , DISTRITO DE ANCO_HUALLO - CHINCHEROS - APURIMAC",Cartera_260824-123814.xlsx,,030602,030602,SI,SI,VALIDADO_PMI_POR_CUI,ALTA,RESUELTO,,"No se detectó patrón ""DISTRITO DE"" en el nombre | Validado por PMI: ANCO_HUALLO"
2259053.0,"AMPLIACION Y MEJORAMIENTO DEL SERVICIO DE AGUA POTABLE E INSTALACION DEL SANEAMIENTO EN LA LOCALIDAD DE EL PALMO ALTO, DISTRITO DE QUEROCOTILLO - CUTERVO - CAJAMARCA",Cartera_260824-123814.xlsx,060607,,060607,,,EXTRAIDO_DESDE_NOMBRE,ALTA,RESUELTO,060607,Coincidencia exacta y única por nombre
2257228.0,"AMPLIACION Y MEJORAMIENTO DEL SERVICIO DE AGUA POTABLE E INSTALACION DE SANEAMIENTO DEL CENTRO POBLADO CASGABAMBA , DISTRITO DE SARIN - SANCHEZ CARRION - LA LIBERTAD",Cartera_260824-123814.xlsx,130907,,130907,,,EXTRAIDO_DESDE_NOMBRE,ALTA,RESUELTO,130907,Coincidencia exacta y única por nombre
2375732.0,"AMPLIACION Y MEJORAMIENTO DE LOS SERVICIOS DE AGUA POTABLE Y ALCANTARILLADO SANITARIO DE LA CIUDAD DE MAZUKO, DISTRITO DE INAMBARI - PROVINCIA DE TAMBOPATA - DEPARTAMENTO MADRE DE DIOS",Cartera_260824-123814.xlsx,170102,,170102,,,EXTRAIDO_DESDE_NOMBRE,ALTA,RESUELTO,170102,Coincidencia exacta y única por nombre
2202908.0,"MEJORAMIENTO Y AMPLIACIÓN DEL SERVICIO DE AGUA POTABLE Y DISPOSICIÓN SANITARIA DE EXCRETAS EN LA COMUNIDAD NATIVA DE OVIRI, DISTRITO DE RÍO TAMBO, PROVINCIA DE SATIPO, DEPARTAMENTO DE JUNÍN",Cartera_260824-123814.xlsx,120608,,120608,,,EXTRAIDO_DESDE_NOMBRE,ALTA,RESUELTO,120608,Coincidencia exacta y única por nombre
2329710.0,"MEJORAMIENTO Y AMPLIACION DE LOS SERVICIOS DE AGUA POTABLE Y DISPOSICION SANITARIA DE EXCRETAS DE LA LOCALIDAD DE BOMBOM , DISTRITO DE CHALLABAMBA - PAUCARTAMBO - CUSCO",Cartera_260824-123814.xlsx,081103,,081103,,,EXTRAIDO_DESDE_NOMBRE,ALTA,RESUELTO,081103,Coincidencia exacta y única por nombre
2265601.0,"MEJORAMIENTO Y AMPLIACION DEL SERVICIO DE AGUA POTABLE Y SANEAMIENTO BASICO DE LA CC.NN DE SEMPAYA , DISTRITO DE TAHUANIA - ATALAYA - UCAYALI",Cartera_260824-123814.xlsx,250203,,250203,,,EXTRAIDO_DESDE_NOMBRE,ALTA,RESUELTO,250203,Coincidencia exacta y única por nombre
2245653.0,"MEJORAMIENTO Y AMPLIACION DEL SERVICIO DE AGUA POTABLE Y SANEAMIENTO BASICO DE LA CC.NN DE TUPAC AMARU , DISTRITO DE TAHUANIA - ATALAYA - UCAYALI",Cartera_260824-123814.xlsx,250203,,250203,,,EXTRAIDO_DESDE_NOMBRE,ALTA,RESUELTO,250203,Coincidencia exacta y única por nombre
2254117.0,"AMPLIACION Y MEJORAMIENTO DE LOS SERVICIOS DE AGUA POTABLE Y SANEAMIENTO BÁSICO DEL CENTRO POBLADO  DE YANATILE, DISTRITO SANTA TERESA, PROVINCIA DE LA CONVENCIÓN, DEPARTAMENTO CUSCO",Cartera_260824-123814.xlsx,,080908,080908,SI,SI,VALIDADO_PMI_POR_CUI,ALTA,RESUELTO,,"No se detectó patrón ""DISTRITO DE"" en el nombre | Validado por PMI: SANTA TERESA"
2268511.0,"MEJORAMIENTO Y AMPLIACION DEL SERVICIO DE AGUA POTABLE Y SANEAMIENTO BASICO EN EL CASERIO HONOLULU , DISTRITO DE MARIANO DAMASO BERAUN - LEONCIO PRADO - HUANUCO",Cartera_260824-123814.xlsx,100606,,100606,,,EXTRAIDO_DESDE_NOMBRE,ALTA,RESUELTO,100606,Coincidencia exacta y única por nombre
2269265.0,"INSTALACION DEL SERVICIO DE AGUA POTABLE Y SANEAMIENTO EN EL CENTRO POBLADO DE EL GUINEAL, DISTRITO DE JEPELACIO, PROVINCIA DE MOYOBAMBA, DEPARTAMENTO DE SAN MARTIN",Cartera_260824-123814.xlsx,220104,,220104,,,EXTRAIDO_DESDE_NOMBRE,ALTA,RESUELTO,220104,Coincidencia exacta y única por nombre
2546995.0,MEJORAMIENTO Y AMPLIACION DE REDES DE AGUA POTABLE Y ALCANTARILLADO EN EL CERCADO DE LA CIUDAD DE ICA (CUADRANTE: AV. CUTERVO - AV. J.J.  ELIAS - AV. ARENALES - AV. F. L. ARRECHUA - RIO ICA)  DISTRITO DE ICA - PROVINCIA DE ICA - DEPARTAMENTO DE ICA,Cartera_260824-123814.xlsx,110101,,110101,,,EXTRAIDO_DESDE_NOMBRE,ALTA,RESUELTO,110101,Coincidencia exacta y única por nombre
2620553.0,"RENOVACION DE RED DE ALCANTARILLADO Y BUZON; EN EL(LA) SISTEMA DE ALCANTARILLADO EN LA AV. RAMIRO PRIALE ENTRE JR. SANTA ROSA DE LIMA Y AV. LAS BEGONIAS  DISTRITO DE PAITA, PROVINCIA PAITA, DEPARTAMENTO PIURA",Cartera_260824-123814.xlsx,200501,,200501,,,EXTRAIDO_DESDE_NOMBRE,ALTA,RESUELTO,200501,Coincidencia exacta y única por nombre
2257003.0,"AMPLIACION Y MEJORAMIENTO DEL SERVICIO DE AGUA POTABLE E INSTALACION DEL SANEAMIENTO DEL CENTRO POBLADO DURAN , DISTRITO DE LANCONES - SULLANA - PIURA",Cartera_260824-123814.xlsx,200604,,200604,,,EXTRAIDO_DESDE_NOMBRE,ALTA,RESUELTO,200604,Coincidencia exacta y única por nombre
2651576.0,"CONSTRUCCION DE ESTACION DE BOMBEO DE AGUA Y RESERVORIO; EN EL(LA) SISTEMA DE AGUA POTABLE DE LA LOCALIDAD DE LOS ÓRGANOS Y MÁNCORA  DISTRITO DE MANCORA, PROVINCIA TALARA, DEPARTAMENTO PIURA",Cartera_260824-123814.xlsx,200706,,200706,,,EXTRAIDO_DESDE_NOMBRE,ALTA,RESUELTO,200706,Coincidencia exacta y única por nombre
2656637.0,"ADQUISICION DE EQUIPO DE BOMBEO; EN EL(LA) SISTEMA DE ALCANTARILLADO DE LA EBAR EL CORTIJO AH. MIGUEL CORTES DISTRITO DE CASTILLA, PROVINCIA PIURA, DEPARTAMENTO PIURA",Cartera_260824-123814.xlsx,200104,,200104,,,EXTRAIDO_DESDE_NOMBRE,ALTA,RESUELTO,200104,Coincidencia exacta y única por nombre
2707542.0,MEJORAMIENTO DEL SERVICIO DE AGUA POTABLE URBANO EN RESERVORIO ATARJEA DEL SISTEMA DE ABASTECIMIENTO DE AGUA POTABLE DEL SECTOR ATARJEA  DE CENTRO POBLADO BARRANCA DISTRITO DE BARRANCA DE LA PROVINCIA DE BARRANCA DEL DEPARTAMENTO DE LIMA,Cartera_260824-123814.xlsx,,150201,150201,SI,SI,VALIDADO_PMI_POR_CUI,ALTA,RESUELTO,,Distrito BARRANCA DE no encontrado en GPKG | Validado por PMI: BARRANCA
2542484.0,MEJORAMIENTO Y AMPLIACION DE LAS REDES DE ALCANTARILLADO EN LA PROLONGACION GRAU DEL DISTRITO DE PARCONA - PROVINCIA DE ICA - DEPARTAMENTO DE ICA,Cartera_260824-123814.xlsx,110106,,110106,,,EXTRAIDO_DESDE_NOMBRE,ALTA,RESUELTO,110106,Coincidencia exacta y única por nombre
2285885.0,"MEJORAMIENTO Y AMPLIACION DE LOS SERVICIOS DE AGUA POTABLE Y DISPOSICION SANITARIA DE EXCRETAS DE LA LOCALIDAD DE CHIMPAYANAMA , DISTRITO DE OCONGATE - QUISPICANCHI - CUSCO",Cartera_260824-123814.xlsx,081210,,081210,,,EXTRAIDO_DESDE_NOMBRE,ALTA,RESUELTO,081210,Coincidencia exacta y única por nombre
2190201.0,"MEJORAMIENTO Y AMPLIACION DE LOS SERVICIOS DE AGUA POTABLE Y DESAGÜE EN LA CIUDAD DE MACUSANI, DISTRITO DE MACUSANI, PROVINCIA DE CARABAYA - PUNO",Cartera_260824-123814.xlsx,210301,,210301,,,EXTRAIDO_DESDE_NOMBRE,ALTA,RESUELTO,210301,Coincidencia exacta y única por nombre
2650341.0,"RENOVACION DE VALVULA DE CONTROL Y GRIFO CONTRA INCENDIO; CONSTRUCCION DE CÁMARA DE VÁLVULAS; EN EL(LA) SISTEMA DE AGUA POTABLE  REDES DE DISTRIBUCION  DISTRITO DE HUANUCO, PROVINCIA HUANUCO, DEPARTAMENTO HUANUCO",Cartera_260824-123814.xlsx,100101,,100101,,,EXTRAIDO_DESDE_NOMBRE,ALTA,RESUELTO,100101,Coincidencia exacta y única por nombre
2330786.0,"MEJORAMIENTO Y AMPLIACION DEL SERVICIO DE AGUA POTABLE E INSTALACIÓN DE UNIDADES BÁSICAS DE SANEAMIENTO EN EL CASERIO DE TAHONA ALTA, DISTRITO DE HUALGAYOC - HUALGAYOC - CAJAMARCA",Cartera_260824-123814.xlsx,060703,,060703,,,EXTRAIDO_DESDE_NOMBRE,ALTA,RESUELTO,060703,Coincidencia exacta y única por nombre
2472850.0,"CONSTRUCCION DE LÍNEA DE CONDUCCIÓN; EN EL(LA) PTAP BILLINGHURTS Y SISTEMA DE AGUA POTABLE EL TRIUNFO EN LA LOCALIDAD TRIUNFO, DISTRITO DE LAS PIEDRAS, PROVINCIA TAMBOPATA, DEPARTAMENTO MADRE DE DIOS",Cartera_260824-123814.xlsx,170103,,170103,,,EXTRAIDO_DESDE_NOMBRE,ALTA,RESUELTO,170103,Coincidencia exacta y única por nombre
2589176.0,"REPARACION DE LINEA DE CONDUCCION; EN EL(LA) SECTOR DE ALTO ILO, CHALACA,NYLON SAN PEDRO Y ARENAL,  DISTRITO DE ILO, PROVINCIA ILO, DEPARTAMENTO MOQUEGUA",Cartera_260824-123814.xlsx,180301,,180301,,,EXTRAIDO_DESDE_NOMBRE,ALTA,RESUELTO,180301,Coincidencia exacta y única por nombre
2202464.0,"INSTALACION DE LOS SERVICIOS DE AGUA POTABLE, DISPOSICIÓN SANITARIA DE EXCRETAS Y DE AGUAS GRISES DE LA COMUNIDAD NATIVA DE COCHA VERDE, DISTRITO DE IMAZA, PROVINCIA DE BAGUA, DEPARTAMENTO DE AMAZONAS",Cartera_260824-123814.xlsx,010205,,010205,,,EXTRAIDO_DESDE_NOMBRE,ALTA,RESUELTO,010205,Coincidencia exacta y única por nombre
2556742.0,"MEJORAMIENTO Y AMPLIACION DE LA CÁMARAS DE BOMBEO NUEVA ESPERANZA I Y SAN JOAQUÍN EN LA URB. SAN JOAQUÍN,  DISTRITO DE ICA - PROVINCIA DE ICA - DEPARTAMENTO DE ICA",Cartera_260824-123814.xlsx,110101,,110101,,,EXTRAIDO_DESDE_NOMBRE,ALTA,RESUELTO,110101,Coincidencia exacta y única por nombre
2678427.0,"ADQUISICION DE SISTEMA SCADA; EN EL(LA) ÁMBITO DE LA EPS SEDALIB S.A.-  DISTRITO DE TRUJILLO, PROVINCIA TRUJILLO, DEPARTAMENTO LA LIBERTAD",Cartera_260824-123814.xlsx,130101,,130101,,,EXTRAIDO_DESDE_NOMBRE,ALTA,RESUELTO,130101,Coincidencia exacta y única por nombre
2168156.0,"AMPLIACION Y MEJORAMIENTO DEL SISTEMA DE AGUA E INSTALACION DE UNIDADES BASICAS DE SANEAMIENTO DE LA LOCALIDAD DE CCORIPAMPA , DISTRITO DE CURAHUASI - ABANCAY - APURIMAC",Cartera_260824-123814.xlsx,030104,,030104,,,EXTRAIDO_DESDE_NOMBRE,ALTA,RESUELTO,030104,Coincidencia exacta y única por nombre
2461093.0,"CONSTRUCCION DE POZO; EN EL(LA) CAPTACIÓN DE AGUA SUBTERRÁNEA SECTOR LA ATARJEA DISTRITO DE BARRANCA, PROVINCIA BARRANCA, DEPARTAMENTO LIMA",Cartera_260824-123814.xlsx,,150201,150201,SI,SI,VALIDADO_PMI_POR_CUI,ALTA,RESUELTO,"160701, 150201",Distrito BARRANCA es ambiguo y no se extrajo provincia | Validado por PMI: BARRANCA
2189368.0,"REHABILITACION Y MEJORAMIENTO DE LAS REDES DE AGUA POTABLE, ALCANTARILLADO Y CONEXIONES DOMICILIARIAS DEL AGRUPAMIENTO CESAR VALLEJO, DISTRITO Y PROVINCIA DE ILO, REGION MOQUEGUA",Cartera_260824-123814.xlsx,,180301,180301,SI,SI,VALIDADO_PMI_POR_CUI,ALTA,RESUELTO,,"No se detectó patrón ""DISTRITO DE"" en el nombre | Validado por PMI: ILO"
2733989.0,"RENOVACION DE RED PRIMARIA Y RED SECUNDARIA; ADQUISICION DE EQUIPOS ELECTROMECANICOS Y SISTEMA DE CONDUCCION; ADEMÁS DE OTROS ACTIVOS EN EL(LA) CAPTACION PUENTE VIEJO  DISTRITO DE TUMBES, PROVINCIA TUMBES, DEPARTAMENTO TUMBES",Cartera_260824-123814.xlsx,240101,,240101,,,EXTRAIDO_DESDE_NOMBRE,ALTA,RESUELTO,240101,Coincidencia exacta y única por nombre
2516067.0,CREACION DEL SISTEMA SCADA  PARA EL SISTEMA DE DISTRIBUCION DEL SERVICIO DE AGUA POTABLE  DE SEDAPAR S.A. EN 18 DISTRITOS DE LA PROVINCIA DE AREQUIPA - DEPARTAMENTO DE AREQUIPA,Cartera_260824-123814.xlsx,,,,NO,NO,FALLIDO,BAJA,REVISAR_CONFLICTO,,Múltiples distritos detectados en el nombre | Datos PMI no cruzaron con GPKG (- TODOS - - AREQUIPA)
2307905.0,"MEJORAMIENTO Y AMPLIACION DEL SERVICIO DE AGUA POTABLE E INSTALACION DEL SANEAMIENTO EN LA LOCALIDAD DE GRAMALOTILLO , DISTRITO DE SANTA CRUZ - CUTERVO - CAJAMARCA",Cartera_260824-123814.xlsx,,060611,060611,SI,SI,VALIDADO_PMI_POR_CUI,ALTA,RESUELTO,"021208, 060611, 061301, 110404, 160210",Distrito SANTA CRUZ es ambiguo y no se extrajo provincia | Validado por PMI: SANTA CRUZ
2235801.0,"INSTALACION DE LOS SERVICIOS DE AGUA POTABLE, DISPOSICION SANITARIA DE EXCRETAS Y DE AGUAS GRISES EN LA COMUNIDAD NATIVA DE KUSU KUNCHIN, DISTRITO DE IMAZA, PROVINCIA DE BAGUA, DEPARTAMENTO DE AMAZONAS",Cartera_260824-123814.xlsx,010205,,010205,,,EXTRAIDO_DESDE_NOMBRE,ALTA,RESUELTO,010205,Coincidencia exacta y única por nombre
2289969.0,"MEJORAMIENTO Y AMPLIACION DEL SERVICIO DE AGUA POTABLE E INSTALACION DEL SANEAMIENTO EN LA LOCALIDAD DE CADMALCA ALTO, DISTRITO DE LAJAS - CHOTA - CAJAMARCA",Cartera_260824-123814.xlsx,060410,,060410,,,EXTRAIDO_DESDE_NOMBRE,ALTA,RESUELTO,060410,Coincidencia exacta y única por nombre
2274713.0,"MEJORAMIENTO Y AMPLIACION DEL SERVICIO DE AGUA POTABLE Y SANEAMIENTO BASICO EN EL CENTRO POBLADO DE COARITA , DISTRITO DE PARATIA - LAMPA - PUNO",Cartera_260824-123814.xlsx,210707,,210707,,,EXTRAIDO_DESDE_NOMBRE,ALTA,RESUELTO,210707,Coincidencia exacta y única por nombre
2553270.0,MEJORAMIENTO Y AMPLIACION DEL COLECTOR PRINCIPAL DE 800MM DE LA AV. SIETE  DISTRITO DE LOS AQUIJES - PROVINCIA DE ICA - DEPARTAMENTO DE ICA,Cartera_260824-123814.xlsx,110103,,110103,,,EXTRAIDO_DESDE_NOMBRE,ALTA,RESUELTO,110103,Coincidencia exacta y única por nombre
2601955.0,MEJORAMIENTO Y AMPLIACION DEL SERVICIO DE AGUA POTABLE RURAL Y MEJORAMIENTO Y AMPLIACION DEL SERVICIO DE ALCANTARILLADO U OTRAS FORMAS DE DISPOSICIÓN SANITARIA DE EXCRETAS EN LA LOCALIDAD DE RODEO   DISTRITO DE PUTIS DE LA PROVINCIA DE HUANTA DEL DEPARTAMENTO DE AYACUCHO,Cartera_260824-123814.xlsx,,050413,050413,SI,SI,VALIDADO_PMI_POR_CUI,ALTA,RESUELTO,,Distrito PUTIS DE no encontrado en GPKG | Validado por PMI: PUTIS
2555270.0,"CONSTRUCCION DE CERCO PERIMETRICO; EN EL(LA) EMPRESA PRESTADORA DE SERVICIOS DE AGUA POTABLE Y ALCANTARILLADO DE BAGUA.  DISTRITO DE BAGUA, PROVINCIA BAGUA, DEPARTAMENTO AMAZONAS",Cartera_260824-123814.xlsx,010201,,010201,,,EXTRAIDO_DESDE_NOMBRE,ALTA,RESUELTO,010201,Coincidencia exacta y única por nombre
2726034.0,"REMODELACION DE GALERIA FILTRANTE; EN EL(LA) CAPTACION SUBTERRANEA DEL RIO PISCO, GALERIA FILTRANTE ALBERTO TOGUCHI,  DISTRITO DE HUMAY, PROVINCIA PISCO, DEPARTAMENTO ICA",Cartera_260824-123814.xlsx,110503,,110503,,,EXTRAIDO_DESDE_NOMBRE,ALTA,RESUELTO,110503,Coincidencia exacta y única por nombre
2307910.0,"MEJORAMIENTO Y AMPLIACION DEL SERVICIO DE AGUA POTABLE Y SANEAMIENTO BASICO DEL CENTRO POBLADO DE RUKUS , DISTRITO DE CHUPA - AZANGARO - PUNO",Cartera_260824-123814.xlsx,210206,,210206,,,EXTRAIDO_DESDE_NOMBRE,ALTA,RESUELTO,210206,Coincidencia exacta y única por nombre
2235895.0,"MEJORAMIENTO Y AMPLIACION DEL SERVICIO DE AGUA POTABLE E INSTALACION DE LA DISPOSICION SANITARIA DE EXCRETAS Y DE AGUAS GRISES EN LA COMUNIDAD NATIVA DE ALTO SHIMUTAS, DISTRITO DE IMAZA, PROVINCIA DE BAGUA, DEPARTAMENTO DE AMAZONAS",Cartera_260824-123814.xlsx,010205,,010205,,,EXTRAIDO_DESDE_NOMBRE,ALTA,RESUELTO,010205,Coincidencia exacta y única por nombre
2403509.0,MEJORAMIENTO Y AMPLIACION DE LOS SISTEMAS DE AGUA POTABLE Y ALCANTARILLADO DEL ESQUEMA PUCUSANA  DISTRITO DE PUCUSANA - PROVINCIA DE LIMA - DEPARTAMENTO DE LIMA,Cartera_260824-123814.xlsx,150124,,150124,,,EXTRAIDO_DESDE_NOMBRE,ALTA,RESUELTO,150124,Coincidencia exacta y única por nombre
2235802.0,"INSTALACION DE LOS SERVICIOS DE AGUA POTABLE, DISPOSICION SANITARIA DE EXCRETAS Y DE AGUAS GRISES EN LA COMUNIDAD NATIVA DE SUKUTIN, DISTRITO DE IMAZA, PROVINCIA DE BAGUA, DEPARTAMENTO DE AMAZONAS",Cartera_260824-123814.xlsx,010205,,010205,,,EXTRAIDO_DESDE_NOMBRE,ALTA,RESUELTO,010205,Coincidencia exacta y única por nombre
2394369.0,"MEJORAMIENTO Y AMPLIACION DEL SISTEMA DE AGUA POTABLE Y ALCANTARILLADO SANITARIO DE LOS SECTORES MOLINOPATA BAJA, SANTA ROSA, VALLE REAL, RINCONCITO ABANQUINO Y AMANCAES DEL DISTRITO DE ABANCAY - PROVINCIA DE ABANCAY - DEPARTAMENTO DE APURIMAC",Cartera_260824-123814.xlsx,030101,,030101,,,EXTRAIDO_DESDE_NOMBRE,ALTA,RESUELTO,030101,Coincidencia exacta y única por nombre
2330637.0,"MEJORAMIENTO Y AMPLIACIÓN DEL SERVICIO DE AGUA POTABLE Y SANEAMIENTO EN LA CC.NN PAICHE PLAYA DISTRITO DE EL TIGRE, PROVINCIA DE LORETO, REGIÓN DE LORETO",Cartera_260824-123814.xlsx,,160303,160303,SI,SI,VALIDADO_PMI_POR_CUI,ALTA,RESUELTO,,Distrito EL TIGRE no encontrado en GPKG | Validado por PMI: TIGRE
2168151.0,"AMPLIACION Y MEJORAMIENTO DEL SISTEMA DE AGUA E INSTALACION DE UNIDADES BASICAS DE SANEAMIENTO DE LA LOCALIDAD DE ASMAYACU , DISTRITO DE CURAHUASI - ABANCAY - APURIMAC",Cartera_260824-123814.xlsx,030104,,030104,,,EXTRAIDO_DESDE_NOMBRE,ALTA,RESUELTO,030104,Coincidencia exacta y única por nombre
2278252.0,AMPLIACION DEL SISTEMA DE ALCANTARILLADO 4 DISTRITOS DE LA PROVINCIA DE CUSCO - DEPARTAMENTO DE CUSCO,Cartera_260824-123814.xlsx,,,,NO,NO,FALLIDO,BAJA,REVISAR_CONFLICTO,,Múltiples distritos detectados en el nombre | Datos PMI no cruzaron con GPKG (- TODOS - - CUSCO)
2300357.0,"MEJORAMIENTO Y AMPLIACION DEL SERVICIO DE AGUA POTABLE Y ALCANTARILLADO DEL CENTRO POBLADO DE MACHUPICCHU, DISTRITO DE MACHUPICCHU - URUBAMBA - CUSCO",Cartera_260824-123814.xlsx,081304,,081304,,,EXTRAIDO_DESDE_NOMBRE,ALTA,RESUELTO,081304,Coincidencia exacta y única por nombre
2712712.0,"ADQUISICION DE EQUIPO ELECTROMECANICO DE ESTACION Y TABLEROS DE DISTRIBUCIÓN DE BAJA TENSIÓN ; RENOVACION DE POZO; EN EL(LA) POZO CAJUCA III  DISTRITO DE NASCA, PROVINCIA NASCA, DEPARTAMENTO ICA",Cartera_260824-123814.xlsx,110301,,110301,,,EXTRAIDO_DESDE_NOMBRE,ALTA,RESUELTO,110301,Coincidencia exacta y única por nombre
2202570.0,"MEJORAMIENTO Y AMPLIACION DEL SERVICIO DE AGUA POTABLE E INSTALACIÓN DE LA DISPOSICIÓN SANITARIA DE EXCRETAS Y DE AGUAS GRISES EN LA COMUNIDAD NATIVA DE CENTRO WAWIK, DISTRITO DE IMAZA, PROVINCIA DE BAGUA, DEPARTAMENTO DE AMAZONAS",Cartera_260824-123814.xlsx,010205,,010205,,,EXTRAIDO_DESDE_NOMBRE,ALTA,RESUELTO,010205,Coincidencia exacta y única por nombre
2574054.0,"ADQUISICION DE EQUIPO ELECTROMECANICO DE ESTACION Y TABLEROS DE DISTRIBUCIÓN DE BAJA TENSIÓN ; RENOVACION DE POZO; EN EL(LA) POZO DE PRODUCCIÓN DE AGUA LAS CASUARINAS,  DISTRITO DE ICA, PROVINCIA ICA, DEPARTAMENTO ICA",Cartera_260824-123814.xlsx,110101,,110101,,,EXTRAIDO_DESDE_NOMBRE,ALTA,RESUELTO,110101,Coincidencia exacta y única por nombre
2282902.0,"MEJORAMIENTO Y AMPLIACIÓN DE LOS SERVICIOS DE AGUA POTABLE Y SANEAMIENTO DE LA COMUNIDAD NATIVA DE YOMIBATO, DISTRITO DE FITZCARRALD, PROVINCIA DE MANU - MADRE DE DIOS",Cartera_260824-123814.xlsx,170202,,170202,,,EXTRAIDO_DESDE_NOMBRE,ALTA,RESUELTO,170202,Coincidencia exacta y única por nombre
2645646.0,"CONSTRUCCION DE TUBERIA Y BUZON; EN EL(LA) SISTEMA DE ALCANTARILLADO EN LA AV. GRAU HASTA LA EBAR 02  DISTRITO DE MANCORA, PROVINCIA TALARA, DEPARTAMENTO PIURA",Cartera_260824-123814.xlsx,200706,,200706,,,EXTRAIDO_DESDE_NOMBRE,ALTA,RESUELTO,200706,Coincidencia exacta y única por nombre
2200858.0,"AMPLIACION Y MEJORAMIENTO DEL SERVICIO DE AGUA POTABLE E INSTALACION DE DISPOSICION SANITARIA DE EXCRETAS EN EL CENTRO POBLADO DE SANGAMAYOC , DISTRITO DE BARRANQUITA - LAMAS - SAN MARTIN",Cartera_260824-123814.xlsx,220503,,220503,,,EXTRAIDO_DESDE_NOMBRE,ALTA,RESUELTO,220503,Coincidencia exacta y única por nombre
2572498.0,"ADQUISICION DE EQUIPO ELECTROMECANICO DE ESTACION Y TABLEROS DE DISTRIBUCIÓN DE BAJA TENSIÓN ; RENOVACION DE POZO; EN EL(LA) POZO DE PRODUCCION DE AGUA SANTA MARIA,  DISTRITO DE ICA, PROVINCIA ICA, DEPARTAMENTO ICA",Cartera_260824-123814.xlsx,110101,,110101,,,EXTRAIDO_DESDE_NOMBRE,ALTA,RESUELTO,110101,Coincidencia exacta y única por nombre
2235418.0,"MEJORAMIENTO Y AMPLIACION DEL SERVICIO DE AGUA POTABLE E INSTALACIÓN DE LA DISPOSICIÓN SANITARIA DE EXCRETAS Y DE AGUAS GRISES EN LA COMUNIDAD NATIVA DE NUEVO BELÉN, DISTRITO DE IMAZA, PROVINCIA DE BAGUA, DEPARTAMENTO DE AMAZONAS",Cartera_260824-123814.xlsx,010205,,010205,,,EXTRAIDO_DESDE_NOMBRE,ALTA,RESUELTO,010205,Coincidencia exacta y única por nombre
2593620.0,"RENOVACION DE RED DE DISTRIBUCION Y RED DE ALCANTARILLADO; EN EL(LA) SISTEMA DE AGUA POTABLE Y ALCANTARILLADO CALLE UGARTE CDRA. DIEZ ENTRE LA CALLE CALLAO Y CALLE PIURA DISTRITO DE SULLANA, PROVINCIA SULLANA, DEPARTAMENTO PIURA",Cartera_260824-123814.xlsx,200601,,200601,,,EXTRAIDO_DESDE_NOMBRE,ALTA,RESUELTO,200601,Coincidencia exacta y única por nombre
2705267.0,"CONSTRUCCION DE LINEA DE IMPULSION, ESTACION DE BOMBEO DE DESAGÜE Y ; ADQUISICION DE ESTACION DE BOMBEO DE DESAGÜE; EN EL(LA) SISTEMA DE ALCANTARILLADO DE LAS ESTACIONES DE BOMBEO DE AGUA RESIDUALES CENTRO VERANIEGO, ESTACIONES DE BOMBEO DE AGUA RESIDUALES N° 01 Y N° 02  DISTRITO DE MANCORA  DISTRITO DE MANCORA, PROVINCIA TALARA, DEPARTAMENTO PIURA",Cartera_260824-123814.xlsx,,200706,200706,SI,SI,VALIDADO_PMI_POR_CUI,ALTA,RESUELTO,,Distrito MANCORA  DISTRITO DE MANCORA no encontrado en GPKG | Validado por PMI: MANCORA
2572573.0,"ADQUISICION DE EQUIPO ELECTROMECANICO DE ESTACION Y TABLEROS DE DISTRIBUCIÓN DE BAJA TENSIÓN ; RENOVACION DE POZO; EN EL(LA) POZO DE PRODUCCIÓN DE AGUA MARGEN IZQUIERDA VISTA ALEGRE,  DISTRITO DE PARCONA, PROVINCIA ICA, DEPARTAMENTO ICA",Cartera_260824-123814.xlsx,110106,,110106,,,EXTRAIDO_DESDE_NOMBRE,ALTA,RESUELTO,110106,Coincidencia exacta y única por nombre
2235419.0,"MEJORAMIENTO Y AMPLIACION DEL SERVICIO DE AGUA POTABLE E INSTALACION DE LA DISPOSICION SANITARIA DE EXCRETAS Y DE AGUAS GRISES EN LA COMUNIDAD NATIVA DE WAWAIM, DISTRITO DE IMAZA, PROVINCIA DE BAGUA, DEPARTAMENTO DE AMAZONAS",Cartera_260824-123814.xlsx,010205,,010205,,,EXTRAIDO_DESDE_NOMBRE,ALTA,RESUELTO,010205,Coincidencia exacta y única por nombre
2400943.0,"INSTALACION DEL SERVICIO DE AGUA POTABLE Y SANEAMIENTO EN EL CENTRO POBLADO DE NUEVO SAN MARTIN, DISTRITO DE NAUTA , PROVINCIA DE LORETO - LORETO",Cartera_260824-123814.xlsx,160301,,160301,,,EXTRAIDO_DESDE_NOMBRE,ALTA,RESUELTO,160301,Coincidencia exacta y única por nombre
2202569.0,"INSTALACION DE LOS SERVICIOS DE AGUA POTABLE, DISPOSICIÓN SANITARIA DE EXCRETAS Y DE AGUAS GRISES EN LA COMUNIDAD NATIVA DE TSAG ENTSA, DISTRITO DE IMAZA, PROVINCIA DE BAGUA, DEPARTAMENTO DE AMAZONAS",Cartera_260824-123814.xlsx,010205,,010205,,,EXTRAIDO_DESDE_NOMBRE,ALTA,RESUELTO,010205,Coincidencia exacta y única por nombre
2225348.0,"MEJORAMIENTO DEL SISTEMA DE AGUA POTABLE Y ALCANTARILLADO EN SAN MARTIN DE PANGOA, DISTRITO DE PANGOA -SATIPO-JUNIN",Cartera_260824-123814.xlsx,120606,,120606,,,EXTRAIDO_DESDE_NOMBRE,ALTA,RESUELTO,120606,Coincidencia exacta y única por nombre
2403508.0,AMPLIACION Y MEJORAMIENTO DE LOS SISTEMAS DE AGUA POTABLE Y ALCANTARILLADO DEL ESQUEMA SANTA MARIA DE HUACHIPA EN EL DISTRITO DE LURIGANCHO - CHOSICA,Cartera_260824-124021.xlsx,150118,,150118,,,EXTRAIDO_DESDE_NOMBRE,ALTA,RESUELTO,150118,Coincidencia exacta y única por nombre
2031100.0,AMPLIACIÓN Y MEJORAMIENTO DEL SISTEMA DE AGUA POTABLE Y ALCANTARILLADO PARA EL ESQUEMA SANTA ROSA Y ANCÓN DISTRITOS DE SANTA ROSA Y ANCÓN.,Cartera_260824-124021.xlsx,,,,NO,NO,FALLIDO,BAJA,REVISAR_CONFLICTO,,Múltiples distritos detectados en el nombre | Datos PMI no cruzaron con GPKG (- TODOS - - LIMA)
2286612.0,"MEJORAMIENTO Y AMPLIACION DE LOS SISTEMAS DE AGUA POTABLE Y ALCANTARILLADO EN LOS SECTORES 348, 349 Y 351 - COLLIQUE - EN LOS DISTRITOS DE COMAS Y CARABAYLLO DE LA  PROVINCIA DE LIMA - DEPARTAMENTO DE LIMA",Cartera_260824-124021.xlsx,,,,NO,NO,FALLIDO,BAJA,REVISAR_CONFLICTO,,Múltiples distritos detectados en el nombre | Datos PMI no cruzaron con GPKG (- TODOS - - LIMA)
2390678.0,INSTALACION DEL SISTEMA DE AGUA POTABLE EN A. H. PROY. INTEGRAL LOS JARDINES VILLA SANTA CLARITA - SECTOR VILLA SANTA CLARITA - DISTRITO SAN JUAN DE LURIGANCHO,Cartera_260824-124021.xlsx,,150132,150132,SI,SI,VALIDADO_PMI_POR_CUI,ALTA,RESUELTO,,"No se detectó patrón ""DISTRITO DE"" en el nombre | Validado por PMI: SAN JUAN DE LURIGANCHO"
2404452.0,AMPLIACION Y MEJORAMIENTO DEL SISTEMA DE AGUA POTABLE Y ALCANTARILLADO DEL ESQUEMA CIENEGUILLA,Cartera_260824-124021.xlsx,,150109,150109,SI,SI,VALIDADO_PMI_POR_CUI,ALTA,RESUELTO,,"No se detectó patrón ""DISTRITO DE"" en el nombre | Validado por PMI: CIENEGUILLA"
2403505.0,MEJORAMIENTO Y AMPLIACION DEL SISTEMA DE AGUA POTABLE Y ALCANTARILLADO DEL ESQUEMA CERRO LAS ANIMAS Y ANEXOS DEL  DISTRITO DE PUENTE PIEDRA - PROVINCIA DE LIMA - DEPARTAMENTO DE LIMA,Cartera_260824-124021.xlsx,150125,,150125,,,EXTRAIDO_DESDE_NOMBRE,ALTA,RESUELTO,150125,Coincidencia exacta y única por nombre
2305241.0,"AMPLIACIÓN Y MEJORAMIENTO DE LOS SISTEMAS DE AGUA POTABLE Y ALCANTARILLADO DE LOS SECTORES 311-313-330-310-312-314-300-307-319-324 Y 301 - NUEVA RINCONADA - DISTRITOS DE SAN JUAN DE MIRAFLORES, VILLA MARÍA DEL TRIUNFO Y VILLA EL SALVADOR",Cartera_260824-124021.xlsx,,,,NO,NO,FALLIDO,BAJA,REVISAR_CONFLICTO,,Múltiples distritos detectados en el nombre | Datos PMI no cruzaron con GPKG (- TODOS - - LIMA)
2423031.0,"ESQUEMA CAJAMARQUILLA, NIEVERIA Y CERRO CAMOTE - AMPLIACIÓN DE LOS SISTEMAS DE AGUA POTABLE Y ALCANTARILLADO DE LOS SECTORES 129, 130, 131, 132, 133, 134 Y 135 - DISTRITO LURIGANCHO Y SAN ANTONIO DE HUAROCHIRI",Cartera_260824-124021.xlsx,,,,NO,NO,FALLIDO,BAJA,REVISAR_CONFLICTO,,"No se detectó patrón ""DISTRITO DE"" en el nombre | Datos PMI no cruzaron con GPKG (- TODOS - - - TODOS -)"
2305264.0,INSTALACION  DE LOS SISTEMAS DE AGUA POTABLE Y ALCANTARILLADO PARA LOS PUEBLOS DE LA MARGEN DERECHA E IZQUIERDA DEL PRIMER SECTOR  DE CIENEGUILLA-DISTRITO CIENEGUILLA,Cartera_260824-124021.xlsx,,150109,150109,SI,SI,VALIDADO_PMI_POR_CUI,ALTA,RESUELTO,,"No se detectó patrón ""DISTRITO DE"" en el nombre | Validado por PMI: CIENEGUILLA"
2031099.0,"AMPLIACION Y MEJORAMIENTO DEL SISTEMA DE AGUA POTABLE Y ALCANTARILLADO ESQUEMA 7MO, 9NO Y 10MO SECTOR DE VILLA EL SALVADOR-CODIMUVES",Cartera_260824-124021.xlsx,,150142,150142,SI,SI,VALIDADO_PMI_POR_CUI,ALTA,RESUELTO,,"No se detectó patrón ""DISTRITO DE"" en el nombre | Validado por PMI: VILLA EL SALVADOR"
2403501.0,MEJORAMIENTO Y AMPLIACION DE LOS SISTEMAS DE AGUA POTABLE Y ALCANTARILLADO PARA EL A. H. INCAHUASI - PAMPA DE COMAS -  DISTRITO DE COMAS - PROVINCIA DE LIMA - DEPARTAMENTO DE LIMA,Cartera_260824-124021.xlsx,150110,,150110,,,EXTRAIDO_DESDE_NOMBRE,ALTA,RESUELTO,150110,Coincidencia resuelta usando provincia LIMA
2494306.0,"CONSTRUCCION DE COLECTOR PRIMARIO; EN EL(LA) TRAMO DEL COLECTOR CIRCUNVALACIÓN DESDE LA AV. SANTIAGO DE SURCO CON AV. LOS PROCERES DISTRITO SANTIAGO DE SURCO HASTA LA AV. SANTA ROSA CON AV. SANTA TERESA  DISTRITO DE CHORRILLOS, PROVINCIA LIMA, DEPARTAMENTO LIMA",Cartera_260824-124021.xlsx,150108,,150108,,,EXTRAIDO_DESDE_NOMBRE,ALTA,RESUELTO,150108,Coincidencia exacta y única por nombre
2414007.0,AMPLIACION DE REDES SECUNDARIAS Y CONEXIONES DOMICILIARIAS DE AGUA POTABLE Y ALCANTARILLADO PARA LA ASOCIACIÓN SAN JUAN BAUTISTA DE MUSA 4TA ETAPA Y 5TA ETAPA  DISTRITO DE LA MOLINA - PROVINCIA DE LIMA - DEPARTAMENTO DE LIMA,Cartera_260824-124021.xlsx,150114,,150114,,,EXTRAIDO_DESDE_NOMBRE,ALTA,RESUELTO,150114,Coincidencia exacta y única por nombre
2389329.0,"MEJORAMIENTO Y AMPLIACION DE LOS SISTEMAS DE AGUA POTABLE Y ALCANTARILLADO  PARA EL ESQUEMA LOS CHANCAS - LA ENCALADA,  DISTRITO DE SANTA ANITA - PROVINCIA DE LIMA - DEPARTAMENTO DE LIMA;  DISTRITO DE EL AGUSTINO - PROVINCIA DE LIMA - DEPARTAMENTO DE LIMA",Cartera_260824-124021.xlsx,150137,,150137,,,EXTRAIDO_DESDE_NOMBRE,ALTA,RESUELTO,150137,Coincidencia exacta y única por nombre
2168014.0,"AMPLIACION DE LAS FUENTES DE AGUA  PARA EL ABASTECIMIENTO DE AGUA POTABLE AL DISTRITO DE LA MOLINA, Y PARTE DE LOS DISTRITOS DE SANTA ANITA Y ATE",Cartera_260824-124021.xlsx,,,,NO,NO,FALLIDO,BAJA,REVISAR_CONFLICTO,,Múltiples distritos detectados en el nombre | Datos PMI no cruzaron con GPKG ( - )
2413128.0,CREACION DE CAPTACIÓN POR GALERÍAS FILTRANTES DE LA FUENTE DE AGUA DEL RÍO RÍMAC EN LOS DISTRITOS DE CHACLACAYO Y LURIGANCHO DE LA  PROVINCIA DE LIMA - DEPARTAMENTO DE LIMA,Cartera_260824-124021.xlsx,,,,NO,NO,FALLIDO,BAJA,REVISAR_CONFLICTO,,Múltiples distritos detectados en el nombre | Datos PMI no cruzaron con GPKG ( - )
2503197.0,"RENOVACION DE LÍNEA DE IMPULSIÓN; EN EL(LA) TRAMO COMPRENDIDO DE LA CÁMARA DE REBOMBEO CR-306 AL RESERVORIO R-11C  DISTRITO DE SAN JUAN DE MIRAFLORES, PROVINCIA LIMA, DEPARTAMENTO LIMA",Cartera_260824-124021.xlsx,150133,,150133,,,EXTRAIDO_DESDE_NOMBRE,ALTA,RESUELTO,150133,Coincidencia exacta y única por nombre
2466927.0,MEJORAMIENTO DEL SISTEMA DE REGULACIÓN DE LOS SECTORES ABASTECIDOS POR LOS RESERVORIOS DE GRAN CAPACIDAD LA MENACHO Y VICENTELO EN EL  DISTRITO DE EL AGUSTINO - PROVINCIA DE LIMA - DEPARTAMENTO DE LIMA,Cartera_260824-124021.xlsx,150111,,150111,,,EXTRAIDO_DESDE_NOMBRE,ALTA,RESUELTO,150111,Coincidencia exacta y única por nombre
2436433.0,"RENOVACIÓN DE PANTALLAS; EN EL(LA) CAUCE DEL RÍO RIMAC EN LA LOCALIDAD EL AGUSTINO, DISTRITO DE EL AGUSTINO, PROVINCIA LIMA, DEPARTAMENTO LIMA",Cartera_260824-124021.xlsx,150111,,150111,,,EXTRAIDO_DESDE_NOMBRE,ALTA,RESUELTO,150111,Coincidencia exacta y única por nombre
2522916.0,"RENOVACION DE RED SECUNDARIA Y CONEXIONES DOMICILIARIAS; EN EL(LA) SISTEMA DE AGUA POTABLE Y ALCANTARILLADO DEL A.A.H.H.  SANTA ROSA DE MIRONES ALTO  DISTRITO DE LIMA, PROVINCIA LIMA, DEPARTAMENTO LIMA",Cartera_260824-124021.xlsx,150101,,150101,,,EXTRAIDO_DESDE_NOMBRE,ALTA,RESUELTO,150101,Coincidencia exacta y única por nombre
2409966.0,MEJORAMIENTO Y AMPLIACION DE LOS SISTEMAS DE AGUA POTABLE Y ALCANTARILLADO  DISTRITO DE LURIN - PROVINCIA DE LIMA - DEPARTAMENTO DE LIMA,Cartera_260824-124021.xlsx,150119,,150119,,,EXTRAIDO_DESDE_NOMBRE,ALTA,RESUELTO,150119,Coincidencia exacta y única por nombre
2423757.0,"RENOVACIÓN DE EMISOR; EN EL(LA) EMISOR VENECIA EN LA LOCALIDAD VILLA EL SALVADOR, DISTRITO DE VILLA EL SALVADOR, PROVINCIA LIMA, DEPARTAMENTO LIMA",Cartera_260824-124021.xlsx,150142,,150142,,,EXTRAIDO_DESDE_NOMBRE,ALTA,RESUELTO,150142,Coincidencia exacta y única por nombre
2280305.0,"CREACION DE NUEVA PLANTA DE TRATAMIENTO DE LOS EFLUENTES DE LOS DECANTADORES DE LAS PLANTAS DE TRATAMIENTO N° 1 Y N° 2, LA ATARJEA DEL DISTRITO DE EL AGUSTINO - PROVINCIA DE LIMA - DEPARTAMENTO DE LIMA",Cartera_260824-124021.xlsx,150111,,150111,,,EXTRAIDO_DESDE_NOMBRE,ALTA,RESUELTO,150111,Coincidencia exacta y única por nombre
2395479.0,"RENOVACIÓN DE PTAR Y TANQUES DIGESTORES DE LODO O AGUAS RESIDUALES; EN EL(LA) PLANTA DE TRATAMIENTO DE AGUAS RESIDUALES EN EL JOCKEY  DISTRITO DE SANTIAGO DE SURCO, PROVINCIA LIMA, DEPARTAMENTO LIMA",Cartera_260824-124021.xlsx,150140,,150140,,,EXTRAIDO_DESDE_NOMBRE,ALTA,RESUELTO,150140,Coincidencia exacta y única por nombre
2577501.0,"REPARACION DE ESTACION DE BOMBEO DE DESAGÜE; EN EL(LA) CD-65 DEL  DISTRITO DE CHORRILLOS, PROVINCIA LIMA, DEPARTAMENTO LIMA",Cartera_260824-124021.xlsx,150108,,150108,,,EXTRAIDO_DESDE_NOMBRE,ALTA,RESUELTO,150108,Coincidencia exacta y única por nombre
2576452.0,"CONSTRUCCION DE SISTEMA DE BOMBEO; EN EL(LA) PTAR VENTANILLA PARA LA ADECUADA DISPOSICION FINAL DE SUS EFLUENTES -  DISTRITO DE VENTANILLA, PROVINCIA CONSTITUCIONAL DEL CALLAO, DEPARTAMENTO CALLAO",Cartera_260824-124021.xlsx,070106,,070106,,,EXTRAIDO_DESDE_NOMBRE,ALTA,RESUELTO,070106,Coincidencia exacta y única por nombre
2531528.0,"ADQUISICION DE SISTEMA SCADA; EN EL(LA) COP LA ATARJEA DE SEDAPAL -  DISTRITO DE EL AGUSTINO, PROVINCIA LIMA, DEPARTAMENTO LIMA",Cartera_260824-124021.xlsx,150111,,150111,,,EXTRAIDO_DESDE_NOMBRE,ALTA,RESUELTO,150111,Coincidencia exacta y única por nombre
2481690.0,"RENOVACION DE ESTACION DE BOMBEO DE DESAGÜE; EN EL(LA) CD-040, CD-042, CD-044, CD-053, CD-058, CD-067, CD-083, CD-089 DE LA ADMINISTRACIÓN DEL CENTRO DE SERVICIOS DE LA GERENCIA DE SERVICIOS NORTE EN EL  DISTRITO DE CALLAO, PROVINCIA PROVINCIA CONSTITUCIONAL DEL CALLAO, DEPARTAMENTO CALLAO",Cartera_260824-124021.xlsx,070101,,070101,,,EXTRAIDO_DESDE_NOMBRE,ALTA,RESUELTO,070101,Coincidencia exacta y única por nombre
2361412.0,CREACION DE LA PLANTA N° 03 DEL SISTEMA DE PRODUCCIÓN DE AGUA POTABLE DE LA ATARJEA EL AGUSTINO - DISTRITO DE EL AGUSTINO - PROVINCIA DE LIMA - DEPARTAMENTO DE LIMA,Cartera_260824-124021.xlsx,150111,,150111,,,EXTRAIDO_DESDE_NOMBRE,ALTA,RESUELTO,150111,Coincidencia exacta y única por nombre
2611775.0,"CREACION DEL SERVICIO DE AGUA POTABLE URBANO EN FUENTE DE AGUA POR EXTRACCION Y RECARGA ARTIFICIAL , INDUCIDA EN EL VALLE DEL RIO RIMAC,   DISTRITOS DE LURIGANCHO, CHACLACAYO DE LA PROVINCIA DE LIMA DEL DEPARTAMENTO DE LIMA",Cartera_260824-124021.xlsx,,,,NO,NO,FALLIDO,BAJA,REVISAR_CONFLICTO,,Múltiples distritos detectados en el nombre | Datos PMI no cruzaron con GPKG (- TODOS - - - TODOS -)
2413676.0,"AMPLIACION DE LOS SISTEMAS DE AGUA POTABLE Y ALCANTARILLADO DEL ESQUEMA QUEBRADA DE MANCHAY - 2DA ETAPA  DISTRITO DE PACHACAMAC,  DISTRITO DE VILLA MARIA DEL TRIUNFO, DISTRITO DE LA MOLINA - PROVINCIA DE LIMA - DEPARTAMENTO DE LIMA",Cartera_260824-124021.xlsx,150123,,150123,,,EXTRAIDO_DESDE_NOMBRE,ALTA,RESUELTO,150123,Coincidencia exacta y única por nombre
2662711.0,"CREACION DEL SERVICIO DE AGUA POTABLE URBANO EN FUENTE DE AGUA POR GALERÍAS FILTRANTES , EN EL VALLE DEL RÍO LURÍN   DISTRITOS DE LURIN, CIENEGUILLA DE LA PROVINCIA DE LIMA DEL DEPARTAMENTO DE LIMA",Cartera_260824-124021.xlsx,,,,NO,NO,FALLIDO,BAJA,REVISAR_CONFLICTO,,Múltiples distritos detectados en el nombre | Datos PMI no cruzaron con GPKG (- TODOS - - - TODOS -)
2413129.0,CREACION DEL SERVICIO DE AGUA POTABLE URBANO EN FUENTE POR GALERIAS FILTRANTES VALLE RIO CHILLON   DISTRITO DE CARABAYLLO DE LA PROVINCIA DE LIMA DEL DEPARTAMENTO DE LIMA,Cartera_260824-124021.xlsx,,150106,150106,SI,SI,VALIDADO_PMI_POR_CUI,ALTA,RESUELTO,,Distrito CARABAYLLO DE no encontrado en GPKG | Validado por PMI: CARABAYLLO
2395022.0,"MEJORAMIENTO Y AMPLIACION DE LOS COLECTORES PRIMARIOS EN EL AREA DE DRENAJE DE LOS COLECTORES COMAS Y CHILLÓN, DISTRITOS: CARABAYLLO, COMAS, LOS OLIVOS, SAN MARTIN DE PORRES E INDEPENDENCIA , 5 DISTRITOS DE LA PROVINCIA DE LIMA - DEPARTAMENTO DE LIMA",Cartera_260824-124021.xlsx,,,,NO,NO,FALLIDO,BAJA,REVISAR_CONFLICTO,,Múltiples distritos detectados en el nombre | Datos PMI no cruzaron con GPKG (- TODOS - - LIMA)
2395956.0,MEJORAMIENTO DE LOS SISTEMAS DE AGUA POTABLE Y ALCANTARILLADO EN SECTORES DEL  DISTRITO DE LINCE - PROVINCIA DE LIMA - DEPARTAMENTO DE LIMA,Cartera_260824-124021.xlsx,150116,,150116,,,EXTRAIDO_DESDE_NOMBRE,ALTA,RESUELTO,150116,Coincidencia exacta y única por nombre
2453404.0,"CONSTRUCCION DE POZO DE MONITOREO; EN EL(LA) SECTOR HIDRÁULICO B, DISTRITO LURIN, DISTRITO PACHACAMAC Y DISTRITO DE CIENEGUILLA, PROVINCIA LIMA, DEPARTAMENTO LIMA",Cartera_260824-124021.xlsx,150109,,150109,,,EXTRAIDO_DESDE_NOMBRE,ALTA,RESUELTO,150109,Coincidencia exacta y única por nombre
2395593.0,"RENOVACIÓN DE COLECTOR SECUNDARIO; EN EL(LA) URBANIZACIÓN LA FLORIDA DEL  DISTRITO DE RIMAC, PROVINCIA LIMA, DEPARTAMENTO LIMA",Cartera_260824-124021.xlsx,150128,,150128,,,EXTRAIDO_DESDE_NOMBRE,ALTA,RESUELTO,150128,Coincidencia exacta y única por nombre
2395582.0,"RENOVACIÓN DE COLECTOR SECUNDARIO; EN EL(LA) URBANIZACIÓN AMA KELLA DEL  DISTRITO DE SAN MARTIN DE PORRES, PROVINCIA LIMA, DEPARTAMENTO LIMA",Cartera_260824-124021.xlsx,150135,,150135,,,EXTRAIDO_DESDE_NOMBRE,ALTA,RESUELTO,150135,Coincidencia exacta y única por nombre
2323912.0,"CREACION DEL NUEVO LABORATORIO DE CALIDAD DE AGUA DE SEDAPAL , LA ATARJEA, EL AGUSTINO, LIMA. DISTRITO DE EL AGUSTINO - PROVINCIA DE LIMA - REGIÓN LIMA",Cartera_260824-124021.xlsx,150111,,150111,,,EXTRAIDO_DESDE_NOMBRE,ALTA,RESUELTO,150111,Coincidencia exacta y única por nombre
