Prioridad,Orden prelación,Sector,OPMI,Código Único,Código Idea,Tipo inversión,Nombre de inversión,Función,Programa,SubPrograma,Costo actualizado (S/),Devengado acumulado (S/) (al 31 dic. 2025),PIM 2026 (S/),Monto Año 2026 (S/),Monto Año 2027 (S/),Monto Año 2028 (S/),Monto Año 2029 (S/),ARCHIVO_ORIGEN,UBIGEO_DESDE_NOMBRE,UBIGEO_VALIDADO_PMI,UBIGEO_FINAL_VALIDADO,PMI_ENCONTRADO,COINCIDE_NOMBRE_PMI,METODO_EXTRACCION_UBIGEO,CONFIANZA_UBIGEO,ESTADO_UBIGEO,UBIGEOS_CANDIDATOS,OBSERVACION_UBIGEO
1.0,A,"VIVIENDA, CONSTRUCCION Y SANEAMIENTO","OPMI DEL MINISTERIO DE VIVIENDA, CONSTRUCCION Y SANEAMIENTO",2402140.0,,PROYECTO DE INVERSION,"MEJORAMIENTO DE DRENAJE PLUVIAL EN LA CALLE LORETO C-04 Y C-06, CALLE PROSPERO C-05, C-06 Y C-07, CALLE ALFONSO UGARTE C-05 Y C-06, CALLE SACHACHORRO C-04, CALLE COMERCIO C-01, CALLE MIRAFLORES C-02 Y C-03, CALLE HUALLAGA C-01 Y C-03, CALLE PROGRESO C-01 Y C-05, CALLE LIBERTAD C-01 Y C-04,  DISTRITO DE SAN ANTONIO - PROVINCIA DE SAN MARTIN - DEPARTAMENTO DE SAN MARTIN",SANEAMIENTO,SANEAMIENTO,SANEAMIENTO URBANO,10012814,10004745,0,0.0,8069.68,0.0,0.0,Cartera_260824-123814.xlsx,220912,,220912,,,EXTRAIDO_DESDE_NOMBRE,ALTA,RESUELTO,220912,Coincidencia resuelta usando provincia SAN MARTIN
2.0,A,"VIVIENDA, CONSTRUCCION Y SANEAMIENTO","OPMI DEL MINISTERIO DE VIVIENDA, CONSTRUCCION Y SANEAMIENTO",2292736.0,,PROYECTO DE INVERSION,"MEJORAMIENTO Y AMPLIACION DEL SERVICIO DE AGUA POTABLE, SANEAMIENTO Y DISPOSICION DE EXCRETAS EN LA PEQUEÑA CIUDAD DE PALMAPAMPA Y LAS LOCALIDADES DE MONTERRICO, PICHIWILLCA, SAN AGUSTIN, BUENOS AIRES, CHAUPIMAYO, UNION CATARATA, SANABAMBA Y VILLARICA",SANEAMIENTO,SANEAMIENTO,SANEAMIENTO RURAL,37305018,33744997,0,195000.0,40000.0,250000.0,270020.52,Cartera_260824-123814.xlsx,,050509,,SI,NO,VALIDADO_PMI_POR_CUI,BAJA,REVISAR_CONFLICTO,,"No se detectó patrón ""DISTRITO DE"" en el nombre | Distrito PMI (SAMUGARI) no encontrado en nombre de inversión"
3.0,A,"VIVIENDA, CONSTRUCCION Y SANEAMIENTO","OPMI DEL MINISTERIO DE VIVIENDA, CONSTRUCCION Y SANEAMIENTO",2399586.0,,PROYECTO DE INVERSION,ESQUEMA ANEXO 22-PAMPA DE JICAMARCA DE CANTO GRANDE - SECTORIZACIÓN Y AMPLIACIÓN  DE LOS SISTEMAS DE AGUA POTABLE Y ALCANTARILLADO - DISTRITO DE SAN ANTONIO DE HUAROCHIRI,SANEAMIENTO,SANEAMIENTO,SANEAMIENTO URBANO,402229988,372792527,9143,150000.0,14643730.45,14643730.46,0.0,Cartera_260824-123814.xlsx,,150716,150716,SI,SI,VALIDADO_PMI_POR_CUI,ALTA,RESUELTO,,Distrito SAN ANTONIO DE HUAROCHIRI no encontrado en GPKG | Validado por PMI: SAN ANTONIO
4.0,A,"VIVIENDA, CONSTRUCCION Y SANEAMIENTO","OPMI DEL MINISTERIO DE VIVIENDA, CONSTRUCCION Y SANEAMIENTO",2455143.0,,PROYECTO DE INVERSION,"CREACION DEL SISTEMA DE DRENAJE PLUVIAL EN LOS JIRONES SANCHEZ CERRO C-7, ULISES REATEGUI C-1 Y C-7, PRLG. ULISES REATEGUI C-1, JUAN FLORES C-3 A LA C-6, UCAYALI C-5 A LA -7, PARAISO C-1Y C-2, HUIMBAYOC C-1, PROGRESO C-4, BUENOS AIRES C-1, C-3 Y C-4, BENAVIDES C-3 A LA C-5, ARNALDO YALTA C-1 A LA C-3, AGUIRRE C-2, PSJ LA POSTA MEDICA HUIMBAYOC DEL DISTRITO DE HUIMBAYOC - PROVINCIA DE SAN MARTIN - DEPARTAMENTO DE SAN MARTIN",SANEAMIENTO,SANEAMIENTO,SANEAMIENTO URBANO,11768463,11003176,0,0.0,765286.37,0.0,0.0,Cartera_260824-123814.xlsx,220907,,220907,,,EXTRAIDO_DESDE_NOMBRE,ALTA,RESUELTO,220907,Coincidencia exacta y única por nombre
5.0,A,"VIVIENDA, CONSTRUCCION Y SANEAMIENTO","OPMI DEL MINISTERIO DE VIVIENDA, CONSTRUCCION Y SANEAMIENTO",2094736.0,,PROYECTO DE INVERSION,GESTION DEL PROGRAMA Y OTROS - PROGRAMA DE MEDIDAS DE RAPIDO IMPACTO II,SANEAMIENTO,SANEAMIENTO,SANEAMIENTO URBANO,2248153,2159767,20000,32746.0,55639.67,0.0,0.0,Cartera_260824-123814.xlsx,,,,NO,NO,FALLIDO,BAJA,REVISAR_CONFLICTO,,"No se detectó patrón ""DISTRITO DE"" en el nombre | Datos PMI no cruzaron con GPKG (- TODOS - - - TODOS -)"
6.0,A,"VIVIENDA, CONSTRUCCION Y SANEAMIENTO","OPMI DEL MINISTERIO DE VIVIENDA, CONSTRUCCION Y SANEAMIENTO",2167692.0,,PROYECTO DE INVERSION,"CONSTRUCCION Y EQUIPAMIENTO DE UNA NUEVA PLANTA DE TRATAMIENTO DE AGUA POTABLE DE CALANA, DISTRITO DE CALANA PROVINCIA DE TACNA, REGION TACNA",SANEAMIENTO,SANEAMIENTO,SANEAMIENTO URBANO,158471564,156917671,562232,450000.0,1103893.01,0.0,0.0,Cartera_260824-123814.xlsx,230103,,230103,,,EXTRAIDO_DESDE_NOMBRE,ALTA,RESUELTO,230103,Coincidencia exacta y única por nombre
7.0,A,"VIVIENDA, CONSTRUCCION Y SANEAMIENTO","OPMI DEL MINISTERIO DE VIVIENDA, CONSTRUCCION Y SANEAMIENTO",2348792.0,,PROYECTO DE INVERSION,MEJORAMIENTO Y AMPLIACION DEL SERVICIO DEL SISTEMA DE ALCANTARILLADO EN LA LOCALIDAD DE SAN CRISTOBAL DE SISA DEL DISTRITO DE SAN HILARION - PROVINCIA DE PICOTA - DEPARTAMENTO DE SAN MARTIN,SANEAMIENTO,SANEAMIENTO,SANEAMIENTO URBANO,19441608,18210818,353230,353230.0,877560.0,0.0,0.0,Cartera_260824-123814.xlsx,220707,,220707,,,EXTRAIDO_DESDE_NOMBRE,ALTA,RESUELTO,220707,Coincidencia exacta y única por nombre
8.0,A,"VIVIENDA, CONSTRUCCION Y SANEAMIENTO","OPMI DEL MINISTERIO DE VIVIENDA, CONSTRUCCION Y SANEAMIENTO",2344332.0,,PROYECTO DE INVERSION,INSTALACION COMPLEMENTARIA DE REDES SECUNDARIAS Y CONEXIONES DOMICILIARIAS DE AGUA POTABLE Y ALCANTARILLADO DEL ESQUEMA ÑAÑA Y ANEXOS DISTRITO LURIGANCHO CHOSICA,SANEAMIENTO,SANEAMIENTO,SANEAMIENTO URBANO,11635796,11189117,0,0.0,1882580.97,0.0,0.0,Cartera_260824-123814.xlsx,,150118,150118,SI,SI,VALIDADO_PMI_POR_CUI,ALTA,RESUELTO,,"No se detectó patrón ""DISTRITO DE"" en el nombre | Validado por PMI: LURIGANCHO"
9.0,A,"VIVIENDA, CONSTRUCCION Y SANEAMIENTO","OPMI DEL MINISTERIO DE VIVIENDA, CONSTRUCCION Y SANEAMIENTO",2387810.0,,PROYECTO DE INVERSION,"MEJORAMIENTO Y AMPLIACION DE LOS SISTEMAS DE AGUA POTABLE, ALCANTARILLADO Y TRATAMIENTO DE LAS AGUAS RESIDUALES DE LA CIUDAD DE HUARMEY  DISTRITO DE HUARMEY - PROVINCIA DE HUARMEY - DEPARTAMENTO DE ANCASH",SANEAMIENTO,SANEAMIENTO,SANEAMIENTO URBANO,225917396,220070770,204426,5433660.0,412965.87,0.0,0.0,Cartera_260824-123814.xlsx,021101,,021101,,,EXTRAIDO_DESDE_NOMBRE,ALTA,RESUELTO,021101,Coincidencia exacta y única por nombre
10.0,A,"VIVIENDA, CONSTRUCCION Y SANEAMIENTO","OPMI DEL MINISTERIO DE VIVIENDA, CONSTRUCCION Y SANEAMIENTO",2226478.0,,PROYECTO DE INVERSION,"MEJORAMIENTO, AMPLIACION SISTEMA DE AGUA POTABLE, SANEAMIENTO Y TRATAMIENTO DE AGUAS SERVIDAS DE LA CIUDAD DE NAUTA, PROVINCIA DE LORETO - LORETO",SANEAMIENTO,SANEAMIENTO,SANEAMIENTO URBANO,185548433,170133198,15383757,15383757.0,1.0,0.0,0.0,Cartera_260824-123814.xlsx,,160301,160301,SI,SI,VALIDADO_PMI_POR_CUI,ALTA,RESUELTO,,"No se detectó patrón ""DISTRITO DE"" en el nombre | Validado por PMI: NAUTA"
11.0,A,"VIVIENDA, CONSTRUCCION Y SANEAMIENTO","OPMI DEL MINISTERIO DE VIVIENDA, CONSTRUCCION Y SANEAMIENTO",2188775.0,,PROYECTO DE INVERSION,"MEJORAMIENTO Y AMPLIACION DEL SISTEMA INTEGRAL DE AGUA POTABLE Y SANEAMIENTO EN LAS LOCALIDADES DE COATA, SUCASCO Y ALMOZANCHE, DISTRITO DE COATA - PUNO - PUNO",SANEAMIENTO,SANEAMIENTO,SANEAMIENTO URBANO,89540212,82983203,633867,4050000.0,3500000.0,52392.41,0.0,Cartera_260824-123814.xlsx,210107,,210107,,,EXTRAIDO_DESDE_NOMBRE,ALTA,RESUELTO,210107,Coincidencia exacta y única por nombre
12.0,A,"VIVIENDA, CONSTRUCCION Y SANEAMIENTO","OPMI DEL MINISTERIO DE VIVIENDA, CONSTRUCCION Y SANEAMIENTO",2198633.0,,PROYECTO DE INVERSION,"AMPLIACIÓN Y MEJORAMIENTO DEL SERVICIO DE AGUA POTABLE E INSTALACIÓN DEL SERVICIO DE SANEAMIENTO DEL CENTRO POBLADO RURAL DE NUEVA FLORIDA, DISTRITO DE BELLAVISTA, PROVINCIA DE BELLAVISTA, DEPARTAMENTO DE SAN MARTÍN",SANEAMIENTO,SANEAMIENTO,SANEAMIENTO RURAL,6152932,6004198,0,0.0,148733.97,0.0,0.0,Cartera_260824-123814.xlsx,220201,,220201,,,EXTRAIDO_DESDE_NOMBRE,ALTA,RESUELTO,220201,Coincidencia resuelta usando provincia BELLAVISTA
13.0,A,"VIVIENDA, CONSTRUCCION Y SANEAMIENTO","OPMI DEL MINISTERIO DE VIVIENDA, CONSTRUCCION Y SANEAMIENTO",2157797.0,,PROYECTO DE INVERSION,"INSTALACION DE LOS SISTEMA DE AGUA POTABLE Y ALCANTARILLADO DE LA LOCALIDAD DE MARCONA, DISTRITO DE MARCONA - NAZCA - ICA",SANEAMIENTO,SANEAMIENTO,SANEAMIENTO URBANO,51626105,47660634,225318,36740.0,2000000.0,1928731.67,0.0,Cartera_260824-123814.xlsx,110304,,110304,,,EXTRAIDO_DESDE_NOMBRE,ALTA,RESUELTO,110304,Coincidencia exacta y única por nombre
15.0,A,"VIVIENDA, CONSTRUCCION Y SANEAMIENTO","OPMI DEL MINISTERIO DE VIVIENDA, CONSTRUCCION Y SANEAMIENTO",2412243.0,143.0,PROYECTO DE INVERSION,"MEJORAMIENTO Y AMPLIACION DE LOS SERVICIOS DE AGUA POTABLE, ALCANTARILLADO Y PTAR EN LA COMUNIDAD CAMPESINA DE SAN PEDRO DE RACCO DEL DISTRITO DE SIMON BOLIVAR - PROVINCIA DE PASCO - DEPARTAMENTO DE PASCO",SANEAMIENTO,SANEAMIENTO,SANEAMIENTO RURAL,4973731,4577334,0,10000.0,396396.82,0.0,0.0,Cartera_260824-123814.xlsx,190109,,190109,,,EXTRAIDO_DESDE_NOMBRE,ALTA,RESUELTO,190109,Coincidencia exacta y única por nombre
16.0,A,"VIVIENDA, CONSTRUCCION Y SANEAMIENTO","OPMI DEL MINISTERIO DE VIVIENDA, CONSTRUCCION Y SANEAMIENTO",2178849.0,,PROYECTO DE INVERSION,"MEJORAMIENTO Y AMPLIACION DEL SISTEMA DE AGUA POTABLE E INSTALACION DE UNIDADES BASICAS DE SANEAMIENTO(UBS) EN LA LOCALIDAD DE CANAL, DISTRITO DE SAMUGARI, PROVINCIA DE LA MAR - AYACUCHO",SANEAMIENTO,SANEAMIENTO,SANEAMIENTO RURAL,4721272,4623167,0,0.0,25000.0,23105.69,0.0,Cartera_260824-123814.xlsx,050509,,050509,,,EXTRAIDO_DESDE_NOMBRE,ALTA,RESUELTO,050509,Coincidencia exacta y única por nombre
17.0,A,"VIVIENDA, CONSTRUCCION Y SANEAMIENTO","OPMI DEL MINISTERIO DE VIVIENDA, CONSTRUCCION Y SANEAMIENTO",2133298.0,,PROYECTO DE INVERSION,"MEJORAMIENTO Y AMPLIACION DEL SISTEMA DE AGUA POTABLE Y ALCANTARILLADO DE LA LOCALIDAD DE ASILLO , DISTRITO DE ASILLO - AZANGARO - PUNO",SANEAMIENTO,SANEAMIENTO,SANEAMIENTO URBANO,14268975,13528416,0,690559.0,740559.49,0.0,0.0,Cartera_260824-123814.xlsx,210204,,210204,,,EXTRAIDO_DESDE_NOMBRE,ALTA,RESUELTO,210204,Coincidencia exacta y única por nombre
18.0,A,"VIVIENDA, CONSTRUCCION Y SANEAMIENTO","OPMI DEL MINISTERIO DE VIVIENDA, CONSTRUCCION Y SANEAMIENTO",2079199.0,,PROYECTO DE INVERSION,"MEJORAMIENTO Y AMPLIACION DE LOS SISTEMAS DE AGUA POTABLE, DESAGUE Y PLANTA DE TRATAMIENTO EN EL CENTRO POBLADO DE HUYRO , DISTRITO DE HUAYOPATA - LA CONVENCION - CUSCO",SANEAMIENTO,SANEAMIENTO,SANEAMIENTO URBANO,8439176,7876093,0,0.0,184182.13,0.0,0.0,Cartera_260824-123814.xlsx,080903,,080903,,,EXTRAIDO_DESDE_NOMBRE,ALTA,RESUELTO,080903,Coincidencia exacta y única por nombre
19.0,A,"VIVIENDA, CONSTRUCCION Y SANEAMIENTO","OPMI DEL MINISTERIO DE VIVIENDA, CONSTRUCCION Y SANEAMIENTO",2168996.0,,PROYECTO DE INVERSION,CONSTRUCCIÓN Y MEJORAMIENTO DEL SISTEMA DE AGUA POTABLE Y LETRINAS DE LAS LOCALIDADES DE DE SANTA ROSA Y SAN VICENTE DE PIEDRA RODADA - DISTRITO Y PROVINCIA DE SULLANA - DEPARTAMENTO DE PIURA,SANEAMIENTO,SANEAMIENTO,SANEAMIENTO RURAL,10028834,9575102,0,0.0,453732.0,0.0,0.0,Cartera_260824-123814.xlsx,,200601,200601,SI,SI,VALIDADO_PMI_POR_CUI,ALTA,RESUELTO,,"No se detectó patrón ""DISTRITO DE"" en el nombre | Validado por PMI: SULLANA"
20.0,A,"VIVIENDA, CONSTRUCCION Y SANEAMIENTO","OPMI DEL MINISTERIO DE VIVIENDA, CONSTRUCCION Y SANEAMIENTO",2191608.0,,PROYECTO DE INVERSION,"MEJORAMIENTO Y AMPLIACION DEL SERVICIO DE AGUA POTABLE, SERVICIO DE ALCANTARILLADO Y TRATAMIENTO DE AGUAS RESIDUALES EN LA CIUDAD DE SAN MIGUEL, DISTRITO DE SAN MIGUEL, PROVINCIA DE LA MAR - AYACUCHO",SANEAMIENTO,SANEAMIENTO,SANEAMIENTO URBANO,12059550,11972172,8000,10000.0,30000.0,27377.63,0.0,Cartera_260824-123814.xlsx,050501,,050501,,,EXTRAIDO_DESDE_NOMBRE,ALTA,RESUELTO,050501,Coincidencia resuelta usando provincia LA MAR
22.0,A,"VIVIENDA, CONSTRUCCION Y SANEAMIENTO","OPMI DEL MINISTERIO DE VIVIENDA, CONSTRUCCION Y SANEAMIENTO",2500953.0,,PROYECTO DE INVERSION,"MEJORAMIENTO DEL SISTEMA DE DRENAJE PLUVIAL DEL JR. ENRIQUE LÓPEZ C-03, C-04, JR. RAMÓN CASTILLA C-01, C-02, JR. RICARDO PALMA C-01, C-02, AV 20 DE MAYO C-04, C-05, C-06, JR. ADELINA RAMÍREZ C-01, PSJ SIN NOMBRE C-01, JR LOS JARDINES C-01, JESÚS MORÍ C-01, EN EL CASERIO 20 DE MAYO DEL DISTRITO DE SAN JOSE DE SISA - PROVINCIA DE EL DORADO - DEPARTAMENTO DE SAN MARTIN",SANEAMIENTO,SANEAMIENTO,SANEAMIENTO URBANO,4849357,4845221,4136,4136.0,0.0,0.0,0.0,Cartera_260824-123814.xlsx,220301,,220301,,,EXTRAIDO_DESDE_NOMBRE,ALTA,RESUELTO,220301,Coincidencia exacta y única por nombre
24.0,A,"VIVIENDA, CONSTRUCCION Y SANEAMIENTO","OPMI DEL MINISTERIO DE VIVIENDA, CONSTRUCCION Y SANEAMIENTO",2272942.0,,PROYECTO DE INVERSION,"MEJORAMIENTO Y AMPLIACION DEL SERVICIO DE AGUA POTABLE, ALCANTARILLADO Y PTAR DE LA PC HAQUIRA, DISTRITO DE HAQUIRA - COTABAMBAS - APURIMAC",SANEAMIENTO,SANEAMIENTO,SANEAMIENTO RURAL,17060851,16507443,10000,10000.0,30000.0,23408.26,0.0,Cartera_260824-123814.xlsx,030504,,030504,,,EXTRAIDO_DESDE_NOMBRE,ALTA,RESUELTO,030504,Coincidencia exacta y única por nombre
25.0,A,"VIVIENDA, CONSTRUCCION Y SANEAMIENTO","OPMI DEL MINISTERIO DE VIVIENDA, CONSTRUCCION Y SANEAMIENTO",2168929.0,,PROYECTO DE INVERSION,"CONSTRUCCIÓN DEL SISTEMA DE AGUA POTABLE Y SANEAMIENTO EN LAS LOCALIDADES DE PAMPA ELERA BAJA Y  ALTA, PUEBLO NUEVO DE PAMPA ELERA ALTA, CHIPILLICO, POTRERILLO, EL SAUCE, MONTE DE LOS OLIVOS Y TONGAL, DISTRITO LAS LOMAS, PROV. DE PIURA, DEP. DE PIURA",SANEAMIENTO,SANEAMIENTO,SANEAMIENTO RURAL,30635527,18287176,1198246,350000.0,50000.0,0.0,0.0,Cartera_260824-123814.xlsx,,200111,200111,SI,SI,VALIDADO_PMI_POR_CUI,ALTA,RESUELTO,,"No se detectó patrón ""DISTRITO DE"" en el nombre | Validado por PMI: LAS LOMAS"
26.0,A,"VIVIENDA, CONSTRUCCION Y SANEAMIENTO","OPMI DEL MINISTERIO DE VIVIENDA, CONSTRUCCION Y SANEAMIENTO",2295629.0,,PROYECTO DE INVERSION,"MEJORAMIENTO Y AMPLIACION DEL SERVICIO DE AGUA POTABLE E INSTALACION DEL SERVICIO DE SANEAMIENTO EN EL CENTRO POBLADO BARRANQUITA, DISTRITO DE PICOTA , PROVINCIA DE PICOTA - SAN MARTIN",SANEAMIENTO,SANEAMIENTO,SANEAMIENTO RURAL,4568957,3489866,0,10000.0,50000.0,0.0,0.0,Cartera_260824-123814.xlsx,220701,,220701,,,EXTRAIDO_DESDE_NOMBRE,ALTA,RESUELTO,220701,Coincidencia exacta y única por nombre
27.0,A,"VIVIENDA, CONSTRUCCION Y SANEAMIENTO","OPMI DEL MINISTERIO DE VIVIENDA, CONSTRUCCION Y SANEAMIENTO",2280879.0,,PROYECTO DE INVERSION,AMPLIACION DEL SISTEMA DE DISTRIBUCION DE AGUA POTABLE DE LA CIUDAD DEL CUSCO,SANEAMIENTO,SANEAMIENTO,SANEAMIENTO URBANO,14735943,13441460,1033030,1042030.0,252453.0,0.0,0.0,Cartera_260824-123814.xlsx,,,,NO,NO,FALLIDO,BAJA,REVISAR_CONFLICTO,,"No se detectó patrón ""DISTRITO DE"" en el nombre | Datos PMI no cruzaron con GPKG (- TODOS - - CUSCO)"
28.0,A,"VIVIENDA, CONSTRUCCION Y SANEAMIENTO","OPMI DEL MINISTERIO DE VIVIENDA, CONSTRUCCION Y SANEAMIENTO",2539320.0,,PROYECTO DE INVERSION,MEJORAMIENTO Y AMPLIACION DEL SERVICIO DE AGUA POTABLE Y DISPOSICIÓN SANITARIA DE EXCRETAS DE LA LOCALIDAD LA MENTA ALTA DEL DISTRITO DE LAS LOMAS - PROVINCIA DE PIURA - DEPARTAMENTO DE PIURA,SANEAMIENTO,SANEAMIENTO,SANEAMIENTO RURAL,4466413,4256449,83500,910335.0,116464.29,0.0,0.0,Cartera_260824-123814.xlsx,200111,,200111,,,EXTRAIDO_DESDE_NOMBRE,ALTA,RESUELTO,200111,Coincidencia exacta y única por nombre
29.0,A,"VIVIENDA, CONSTRUCCION Y SANEAMIENTO","OPMI DEL MINISTERIO DE VIVIENDA, CONSTRUCCION Y SANEAMIENTO",2325346.0,,PROYECTO DE INVERSION,"CREACION DEL SISTEMA DE DRENAJE PLUVIAL  EN LOS JIRONES MARIANO BELLIDO, 24 DE JUNIO, LA MAR, MUNIVE, MADRID Y WARI, DISTRITO DE SAN JUAN BAUTISTA - HUAMANGA - AYACUCHO",SANEAMIENTO,SANEAMIENTO,SANEAMIENTO URBANO,7797652,7797652,0,0.0,2000.0,0.0,0.0,Cartera_260824-123814.xlsx,,050110,050110,SI,SI,VALIDADO_PMI_POR_CUI,ALTA,RESUELTO,"050110, 160113, 110110",Distrito SAN JUAN BAUTISTA es ambiguo y no se extrajo provincia | Validado por PMI: SAN JUAN BAUTISTA
31.0,A,"VIVIENDA, CONSTRUCCION Y SANEAMIENTO","OPMI DEL MINISTERIO DE VIVIENDA, CONSTRUCCION Y SANEAMIENTO",2170972.0,,PROYECTO DE INVERSION,"INSTALACION DEL SERVICIO DE AGUA POTABLE Y SANEAMIENTO BASICO DE LA LOCALIDAD DE PALTARUMI, DISTRITO DE DANIEL HERNANDEZ - TAYACAJA - HUANCAVELICA",SANEAMIENTO,SANEAMIENTO,SANEAMIENTO RURAL,3632651,3598359,4000,4039.0,0.0,0.0,0.0,Cartera_260824-123814.xlsx,090706,,090706,,,EXTRAIDO_DESDE_NOMBRE,ALTA,RESUELTO,090706,Coincidencia exacta y única por nombre
31.0,A,"VIVIENDA, CONSTRUCCION Y SANEAMIENTO","OPMI DEL MINISTERIO DE VIVIENDA, CONSTRUCCION Y SANEAMIENTO",2170995.0,,PROYECTO DE INVERSION,"INSTALACION DEL SERVICIO DE AGUA POTABLE Y SANEAMIENTO BASICO DE LA LOCALIDAD DE VILLAPAMPA - RUPASCCA, DISTRITO DE YAULI - HUANCAVELICA - HUANCAVELICA",SANEAMIENTO,SANEAMIENTO,SANEAMIENTO RURAL,4355965,4266526,0,0.0,39438.78,0.0,0.0,Cartera_260824-123814.xlsx,,090117,090117,SI,SI,VALIDADO_PMI_POR_CUI,ALTA,RESUELTO,"120810, 090117, 120433",Distrito YAULI es ambiguo y no se extrajo provincia | Validado por PMI: YAULI
32.0,A,"VIVIENDA, CONSTRUCCION Y SANEAMIENTO","OPMI DEL MINISTERIO DE VIVIENDA, CONSTRUCCION Y SANEAMIENTO",2170980.0,,PROYECTO DE INVERSION,"INSTALACION DEL SERVICIO DE AGUA POTABLE Y SANEAMIENTO BASICO DE LA LOCALIDAD DE QUINTAO , DISTRITO DE COLCABAMBA - TAYACAJA - HUANCAVELICA",SANEAMIENTO,SANEAMIENTO,SANEAMIENTO RURAL,2437716,2385798,0,0.0,31918.02,0.0,0.0,Cartera_260824-123814.xlsx,,090705,090705,SI,SI,VALIDADO_PMI_POR_CUI,ALTA,RESUELTO,"090705, 020103, 030405",Distrito COLCABAMBA es ambiguo y no se extrajo provincia | Validado por PMI: COLCABAMBA
33.0,A,"VIVIENDA, CONSTRUCCION Y SANEAMIENTO","OPMI DEL MINISTERIO DE VIVIENDA, CONSTRUCCION Y SANEAMIENTO",2235420.0,,PROYECTO DE INVERSION,"MEJORAMIENTO Y AMPLIACION DEL SERVICIO DE AGUA POTABLE E INSTALACION DE LA DISPOSICION SANITARIA DE EXCRETAS Y DE AGUAS GRISES EN LA COMUNIDAD NATIVA DE YUPICUSA, DISTRITO DE IMAZA, PROVINCIA DE BAGUA, DEPARTAMENTO DE AMAZONAS",SANEAMIENTO,SANEAMIENTO,SANEAMIENTO RURAL,7124240,7035792,0,40332.0,48115.7,0.0,0.0,Cartera_260824-123814.xlsx,010205,,010205,,,EXTRAIDO_DESDE_NOMBRE,ALTA,RESUELTO,010205,Coincidencia exacta y única por nombre
34.0,A,"VIVIENDA, CONSTRUCCION Y SANEAMIENTO","OPMI DEL MINISTERIO DE VIVIENDA, CONSTRUCCION Y SANEAMIENTO",2280260.0,,PROYECTO DE INVERSION,"MEJORAMIENTO Y AMPLIACION DEL SERVICIO DE AGUA POTABLE Y SANEAMIENTO BASICO EN EL CENTRO POBLADO SANTA ROSA, DISTRITO DE SANTO TOMAS - CUTERVO - CAJAMARCA",SANEAMIENTO,SANEAMIENTO,SANEAMIENTO RURAL,3032111,2498884,17029,10000.0,506198.32,0.0,0.0,Cartera_260824-123814.xlsx,,060613,060613,SI,SI,VALIDADO_PMI_POR_CUI,ALTA,RESUELTO,"060613, 080701, 010521",Distrito SANTO TOMAS es ambiguo y no se extrajo provincia | Validado por PMI: SANTO TOMAS
35.0,A,"VIVIENDA, CONSTRUCCION Y SANEAMIENTO","OPMI DEL MINISTERIO DE VIVIENDA, CONSTRUCCION Y SANEAMIENTO",2235702.0,,PROYECTO DE INVERSION,"AMPLIACION Y MEJORAMIENTO DEL SERVICIO DE AGUA POTABLE Y SANEAMIENTO DEL CENTRO POBLADO SAN PEDRO ALTO, DISTRITO DE AGALLPAMPA - OTUZCO - LA LIBERTAD",SANEAMIENTO,SANEAMIENTO,SANEAMIENTO RURAL,2871477,2819204,0,10000.0,52272.87,0.0,0.0,Cartera_260824-123814.xlsx,130602,,130602,,,EXTRAIDO_DESDE_NOMBRE,ALTA,RESUELTO,130602,Coincidencia exacta y única por nombre
37.0,A,"VIVIENDA, CONSTRUCCION Y SANEAMIENTO","OPMI DEL MINISTERIO DE VIVIENDA, CONSTRUCCION Y SANEAMIENTO",2178853.0,,PROYECTO DE INVERSION,"MEJORAMIENTO Y AMPLIACION DEL SISTEMA DE AGUA POTABLE E INSTALACION DE UNIDADES BASICAS DE SANEAMIENTO (UBS) EN LA LOCALIDAD DE HUAYAO, DISTRITO DE TAMBO, PROVINCIA DE LA MAR - AYACUCHO",SANEAMIENTO,SANEAMIENTO,SANEAMIENTO RURAL,4267599,4183867,0,10000.0,83732.49,0.0,0.0,Cartera_260824-123814.xlsx,050508,,050508,,,EXTRAIDO_DESDE_NOMBRE,ALTA,RESUELTO,050508,Coincidencia resuelta usando provincia LA MAR
38.0,A,"VIVIENDA, CONSTRUCCION Y SANEAMIENTO","OPMI DEL MINISTERIO DE VIVIENDA, CONSTRUCCION Y SANEAMIENTO",2191604.0,,PROYECTO DE INVERSION,"MEJORAMIENTO Y AMPLIACION DEL SERVICIO DE AGUA POTABLE, SERVICIO DE ALCANTARILLADO Y TRATAMIENTO DE AGUAS RESIDUALES EN LA CIUDAD DE QARHUAPAMPA, DISTRITO DE TAMBO, PROVINCIA DE LA MAR - AYACUCHO",SANEAMIENTO,SANEAMIENTO,SANEAMIENTO RURAL,4667039,4605703,10000,10000.0,31335.77,0.0,0.0,Cartera_260824-123814.xlsx,050508,,050508,,,EXTRAIDO_DESDE_NOMBRE,ALTA,RESUELTO,050508,Coincidencia resuelta usando provincia LA MAR
39.0,A,"VIVIENDA, CONSTRUCCION Y SANEAMIENTO","OPMI DEL MINISTERIO DE VIVIENDA, CONSTRUCCION Y SANEAMIENTO",2289960.0,,PROYECTO DE INVERSION,"MEJORAMIENTO Y AMPLIACION DE LOS SERVICIOS DE AGUA POTABLE Y DISPOSICION SANITARIA DE EXCRETAS DE LA LOCALIDAD DE SANTIAGO, DISTRITO DE ACOMAYO, PROVINCIA DE ACOMAYO - CUSCO",SANEAMIENTO,SANEAMIENTO,SANEAMIENTO RURAL,2706690,2620283,0,10000.0,86406.63,0.0,0.0,Cartera_260824-123814.xlsx,080201,,080201,,,EXTRAIDO_DESDE_NOMBRE,ALTA,RESUELTO,080201,Coincidencia exacta y única por nombre
40.0,A,"VIVIENDA, CONSTRUCCION Y SANEAMIENTO","OPMI DEL MINISTERIO DE VIVIENDA, CONSTRUCCION Y SANEAMIENTO",2186352.0,,PROYECTO DE INVERSION,MEJORAMIENTO Y AMPLIACION DEL SERVICIO DE AGUA POTABLE Y SANEAMIENTO EN LA COMUNIDAD DE CCOCHAPATA - DISTRITO TUPAC AMARU- PROVINCIA CANAS - REGION CUSCO,SANEAMIENTO,SANEAMIENTO,SANEAMIENTO RURAL,3758194,3656900,0,30000.0,101294.11,0.0,0.0,Cartera_260824-123814.xlsx,,080508,080508,SI,SI,VALIDADO_PMI_POR_CUI,ALTA,RESUELTO,,"No se detectó patrón ""DISTRITO DE"" en el nombre | Validado por PMI: TUPAC AMARU"
40.0,A,"VIVIENDA, CONSTRUCCION Y SANEAMIENTO","OPMI DEL MINISTERIO DE VIVIENDA, CONSTRUCCION Y SANEAMIENTO",2400940.0,,PROYECTO DE INVERSION,"INSTALACION DEL SERVICIO DE AGUA POTABLE Y SANEAMIENTO EN EL CENTRO POBLADO DE SANTA EMILIA, DISTRITO DE NAUTA , PROVINCIA DE LORETO - LORETO",SANEAMIENTO,SANEAMIENTO,SANEAMIENTO RURAL,4917670,4894810,0,22860.0,0.0,0.0,0.0,Cartera_260824-123814.xlsx,160301,,160301,,,EXTRAIDO_DESDE_NOMBRE,ALTA,RESUELTO,160301,Coincidencia exacta y única por nombre
41.0,A,"VIVIENDA, CONSTRUCCION Y SANEAMIENTO","OPMI DEL MINISTERIO DE VIVIENDA, CONSTRUCCION Y SANEAMIENTO",2266082.0,,PROYECTO DE INVERSION,"MEJORAMIENTO Y AMPLIACIÓN DEL SERVICIO DE AGUA POTABLE E INSTALACIÓN DEL SERVICIO DE SANEAMIENTO EN EL CENTRO POBLADO SHAMPUYACU, DISTRITO DE AWAJUN - RIOJA - SAN MARTÍN",SANEAMIENTO,SANEAMIENTO,SANEAMIENTO RURAL,7542229,6874672,0,10000.0,667556.66,0.0,0.0,Cartera_260824-123814.xlsx,220802,,220802,,,EXTRAIDO_DESDE_NOMBRE,ALTA,RESUELTO,220802,Coincidencia exacta y única por nombre
42.0,A,"VIVIENDA, CONSTRUCCION Y SANEAMIENTO","OPMI DEL MINISTERIO DE VIVIENDA, CONSTRUCCION Y SANEAMIENTO",2465313.0,,PROYECTO DE INVERSION,"MEJORAMIENTO Y AMPLIACION DEL SISTEMA DE AGUA POTABLE Y ALCANTARILLADO DE LA CALLE TUMBES ENTRE LAS INTERSECCIONES DE LAS CALLES ABAD PUELL Y  AV RÍO CENEPA, Y CALLES ALEDAÑAS EN EL AAHH POZO ELEVADO  DISTRITO DE ZARUMILLA - PROVINCIA DE ZARUMILLA - DEPARTAMENTO DE TUMBES",SANEAMIENTO,SANEAMIENTO,SANEAMIENTO URBANO,2768775,2757348,0,0.0,11427.14,0.0,0.0,Cartera_260824-123814.xlsx,240301,,240301,,,EXTRAIDO_DESDE_NOMBRE,ALTA,RESUELTO,240301,Coincidencia exacta y única por nombre
43.0,A,"VIVIENDA, CONSTRUCCION Y SANEAMIENTO","OPMI DEL MINISTERIO DE VIVIENDA, CONSTRUCCION Y SANEAMIENTO",2279319.0,,PROYECTO DE INVERSION,"MEJORAMIENTO Y AMPLIACION DE LOS SERVICIOS DE AGUA POTABLE Y SANEAMIENTO DEL CENTRO POBLADO DE CAMPAMENTO , DISTRITO DE COASA - CARABAYA - PUNO",SANEAMIENTO,SANEAMIENTO,SANEAMIENTO RURAL,6939550,6767404,0,0.0,172145.99,0.0,0.0,Cartera_260824-123814.xlsx,210304,,210304,,,EXTRAIDO_DESDE_NOMBRE,ALTA,RESUELTO,210304,Coincidencia exacta y única por nombre
44.0,A,"VIVIENDA, CONSTRUCCION Y SANEAMIENTO","OPMI DEL MINISTERIO DE VIVIENDA, CONSTRUCCION Y SANEAMIENTO",2305673.0,,PROYECTO DE INVERSION,"INSTALACION DE LOS SERVICIOS DE AGUA POTABLE Y SANEAMIENTO RURAL EN LOS SECTORES DE NUEVA CALA CALA, ASPAEX, ASPAEX-I Y ASPAEX-III (LOS CARIBEÑOS), CENTRO POBLADO DE YACANGO, DISTRITO DE TORATA - MARISCAL NIETO - MOQUEGUA",SANEAMIENTO,SANEAMIENTO,SANEAMIENTO RURAL,10818469,10512133,30000,305827.0,50000.0,0.0,0.0,Cartera_260824-123814.xlsx,180106,,180106,,,EXTRAIDO_DESDE_NOMBRE,ALTA,RESUELTO,180106,Coincidencia exacta y única por nombre
45.0,A,"VIVIENDA, CONSTRUCCION Y SANEAMIENTO","OPMI DEL MINISTERIO DE VIVIENDA, CONSTRUCCION Y SANEAMIENTO",2199705.0,,PROYECTO DE INVERSION,"AMPLIACION Y MEJORAMIENTO DEL SISTEMA DE AGUA POTABLE E INSTALACION DEL SERVICIO DE SANEAMIENTO BASICO DE LA LOCALIDAD DE INCA ROCA LOBOYACU, DISTRITO DE UCHIZA - TOCACHE - SAN MARTIN",SANEAMIENTO,SANEAMIENTO,SANEAMIENTO RURAL,6310503,6247101,0,10000.0,63401.83,0.0,0.0,Cartera_260824-123814.xlsx,221005,,221005,,,EXTRAIDO_DESDE_NOMBRE,ALTA,RESUELTO,221005,Coincidencia exacta y única por nombre
46.0,A,"VIVIENDA, CONSTRUCCION Y SANEAMIENTO","OPMI DEL MINISTERIO DE VIVIENDA, CONSTRUCCION Y SANEAMIENTO",2297617.0,,PROYECTO DE INVERSION,"MEJORAMIENTO Y AMPLIACION DEL SERVICIO DE AGUA POTABLE Y DISPOSICION SANITARIA DE EXCRETAS EN LA COMUNIDAD CAMPESINA DE AURINCOTA: SECTORES MULLUCHUYO - LLUMAHUI, PLATERIA - TOTOROCO, CHACAMARCA, PICHUPICHUNI, TICATANCA, DISTRITO DE HUACULLANI, PROVI",SANEAMIENTO,SANEAMIENTO,SANEAMIENTO RURAL,14188114,13794354,5000,5000.0,37893.92,0.0,0.0,Cartera_260824-123814.xlsx,210403,,210403,,,EXTRAIDO_DESDE_NOMBRE,ALTA,RESUELTO,210403,Coincidencia exacta y única por nombre
47.0,A,"VIVIENDA, CONSTRUCCION Y SANEAMIENTO","OPMI DEL MINISTERIO DE VIVIENDA, CONSTRUCCION Y SANEAMIENTO",2286781.0,,PROYECTO DE INVERSION,"MEJORAMIENTO Y AMPLIACIÓN DEL SERVICIO DE AGUA POTABLE E INSTALACIÓN DEL SERVICIO DE SANEAMIENTO EN EL CENTRO POBLADO EL TRIUNFO, DISTRITO DE LA PECA- BAGUA-AMAZONAS",SANEAMIENTO,SANEAMIENTO,SANEAMIENTO RURAL,2589968,104745,77509,77509.0,2407713.85,0.0,0.0,Cartera_260824-123814.xlsx,,010206,010206,SI,SI,VALIDADO_PMI_POR_CUI,ALTA,RESUELTO,,Distrito LA PECA- BAGUA-AMAZONAS no encontrado en GPKG | Validado por PMI: LA PECA
48.0,A,"VIVIENDA, CONSTRUCCION Y SANEAMIENTO","OPMI DEL MINISTERIO DE VIVIENDA, CONSTRUCCION Y SANEAMIENTO",2190265.0,,PROYECTO DE INVERSION,"MEJORAMIENTO Y AMPLIACION DEL SERVICIO DE AGUA POTABLE E INSTALACION DE UNIDADES BASICAS DE SANEAMIENTO (UBS) EN LAS LOCALIDADES DE SAN VICENTE, ROSARIO PAMPA Y NUEVO BERLIN, DISTRITO DE ANCO, PROVINCIA LA MAR - AYACUCHO",SANEAMIENTO,SANEAMIENTO,SANEAMIENTO RURAL,4917423,4798831,0,10000.0,30000.0,38592.23,0.0,Cartera_260824-123814.xlsx,,050502,050502,SI,SI,VALIDADO_PMI_POR_CUI,ALTA,RESUELTO,"050502, 090502",Distrito ANCO es ambiguo y no se extrajo provincia | Validado por PMI: ANCO
49.0,A,"VIVIENDA, CONSTRUCCION Y SANEAMIENTO","OPMI DEL MINISTERIO DE VIVIENDA, CONSTRUCCION Y SANEAMIENTO",2265193.0,,PROYECTO DE INVERSION,"MEJORAMIENTO Y AMPLIACION DE LOS SERVICIOS DE AGUA POTABLE Y DISPOSICION SANITARIA DE EXCRETAS DEL CASERIO DE LLUICHOCOLPAN, DISTRITO DE LLUMPA - MARISCAL LUZURIAGA - ANCASH",SANEAMIENTO,SANEAMIENTO,SANEAMIENTO RURAL,6967338,6677759,0,10000.0,289579.46,0.0,0.0,Cartera_260824-123814.xlsx,021306,,021306,,,EXTRAIDO_DESDE_NOMBRE,ALTA,RESUELTO,021306,Coincidencia exacta y única por nombre
50.0,A,"VIVIENDA, CONSTRUCCION Y SANEAMIENTO","OPMI DEL MINISTERIO DE VIVIENDA, CONSTRUCCION Y SANEAMIENTO",2292730.0,,PROYECTO DE INVERSION,"MEJORAMIENTO DE LOS SERVICIOS DE AGUA POTABLE Y ALCANTARILLADO EN LA LOCALIDAD DE POMACANCHI, DISTRITO DE POMACANCHI - ACOMAYO - CUSCO",SANEAMIENTO,SANEAMIENTO,SANEAMIENTO URBANO,23978834,22435541,733867,369389.0,20689.0,630611.0,0.0,Cartera_260824-123814.xlsx,080205,,080205,,,EXTRAIDO_DESDE_NOMBRE,ALTA,RESUELTO,080205,Coincidencia exacta y única por nombre
51.0,A,"VIVIENDA, CONSTRUCCION Y SANEAMIENTO","OPMI DEL MINISTERIO DE VIVIENDA, CONSTRUCCION Y SANEAMIENTO",2251094.0,,PROYECTO DE INVERSION,"MEJORAMIENTO Y AMPLIACION DEL SERVICIO DE AGUA POTABLE Y DISPOSICION DE EXCRETAS DE LA LOCALIDAD PANJUY , DISTRITO DE TABALOSOS - LAMAS - SAN MARTIN",SANEAMIENTO,SANEAMIENTO,SANEAMIENTO RURAL,3817418,3512505,0,10000.0,304913.57,0.0,0.0,Cartera_260824-123814.xlsx,220510,,220510,,,EXTRAIDO_DESDE_NOMBRE,ALTA,RESUELTO,220510,Coincidencia exacta y única por nombre
52.0,A,"VIVIENDA, CONSTRUCCION Y SANEAMIENTO","OPMI DEL MINISTERIO DE VIVIENDA, CONSTRUCCION Y SANEAMIENTO",2189518.0,,PROYECTO DE INVERSION,"MEJORAMIENTO Y AMPLIACIÓN DE LOS SERVICIOS DE AGUA POTABLE Y DISPOSICIÓN SANITARIA DE EXCRETAS DE LA COMUNIDAD CAMPESINA DE ACCOPATA, DISTRITO DE ASILLO, AZANGARO - PUNO",SANEAMIENTO,SANEAMIENTO,SANEAMIENTO RURAL,6941863,6782326,26985,30000.0,30000.0,29537.39,0.0,Cartera_260824-123814.xlsx,210204,,210204,,,EXTRAIDO_DESDE_NOMBRE,ALTA,RESUELTO,210204,Coincidencia exacta y única por nombre
53.0,A,"VIVIENDA, CONSTRUCCION Y SANEAMIENTO","OPMI DEL MINISTERIO DE VIVIENDA, CONSTRUCCION Y SANEAMIENTO",2400865.0,,PROYECTO DE INVERSION,"INSTALACION DEL SERVICIO DE AGUA POTABLE Y SANEAMIENTO EN EL CENTRO POBLADO DE QUISTOCOCHA , DISTRITO DE SAN JUAN BAUTISTA - MAYNAS - LORETO",SANEAMIENTO,SANEAMIENTO,SANEAMIENTO RURAL,17212334,15904090,0,1094052.0,131868.8,0.0,0.0,Cartera_260824-123814.xlsx,,160113,160113,SI,SI,VALIDADO_PMI_POR_CUI,ALTA,RESUELTO,"050110, 160113, 110110",Distrito SAN JUAN BAUTISTA es ambiguo y no se extrajo provincia | Validado por PMI: SAN JUAN BAUTISTA
54.0,A,"VIVIENDA, CONSTRUCCION Y SANEAMIENTO","OPMI DEL MINISTERIO DE VIVIENDA, CONSTRUCCION Y SANEAMIENTO",2289940.0,,PROYECTO DE INVERSION,"MEJORAMIENTO, AMPLIACION DEL SERVICIO DE AGUA POTABLE E INSTALACIÓN DEL SERVICIO DE ALCANTARILLADO, PLANTA DE TRATAMIENTO DE AGUAS RESIDUALES Y DISPOSICIÓN SANITARIA DE EXCRETAS EN EL CENTRO POBLADO SANTA ROSA DE TOLDOPAMPA, DISTRITO DE PAMPA HERMOSA - PROVINCIA DE SATIPO - REGIÓN JUNÍN",SANEAMIENTO,SANEAMIENTO,SANEAMIENTO RURAL,2523609,148895,0,0.0,70382.27,0.0,0.0,Cartera_260824-123814.xlsx,120605,,120605,,,EXTRAIDO_DESDE_NOMBRE,ALTA,RESUELTO,120605,Coincidencia resuelta usando provincia SATIPO
55.0,A,"VIVIENDA, CONSTRUCCION Y SANEAMIENTO","OPMI DEL MINISTERIO DE VIVIENDA, CONSTRUCCION Y SANEAMIENTO",2189457.0,,PROYECTO DE INVERSION,"AMPLIACION Y MEJORAMIENTO SERVICIO DE AGUA POTABLE Y DISPOSICION SANITARIA DE EXCRETAS EN LOS SECTORES CHATUMA CUCHO, CHIARAUYO, HANCCOHUYO, SAN ISIDRO Y CAPUHUI DEL CENTRO POBLADO CHATUMA, DISTRITO POMATA - CHUCUITO - PUNO",SANEAMIENTO,SANEAMIENTO,SANEAMIENTO RURAL,6045639,5808912,4800,5000.0,30000.0,33046.8,0.0,Cartera_260824-123814.xlsx,,210406,210406,SI,SI,VALIDADO_PMI_POR_CUI,ALTA,RESUELTO,,"No se detectó patrón ""DISTRITO DE"" en el nombre | Validado por PMI: POMATA"
56.0,A,"VIVIENDA, CONSTRUCCION Y SANEAMIENTO","OPMI DEL MINISTERIO DE VIVIENDA, CONSTRUCCION Y SANEAMIENTO",2264061.0,,PROYECTO DE INVERSION,"MEJORAMIENTO Y AMPLIACION DE LOS SERVICIOS DE AGUA POTABLE Y DISPOSICION SANITARIA DE EXCRETAS DE LA LOCALIDAD DE MARCJAHUI, DISTRITO DE LLUSCO - CHUMBIVILCAS - CUSCO",SANEAMIENTO,SANEAMIENTO,SANEAMIENTO RURAL,4942293,4837824,0,10000.0,64468.99,0.0,0.0,Cartera_260824-123814.xlsx,080706,,080706,,,EXTRAIDO_DESDE_NOMBRE,ALTA,RESUELTO,080706,Coincidencia exacta y única por nombre
57.0,A,"VIVIENDA, CONSTRUCCION Y SANEAMIENTO","OPMI DEL MINISTERIO DE VIVIENDA, CONSTRUCCION Y SANEAMIENTO",2301620.0,,PROYECTO DE INVERSION,"MEJORAMIENTO Y AMPLIACION DEL SERVICIO DE AGUA POTABLE Y SANEAMIENTO BASICO DEL CENTRO POBLADO DE PARIAHUANCA, DISTRITO DE PARIAHUANCA - HUANCAYO - JUNIN",SANEAMIENTO,SANEAMIENTO,SANEAMIENTO RURAL,4494709,4149572,0,10000.0,345137.45,0.0,0.0,Cartera_260824-123814.xlsx,,120124,120124,SI,SI,VALIDADO_PMI_POR_CUI,ALTA,RESUELTO,"120124, 020607",Distrito PARIAHUANCA es ambiguo y no se extrajo provincia | Validado por PMI: PARIAHUANCA
58.0,A,"VIVIENDA, CONSTRUCCION Y SANEAMIENTO","OPMI DEL MINISTERIO DE VIVIENDA, CONSTRUCCION Y SANEAMIENTO",2186026.0,,PROYECTO DE INVERSION,"INSTALACION DEL SERVICIO DE AGUA POTABLE Y DISPOSICION SANITARIA DE EXCRETAS EN LA COMUNIDAD CAMPESINA ARACACHI JAHUERJA, DISTRITO KELLUYO - CHUCUITO - PUNO",SANEAMIENTO,SANEAMIENTO,SANEAMIENTO RURAL,4353193,4230291,4800,5000.0,30000.0,33705.56,0.0,Cartera_260824-123814.xlsx,,210404,210404,SI,SI,VALIDADO_PMI_POR_CUI,ALTA,RESUELTO,,"No se detectó patrón ""DISTRITO DE"" en el nombre | Validado por PMI: KELLUYO"
59.0,A,"VIVIENDA, CONSTRUCCION Y SANEAMIENTO","OPMI DEL MINISTERIO DE VIVIENDA, CONSTRUCCION Y SANEAMIENTO",2187527.0,,PROYECTO DE INVERSION,"MEJORAMIENTO Y AMPLIACION DE LOS SISTEMAS DE AGUA POTABLE Y DISPOSICION SANITARIA DE EXCRETAS DE LA COMUNIDAD CAMPESINA JILA ( RETIRO, INAMPO Y CENTRAL), DISTRITO ASILLO, AZANGARO, PUNO.",SANEAMIENTO,SANEAMIENTO,SANEAMIENTO RURAL,5516941,5411551,29470,30000.0,30000.0,25389.5,0.0,Cartera_260824-123814.xlsx,,210204,210204,SI,SI,VALIDADO_PMI_POR_CUI,ALTA,RESUELTO,,"No se detectó patrón ""DISTRITO DE"" en el nombre | Validado por PMI: ASILLO"
60.0,A,"VIVIENDA, CONSTRUCCION Y SANEAMIENTO","OPMI DEL MINISTERIO DE VIVIENDA, CONSTRUCCION Y SANEAMIENTO",2172748.0,,PROYECTO DE INVERSION,"MEJORAMIENTO Y AMPLIACION DEL SERVICIO DE AGUA POTABLE Y SANEAMIENTO DEL ANEXO DE ANTACCACCA, DISTRITO MARANGANI, PROVINCIA CANCHIS, REGION CUSCO",SANEAMIENTO,SANEAMIENTO,SANEAMIENTO RURAL,4073004,3998386,0,30000.0,34618.48,0.0,0.0,Cartera_260824-123814.xlsx,,080604,080604,SI,SI,VALIDADO_PMI_POR_CUI,ALTA,RESUELTO,,"No se detectó patrón ""DISTRITO DE"" en el nombre | Validado por PMI: MARANGANI"
61.0,A,"VIVIENDA, CONSTRUCCION Y SANEAMIENTO","OPMI DEL MINISTERIO DE VIVIENDA, CONSTRUCCION Y SANEAMIENTO",2400868.0,,PROYECTO DE INVERSION,"INSTALACION DEL SERVICIO DE AGUA POTABLE Y SANEAMIENTO EN EL CENTRO POBLADO DE PENA NEGRA , DISTRITO DE SAN JUAN BAUTISTA - MAYNAS - LORETO",SANEAMIENTO,SANEAMIENTO,SANEAMIENTO RURAL,20609019,20316665,111000,106065.0,186289.03,0.0,0.0,Cartera_260824-123814.xlsx,,160113,160113,SI,SI,VALIDADO_PMI_POR_CUI,ALTA,RESUELTO,"050110, 160113, 110110",Distrito SAN JUAN BAUTISTA es ambiguo y no se extrajo provincia | Validado por PMI: SAN JUAN BAUTISTA
62.0,A,"VIVIENDA, CONSTRUCCION Y SANEAMIENTO","OPMI DEL MINISTERIO DE VIVIENDA, CONSTRUCCION Y SANEAMIENTO",2400917.0,,PROYECTO DE INVERSION,"INSTALACION DEL SERVICIO DE AGUA POTABLE Y SANEAMIENTO EN LA COMUNIDAD NATIVA DE SAN PEDRO II, DISTRITO DE NAUTA , PROVINCIA DE LORETO - LORETO",SANEAMIENTO,SANEAMIENTO,SANEAMIENTO RURAL,4466028,4466028,0,14812.0,0.0,0.0,0.0,Cartera_260824-123814.xlsx,160301,,160301,,,EXTRAIDO_DESDE_NOMBRE,ALTA,RESUELTO,160301,Coincidencia exacta y única por nombre
62.0,A,"VIVIENDA, CONSTRUCCION Y SANEAMIENTO","OPMI DEL MINISTERIO DE VIVIENDA, CONSTRUCCION Y SANEAMIENTO",2178727.0,,PROYECTO DE INVERSION,"AMPLIACION Y MEJORAMIENTO DEL SISTEMA DE AGUA E INSTALACION DE UNIDADES BASICAS DE SANEAMIENTO DE LA LOCALIDAD DE TRANCAPATA BAJA, DISTRITO DE CURAHUASI - ABANCAY - APURIMAC",SANEAMIENTO,SANEAMIENTO,SANEAMIENTO RURAL,5112339,4606273,0,5000.0,506065.85,0.0,0.0,Cartera_260824-123814.xlsx,030104,,030104,,,EXTRAIDO_DESDE_NOMBRE,ALTA,RESUELTO,030104,Coincidencia exacta y única por nombre
63.0,A,"VIVIENDA, CONSTRUCCION Y SANEAMIENTO","OPMI DEL MINISTERIO DE VIVIENDA, CONSTRUCCION Y SANEAMIENTO",2305052.0,,PROYECTO DE INVERSION,"AMPLIACION Y MEJORAMIENTO DEL SERVICIO DE AGUA POTABLE Y SANEAMIENTO DEL CENTRO POBLADO DE ESPINAL , DISTRITO DE SAYAPULLO - GRAN CHIMU - LA LIBERTAD",SANEAMIENTO,SANEAMIENTO,SANEAMIENTO RURAL,4147346,3808106,0,10000.0,339240.26,0.0,0.0,Cartera_260824-123814.xlsx,131104,,131104,,,EXTRAIDO_DESDE_NOMBRE,ALTA,RESUELTO,131104,Coincidencia exacta y única por nombre
64.0,A,"VIVIENDA, CONSTRUCCION Y SANEAMIENTO","OPMI DEL MINISTERIO DE VIVIENDA, CONSTRUCCION Y SANEAMIENTO",2339592.0,,PROYECTO DE INVERSION,"INSTALACIÓN DEL SERVICIO DE AGUA POTABLE Y SANEAMIENTO EN LA COMUNIDAD NATIVA DE SOLEDAD, DISTRITO DE BALSAPUERTO, PROVINCIA DE ALTO AMAZONAS, DEPARTAMENTO DE LORETO",SANEAMIENTO,SANEAMIENTO,SANEAMIENTO RURAL,17706787,17566679,78368,239207.0,0.0,0.0,0.0,Cartera_260824-123814.xlsx,160202,,160202,,,EXTRAIDO_DESDE_NOMBRE,ALTA,RESUELTO,160202,Coincidencia exacta y única por nombre
64.0,A,"VIVIENDA, CONSTRUCCION Y SANEAMIENTO","OPMI DEL MINISTERIO DE VIVIENDA, CONSTRUCCION Y SANEAMIENTO",2307913.0,,PROYECTO DE INVERSION,"AMPLIACION Y MEJORAMIENTO DEL SERVICIO DE AGUA POTABLE Y DISPOSICION SANITARIA DE EXCRETAS DEL CENTRO POBLADO DE TUTURCUYO , DISTRITO DE SANTIAGO DE PUPUJA - AZANGARO - PUNO",SANEAMIENTO,SANEAMIENTO,SANEAMIENTO RURAL,8212925,7949940,0,0.0,262985.41,0.0,0.0,Cartera_260824-123814.xlsx,210214,,210214,,,EXTRAIDO_DESDE_NOMBRE,ALTA,RESUELTO,210214,Coincidencia exacta y única por nombre
65.0,A,"VIVIENDA, CONSTRUCCION Y SANEAMIENTO","OPMI DEL MINISTERIO DE VIVIENDA, CONSTRUCCION Y SANEAMIENTO",2307932.0,,PROYECTO DE INVERSION,"AMPLIACION Y MEJORAMIENTO DE LOS SERVICIOS DE AGUA POTABLE Y DISPOSICION SANITARIA DE EXCRETAS DE LA LOCALIDAD DE SUMARO , DISTRITO DE CHINCHAYPUJIO - ANTA - CUSCO",SANEAMIENTO,SANEAMIENTO,SANEAMIENTO RURAL,5691020,5105505,7215,10000.0,50000.0,0.0,0.0,Cartera_260824-123814.xlsx,080304,,080304,,,EXTRAIDO_DESDE_NOMBRE,ALTA,RESUELTO,080304,Coincidencia exacta y única por nombre
66.0,A,"VIVIENDA, CONSTRUCCION Y SANEAMIENTO","OPMI DEL MINISTERIO DE VIVIENDA, CONSTRUCCION Y SANEAMIENTO",2189499.0,,PROYECTO DE INVERSION,"MEJORAMIENTO Y AMPLIACION DEL SERVICIO DE AGUA POTABLE Y DISPOSICION SANITARIA DE EXCRETAS EN LAS PARCIALIDADES SAN FRANCISCO Y COLLINE DEL CENTRO POBLADO ARCONUMA, DISTRITO KELLUYO - CHUCUITO - PUNO",SANEAMIENTO,SANEAMIENTO,SANEAMIENTO RURAL,3007161,2945781,29825,30000.0,30805.51,0.0,0.0,Cartera_260824-123814.xlsx,,210404,210404,SI,SI,VALIDADO_PMI_POR_CUI,ALTA,RESUELTO,,"No se detectó patrón ""DISTRITO DE"" en el nombre | Validado por PMI: KELLUYO"
67.0,A,"VIVIENDA, CONSTRUCCION Y SANEAMIENTO","OPMI DEL MINISTERIO DE VIVIENDA, CONSTRUCCION Y SANEAMIENTO",2289970.0,,PROYECTO DE INVERSION,"MEJORAMIENTO Y AMPLIACION DEL SERVICIO DE AGUA POTABLE E INSTALACION DEL SANEAMIENTO EN LA LOCALIDAD DE CADMALCA BAJO, DISTRITO DE LAJAS - CHOTA - CAJAMARCA",SANEAMIENTO,SANEAMIENTO,SANEAMIENTO RURAL,8036451,7723999,0,0.0,312451.84,0.0,0.0,Cartera_260824-123814.xlsx,060410,,060410,,,EXTRAIDO_DESDE_NOMBRE,ALTA,RESUELTO,060410,Coincidencia exacta y única por nombre
68.0,A,"VIVIENDA, CONSTRUCCION Y SANEAMIENTO","OPMI DEL MINISTERIO DE VIVIENDA, CONSTRUCCION Y SANEAMIENTO",2293521.0,,PROYECTO DE INVERSION,"MEJORAMIENTO Y AMPLIACION DE LOS SERVICIOS DE AGUA POTABLE Y SANEAMIENTO DEL CENTRO POBLADO DE AMOYO, DISTRITO DE SANDIA , PROVINCIA DE SANDIA - PUNO",SANEAMIENTO,SANEAMIENTO,SANEAMIENTO RURAL,4790456,4311480,0,10000.0,478975.86,0.0,0.0,Cartera_260824-123814.xlsx,211201,,211201,,,EXTRAIDO_DESDE_NOMBRE,ALTA,RESUELTO,211201,Coincidencia exacta y única por nombre
69.0,A,"VIVIENDA, CONSTRUCCION Y SANEAMIENTO","OPMI DEL MINISTERIO DE VIVIENDA, CONSTRUCCION Y SANEAMIENTO",2168152.0,,PROYECTO DE INVERSION,"AMPLIACION Y MEJORAMIENTO DEL SISTEMA DE AGUA E INSTALACION DE UNIDADES BASICAS DE SANEAMIENTO DE LA LOCALIDAD DE BACAS, DISTRITO DE CURAHUASI - ABANCAY - APURIMAC",SANEAMIENTO,SANEAMIENTO,SANEAMIENTO RURAL,5111897,5067289,0,5000.0,29607.74,0.0,0.0,Cartera_260824-123814.xlsx,030104,,030104,,,EXTRAIDO_DESDE_NOMBRE,ALTA,RESUELTO,030104,Coincidencia exacta y única por nombre
70.0,A,"VIVIENDA, CONSTRUCCION Y SANEAMIENTO","OPMI DEL MINISTERIO DE VIVIENDA, CONSTRUCCION Y SANEAMIENTO",2194449.0,,PROYECTO DE INVERSION,"INSTALACION DEL SERVICIO DE AGUA POTABLE Y SANEAMIENTO EN EL CASERIO VIRGEN DEL CARMEN, DISTRITO DE IRAZOLA - PADRE ABAD - UCAYALI",SANEAMIENTO,SANEAMIENTO RURAL,SANEAMIENTO,3817167,3610605,156500,190283.0,194792.79,0.0,0.0,Cartera_260824-123814.xlsx,250302,,250302,,,EXTRAIDO_DESDE_NOMBRE,ALTA,RESUELTO,250302,Coincidencia exacta y única por nombre
71.0,A,"VIVIENDA, CONSTRUCCION Y SANEAMIENTO","OPMI DEL MINISTERIO DE VIVIENDA, CONSTRUCCION Y SANEAMIENTO",2235548.0,,PROYECTO DE INVERSION,"AMPLIACION Y MEJORAMIENTO DEL SISTEMA DE AGUA POTABLE Y DE SANEAMIENTO BASICO EN LA LOCALIDAD DE CHOCOBAMBA, DISTRITO DE HUACRACHUCO , PROVINCIA DE MARANON - HUANUCO",SANEAMIENTO,SANEAMIENTO,SANEAMIENTO RURAL,5774317,5377283,0,10000.0,397033.07,0.0,0.0,Cartera_260824-123814.xlsx,100701,,100701,,,EXTRAIDO_DESDE_NOMBRE,ALTA,RESUELTO,100701,Coincidencia exacta y única por nombre
72.0,A,"VIVIENDA, CONSTRUCCION Y SANEAMIENTO","OPMI DEL MINISTERIO DE VIVIENDA, CONSTRUCCION Y SANEAMIENTO",2070374.0,,PROYECTO DE INVERSION,"INSTALACION DEL SISTEMA  DE ALCANTARILLADO EN LA ESMERALDA, LOCALIDAD DE SAN LUCAS DE COLAN, DISTRITO DE  COLAN, PROVINCIA DE PAITA - PIURA",SANEAMIENTO,SANEAMIENTO,SANEAMIENTO URBANO,9254621,9207096,0,0.0,47524.44,0.0,0.0,Cartera_260824-123814.xlsx,200504,,200504,,,EXTRAIDO_DESDE_NOMBRE,ALTA,RESUELTO,200504,Coincidencia exacta y única por nombre
73.0,A,"VIVIENDA, CONSTRUCCION Y SANEAMIENTO","OPMI DEL MINISTERIO DE VIVIENDA, CONSTRUCCION Y SANEAMIENTO",2280627.0,,PROYECTO DE INVERSION,"AMPLIACION Y MEJORAMIENTO DEL SERVICIO DE AGUA POTABLE E INSTALACION DEL SANEAMIENTO BASICO DE LA LOCALIDAD DE HUAGAL , DISTRITO DE JOSE SABOGAL - SAN MARCOS - CAJAMARCA",SANEAMIENTO,SANEAMIENTO,SANEAMIENTO RURAL,9035222,8086524,0,10000.0,50000.0,0.0,0.0,Cartera_260824-123814.xlsx,061007,,061007,,,EXTRAIDO_DESDE_NOMBRE,ALTA,RESUELTO,061007,Coincidencia exacta y única por nombre
74.0,A,"VIVIENDA, CONSTRUCCION Y SANEAMIENTO","OPMI DEL MINISTERIO DE VIVIENDA, CONSTRUCCION Y SANEAMIENTO",2187526.0,,PROYECTO DE INVERSION,"MEJORAMIENTO Y AMPLIACIÓN DE LOS  SERVICIOS DE AGUA POTABLE Y DISPOSICIÓN SANITARIA DE EXCRETAS DE LA COMUNIDAD  CAMPESINA DE ÑAUPAPAMPA, DISTRITO DE ASILLO, AZÁNGARO-PUNO",SANEAMIENTO,SANEAMIENTO,SANEAMIENTO RURAL,4241384,4136226,29500,30000.0,30000.0,25158.82,0.0,Cartera_260824-123814.xlsx,210204,,210204,,,EXTRAIDO_DESDE_NOMBRE,ALTA,RESUELTO,210204,Coincidencia exacta y única por nombre
75.0,A,"VIVIENDA, CONSTRUCCION Y SANEAMIENTO","OPMI DEL MINISTERIO DE VIVIENDA, CONSTRUCCION Y SANEAMIENTO",2283136.0,,PROYECTO DE INVERSION,"MEJORAMIENTO Y AMPLIACION DE LOS SERVICIOS DE AGUA POTABLE Y SANEAMIENTO DEL CENTRO POBLADO SUARA, DISTRITO DE SANDIA , PROVINCIA DE SANDIA - PUNO",SANEAMIENTO,SANEAMIENTO,SANEAMIENTO RURAL,4365680,4254190,0,10000.0,111489.96,0.0,0.0,Cartera_260824-123814.xlsx,211201,,211201,,,EXTRAIDO_DESDE_NOMBRE,ALTA,RESUELTO,211201,Coincidencia exacta y única por nombre
76.0,A,"VIVIENDA, CONSTRUCCION Y SANEAMIENTO","OPMI DEL MINISTERIO DE VIVIENDA, CONSTRUCCION Y SANEAMIENTO",2253673.0,,PROYECTO DE INVERSION,"INSTALACION DE LOS SERVICIOS DE AGUA POTABLE Y DISPOSICION SANITARIA DE EXCRETAS EN EL CENTRO POBLADO DE TUPAC AMARU, DISTRITO DE JOSE CRESPO Y CASTILLO, PROVINCIA DE LEONCIO PRADO, DEPARTAMENTO DE HUANUCO",SANEAMIENTO,SANEAMIENTO,SANEAMIENTO RURAL,2759810,2672663,0,10000.0,87147.45,0.0,0.0,Cartera_260824-123814.xlsx,,100604,100604,SI,SI,VALIDADO_PMI_POR_CUI,ALTA,RESUELTO,,Distrito JOSE CRESPO no encontrado en GPKG | Validado por PMI: JOSE CRESPO Y CASTILLO
77.0,A,"VIVIENDA, CONSTRUCCION Y SANEAMIENTO","OPMI DEL MINISTERIO DE VIVIENDA, CONSTRUCCION Y SANEAMIENTO",2400890.0,,PROYECTO DE INVERSION,"INSTALACION DEL SERVICIO DE AGUA POTABLE Y SANEAMIENTO EN EL CENTRO POBLADO DE SAN JOAQUIN DE OMAGUA, DISTRITO DE NAUTA , PROVINCIA DE LORETO - LORETO",SANEAMIENTO,SANEAMIENTO,SANEAMIENTO RURAL,10618937,10392223,0,0.0,226713.41,0.0,0.0,Cartera_260824-123814.xlsx,160301,,160301,,,EXTRAIDO_DESDE_NOMBRE,ALTA,RESUELTO,160301,Coincidencia exacta y única por nombre
78.0,A,"VIVIENDA, CONSTRUCCION Y SANEAMIENTO","OPMI DEL MINISTERIO DE VIVIENDA, CONSTRUCCION Y SANEAMIENTO",2266591.0,,PROYECTO DE INVERSION,"MEJORAMIENTO Y AMPLIACION DEL SERVICIO DE AGUA POTABLE E INSTALACION DEL SANEAMIENTO EN LA LOCALIDAD DE CHUNIGA , DISTRITO DE LA LIBERTAD DE PALLAN - CELENDIN - CAJAMARCA",SANEAMIENTO,SANEAMIENTO,SANEAMIENTO RURAL,5539296,5003114,0,10000.0,536181.73,0.0,0.0,Cartera_260824-123814.xlsx,060312,,060312,,,EXTRAIDO_DESDE_NOMBRE,ALTA,RESUELTO,060312,Coincidencia exacta y única por nombre
79.0,A,"VIVIENDA, CONSTRUCCION Y SANEAMIENTO","OPMI DEL MINISTERIO DE VIVIENDA, CONSTRUCCION Y SANEAMIENTO",2302966.0,,PROYECTO DE INVERSION,"MEJORAMIENTO Y AMPLIACION DEL SERVICIO DE AGUA POTABLE Y CREACION DEL DISPOSICION SANITARIA DE EXCRETAS EN LA COMUNIDAD CAMPESINA DE CENTRO ARACACHI CHIARAQUI, DISTRITO DE KELLUYO, PROVINCIA DE CHUCUITO, DEPARTAMENTO DE PUNO.",SANEAMIENTO,SANEAMIENTO,SANEAMIENTO RURAL,3377783,3271154,4800,5000.0,30000.0,23684.04,0.0,Cartera_260824-123814.xlsx,210404,,210404,,,EXTRAIDO_DESDE_NOMBRE,ALTA,RESUELTO,210404,Coincidencia exacta y única por nombre
80.0,A,"VIVIENDA, CONSTRUCCION Y SANEAMIENTO","OPMI DEL MINISTERIO DE VIVIENDA, CONSTRUCCION Y SANEAMIENTO",2189346.0,,PROYECTO DE INVERSION,"MEJORAMIENTO Y AMPLIACION DE LOS SERVICIOS DE AGUA POTABLE Y DISPOSICIÓN SANITARIA DE EXCRETAS DE LA COMUNIDAD CAMPESINA DE CUYURAYA, DISTRITO DE HUANCANÉ, HUANCANÉ - PUNO",SANEAMIENTO,SANEAMIENTO,SANEAMIENTO RURAL,5250102,5115886,2500,30000.0,30000.0,54215.61,0.0,Cartera_260824-123814.xlsx,210601,,210601,,,EXTRAIDO_DESDE_NOMBRE,ALTA,RESUELTO,210601,Coincidencia exacta y única por nombre
81.0,A,"VIVIENDA, CONSTRUCCION Y SANEAMIENTO","OPMI DEL MINISTERIO DE VIVIENDA, CONSTRUCCION Y SANEAMIENTO",2189502.0,,PROYECTO DE INVERSION,"INSTALACION DE SERVICIOS DE AGUA POTABLE Y DISPOSICION SANITARIA DE EXCRETAS EN LOS SECTORES DE PAYE, LAURA Y VILLA DEL RIO, DE LA COMUNIDAD CAMPESINA JOVEN SAN JUAN DE ARACACHI, DISTRITO DE KELLUYO - CHUCUITO - PUNO",SANEAMIENTO,SANEAMIENTO,SANEAMIENTO RURAL,2869325,2828851,0,0.0,40474.0,0.0,0.0,Cartera_260824-123814.xlsx,210404,,210404,,,EXTRAIDO_DESDE_NOMBRE,ALTA,RESUELTO,210404,Coincidencia exacta y única por nombre
82.0,A,"VIVIENDA, CONSTRUCCION Y SANEAMIENTO","OPMI DEL MINISTERIO DE VIVIENDA, CONSTRUCCION Y SANEAMIENTO",2186350.0,,PROYECTO DE INVERSION,MEJORAMIENTO Y AMPLIACIÓN DEL SERVICIO DE AGUA POTABLE Y SANEAMIENTO EN LOS BARRIOS CHULLO PAMPAHERCCA Y CONDEPUCARA  DE LA COMUNIDAD DE HERCCA  -  DISTRITO SICUANI - PROVINCIA CANCHIS - REGIÓN CUSCO,SANEAMIENTO,SANEAMIENTO RURAL,SANEAMIENTO,3131871,3074811,4325,30000.0,27060.0,0.0,0.0,Cartera_260824-123814.xlsx,,080601,080601,SI,SI,VALIDADO_PMI_POR_CUI,ALTA,RESUELTO,,"No se detectó patrón ""DISTRITO DE"" en el nombre | Validado por PMI: SICUANI"
83.0,A,"VIVIENDA, CONSTRUCCION Y SANEAMIENTO","OPMI DEL MINISTERIO DE VIVIENDA, CONSTRUCCION Y SANEAMIENTO",2400885.0,,PROYECTO DE INVERSION,"INSTALACION Y AMPLIACION DEL SERVICIO DE AGUA POTABLE Y SANEAMIENTO EN EL CENTRO POBLADO DE EX PETROLERO (ZONA 1) , DISTRITO DE SAN JUAN BAUTISTA - MAYNAS - LORETO",SANEAMIENTO,SANEAMIENTO,SANEAMIENTO RURAL,7954603,7806895,0,0.0,147707.88,0.0,0.0,Cartera_260824-123814.xlsx,,160113,160113,SI,SI,VALIDADO_PMI_POR_CUI,ALTA,RESUELTO,"050110, 160113, 110110",Distrito SAN JUAN BAUTISTA es ambiguo y no se extrajo provincia | Validado por PMI: SAN JUAN BAUTISTA
84.0,A,"VIVIENDA, CONSTRUCCION Y SANEAMIENTO","OPMI DEL MINISTERIO DE VIVIENDA, CONSTRUCCION Y SANEAMIENTO",2147748.0,,PROYECTO DE INVERSION,GESTION DEL PROGRAMA Y OTROS - PROGRAMA DE AGUA POTABLE Y SANEAMIENTO PARA LA AMAZONIA RURAL,SANEAMIENTO,SANEAMIENTO,SANEAMIENTO RURAL,148176024,136418560,6206567,6850406.0,0.0,0.0,0.0,Cartera_260824-123814.xlsx,,,,NO,NO,FALLIDO,BAJA,REVISAR_CONFLICTO,,"No se detectó patrón ""DISTRITO DE"" en el nombre | Datos PMI no cruzaron con GPKG (- TODOS - - - TODOS -)"
84.0,A,"VIVIENDA, CONSTRUCCION Y SANEAMIENTO","OPMI DEL MINISTERIO DE VIVIENDA, CONSTRUCCION Y SANEAMIENTO",2235517.0,,PROYECTO DE INVERSION,"AMPLIACION Y MEJORAMIENTO DEL SERVICIO DE AGUA POTABLE E INSTALACION DEL SISTEMA DE SANEAMIENTO BASICO DE LA LOCALIDAD DE SAN MARTIN DEL ALTO , DISTRITO DE SANTA ROSA - JAEN - CAJAMARCA",SANEAMIENTO,SANEAMIENTO,SANEAMIENTO RURAL,3037499,2780173,87533,72594.0,146253.81,0.0,0.0,Cartera_260824-123814.xlsx,,060812,060812,SI,SI,VALIDADO_PMI_POR_CUI,ALTA,RESUELTO,"050507, 220304, 060812, 021510, 210504, 210808, 010610, 140114, 030710, 150139",Distrito SANTA ROSA es ambiguo y no se extrajo provincia | Validado por PMI: SANTA ROSA
85.0,A,"VIVIENDA, CONSTRUCCION Y SANEAMIENTO","OPMI DEL MINISTERIO DE VIVIENDA, CONSTRUCCION Y SANEAMIENTO",2235713.0,,PROYECTO DE INVERSION,"INSTALACION DEL SERVICIO DE AGUA POTABLE Y SANEAMIENTO EN EL CASERIO LA MERCED DE NESHUYA, DISTRITO DE CAMPOVERDE, PROVINCIA DE CORONEL PORTILLO, UCAYALI",SANEAMIENTO,SANEAMIENTO,SANEAMIENTO RURAL,5445169,4606958,0,10000.0,419105.5,419105.5,0.0,Cartera_260824-123814.xlsx,250102,,250102,,,EXTRAIDO_DESDE_NOMBRE,ALTA,RESUELTO,250102,Coincidencia exacta y única por nombre
86.0,A,"VIVIENDA, CONSTRUCCION Y SANEAMIENTO","OPMI DEL MINISTERIO DE VIVIENDA, CONSTRUCCION Y SANEAMIENTO",2187530.0,,PROYECTO DE INVERSION,"MEJORAMIENTO Y AMPLIACION DE LOS  SERVICIOS DE AGUA POTABLE Y DISPOSICIÓN SANITARIA DE EXCRETAS DE LA COMUNIDAD CAMPESINA  DE ACCOCOLLO, DISTRITO DE HUANCANÉ, PROVINCIA DE HUANCANÉ, DEPARTAMENTO DE PUNO",SANEAMIENTO,SANEAMIENTO,SANEAMIENTO RURAL,4207607,4061914,29493,30000.0,30000.0,40000.0,35693.04,Cartera_260824-123814.xlsx,210601,,210601,,,EXTRAIDO_DESDE_NOMBRE,ALTA,RESUELTO,210601,Coincidencia exacta y única por nombre
87.0,A,"VIVIENDA, CONSTRUCCION Y SANEAMIENTO","OPMI DEL MINISTERIO DE VIVIENDA, CONSTRUCCION Y SANEAMIENTO",2400866.0,,PROYECTO DE INVERSION,"INSTALACION DEL SERVICIO DE AGUA POTABLE Y SANEAMIENTO EN EL CENTRO POBLADO DE CRUZ DEL SUR , DISTRITO DE SAN JUAN BAUTISTA - MAYNAS - LORETO",SANEAMIENTO,SANEAMIENTO,SANEAMIENTO RURAL,17628192,16724540,210074,431522.0,466380.52,0.0,0.0,Cartera_260824-123814.xlsx,,160113,160113,SI,SI,VALIDADO_PMI_POR_CUI,ALTA,RESUELTO,"050110, 160113, 110110",Distrito SAN JUAN BAUTISTA es ambiguo y no se extrajo provincia | Validado por PMI: SAN JUAN BAUTISTA
88.0,A,"VIVIENDA, CONSTRUCCION Y SANEAMIENTO","OPMI DEL MINISTERIO DE VIVIENDA, CONSTRUCCION Y SANEAMIENTO",2170983.0,,PROYECTO DE INVERSION,"INSTALACION DEL SERVICIO DE AGUA POTABLE Y SANEAMIENTO BASICO DE LA LOCALIDAD DE SAN ANTONIO DE MATIPACCANA, DISTRITO DE YAULI - HUANCAVELICA - HUANCAVELICA",SANEAMIENTO,SANEAMIENTO,SANEAMIENTO RURAL,3462540,3385124,5000,5000.0,37415.79,0.0,0.0,Cartera_260824-123814.xlsx,,090117,090117,SI,SI,VALIDADO_PMI_POR_CUI,ALTA,RESUELTO,"120810, 090117, 120433",Distrito YAULI es ambiguo y no se extrajo provincia | Validado por PMI: YAULI
89.0,A,"VIVIENDA, CONSTRUCCION Y SANEAMIENTO","OPMI DEL MINISTERIO DE VIVIENDA, CONSTRUCCION Y SANEAMIENTO",2276070.0,,PROYECTO DE INVERSION,"MEJORAMIENTO Y AMPLIACION DE LOS SERVICIOS DE AGUA POTABLE Y SANEAMIENTO DEL CENTRO POBLADO DE APABUCO, DISTRITO DE SANDIA , PROVINCIA DE SANDIA - PUNO",SANEAMIENTO,SANEAMIENTO,SANEAMIENTO RURAL,4084734,3977041,100633,100633.0,7059.85,0.0,0.0,Cartera_260824-123814.xlsx,211201,,211201,,,EXTRAIDO_DESDE_NOMBRE,ALTA,RESUELTO,211201,Coincidencia exacta y única por nombre
90.0,A,"VIVIENDA, CONSTRUCCION Y SANEAMIENTO","OPMI DEL MINISTERIO DE VIVIENDA, CONSTRUCCION Y SANEAMIENTO",2284167.0,,PROYECTO DE INVERSION,"AMPLIACION Y MEJORAMIENTO DEL SERVICIO DE AGUA POTABLE E INSTALACION DEL SANEAMIENTO BASICO DE LA LOCALIDAD DE CHICHIR, DISTRITO DE CONDEBAMBA - CAJABAMBA - CAJAMARCA",SANEAMIENTO,SANEAMIENTO,SANEAMIENTO RURAL,4929607,4763183,0,10000.0,166424.37,0.0,0.0,Cartera_260824-123814.xlsx,060203,,060203,,,EXTRAIDO_DESDE_NOMBRE,ALTA,RESUELTO,060203,Coincidencia exacta y única por nombre
91.0,A,"VIVIENDA, CONSTRUCCION Y SANEAMIENTO","OPMI DEL MINISTERIO DE VIVIENDA, CONSTRUCCION Y SANEAMIENTO",2252832.0,,PROYECTO DE INVERSION,"INSTALACION DE LOS SISTEMAS DE AGUA POTABLE Y SANEAMIENTO PARA EL CENTRO POBLADO DE AJACHIN , DISTRITO DE MANSERICHE - DATEM DEL MARANON - LORETO",SANEAMIENTO,SANEAMIENTO,SANEAMIENTO RURAL,6662149,6085517,71832,71832.0,50000.0,0.0,0.0,Cartera_260824-123814.xlsx,160703,,160703,,,EXTRAIDO_DESDE_NOMBRE,ALTA,RESUELTO,160703,Coincidencia exacta y única por nombre
92.0,A,"VIVIENDA, CONSTRUCCION Y SANEAMIENTO","OPMI DEL MINISTERIO DE VIVIENDA, CONSTRUCCION Y SANEAMIENTO",2255956.0,,PROYECTO DE INVERSION,"MEJORAMIENTO Y AMPLIACIÓN DEL SERVICIO DE AGUA POTABLE E INSTALACIÓN DEL SERVICIO DE DISPOSICIÓN SANITARIA DE EXCRETAS DEL CENTRO POBLADO DE CENTRAL SORAPA, DISTRITO DE JULI, PROVINCIA DE CHUCUITOS- REGIÓN PUNO",SANEAMIENTO,SANEAMIENTO,SANEAMIENTO RURAL,10283960,10143025,17172,17172.0,123762.83,0.0,0.0,Cartera_260824-123814.xlsx,210401,,210401,,,EXTRAIDO_DESDE_NOMBRE,ALTA,RESUELTO,210401,Coincidencia exacta y única por nombre
93.0,A,"VIVIENDA, CONSTRUCCION Y SANEAMIENTO","OPMI DEL MINISTERIO DE VIVIENDA, CONSTRUCCION Y SANEAMIENTO",2339603.0,,PROYECTO DE INVERSION,"INSTALACIÓN DEL SERVICIO DE AGUA POTABLE Y SANEAMIENTO EN LA COMUNIDAD NATIVA DE NUEVA ESPERANZA, DISTRITO DE BALSAPUERTO, PROVINCIA DE ALTO AMAZONAS, DEPARTAMENTO DE LORETO",SANEAMIENTO,SANEAMIENTO,SANEAMIENTO RURAL,23868067,22091025,1368051,5192662.0,90681.76,0.0,0.0,Cartera_260824-123814.xlsx,160202,,160202,,,EXTRAIDO_DESDE_NOMBRE,ALTA,RESUELTO,160202,Coincidencia exacta y única por nombre
94.0,A,"VIVIENDA, CONSTRUCCION Y SANEAMIENTO","OPMI DEL MINISTERIO DE VIVIENDA, CONSTRUCCION Y SANEAMIENTO",2235709.0,,PROYECTO DE INVERSION,"MEJORAMIENTO Y AMPLIACION DEL SERVICIO DE AGUA POTABLE E INSTALACION DEL SANEAMIENTO EN LA LOCALIDAD DE CHURUCANCHA EL MOLINO , DISTRITO DE LAJAS - CHOTA - CAJAMARCA",SANEAMIENTO,SANEAMIENTO,SANEAMIENTO RURAL,5321016,4925612,0,10000.0,395403.9,0.0,0.0,Cartera_260824-123814.xlsx,060410,,060410,,,EXTRAIDO_DESDE_NOMBRE,ALTA,RESUELTO,060410,Coincidencia exacta y única por nombre
95.0,A,"VIVIENDA, CONSTRUCCION Y SANEAMIENTO","OPMI DEL MINISTERIO DE VIVIENDA, CONSTRUCCION Y SANEAMIENTO",2195747.0,,PROYECTO DE INVERSION,"MEJORAMIENTO Y AMPLIACION DEL SERVICIO DE AGUA POTABLE Y SANEAMIENTO BASICO EN EL CENTRO POBLADO RINCONADA , DISTRITO DE SANTO TOMAS - CUTERVO - CAJAMARCA",SANEAMIENTO,SANEAMIENTO,SANEAMIENTO RURAL,4341055,3694278,9856,10000.0,50000.0,0.0,0.0,Cartera_260824-123814.xlsx,,060613,060613,SI,SI,VALIDADO_PMI_POR_CUI,ALTA,RESUELTO,"060613, 080701, 010521",Distrito SANTO TOMAS es ambiguo y no se extrajo provincia | Validado por PMI: SANTO TOMAS
96.0,A,"VIVIENDA, CONSTRUCCION Y SANEAMIENTO","OPMI DEL MINISTERIO DE VIVIENDA, CONSTRUCCION Y SANEAMIENTO",2168171.0,,PROYECTO DE INVERSION,"AMPLIACION Y MEJORAMIENTO DEL SISTEMA DE AGUA E INSTALACION DE UNIDADES BASICAS DE SANEAMIENTO DE LA LOCALIDAD DE PAMPA SAN JOSE , DISTRITO DE HAQUIRA - COTABAMBAS - APURIMAC",SANEAMIENTO,SANEAMIENTO,SANEAMIENTO RURAL,1811815,1669802,0,0.0,30000.0,42012.75,0.0,Cartera_260824-123814.xlsx,030504,,030504,,,EXTRAIDO_DESDE_NOMBRE,ALTA,RESUELTO,030504,Coincidencia exacta y única por nombre
97.0,A,"VIVIENDA, CONSTRUCCION Y SANEAMIENTO","OPMI DEL MINISTERIO DE VIVIENDA, CONSTRUCCION Y SANEAMIENTO",2400923.0,,PROYECTO DE INVERSION,"INSTALACION DEL SERVICIO DE AGUA POTABLE Y SANEAMIENTO EN EL CENTRO POBLADO DE PALIZADA, DISTRITO DE NAUTA , PROVINCIA DE LORETO - LORETO",SANEAMIENTO,SANEAMIENTO,SANEAMIENTO RURAL,10475400,9998180,127064,332441.0,85778.92,0.0,0.0,Cartera_260824-123814.xlsx,160301,,160301,,,EXTRAIDO_DESDE_NOMBRE,ALTA,RESUELTO,160301,Coincidencia exacta y única por nombre
98.0,A,"VIVIENDA, CONSTRUCCION Y SANEAMIENTO","OPMI DEL MINISTERIO DE VIVIENDA, CONSTRUCCION Y SANEAMIENTO",2276132.0,,PROYECTO DE INVERSION,"MEJORAMIENTO Y AMPLIACION DE LOS SERVICIOS DE AGUA POTABLE Y SANEAMIENTO DEL CENTRO POBLADO AYO, DISTRITO DE SANDIA , PROVINCIA DE SANDIA - PUNO",SANEAMIENTO,SANEAMIENTO,SANEAMIENTO RURAL,3444369,3197399,0,10000.0,246969.99,0.0,0.0,Cartera_260824-123814.xlsx,211201,,211201,,,EXTRAIDO_DESDE_NOMBRE,ALTA,RESUELTO,211201,Coincidencia exacta y única por nombre
99.0,A,"VIVIENDA, CONSTRUCCION Y SANEAMIENTO","OPMI DEL MINISTERIO DE VIVIENDA, CONSTRUCCION Y SANEAMIENTO",2400880.0,,PROYECTO DE INVERSION,"INSTALACION DEL SERVICIO DE AGUA POTABLE Y SANEAMIENTO EN EL CENTRO POBLADO DE 13 DE FEBRERO , DISTRITO DE SAN JUAN BAUTISTA - MAYNAS - LORETO",SANEAMIENTO,SANEAMIENTO,SANEAMIENTO RURAL,12469537,11487286,0,0.0,0.0,0.0,0.0,Cartera_260824-123814.xlsx,,160113,160113,SI,SI,VALIDADO_PMI_POR_CUI,ALTA,RESUELTO,"050110, 160113, 110110",Distrito SAN JUAN BAUTISTA es ambiguo y no se extrajo provincia | Validado por PMI: SAN JUAN BAUTISTA
100.0,A,"VIVIENDA, CONSTRUCCION Y SANEAMIENTO","OPMI DEL MINISTERIO DE VIVIENDA, CONSTRUCCION Y SANEAMIENTO",2283990.0,,PROYECTO DE INVERSION,"MEJORAMIENTO Y AMPLIACION DEL SERVICIO DE AGUA POTABLE E INSTALACION DEL SANEAMIENTO EN LA LOCALIDAD DE OLMOS , DISTRITO DE LAJAS - CHOTA - CAJAMARCA",SANEAMIENTO,SANEAMIENTO,SANEAMIENTO RURAL,4866825,4560635,0,10000.0,306190.81,0.0,0.0,Cartera_260824-123814.xlsx,060410,,060410,,,EXTRAIDO_DESDE_NOMBRE,ALTA,RESUELTO,060410,Coincidencia exacta y única por nombre
101.0,A,"VIVIENDA, CONSTRUCCION Y SANEAMIENTO","OPMI DEL MINISTERIO DE VIVIENDA, CONSTRUCCION Y SANEAMIENTO",2400874.0,,PROYECTO DE INVERSION,"INSTALACION DEL SERVICIO DE AGUA POTABLE Y SANEAMIENTO EN EL CENTRO POBLADO DE NINA RUMI , DISTRITO DE SAN JUAN BAUTISTA - MAYNAS - LORETO",SANEAMIENTO,SANEAMIENTO,SANEAMIENTO RURAL,9473174,9233841,20334,101717.0,137616.6,0.0,0.0,Cartera_260824-123814.xlsx,,160113,160113,SI,SI,VALIDADO_PMI_POR_CUI,ALTA,RESUELTO,"050110, 160113, 110110",Distrito SAN JUAN BAUTISTA es ambiguo y no se extrajo provincia | Validado por PMI: SAN JUAN BAUTISTA
102.0,A,"VIVIENDA, CONSTRUCCION Y SANEAMIENTO","OPMI DEL MINISTERIO DE VIVIENDA, CONSTRUCCION Y SANEAMIENTO",2189453.0,,PROYECTO DE INVERSION,"MEJORAMIENTO Y AMPLIACION DEL SERVICIO DE AGUA POTABLE Y DISPOSICION SANITARIA DE EXCRETAS EN LA COMUNIDAD CAMPESINA LAMPA CHICO, DISTRITO POMATA - CHUCUITO - PUNO",SANEAMIENTO,SANEAMIENTO,SANEAMIENTO RURAL,6105745,5666617,96059,323601.0,40000.0,17542.52,0.0,Cartera_260824-123814.xlsx,,210406,210406,SI,SI,VALIDADO_PMI_POR_CUI,ALTA,RESUELTO,,"No se detectó patrón ""DISTRITO DE"" en el nombre | Validado por PMI: POMATA"
103.0,A,"VIVIENDA, CONSTRUCCION Y SANEAMIENTO","OPMI DEL MINISTERIO DE VIVIENDA, CONSTRUCCION Y SANEAMIENTO",2284002.0,,PROYECTO DE INVERSION,"MEJORAMIENTO Y AMPLIACION DE LOS SERVICIOS DE AGUA POTABLE Y SANEAMIENTO DEL CENTRO POBLADO DE CHALLHUAMAYO , DISTRITO DE SAN GABAN - CARABAYA - PUNO",SANEAMIENTO,SANEAMIENTO RURAL,SANEAMIENTO,5504875,5381079,53724,52915.0,70072.94,0.0,0.0,Cartera_260824-123814.xlsx,210309,,210309,,,EXTRAIDO_DESDE_NOMBRE,ALTA,RESUELTO,210309,Coincidencia exacta y única por nombre
104.0,A,"VIVIENDA, CONSTRUCCION Y SANEAMIENTO","OPMI DEL MINISTERIO DE VIVIENDA, CONSTRUCCION Y SANEAMIENTO",2186043.0,,PROYECTO DE INVERSION,"MEJORAMIENTO Y AMPLIACIÓN DE LOS SERVICIOS DE AGUA POTABLE Y DISPOSICIÓN SANITARIA DE EXCRETAS  DE LA COMUNIDAD CAMPESINA DE CASA BLANCA, DISTRITO DE ASILLO, AZÁNGARO - PUNO.",SANEAMIENTO,SANEAMIENTO,SANEAMIENTO RURAL,3184935,3109579,4334,30000.0,75356.2,0.0,0.0,Cartera_260824-123814.xlsx,210204,,210204,,,EXTRAIDO_DESDE_NOMBRE,ALTA,RESUELTO,210204,Coincidencia exacta y única por nombre
105.0,A,"VIVIENDA, CONSTRUCCION Y SANEAMIENTO","OPMI DEL MINISTERIO DE VIVIENDA, CONSTRUCCION Y SANEAMIENTO",2189482.0,,PROYECTO DE INVERSION,MEJORAMIENTO Y AMPLIACION DEL SERVICIO DE AGUA POTABLE Y DISPOSICION SANITARIA DE EXCRETAS EN LA COMUNIDAD CAMPESINA ISCUANI DISTRITO POMATA - CHUCUITO - PUNO,SANEAMIENTO,SANEAMIENTO,SANEAMIENTO RURAL,4236356,4055357,4800,5000.0,30000.0,44573.09,0.0,Cartera_260824-123814.xlsx,,210406,210406,SI,SI,VALIDADO_PMI_POR_CUI,ALTA,RESUELTO,,"No se detectó patrón ""DISTRITO DE"" en el nombre | Validado por PMI: POMATA"
106.0,A,"VIVIENDA, CONSTRUCCION Y SANEAMIENTO","OPMI DEL MINISTERIO DE VIVIENDA, CONSTRUCCION Y SANEAMIENTO",2189342.0,,PROYECTO DE INVERSION,"MEJORAMIENTO Y AMPLIACION DE LOS  SERVICIOS DE AGUA POTABLE Y DISPOSICIÓN SANITARIA DE EXCRETAS DE LA COMUNIDAD CAMPESINA DE MACHARIRI CENTRAL, DISTRITO DE ASILLO, AZANGARO - PUNO.",SANEAMIENTO,SANEAMIENTO,SANEAMIENTO RURAL,3101170,3015420,0,30000.0,85750.33,0.0,0.0,Cartera_260824-123814.xlsx,210204,,210204,,,EXTRAIDO_DESDE_NOMBRE,ALTA,RESUELTO,210204,Coincidencia exacta y única por nombre
106.0,A,"VIVIENDA, CONSTRUCCION Y SANEAMIENTO","OPMI DEL MINISTERIO DE VIVIENDA, CONSTRUCCION Y SANEAMIENTO",2412235.0,211.0,PROYECTO DE INVERSION,CREACION DE LOS SERVICIOS DE AGUA POTABLE Y DISPOSICIÓN SANITARIA DE EXCRETAS EN LA COMUNIDAD NATIVA DE SONENE DEL DISTRITO DE TAMBOPATA - PROVINCIA DE TAMBOPATA - DEPARTAMENTO DE MADRE DE DIOS,SANEAMIENTO,SANEAMIENTO,SANEAMIENTO RURAL,3907043,3532454,59000,155110.0,0.0,0.0,0.0,Cartera_260824-123814.xlsx,170101,,170101,,,EXTRAIDO_DESDE_NOMBRE,ALTA,RESUELTO,170101,Coincidencia exacta y única por nombre
107.0,A,"VIVIENDA, CONSTRUCCION Y SANEAMIENTO","OPMI DEL MINISTERIO DE VIVIENDA, CONSTRUCCION Y SANEAMIENTO",2412233.0,149.0,PROYECTO DE INVERSION,MEJORAMIENTO Y AMPLIACION DE LOS SERVICIOS DE AGUA POTABLE Y DISPOSICIÓN SANITARIA DE EXCRETAS EN LA COMUNIDAD NATIVA DE BELGICA DEL DISTRITO DE IÑAPARI - PROVINCIA DE TAHUAMANU - DEPARTAMENTO DE MADRE DE DIOS,SANEAMIENTO,SANEAMIENTO,SANEAMIENTO RURAL,3355279,3058621,30000,44174.0,0.0,0.0,0.0,Cartera_260824-123814.xlsx,170301,,170301,,,EXTRAIDO_DESDE_NOMBRE,ALTA,RESUELTO,170301,Coincidencia exacta y única por nombre
107.0,A,"VIVIENDA, CONSTRUCCION Y SANEAMIENTO","OPMI DEL MINISTERIO DE VIVIENDA, CONSTRUCCION Y SANEAMIENTO",2189450.0,,PROYECTO DE INVERSION,"INSTALACION DE SERVICIOS DE AGUA POTABLE Y DISPOSICION SANITARIA DE EXCRETAS EN EL SECTOR HUARA HUARA DE LA COMUNIDAD CAMPESINA SICUYANI, DISTRITO DE ZEPITA - CHUCUITO - PUNO",SANEAMIENTO,SANEAMIENTO,SANEAMIENTO RURAL,4465759,4398797,4750,5000.0,36961.74,0.0,0.0,Cartera_260824-123814.xlsx,210407,,210407,,,EXTRAIDO_DESDE_NOMBRE,ALTA,RESUELTO,210407,Coincidencia exacta y única por nombre
108.0,A,"VIVIENDA, CONSTRUCCION Y SANEAMIENTO","OPMI DEL MINISTERIO DE VIVIENDA, CONSTRUCCION Y SANEAMIENTO",2200851.0,,PROYECTO DE INVERSION,"INSTALACION DEL SERVICIO DE AGUA POTABLE Y SANEAMIENTO BASICO EN LA LOCALIDAD DE EL PORVENIR, DISTRITO DE EL CARMEN DE LA FRONTERA - HUANCABAMBA - PIURA",SANEAMIENTO,SANEAMIENTO,SANEAMIENTO RURAL,4011986,3519005,0,10000.0,50000.0,0.0,0.0,Cartera_260824-123814.xlsx,200303,,200303,,,EXTRAIDO_DESDE_NOMBRE,ALTA,RESUELTO,200303,Coincidencia exacta y única por nombre
109.0,A,"VIVIENDA, CONSTRUCCION Y SANEAMIENTO","OPMI DEL MINISTERIO DE VIVIENDA, CONSTRUCCION Y SANEAMIENTO",2168150.0,,PROYECTO DE INVERSION,"AMPLIACION Y MEJORAMIENTO DEL SISTEMA DE AGUA E INSTALACION DE UNIDADES BASICAS DE SANEAMIENTO DE LA LOCALIDAD DE ANTILLA, DISTRITO DE CURAHUASI - ABANCAY - APURIMAC",SANEAMIENTO,SANEAMIENTO,SANEAMIENTO RURAL,4360043,3903794,0,5000.0,30000.0,26248.44,0.0,Cartera_260824-123814.xlsx,030104,,030104,,,EXTRAIDO_DESDE_NOMBRE,ALTA,RESUELTO,030104,Coincidencia exacta y única por nombre
110.0,A,"VIVIENDA, CONSTRUCCION Y SANEAMIENTO","OPMI DEL MINISTERIO DE VIVIENDA, CONSTRUCCION Y SANEAMIENTO",2235558.0,,PROYECTO DE INVERSION,"INSTALACION DE LOS SISTEMAS DE AGUA POTABLE Y SANEAMIENTO PARA EL CENTRO POBLADO DE SOLEDAD , DISTRITO DE MANSERICHE - DATEM DEL MARANON - LORETO",SANEAMIENTO,SANEAMIENTO,SANEAMIENTO RURAL,9989376,7559347,84639,150000.0,2198859.45,0.0,0.0,Cartera_260824-123814.xlsx,160703,,160703,,,EXTRAIDO_DESDE_NOMBRE,ALTA,RESUELTO,160703,Coincidencia exacta y única por nombre
111.0,A,"VIVIENDA, CONSTRUCCION Y SANEAMIENTO","OPMI DEL MINISTERIO DE VIVIENDA, CONSTRUCCION Y SANEAMIENTO",2302961.0,,PROYECTO DE INVERSION,MEJORAMIENTO Y AMPLIACION DEL SERVICIO DE AGUA POTABLE Y CREACION DEL SERVICIO DE DISPOSICION SANITARIA DE EXCRETAS EN EL SECTOR DE CHALLACOLLO DE LA COMUNIDAD CAMPESINA SISIPA CHALLACOLLO - DISTRITO DE POMATA - PROVINCIA DE CHUCUITO - DEPARTAMENTO DE PUNO,SANEAMIENTO,SANEAMIENTO,SANEAMIENTO RURAL,4360815,3909148,4800,5000.0,30000.0,30000.0,30190.62,Cartera_260824-123814.xlsx,210406,,210406,,,EXTRAIDO_DESDE_NOMBRE,ALTA,RESUELTO,210406,Coincidencia exacta y única por nombre
112.0,A,"VIVIENDA, CONSTRUCCION Y SANEAMIENTO","OPMI DEL MINISTERIO DE VIVIENDA, CONSTRUCCION Y SANEAMIENTO",2400934.0,,PROYECTO DE INVERSION,"INSTALACION DEL SERVICIO DE AGUA POTABLE Y SANEAMIENTO EN EL CENTRO POBLADO DE SUCRE, DISTRITO DE NAUTA , PROVINCIA DE LORETO - LORETO",SANEAMIENTO,SANEAMIENTO,SANEAMIENTO RURAL,6722707,6722707,0,0.0,38533.29,0.0,0.0,Cartera_260824-123814.xlsx,160301,,160301,,,EXTRAIDO_DESDE_NOMBRE,ALTA,RESUELTO,160301,Coincidencia exacta y única por nombre
113.0,A,"VIVIENDA, CONSTRUCCION Y SANEAMIENTO","OPMI DEL MINISTERIO DE VIVIENDA, CONSTRUCCION Y SANEAMIENTO",2202461.0,,PROYECTO DE INVERSION,"MEJORAMIENTO Y AMPLIACION DEL SERVICIO DE AGUA POTABLE E INSTALACION SANITARIA DE DISPOSICION DE EXCRETAS Y AGUAS GRISES EN EL CENTRO POBLADO DE CHIPE, DISTRITO DE IMAZA, PROVINCIA DE BAGUA, DEPARTAMENTO DE AMAZONAS",SANEAMIENTO,SANEAMIENTO,SANEAMIENTO RURAL,10393652,10167349,131609,20000.0,78375.0,28000.0,0.0,Cartera_260824-123814.xlsx,010205,,010205,,,EXTRAIDO_DESDE_NOMBRE,ALTA,RESUELTO,010205,Coincidencia exacta y única por nombre
114.0,A,"VIVIENDA, CONSTRUCCION Y SANEAMIENTO","OPMI DEL MINISTERIO DE VIVIENDA, CONSTRUCCION Y SANEAMIENTO",2127836.0,,PROYECTO DE INVERSION,"MEJORAMIENTO DEL SISTEMA DE AGUA POTABLE E INSTALACION DEL SISTEMA DE DESAGUE EN LAS URBANIZACIONES DE HARIN, HUARAN Y SILLACANCHA DISTRITO DE CALCA, PROVINCIA DE CALCA - CUSCO",SANEAMIENTO,SANEAMIENTO,SANEAMIENTO URBANO,3845430,3838425,0,0.0,7005.0,0.0,0.0,Cartera_260824-123814.xlsx,080401,,080401,,,EXTRAIDO_DESDE_NOMBRE,ALTA,RESUELTO,080401,Coincidencia exacta y única por nombre
115.0,A,"VIVIENDA, CONSTRUCCION Y SANEAMIENTO","OPMI DEL MINISTERIO DE VIVIENDA, CONSTRUCCION Y SANEAMIENTO",2170990.0,,PROYECTO DE INVERSION,"INSTALACION DEL SERVICIO DE AGUA POTABLE Y SANEAMIENTO BASICO DE LA LOCALIDAD DE SUILLOC , DISTRITO DE COLCABAMBA - TAYACAJA - HUANCAVELICA",SANEAMIENTO,SANEAMIENTO,SANEAMIENTO RURAL,2168348,2117931,0,0.0,30416.83,0.0,0.0,Cartera_260824-123814.xlsx,,090705,090705,SI,SI,VALIDADO_PMI_POR_CUI,ALTA,RESUELTO,"090705, 020103, 030405",Distrito COLCABAMBA es ambiguo y no se extrajo provincia | Validado por PMI: COLCABAMBA
116.0,A,"VIVIENDA, CONSTRUCCION Y SANEAMIENTO","OPMI DEL MINISTERIO DE VIVIENDA, CONSTRUCCION Y SANEAMIENTO",2302964.0,,PROYECTO DE INVERSION,"MEJORAMIENTO Y AMPLIACION DEL SERVICIO DE AGUA POTABLE Y DISPOSICION SANITARIA DE EXCRETAS EN LA COMUNIDAD CAMPESINA DE TULACOLLO, DISTRITO DE KELLUYO, PROVINCIA DE CHUCUITO, DEPARTAMENTO DE PUNO",SANEAMIENTO,SANEAMIENTO,SANEAMIENTO RURAL,6722092,6278124,219973,51426.0,40000.0,53427.22,0.0,Cartera_260824-123814.xlsx,210404,,210404,,,EXTRAIDO_DESDE_NOMBRE,ALTA,RESUELTO,210404,Coincidencia exacta y única por nombre
117.0,A,"VIVIENDA, CONSTRUCCION Y SANEAMIENTO","OPMI DEL MINISTERIO DE VIVIENDA, CONSTRUCCION Y SANEAMIENTO",2253727.0,,PROYECTO DE INVERSION,"AMPLIACION Y MEJORAMIENTO DEL SERVICIO DE AGUA POTABLE Y SANEAMIENTO DEL CENTRO POBLADO DE SANTA CRUZ , DISTRITO DE AGALLPAMPA - OTUZCO - LA LIBERTAD",SANEAMIENTO,SANEAMIENTO,SANEAMIENTO RURAL,4134612,3720416,0,10000.0,50000.0,0.0,0.0,Cartera_260824-123814.xlsx,130602,,130602,,,EXTRAIDO_DESDE_NOMBRE,ALTA,RESUELTO,130602,Coincidencia exacta y única por nombre
118.0,A,"VIVIENDA, CONSTRUCCION Y SANEAMIENTO","OPMI DEL MINISTERIO DE VIVIENDA, CONSTRUCCION Y SANEAMIENTO",2189343.0,,PROYECTO DE INVERSION,"MEJORAMIENTO Y AMPLIACION DE LOS SERVICIOS DE AGUA POTABLE Y DISPOSICION SANITARIA DE EXCRETAS DE LA COMUNIDAD CAMPESINA DE CUCHO ESQUEÑA DISTRITO DE ACORA, PROVINCIA DE PUNO, DEPARTAMENTO DE PUNO",SANEAMIENTO,SANEAMIENTO,SANEAMIENTO RURAL,3948902,3895522,0,5000.0,33379.57,0.0,0.0,Cartera_260824-123814.xlsx,210102,,210102,,,EXTRAIDO_DESDE_NOMBRE,ALTA,RESUELTO,210102,Coincidencia exacta y única por nombre
119.0,A,"VIVIENDA, CONSTRUCCION Y SANEAMIENTO","OPMI DEL MINISTERIO DE VIVIENDA, CONSTRUCCION Y SANEAMIENTO",2400936.0,,PROYECTO DE INVERSION,"INSTALACION DEL SERVICIO DE AGUA POTABLE Y SANEAMIENTO EN EL CENTRO POBLADO DE MIRAFLORES, DISTRITO DE NAUTA , PROVINCIA DE LORETO - LORETO",SANEAMIENTO,SANEAMIENTO,SANEAMIENTO RURAL,9267229,9227375,16001,31853.0,0.0,0.0,0.0,Cartera_260824-123814.xlsx,160301,,160301,,,EXTRAIDO_DESDE_NOMBRE,ALTA,RESUELTO,160301,Coincidencia exacta y única por nombre
120.0,A,"VIVIENDA, CONSTRUCCION Y SANEAMIENTO","OPMI DEL MINISTERIO DE VIVIENDA, CONSTRUCCION Y SANEAMIENTO",2235555.0,,PROYECTO DE INVERSION,"INSTALACION DE LOS SISTEMAS DE AGUA POTABLE Y SANEAMIENTO PARA EL CENTRO POBLADO DE SACHAPAPA, DISTRITO DE MANSERICHE - DATEM DEL MARANON - LORETO",SANEAMIENTO,SANEAMIENTO RURAL,SANEAMIENTO,7614673,7084537,313752,346180.0,183956.0,0.0,0.0,Cartera_260824-123814.xlsx,160703,,160703,,,EXTRAIDO_DESDE_NOMBRE,ALTA,RESUELTO,160703,Coincidencia exacta y única por nombre
121.0,A,"VIVIENDA, CONSTRUCCION Y SANEAMIENTO","OPMI DEL MINISTERIO DE VIVIENDA, CONSTRUCCION Y SANEAMIENTO",2189333.0,,PROYECTO DE INVERSION,"MEJORAMIENTO Y AMPLIACIÓN DE LOS SERVICIOS DE AGUA POTABLE Y DISPOSICIÓN SANITARIA DE EXCRETAS  DE LA COMUNIDAD CAMPESINA DE CCACCA, DISTRITO DE ACORA, PUNO - PUNO",SANEAMIENTO,SANEAMIENTO,SANEAMIENTO RURAL,3580607,3370212,10000,10000.0,30000.0,40000.0,40395.12,Cartera_260824-123814.xlsx,210102,,210102,,,EXTRAIDO_DESDE_NOMBRE,ALTA,RESUELTO,210102,Coincidencia exacta y única por nombre
122.0,A,"VIVIENDA, CONSTRUCCION Y SANEAMIENTO","OPMI DEL MINISTERIO DE VIVIENDA, CONSTRUCCION Y SANEAMIENTO",2235546.0,,PROYECTO DE INVERSION,"AMPLIACION Y MEJORAMIENTO DEL SERVICIO DE AGUA POTABLE Y SANEAMIENTO EN EL CENTRO POBLADO URAKUSA, DISTRITO DE NIEVA, PROVINCIA DE CONDORCANQUI - AMAZONAS",SANEAMIENTO,SANEAMIENTO,SANEAMIENTO RURAL,7623700,7485431,0,10000.0,50000.0,0.0,0.0,Cartera_260824-123814.xlsx,010401,,010401,,,EXTRAIDO_DESDE_NOMBRE,ALTA,RESUELTO,010401,Coincidencia exacta y única por nombre
123.0,A,"VIVIENDA, CONSTRUCCION Y SANEAMIENTO","OPMI DEL MINISTERIO DE VIVIENDA, CONSTRUCCION Y SANEAMIENTO",2265210.0,,PROYECTO DE INVERSION,"MEJORAMIENTO Y AMPLIACIÓN DEL SERVICIO DE AGUA POTABLE E INSTALACIÓN DE LOS SERVICIOS DE ALCANTARILLADO, PLANTA DE TRATAMIENTO Y DISPOSICIÓN SANITARIA DE EXCRETAS EN EL CENTRO POBLADO PORTILLO BAJO, DISTRITO DE RIO NEGRO ¿ SATIPO ¿ JUNÍN",SANEAMIENTO,SANEAMIENTO,SANEAMIENTO RURAL,6429950,6022792,0,10000.0,407157.73,0.0,0.0,Cartera_260824-123814.xlsx,,120607,120607,SI,SI,VALIDADO_PMI_POR_CUI,ALTA,RESUELTO,,"No se detectó patrón ""DISTRITO DE"" en el nombre | Validado por PMI: RIO NEGRO"
124.0,A,"VIVIENDA, CONSTRUCCION Y SANEAMIENTO","OPMI DEL MINISTERIO DE VIVIENDA, CONSTRUCCION Y SANEAMIENTO",2189508.0,,PROYECTO DE INVERSION,"INSTALACION DEL SERVICIO DE AGUA POTABLE Y DISPOSICION SANITARIA DE EXCRETAS EN LOS SECTORES DE MANUELO Y MAMANI EN LA COMUNIDAD CAMPESINA DE KAPIA PUSUMA, DISTRITO DE KELLUYO - CHUCUITO - PUNO",SANEAMIENTO,SANEAMIENTO,SANEAMIENTO RURAL,2018695,1974837,13500,13858.0,30000.0,0.0,0.0,Cartera_260824-123814.xlsx,210404,,210404,,,EXTRAIDO_DESDE_NOMBRE,ALTA,RESUELTO,210404,Coincidencia exacta y única por nombre
125.0,A,"VIVIENDA, CONSTRUCCION Y SANEAMIENTO","OPMI DEL MINISTERIO DE VIVIENDA, CONSTRUCCION Y SANEAMIENTO",2256647.0,,PROYECTO DE INVERSION,"MEJORAMIENTO Y AMPLIACION DEL SERVICIO DE AGUA POTABLE Y SANEAMIENTO BASICO EN EL CENTRO POBLADO CHONTAS , DISTRITO DE SOCOTA - CUTERVO - CAJAMARCA",SANEAMIENTO,SANEAMIENTO,SANEAMIENTO RURAL,4486840,3905141,7215,10000.0,50000.0,0.0,0.0,Cartera_260824-123814.xlsx,060614,,060614,,,EXTRAIDO_DESDE_NOMBRE,ALTA,RESUELTO,060614,Coincidencia exacta y única por nombre
126.0,A,"VIVIENDA, CONSTRUCCION Y SANEAMIENTO","OPMI DEL MINISTERIO DE VIVIENDA, CONSTRUCCION Y SANEAMIENTO",2186045.0,,PROYECTO DE INVERSION,"MEJORAMIENTO Y AMPLIACIÓN DE LOS SERVICIOS DE AGUA POTABLE Y DISPOSICIÓN SANITARIA DE EXCRETAS DE LA COMUNIDAD CAMPESINA DE MOLLOCCO ,  DISTRITO DE ACORA, PROVINCIA DE PUNO, DEPARTAMENTO DE PUNO",SANEAMIENTO,SANEAMIENTO,SANEAMIENTO RURAL,4166170,4035771,20993,30000.0,30000.0,20398.48,0.0,Cartera_260824-123814.xlsx,210102,,210102,,,EXTRAIDO_DESDE_NOMBRE,ALTA,RESUELTO,210102,Coincidencia exacta y única por nombre
127.0,A,"VIVIENDA, CONSTRUCCION Y SANEAMIENTO","OPMI DEL MINISTERIO DE VIVIENDA, CONSTRUCCION Y SANEAMIENTO",2189336.0,,PROYECTO DE INVERSION,"MEJORAMIENTO Y AMPLIACIÓN DE LOS SERVICIOS DE AGUA POTABLE Y DISPOSICIÓN SANITARIA DE EXCRETAS  DE LA COMUNIDAD CAMPESINA DE PAMAYA JICHUYO, CENTRO  POBLADO JAYU JAYU, DISTRITO DE ACORA, PUNO - PUNO",SANEAMIENTO,SANEAMIENTO,SANEAMIENTO RURAL,3737830,3626401,4334,30000.0,111428.76,0.0,0.0,Cartera_260824-123814.xlsx,210102,,210102,,,EXTRAIDO_DESDE_NOMBRE,ALTA,RESUELTO,210102,Coincidencia exacta y única por nombre
128.0,A,"VIVIENDA, CONSTRUCCION Y SANEAMIENTO","OPMI DEL MINISTERIO DE VIVIENDA, CONSTRUCCION Y SANEAMIENTO",2170973.0,,PROYECTO DE INVERSION,"INSTALACION DEL SERVICIO DE AGUA POTABLE Y SANEAMIENTO BASICO DE LA LOCALIDAD DE PAMPA DEL CARMEN - DISTRITO DE LIRCAY , PROVINCIA DE ANGARAES - HUANCAVELICA",SANEAMIENTO,SANEAMIENTO,SANEAMIENTO RURAL,2121986,2074379,0,0.0,32607.03,0.0,0.0,Cartera_260824-123814.xlsx,090301,,090301,,,EXTRAIDO_DESDE_NOMBRE,ALTA,RESUELTO,090301,Coincidencia exacta y única por nombre
129.0,A,"VIVIENDA, CONSTRUCCION Y SANEAMIENTO","OPMI DEL MINISTERIO DE VIVIENDA, CONSTRUCCION Y SANEAMIENTO",2202924.0,,PROYECTO DE INVERSION,"AMPLIACION Y MEJORAMIENTO DEL SERVICIO DE AGUA POTABLE Y SANEAMIENTO EN EL CENTRO POBLADO TUTIN , DISTRITO DE EL CENEPA - CONDORCANQUI - AMAZONAS",SANEAMIENTO,SANEAMIENTO RURAL,SANEAMIENTO,3745601,3467152,125696,125696.0,152753.0,0.0,0.0,Cartera_260824-123814.xlsx,010402,,010402,,,EXTRAIDO_DESDE_NOMBRE,ALTA,RESUELTO,010402,Coincidencia exacta y única por nombre
130.0,A,"VIVIENDA, CONSTRUCCION Y SANEAMIENTO","OPMI DEL MINISTERIO DE VIVIENDA, CONSTRUCCION Y SANEAMIENTO",2189337.0,,PROYECTO DE INVERSION,"MEJORAMIENTO Y AMPLIACION DEL SERVICIO DE AGUA POTABLE Y DISPOSICION SANITARIA DE EXCRETAS EN LA COMUNIDAD CAMPESINA HUILACAYA, DISTRITO ZEPITA - CHUCUITO - PUNO",SANEAMIENTO,SANEAMIENTO,SANEAMIENTO RURAL,2858370,2573632,8900,10000.0,30000.0,30000.0,24738.72,Cartera_260824-123814.xlsx,,210407,210407,SI,SI,VALIDADO_PMI_POR_CUI,ALTA,RESUELTO,,"No se detectó patrón ""DISTRITO DE"" en el nombre | Validado por PMI: ZEPITA"
131.0,A,"VIVIENDA, CONSTRUCCION Y SANEAMIENTO","OPMI DEL MINISTERIO DE VIVIENDA, CONSTRUCCION Y SANEAMIENTO",2332509.0,,PROYECTO DE INVERSION,"MEJORAMIENTO Y AMPLIACION DEL SERVICIO DE AGUA POTABLE Y SANEAMIENTO EN LA CC.NN JOSE OLAYA DISTRITO DE TROMPETEROS, PROVINCIA DE LORETO, REGION DE LORETO",SANEAMIENTO,SANEAMIENTO,SANEAMIENTO RURAL,3955196,3704749,0,10000.0,250447.73,0.0,0.0,Cartera_260824-123814.xlsx,160304,,160304,,,EXTRAIDO_DESDE_NOMBRE,ALTA,RESUELTO,160304,Coincidencia exacta y única por nombre
132.0,A,"VIVIENDA, CONSTRUCCION Y SANEAMIENTO","OPMI DEL MINISTERIO DE VIVIENDA, CONSTRUCCION Y SANEAMIENTO",2189458.0,,PROYECTO DE INVERSION,"MEJORAMIENTO Y AMPLIACION DE LOS SERVICIOS DE AGUA POTABLE Y DISPOSICION SANITARIA DE EXCRETAS EN LOS SECTORES SALLUYO Y SAN FRANCISCO DE LA COMUNIDAD CAMPESINA JAQUEHUAYTAHUI, DISTRITO POMATA- CHUCUITO - PUNO",SANEAMIENTO,SANEAMIENTO,SANEAMIENTO RURAL,4126398,3196287,8000,10000.0,30000.0,100110.53,0.0,Cartera_260824-123814.xlsx,,210406,210406,SI,SI,VALIDADO_PMI_POR_CUI,ALTA,RESUELTO,,"No se detectó patrón ""DISTRITO DE"" en el nombre | Validado por PMI: POMATA"
133.0,A,"VIVIENDA, CONSTRUCCION Y SANEAMIENTO","OPMI DEL MINISTERIO DE VIVIENDA, CONSTRUCCION Y SANEAMIENTO",2257745.0,,PROYECTO DE INVERSION,"MEJORAMIENTO Y AMPLIACION DEL SISTEMA DE AGUA POTABLE Y SANEAMIENTO BASICO EN EL CENTRO POBLADO LA LAGUNA, DISTRITO DE TACABAMBA - CHOTA - CAJAMARCA",SANEAMIENTO,SANEAMIENTO,SANEAMIENTO RURAL,3234702,2819564,5428,10000.0,50000.0,0.0,0.0,Cartera_260824-123814.xlsx,060417,,060417,,,EXTRAIDO_DESDE_NOMBRE,ALTA,RESUELTO,060417,Coincidencia exacta y única por nombre
134.0,A,"VIVIENDA, CONSTRUCCION Y SANEAMIENTO","OPMI DEL MINISTERIO DE VIVIENDA, CONSTRUCCION Y SANEAMIENTO",2235526.0,,PROYECTO DE INVERSION,"MEJORAMIENTO Y AMPLIACION DEL SERVICIO DE AGUA POTABLE E INSTALACION DEL SANEAMIENTO BASICO DE LA LOCALIDAD DE ROSAPAMPA, DISTRITO DE CHALAMARCA - CHOTA - CAJAMARCA",SANEAMIENTO,SANEAMIENTO,SANEAMIENTO RURAL,4290923,3585019,10000,10000.0,50000.0,0.0,0.0,Cartera_260824-123814.xlsx,060419,,060419,,,EXTRAIDO_DESDE_NOMBRE,ALTA,RESUELTO,060419,Coincidencia exacta y única por nombre
135.0,A,"VIVIENDA, CONSTRUCCION Y SANEAMIENTO","OPMI DEL MINISTERIO DE VIVIENDA, CONSTRUCCION Y SANEAMIENTO",2400910.0,,PROYECTO DE INVERSION,"INSTALACION DEL SERVICIO DE AGUA POTABLE Y SANEAMIENTO EN LA COMUNIDAD NATIVA DE HIPOLITO UNANUE, DISTRITO DE NAUTA , PROVINCIA DE LORETO - LORETO",SANEAMIENTO,SANEAMIENTO,SANEAMIENTO RURAL,9161885,8827735,131979,302010.0,32139.07,0.0,0.0,Cartera_260824-123814.xlsx,160301,,160301,,,EXTRAIDO_DESDE_NOMBRE,ALTA,RESUELTO,160301,Coincidencia exacta y única por nombre
136.0,A,"VIVIENDA, CONSTRUCCION Y SANEAMIENTO","OPMI DEL MINISTERIO DE VIVIENDA, CONSTRUCCION Y SANEAMIENTO",2202922.0,,PROYECTO DE INVERSION,"AMPLIACION Y MEJORAMIENTO DEL SERVICIO DE AGUA POTABLE Y SANEAMIENTO EN EL CENTRO POBLADO DE ACHUIM, DISTRITO DE EL CENEPA - CONDORCANQUI - AMAZONAS",SANEAMIENTO,SANEAMIENTO,SANEAMIENTO RURAL,8411908,8152999,0,10000.0,50000.0,0.0,0.0,Cartera_260824-123814.xlsx,010402,,010402,,,EXTRAIDO_DESDE_NOMBRE,ALTA,RESUELTO,010402,Coincidencia exacta y única por nombre
137.0,A,"VIVIENDA, CONSTRUCCION Y SANEAMIENTO","OPMI DEL MINISTERIO DE VIVIENDA, CONSTRUCCION Y SANEAMIENTO",2196429.0,,PROYECTO DE INVERSION,"MEJORAMIENTO Y AMPLIACION DEL SERVICIO DE AGUA POTABLE Y SANEAMIENTO BASICO EN EL CENTRO POBLADO EL PUEBLO LO HIZO, DISTRITO DE SANTO TOMAS - CUTERVO - CAJAMARCA",SANEAMIENTO,SANEAMIENTO,SANEAMIENTO RURAL,2872258,2712208,0,10000.0,160049.77,0.0,0.0,Cartera_260824-123814.xlsx,,060613,060613,SI,SI,VALIDADO_PMI_POR_CUI,ALTA,RESUELTO,"060613, 080701, 010521",Distrito SANTO TOMAS es ambiguo y no se extrajo provincia | Validado por PMI: SANTO TOMAS
138.0,A,"VIVIENDA, CONSTRUCCION Y SANEAMIENTO","OPMI DEL MINISTERIO DE VIVIENDA, CONSTRUCCION Y SANEAMIENTO",2235608.0,,PROYECTO DE INVERSION,"MEJORAMIENTO Y AMPLIACION DEL SERVICIO DE AGUA POTABLE E INSTALACION DEL SANEAMIENTO EN LA LOCALIDAD DE EL NOGAL, DISTRITO DE CHALAMARCA - CHOTA - CAJAMARCA",SANEAMIENTO,SANEAMIENTO,SANEAMIENTO RURAL,3730468,3264838,0,10000.0,50000.0,0.0,0.0,Cartera_260824-123814.xlsx,060419,,060419,,,EXTRAIDO_DESDE_NOMBRE,ALTA,RESUELTO,060419,Coincidencia exacta y única por nombre
139.0,A,"VIVIENDA, CONSTRUCCION Y SANEAMIENTO","OPMI DEL MINISTERIO DE VIVIENDA, CONSTRUCCION Y SANEAMIENTO",2170986.0,,PROYECTO DE INVERSION,"INSTALACION DEL SERVICIO DE AGUA POTABLE Y SANEAMIENTO BASICO DE LA LOCALIDAD DE SAN JUAN DE AHUAY, DISTRITO DE LIRCAY , PROVINCIA DE ANGARAES - HUANCAVELICA",SANEAMIENTO,SANEAMIENTO,SANEAMIENTO RURAL,2049454,2005423,0,0.0,29030.5,0.0,0.0,Cartera_260824-123814.xlsx,090301,,090301,,,EXTRAIDO_DESDE_NOMBRE,ALTA,RESUELTO,090301,Coincidencia exacta y única por nombre
140.0,A,"VIVIENDA, CONSTRUCCION Y SANEAMIENTO","OPMI DEL MINISTERIO DE VIVIENDA, CONSTRUCCION Y SANEAMIENTO",2183859.0,,PROYECTO DE INVERSION,"MEJORAMIENTO Y AMPLIACION DE LOS SERVICIOS DE AGUA POTABLE Y DISPOSICION SANITARIA DE EXCRETAS DE LA COMUNIDAD CAMPESINA DE CCAPALLA, CENTRO POBLADO CCAPALLA, DISTRITO DE ACORA, PUNO - PUNO",SANEAMIENTO,SANEAMIENTO,SANEAMIENTO RURAL,3958555,3878460,2500,5000.0,30095.4,0.0,0.0,Cartera_260824-123814.xlsx,210102,,210102,,,EXTRAIDO_DESDE_NOMBRE,ALTA,RESUELTO,210102,Coincidencia exacta y única por nombre
141.0,A,"VIVIENDA, CONSTRUCCION Y SANEAMIENTO","OPMI DEL MINISTERIO DE VIVIENDA, CONSTRUCCION Y SANEAMIENTO",2235609.0,,PROYECTO DE INVERSION,"MEJORAMIENTO Y AMPLIACION DEL SERVICIO DE AGUA POTABLE E INSTALACION DEL SANEAMIENTO EN LA LOCALIDAD DE MIRAVALLE, DISTRITO DE CHALAMARCA - CHOTA - CAJAMARCA",SANEAMIENTO,SANEAMIENTO,SANEAMIENTO RURAL,3440786,3075930,10000,10000.0,50000.0,0.0,0.0,Cartera_260824-123814.xlsx,060419,,060419,,,EXTRAIDO_DESDE_NOMBRE,ALTA,RESUELTO,060419,Coincidencia exacta y única por nombre
142.0,A,"VIVIENDA, CONSTRUCCION Y SANEAMIENTO","OPMI DEL MINISTERIO DE VIVIENDA, CONSTRUCCION Y SANEAMIENTO",2400945.0,,PROYECTO DE INVERSION,"INSTALACION DEL SERVICIO DE AGUA POTABLE Y SANEAMIENTO EN EL CENTRO POBLADO DE SAN JUAN DE LAGUNILLAS, DISTRITO DE NAUTA , PROVINCIA DE LORETO - LORETO",SANEAMIENTO,SANEAMIENTO,SANEAMIENTO RURAL,5721909,5528229,53065,706047.0,76615.31,0.0,0.0,Cartera_260824-123814.xlsx,160301,,160301,,,EXTRAIDO_DESDE_NOMBRE,ALTA,RESUELTO,160301,Coincidencia exacta y única por nombre
143.0,A,"VIVIENDA, CONSTRUCCION Y SANEAMIENTO","OPMI DEL MINISTERIO DE VIVIENDA, CONSTRUCCION Y SANEAMIENTO",2199708.0,,PROYECTO DE INVERSION,"MEJORAMIENTO Y AMPLIACION DEL SERVICIO DE AGUA POTABLE Y SANEAMIENTO EN EL CASERIO DE SAUCE CHIQUITO, DISTRITO DE HUANCABAMBA - HUANCABAMBA - PIURA",SANEAMIENTO,SANEAMIENTO,SANEAMIENTO RURAL,4296195,3895392,5429,10000.0,50000.0,0.0,0.0,Cartera_260824-123814.xlsx,,200301,200301,SI,SI,VALIDADO_PMI_POR_CUI,ALTA,RESUELTO,"190303, 200301",Distrito HUANCABAMBA es ambiguo y no se extrajo provincia | Validado por PMI: HUANCABAMBA
144.0,A,"VIVIENDA, CONSTRUCCION Y SANEAMIENTO","OPMI DEL MINISTERIO DE VIVIENDA, CONSTRUCCION Y SANEAMIENTO",2330634.0,,PROYECTO DE INVERSION,"MEJORAMIENTO Y AMPLIACIÓN DEL SERVICIO DE AGUA POTABLE Y SANEAMIENTO EN LA CC.NN SAN JUAN DE BARTRA DISTRITO DE EL TIGRE, PROVINCIA DE LORETO, REGIÓN DE LORETO.",SANEAMIENTO,SANEAMIENTO,SANEAMIENTO RURAL,4836839,4587345,11038,11038.0,51333.45,51333.44,0.0,Cartera_260824-123814.xlsx,,160303,160303,SI,SI,VALIDADO_PMI_POR_CUI,ALTA,RESUELTO,,Distrito EL TIGRE no encontrado en GPKG | Validado por PMI: TIGRE
145.0,A,"VIVIENDA, CONSTRUCCION Y SANEAMIENTO","OPMI DEL MINISTERIO DE VIVIENDA, CONSTRUCCION Y SANEAMIENTO",2332506.0,,PROYECTO DE INVERSION,"MEJORAMIENTO Y AMPLIACION DE LOS SERVICIOS DE AGUA POTABLE Y SANEAMIENTO EN LA CC.NN ANTIOQUIA DISTRITO DE TROMPETEROS, PROVINCIA DE LORETO, REGION DE LORETO",SANEAMIENTO,SANEAMIENTO,SANEAMIENTO RURAL,2907062,2812295,0,10000.0,94766.97,0.0,0.0,Cartera_260824-123814.xlsx,160304,,160304,,,EXTRAIDO_DESDE_NOMBRE,ALTA,RESUELTO,160304,Coincidencia exacta y única por nombre
146.0,A,"VIVIENDA, CONSTRUCCION Y SANEAMIENTO","OPMI DEL MINISTERIO DE VIVIENDA, CONSTRUCCION Y SANEAMIENTO",2199709.0,,PROYECTO DE INVERSION,"INSTALACION DEL SERVICIO DE AGUA POTABLE Y DISPOSICION SANITARIA DE EXCRETAS EN EL CENTRO POBLADO DE PUERTO PERU, DISTRITO DE YURIMAGUAS - ALTO AMAZONAS - LORETO",SANEAMIENTO,SANEAMIENTO,SANEAMIENTO RURAL,3510937,3344454,0,10000.0,166482.29,0.0,0.0,Cartera_260824-123814.xlsx,160201,,160201,,,EXTRAIDO_DESDE_NOMBRE,ALTA,RESUELTO,160201,Coincidencia exacta y única por nombre
147.0,A,"VIVIENDA, CONSTRUCCION Y SANEAMIENTO","OPMI DEL MINISTERIO DE VIVIENDA, CONSTRUCCION Y SANEAMIENTO",2302960.0,,PROYECTO DE INVERSION,"MEJORAMIENTO Y AMPLIACION DEL SERVICIO DE AGUA POTABLE Y CREACION DEL SERVICIO DE DISPOSICION SANITARIA DE EXCRETAS EN LA COMUNIDAD CAMPESINA JACHAPAMPA - SECTOR ALTO JACHAPAMPA, DISTRITO DE ZEPITA, PROVINCIA DE CHUCUITO, DEPARTAMENTO DE PUNO",SANEAMIENTO,SANEAMIENTO,SANEAMIENTO RURAL,6825155,6162117,134747,136099.0,63037.63,0.0,0.0,Cartera_260824-123814.xlsx,210407,,210407,,,EXTRAIDO_DESDE_NOMBRE,ALTA,RESUELTO,210407,Coincidencia exacta y única por nombre
148.0,A,"VIVIENDA, CONSTRUCCION Y SANEAMIENTO","OPMI DEL MINISTERIO DE VIVIENDA, CONSTRUCCION Y SANEAMIENTO",2235655.0,,PROYECTO DE INVERSION,"AMPLIACION Y MEJORAMIENTO DEL SERVICIO DE AGUA POTABLE Y SANEAMIENTO EN EL CENTRO POBLADO KAYAMAS, DISTRITO DE NIEVA , PROVINCIA DE CONDORCANQUI - AMAZONAS",SANEAMIENTO,SANEAMIENTO RURAL,SANEAMIENTO,5856222,5715611,41107,41107.0,99504.68,0.0,0.0,Cartera_260824-123814.xlsx,010401,,010401,,,EXTRAIDO_DESDE_NOMBRE,ALTA,RESUELTO,010401,Coincidencia exacta y única por nombre
149.0,A,"VIVIENDA, CONSTRUCCION Y SANEAMIENTO","OPMI DEL MINISTERIO DE VIVIENDA, CONSTRUCCION Y SANEAMIENTO",2283732.0,,PROYECTO DE INVERSION,"AMPLIACION Y MEJORAMIENTO DEL SERVICIO DE AGUA POTABLE E INSTALACION DEL SANEAMIENTO BASICO DE LA LOCALIDAD DE SAN JOSE DE TUMINA, DISTRITO DE JESUS - CAJAMARCA - CAJAMARCA",SANEAMIENTO,SANEAMIENTO,SANEAMIENTO RURAL,2311945,2189132,0,10000.0,122813.39,0.0,0.0,Cartera_260824-123814.xlsx,,060106,060106,SI,SI,VALIDADO_PMI_POR_CUI,ALTA,RESUELTO,"101001, 060106",Distrito JESUS es ambiguo y no se extrajo provincia | Validado por PMI: JESUS
150.0,A,"VIVIENDA, CONSTRUCCION Y SANEAMIENTO","OPMI DEL MINISTERIO DE VIVIENDA, CONSTRUCCION Y SANEAMIENTO",2191201.0,,PROYECTO DE INVERSION,"MEJORAMIENTO Y AMPLIACION DEL SERVICIO DE AGUA POTABLE Y DISPOSICION SANITARIA DE EXCRETAS EN EL SERTOR CENTRAL CHUA CHUA DEL CENTRO POBLADO CHUA CHUA, DISTRITO DE ZEPITA - CHUCUITO - PUNO",SANEAMIENTO,SANEAMIENTO,SANEAMIENTO RURAL,3354629,3303570,4750,5000.0,26058.32,0.0,0.0,Cartera_260824-123814.xlsx,210407,,210407,,,EXTRAIDO_DESDE_NOMBRE,ALTA,RESUELTO,210407,Coincidencia exacta y única por nombre
151.0,A,"VIVIENDA, CONSTRUCCION Y SANEAMIENTO","OPMI DEL MINISTERIO DE VIVIENDA, CONSTRUCCION Y SANEAMIENTO",2400920.0,,PROYECTO DE INVERSION,"INSTALACION DEL SERVICIO DE AGUA POTABLE Y SANEAMIENTO EN LA COMUNIDAD NATIVA DE SAN PEDRO I, DISTRITO DE NAUTA , PROVINCIA DE LORETO - LORETO",SANEAMIENTO,SANEAMIENTO,SANEAMIENTO RURAL,4910314,4910314,0,11436.0,0.91,0.0,0.0,Cartera_260824-123814.xlsx,160301,,160301,,,EXTRAIDO_DESDE_NOMBRE,ALTA,RESUELTO,160301,Coincidencia exacta y única por nombre
152.0,A,"VIVIENDA, CONSTRUCCION Y SANEAMIENTO","OPMI DEL MINISTERIO DE VIVIENDA, CONSTRUCCION Y SANEAMIENTO",2283000.0,,PROYECTO DE INVERSION,"MEJORAMIENTO Y AMPLIACION DEL SERVICIO DE AGUA POTABLE E INSTALACION DEL SANEAMIENTO EN LA LOCALIDAD DE MAMARURIBAMBA BAJO , DISTRITO DE COCHABAMBA - CHOTA - CAJAMARCA",SANEAMIENTO,SANEAMIENTO,SANEAMIENTO RURAL,3806983,3296457,0,10000.0,510525.7,0.0,0.0,Cartera_260824-123814.xlsx,,060407,060407,SI,SI,VALIDADO_PMI_POR_CUI,ALTA,RESUELTO,"060407, 100403, 020102, 090725",Distrito COCHABAMBA es ambiguo y no se extrajo provincia | Validado por PMI: COCHABAMBA
153.0,A,"VIVIENDA, CONSTRUCCION Y SANEAMIENTO","OPMI DEL MINISTERIO DE VIVIENDA, CONSTRUCCION Y SANEAMIENTO",2189503.0,,PROYECTO DE INVERSION,"INSTALACION DEL SERVICIO DE AGUA POTABLE Y DISPOSICIÓN SANITARIA DE EXCRETAS DE LA COMUNIDAD CAMPESINA DE CUSINI, DISTRITO DE ACORA, PROVINCIA DE PUNO, REGIÓN PUNO",SANEAMIENTO,SANEAMIENTO,SANEAMIENTO RURAL,3418137,3294993,28000,30000.0,30000.0,43144.74,0.0,Cartera_260824-123814.xlsx,210102,,210102,,,EXTRAIDO_DESDE_NOMBRE,ALTA,RESUELTO,210102,Coincidencia exacta y única por nombre
154.0,A,"VIVIENDA, CONSTRUCCION Y SANEAMIENTO","OPMI DEL MINISTERIO DE VIVIENDA, CONSTRUCCION Y SANEAMIENTO",2235564.0,,PROYECTO DE INVERSION,"INSTALACIÓN DEL SERVICIO DE AGUA POTABLE Y SANEAMIENTO BÁSICO EN EL CENTRO POBLADO DE ANDRES AVELINO CACERES, DISTRITO DE PICHANAQUI, PROVINCIA DE CHANCHAMAYO, REGIÓN JUNÍN",SANEAMIENTO,SANEAMIENTO,SANEAMIENTO RURAL,4948083,4815220,0,10000.0,66431.62,66431.62,0.0,Cartera_260824-123814.xlsx,120303,,120303,,,EXTRAIDO_DESDE_NOMBRE,ALTA,RESUELTO,120303,Coincidencia exacta y única por nombre
155.0,A,"VIVIENDA, CONSTRUCCION Y SANEAMIENTO","OPMI DEL MINISTERIO DE VIVIENDA, CONSTRUCCION Y SANEAMIENTO",2400941.0,,PROYECTO DE INVERSION,"INSTALACION DEL SERVICIO DE AGUA POTABLE Y SANEAMIENTO EN EL CENTRO POBLADO DE LISBOA, DISTRITO DE NAUTA , PROVINCIA DE LORETO - LORETO",SANEAMIENTO,SANEAMIENTO,SANEAMIENTO RURAL,4327510,4255531,54500,19938.0,52040.41,0.0,0.0,Cartera_260824-123814.xlsx,160301,,160301,,,EXTRAIDO_DESDE_NOMBRE,ALTA,RESUELTO,160301,Coincidencia exacta y única por nombre
156.0,A,"VIVIENDA, CONSTRUCCION Y SANEAMIENTO","OPMI DEL MINISTERIO DE VIVIENDA, CONSTRUCCION Y SANEAMIENTO",2170948.0,,PROYECTO DE INVERSION,"INSTALACION DEL SERVICIO DE AGUA POTABLE Y SANEAMIENTO BASICO DE LA LOCALIDAD DE ANYACCASA , DISTRITO DE YAULI - HUANCAVELICA - HUANCAVELICA",SANEAMIENTO,SANEAMIENTO,SANEAMIENTO RURAL,2970841,2934601,5000,5000.0,30000.0,50000.0,32458.78,Cartera_260824-123814.xlsx,,090117,090117,SI,SI,VALIDADO_PMI_POR_CUI,ALTA,RESUELTO,"120810, 090117, 120433",Distrito YAULI es ambiguo y no se extrajo provincia | Validado por PMI: YAULI
157.0,A,"VIVIENDA, CONSTRUCCION Y SANEAMIENTO","OPMI DEL MINISTERIO DE VIVIENDA, CONSTRUCCION Y SANEAMIENTO",2289945.0,,PROYECTO DE INVERSION,"AMPLIACION Y MEJORAMIENTO DEL SERVICIO DE AGUA POTABLE E INSTALACION DEL SISTEMA DE SANEAMIENTO BASICO DE LA LOCALIDAD DE YUSCAPAMPA , DISTRITO DE TABACONAS - SAN IGNACIO - CAJAMARCA",SANEAMIENTO,SANEAMIENTO,SANEAMIENTO RURAL,4302099,4130210,123070,835542.0,33119.77,0.0,0.0,Cartera_260824-123814.xlsx,060907,,060907,,,EXTRAIDO_DESDE_NOMBRE,ALTA,RESUELTO,060907,Coincidencia exacta y única por nombre
158.0,A,"VIVIENDA, CONSTRUCCION Y SANEAMIENTO","OPMI DEL MINISTERIO DE VIVIENDA, CONSTRUCCION Y SANEAMIENTO",2189449.0,,PROYECTO DE INVERSION,"MEJORAMIENTO Y AMPLIACION DEL SERVICIO DE AGUA POTABLE Y DISPOSICION SANITARIA DE EXCRETAS EN LOS SECTORES CENTRAL FLORES, COLLAPATA, MAMANI A Y MAMANI B DE LA COMUNIDAD CAMPESINA LOS ANDES, DISTRITO ZEPITA - CHUCUITO - PUNO",SANEAMIENTO,SANEAMIENTO,SANEAMIENTO RURAL,2572986,2334889,10000,10000.0,38097.2,0.0,0.0,Cartera_260824-123814.xlsx,,210407,210407,SI,SI,VALIDADO_PMI_POR_CUI,ALTA,RESUELTO,,"No se detectó patrón ""DISTRITO DE"" en el nombre | Validado por PMI: ZEPITA"
159.0,A,"VIVIENDA, CONSTRUCCION Y SANEAMIENTO","OPMI DEL MINISTERIO DE VIVIENDA, CONSTRUCCION Y SANEAMIENTO",2202909.0,,PROYECTO DE INVERSION,"MEJORAMIENTO Y AMPLIACIÓN DEL SERVICIO DE AGUA POTABLE Y DISPOSICIÓN SANITARIA DE EXCRETAS EN LA COMUNIDAD NATIVA DE PUERTO OCOPA, DISTRITO DE RÍO TAMBO, PROVINCIA DE SATIPO, DEPARTAMENTO DE JUNÍN",SANEAMIENTO,SANEAMIENTO,SANEAMIENTO RURAL,4352494,3974917,0,10000.0,377576.94,0.0,0.0,Cartera_260824-123814.xlsx,120608,,120608,,,EXTRAIDO_DESDE_NOMBRE,ALTA,RESUELTO,120608,Coincidencia exacta y única por nombre
160.0,A,"VIVIENDA, CONSTRUCCION Y SANEAMIENTO","OPMI DEL MINISTERIO DE VIVIENDA, CONSTRUCCION Y SANEAMIENTO",2235659.0,,PROYECTO DE INVERSION,"MEJORAMIENTO Y AMPLIACION DEL SERVICIO DE AGUA POTABLE Y DISPOSICION SANITARIA DE EXCRETAS EN EL CENTRO POBLADO NUEVA ALEJANDRIA , DISTRITO DE PICHANAQUI - CHANCHAMAYO - JUNIN",SANEAMIENTO,SANEAMIENTO,SANEAMIENTO RURAL,3368081,3203540,107649,78594.0,56892.11,0.0,0.0,Cartera_260824-123814.xlsx,120303,,120303,,,EXTRAIDO_DESDE_NOMBRE,ALTA,RESUELTO,120303,Coincidencia exacta y única por nombre
161.0,A,"VIVIENDA, CONSTRUCCION Y SANEAMIENTO","OPMI DEL MINISTERIO DE VIVIENDA, CONSTRUCCION Y SANEAMIENTO",2235554.0,,PROYECTO DE INVERSION,"INSTALACION DE LOS SISTEMAS DE AGUA POTABLE Y SANEAMIENTO PARA EL CENTRO POBLADO DE ATAHUALPA , DISTRITO DE MANSERICHE - DATEM DEL MARANON - LORETO",SANEAMIENTO,SANEAMIENTO RURAL,SANEAMIENTO,7497792,6922291,357436,357436.0,218065.0,0.0,0.0,Cartera_260824-123814.xlsx,160703,,160703,,,EXTRAIDO_DESDE_NOMBRE,ALTA,RESUELTO,160703,Coincidencia exacta y única por nombre
162.0,A,"VIVIENDA, CONSTRUCCION Y SANEAMIENTO","OPMI DEL MINISTERIO DE VIVIENDA, CONSTRUCCION Y SANEAMIENTO",2235523.0,,PROYECTO DE INVERSION,"AMPLIACION Y MEJORAMIENTO DEL SERVICIO DE AGUA POTABLE E INSTALACION DEL SANEAMIENTO EN LA LOCALIDAD DE SANTOS, DISTRITO DE QUEROCOTILLO - CUTERVO - CAJAMARCA",SANEAMIENTO,SANEAMIENTO,SANEAMIENTO RURAL,3564044,3120402,0,10000.0,50000.0,0.0,0.0,Cartera_260824-123814.xlsx,060607,,060607,,,EXTRAIDO_DESDE_NOMBRE,ALTA,RESUELTO,060607,Coincidencia exacta y única por nombre
163.0,A,"VIVIENDA, CONSTRUCCION Y SANEAMIENTO","OPMI DEL MINISTERIO DE VIVIENDA, CONSTRUCCION Y SANEAMIENTO",2256323.0,,PROYECTO DE INVERSION,"MEJORAMIENTO Y AMPLIACION DEL SERVICIO DE AGUA POTABLE Y SANEAMIENTO BASICO EN EL CASERIO DE CATALUCO , DISTRITO DE HUANCABAMBA - HUANCABAMBA - PIURA",SANEAMIENTO,SANEAMIENTO RURAL,SANEAMIENTO,4157847,3919230,39196,39196.0,216127.84,0.0,0.0,Cartera_260824-123814.xlsx,,200301,200301,SI,SI,VALIDADO_PMI_POR_CUI,ALTA,RESUELTO,"190303, 200301",Distrito HUANCABAMBA es ambiguo y no se extrajo provincia | Validado por PMI: HUANCABAMBA
164.0,A,"VIVIENDA, CONSTRUCCION Y SANEAMIENTO","OPMI DEL MINISTERIO DE VIVIENDA, CONSTRUCCION Y SANEAMIENTO",2202917.0,,PROYECTO DE INVERSION,"INSTALACION DEL SERVICIO DE AGUA POTABLE Y SANEAMIENTO EN EL CENTRO POBLADO BOCA AMBUJA, DISTRITO DE NIEVA, PROVINCIA DE CONDORCANQUI - AMAZONAS",SANEAMIENTO,SANEAMIENTO,SANEAMIENTO RURAL,3097511,3038194,0,10000.0,59317.08,0.0,0.0,Cartera_260824-123814.xlsx,010401,,010401,,,EXTRAIDO_DESDE_NOMBRE,ALTA,RESUELTO,010401,Coincidencia exacta y única por nombre
165.0,A,"VIVIENDA, CONSTRUCCION Y SANEAMIENTO","OPMI DEL MINISTERIO DE VIVIENDA, CONSTRUCCION Y SANEAMIENTO",2307887.0,,PROYECTO DE INVERSION,"INSTALACION DEL SERVICIO DE AGUA POTABLE Y SANEAMIENTO EN EL CENTRO POBLADO CHOSICA , DISTRITO DE RIO SANTIAGO - CONDORCANQUI - AMAZONAS",SANEAMIENTO,SANEAMIENTO,SANEAMIENTO RURAL,7758956,7499925,172500,172500.0,70779.06,0.0,0.0,Cartera_260824-123814.xlsx,010403,,010403,,,EXTRAIDO_DESDE_NOMBRE,ALTA,RESUELTO,010403,Coincidencia exacta y única por nombre
166.0,A,"VIVIENDA, CONSTRUCCION Y SANEAMIENTO","OPMI DEL MINISTERIO DE VIVIENDA, CONSTRUCCION Y SANEAMIENTO",2235797.0,,PROYECTO DE INVERSION,"MEJORAMIENTO Y AMPLIACION DEL SERVICIO DE AGUA POTABLE E INSTALACION DE LA DISPOSICION SANITARIA DE EXCRETAS Y DE AGUAS GRISES EN LA COMUNIDAD NATIVA DE NUMPATKAIM, DISTRITO DE IMAZA, PROVINCIA DE BAGUA, DEPARTAMENTO DE AMAZONAS",SANEAMIENTO,SANEAMIENTO,SANEAMIENTO RURAL,7841142,7693691,55048,55108.0,10000.0,82343.0,0.0,Cartera_260824-123814.xlsx,010205,,010205,,,EXTRAIDO_DESDE_NOMBRE,ALTA,RESUELTO,010205,Coincidencia exacta y única por nombre
167.0,A,"VIVIENDA, CONSTRUCCION Y SANEAMIENTO","OPMI DEL MINISTERIO DE VIVIENDA, CONSTRUCCION Y SANEAMIENTO",2196751.0,,PROYECTO DE INVERSION,"INSTALACION DEL SERVICIO DE AGUA POTABLE Y SANEAMIENTO EN EL CASERIO DE LAS LOMAS, DISTRITO DE PACAIPAMPA - AYABACA - PIURA",SANEAMIENTO,SANEAMIENTO,SANEAMIENTO RURAL,4586534,4512782,3429,10000.0,50000.0,0.0,0.0,Cartera_260824-123814.xlsx,200206,,200206,,,EXTRAIDO_DESDE_NOMBRE,ALTA,RESUELTO,200206,Coincidencia exacta y única por nombre
168.0,A,"VIVIENDA, CONSTRUCCION Y SANEAMIENTO","OPMI DEL MINISTERIO DE VIVIENDA, CONSTRUCCION Y SANEAMIENTO",2400908.0,,PROYECTO DE INVERSION,"INSTALACION DEL SERVICIO DE AGUA POTABLE Y SANEAMIENTO EN EL CENTRO POBLADO DE SANTA CRUZ, DISTRITO DE NAUTA , PROVINCIA DE LORETO - LORETO",SANEAMIENTO,SANEAMIENTO,SANEAMIENTO RURAL,5564892,5258593,55133,282585.0,0.0,0.0,0.0,Cartera_260824-123814.xlsx,160301,,160301,,,EXTRAIDO_DESDE_NOMBRE,ALTA,RESUELTO,160301,Coincidencia exacta y única por nombre
169.0,A,"VIVIENDA, CONSTRUCCION Y SANEAMIENTO","OPMI DEL MINISTERIO DE VIVIENDA, CONSTRUCCION Y SANEAMIENTO",2235534.0,,PROYECTO DE INVERSION,"AMPLIACION Y MEJORAMIENTO DEL SERVICIO DE AGUA POTABLE E INSTALACION DEL SANEAMIENTO EN LA LOCALIDAD DE UNION BELLAVISTA DE CAMSE, DISTRITO DE CUTERVO , PROVINCIA DE CUTERVO - CAJAMARCA",SANEAMIENTO,SANEAMIENTO,SANEAMIENTO RURAL,4816995,4368003,0,10000.0,448992.52,0.0,0.0,Cartera_260824-123814.xlsx,060601,,060601,,,EXTRAIDO_DESDE_NOMBRE,ALTA,RESUELTO,060601,Coincidencia exacta y única por nombre
170.0,A,"VIVIENDA, CONSTRUCCION Y SANEAMIENTO","OPMI DEL MINISTERIO DE VIVIENDA, CONSTRUCCION Y SANEAMIENTO",2202460.0,,PROYECTO DE INVERSION,"MEJORAMIENTO Y AMPLIACION DEL SERVICIO DE AGUA POTABLE E INSTALACION DE LA DISPOSICION SANITARIA DE EXCRETAS Y DE AGUAS GRISES EN LA COMUNIDAD NATIVA DE WACHAPEA, DISTRITO DE IMAZA, PROVINCIA DE BAGUA, DEPARTAMENTO DE AMAZONAS",SANEAMIENTO,SANEAMIENTO,SANEAMIENTO RURAL,3975517,1482501,2467,72496.0,0.0,2420520.0,0.0,Cartera_260824-123814.xlsx,010205,,010205,,,EXTRAIDO_DESDE_NOMBRE,ALTA,RESUELTO,010205,Coincidencia exacta y única por nombre
171.0,A,"VIVIENDA, CONSTRUCCION Y SANEAMIENTO","OPMI DEL MINISTERIO DE VIVIENDA, CONSTRUCCION Y SANEAMIENTO",2400863.0,,PROYECTO DE INVERSION,"INSTALACION DEL SERVICIO DE AGUA POTABLE Y SANEAMIENTO EN EL CENTRO POBLADO DE 25 DE ENERO , DISTRITO DE SAN JUAN BAUTISTA - MAYNAS - LORETO",SANEAMIENTO,SANEAMIENTO,SANEAMIENTO RURAL,5461932,5314264,48001,48858.0,0.0,0.0,0.0,Cartera_260824-123814.xlsx,,160113,160113,SI,SI,VALIDADO_PMI_POR_CUI,ALTA,RESUELTO,"050110, 160113, 110110",Distrito SAN JUAN BAUTISTA es ambiguo y no se extrajo provincia | Validado por PMI: SAN JUAN BAUTISTA
172.0,A,"VIVIENDA, CONSTRUCCION Y SANEAMIENTO","OPMI DEL MINISTERIO DE VIVIENDA, CONSTRUCCION Y SANEAMIENTO",2257777.0,,PROYECTO DE INVERSION,"INSTALACION DEL SERVICIO DE AGUA POTABLE Y SANEAMIENTO BASICO DE LA COMUNIDAD NATIVA EL DORADO, DISTRITO DE MOYOBAMBA , PROVINCIA DE MOYOBAMBA, DEPARTAMENTO DE SAN MARTIN",SANEAMIENTO,SANEAMIENTO,SANEAMIENTO RURAL,3170035,2946108,93586,93586.0,130341.11,0.0,0.0,Cartera_260824-123814.xlsx,220101,,220101,,,EXTRAIDO_DESDE_NOMBRE,ALTA,RESUELTO,220101,Coincidencia exacta y única por nombre
173.0,A,"VIVIENDA, CONSTRUCCION Y SANEAMIENTO","OPMI DEL MINISTERIO DE VIVIENDA, CONSTRUCCION Y SANEAMIENTO",2196738.0,,PROYECTO DE INVERSION,"MEJORAMIENTO Y AMPLIACION DEL SERVICIO DE AGUA POTABLE Y SANEAMIENTO EN EL CASERIO DE SANTA ROSA, DISTRITO DE HUARMACA - HUANCABAMBA - PIURA",SANEAMIENTO,SANEAMIENTO,SANEAMIENTO RURAL,4023349,3668901,0,10000.0,354448.32,0.0,0.0,Cartera_260824-123814.xlsx,200304,,200304,,,EXTRAIDO_DESDE_NOMBRE,ALTA,RESUELTO,200304,Coincidencia exacta y única por nombre
174.0,A,"VIVIENDA, CONSTRUCCION Y SANEAMIENTO","OPMI DEL MINISTERIO DE VIVIENDA, CONSTRUCCION Y SANEAMIENTO",2289965.0,,PROYECTO DE INVERSION,"AMPLIACION Y MEJORAMIENTO DEL SERVICIO DE AGUA POTABLE E INSTALACION DEL SANEAMIENTO BASICO DE LA LOCALIDAD DE MEJICO, DISTRITO DE FRIAS - AYABACA - PIURA",SANEAMIENTO,SANEAMIENTO,SANEAMIENTO RURAL,3320069,3122040,0,10000.0,99014.46,99014.46,0.0,Cartera_260824-123814.xlsx,200202,,200202,,,EXTRAIDO_DESDE_NOMBRE,ALTA,RESUELTO,200202,Coincidencia exacta y única por nombre
175.0,A,"VIVIENDA, CONSTRUCCION Y SANEAMIENTO","OPMI DEL MINISTERIO DE VIVIENDA, CONSTRUCCION Y SANEAMIENTO",2196734.0,,PROYECTO DE INVERSION,"AMPLIACION Y MEJORAMIENTO DE LOS SISTEMAS DE AGUA POTABLE Y SANEAMIENTO DEL CASERIO CORAZON DE JESUS , DISTRITO DE HUABAL - JAEN - CAJAMARCA",SANEAMIENTO,SANEAMIENTO,SANEAMIENTO RURAL,5582160,5434285,3066,3066.0,144808.0,0.0,0.0,Cartera_260824-123814.xlsx,060805,,060805,,,EXTRAIDO_DESDE_NOMBRE,ALTA,RESUELTO,060805,Coincidencia exacta y única por nombre
176.0,A,"VIVIENDA, CONSTRUCCION Y SANEAMIENTO","OPMI DEL MINISTERIO DE VIVIENDA, CONSTRUCCION Y SANEAMIENTO",2306897.0,,PROYECTO DE INVERSION,"AMPLIACION Y MEJORAMIENTO DEL SERVICIO DE AGUA POTABLE E INSTALACION DE LOS SERVICIOS DE DISPOSICION SANITARIA DE EXCRETAS, ALCANTARILLADO Y TRATAMIENTO DE AGUAS RESIDUALES EN LA COMUNIDAD NATIVA DE JERUSALEN DE MINARO , DISTRITO DE PANGOA - SATIPO - JUNIN",SANEAMIENTO,SANEAMIENTO,SANEAMIENTO RURAL,4954193,4575041,0,0.0,379152.24,0.0,0.0,Cartera_260824-123814.xlsx,120606,,120606,,,EXTRAIDO_DESDE_NOMBRE,ALTA,RESUELTO,120606,Coincidencia exacta y única por nombre
177.0,A,"VIVIENDA, CONSTRUCCION Y SANEAMIENTO","OPMI DEL MINISTERIO DE VIVIENDA, CONSTRUCCION Y SANEAMIENTO",2400913.0,,PROYECTO DE INVERSION,"INSTALACION DEL SERVICIO DE AGUA POTABLE Y SANEAMIENTO EN LA COMUNIDAD NATIVA DE MIGUEL GRAU, DISTRITO DE NAUTA , PROVINCIA DE LORETO - LORETO",SANEAMIENTO,SANEAMIENTO RURAL,SANEAMIENTO,11977327,11576878,102714,330550.0,61858.58,0.0,0.0,Cartera_260824-123814.xlsx,160301,,160301,,,EXTRAIDO_DESDE_NOMBRE,ALTA,RESUELTO,160301,Coincidencia exacta y única por nombre
178.0,A,"VIVIENDA, CONSTRUCCION Y SANEAMIENTO","OPMI DEL MINISTERIO DE VIVIENDA, CONSTRUCCION Y SANEAMIENTO",2303280.0,,PROYECTO DE INVERSION,"AMPLIACION Y MEJORAMIENTO DEL SERVICIO DE AGUA POTABLE E INSTALACION DE LOS SERVICIOS DE DISPOSICION SANITARIA DE EXCRETAS, ALCANTARILLADO Y TRATAMIENTO DE AGUAS RESIDUALES EN LA COMUNIDAD NATIVA DE CANETE , DISTRITO DE MAZAMARI - SATIPO - JUNIN",SANEAMIENTO,SANEAMIENTO,SANEAMIENTO RURAL,3773866,3502244,181282,181282.0,90340.0,0.0,0.0,Cartera_260824-123814.xlsx,120604,,120604,,,EXTRAIDO_DESDE_NOMBRE,ALTA,RESUELTO,120604,Coincidencia exacta y única por nombre
179.0,A,"VIVIENDA, CONSTRUCCION Y SANEAMIENTO","OPMI DEL MINISTERIO DE VIVIENDA, CONSTRUCCION Y SANEAMIENTO",2280080.0,,PROYECTO DE INVERSION,"AMPLIACION Y MEJORAMIENTO DEL SERVICIO DE AGUA POTABLE E INSTALACION DEL SANEAMIENTO BASICO DE LA LOCALIDAD DE TOTORA NUEVA, DISTRITO DE JOSE SABOGAL - SAN MARCOS - CAJAMARCA",SANEAMIENTO,SANEAMIENTO,SANEAMIENTO RURAL,3423403,2958379,0,10000.0,50000.0,0.0,0.0,Cartera_260824-123814.xlsx,061007,,061007,,,EXTRAIDO_DESDE_NOMBRE,ALTA,RESUELTO,061007,Coincidencia exacta y única por nombre
180.0,A,"VIVIENDA, CONSTRUCCION Y SANEAMIENTO","OPMI DEL MINISTERIO DE VIVIENDA, CONSTRUCCION Y SANEAMIENTO",2202465.0,,PROYECTO DE INVERSION,"MEJORAMIENTO Y AMPLIACION DEL SERVICIO DE AGUA POTABLE E INSTALACION DE LA DISPOSICION SANITARIA DE EXCRETAS Y DE AGUAS GRISES EN LA COMUNIDAD NATIVA DE SAN RAFAEL WINCHU, DISTRITO DE IMAZA, PROVINCIA DE BAGUA, DEPARTAMENTO DE AMAZONAS",SANEAMIENTO,SANEAMIENTO,SANEAMIENTO RURAL,10571877,10423619,0,0.0,0.0,0.0,0.0,Cartera_260824-123814.xlsx,010205,,010205,,,EXTRAIDO_DESDE_NOMBRE,ALTA,RESUELTO,010205,Coincidencia exacta y única por nombre
181.0,A,"VIVIENDA, CONSTRUCCION Y SANEAMIENTO","OPMI DEL MINISTERIO DE VIVIENDA, CONSTRUCCION Y SANEAMIENTO",2327241.0,,PROYECTO DE INVERSION,"MEJORAMIENTO Y AMPLIACION DEL SERVICIO DE AGUA POTABLE Y SANEAMIENTO BASICO EN EL CASERIO DE MOLULO , DISTRITO DE HUARMACA - HUANCABAMBA - PIURA",SANEAMIENTO,SANEAMIENTO,SANEAMIENTO RURAL,4654449,3381533,0,10000.0,636458.26,636458.26,0.0,Cartera_260824-123814.xlsx,200304,,200304,,,EXTRAIDO_DESDE_NOMBRE,ALTA,RESUELTO,200304,Coincidencia exacta y única por nombre
182.0,A,"VIVIENDA, CONSTRUCCION Y SANEAMIENTO","OPMI DEL MINISTERIO DE VIVIENDA, CONSTRUCCION Y SANEAMIENTO",2292676.0,,PROYECTO DE INVERSION,"INSTALACION DEL SERVICIO DE AGUA POTABLE Y SANEAMIENTO EN LA COMUNIDAD NATIVA DE NUEVA BARRANQUITA, DISTRITO DE BALSAPUERTO, PROVINCIA DE ALTO AMAZONAS, DEPARTAMENTO DE LORETO",SANEAMIENTO,SANEAMIENTO RURAL,SANEAMIENTO,2928693,1462503,0,0.0,50158.0,0.0,0.0,Cartera_260824-123814.xlsx,160202,,160202,,,EXTRAIDO_DESDE_NOMBRE,ALTA,RESUELTO,160202,Coincidencia exacta y única por nombre
183.0,A,"VIVIENDA, CONSTRUCCION Y SANEAMIENTO","OPMI DEL MINISTERIO DE VIVIENDA, CONSTRUCCION Y SANEAMIENTO",2339548.0,,PROYECTO DE INVERSION,"INSTALACION DEL SERVICIO DE AGUA POTABLE Y SANEAMIENTO EN LA COMUNIDAD NATIVA DE BELLAVISTA , DISTRITO DE BALSAPUERTO - ALTO AMAZONAS - LORETO",SANEAMIENTO,SANEAMIENTO,SANEAMIENTO RURAL,5160506,4991777,0,0.0,168728.89,0.0,0.0,Cartera_260824-123814.xlsx,160202,,160202,,,EXTRAIDO_DESDE_NOMBRE,ALTA,RESUELTO,160202,Coincidencia exacta y única por nombre
184.0,A,"VIVIENDA, CONSTRUCCION Y SANEAMIENTO","OPMI DEL MINISTERIO DE VIVIENDA, CONSTRUCCION Y SANEAMIENTO",2196749.0,,PROYECTO DE INVERSION,"INSTALACION DEL SERVICIO DE AGUA POTABLE Y SANEAMIENTO EN EL CASERIO DE MEMBRILLO, DISTRITO DE PACAIPAMPA - AYABACA - PIURA",SANEAMIENTO,SANEAMIENTO,SANEAMIENTO RURAL,3669696,3484738,9999,10000.0,50000.0,0.0,0.0,Cartera_260824-123814.xlsx,200206,,200206,,,EXTRAIDO_DESDE_NOMBRE,ALTA,RESUELTO,200206,Coincidencia exacta y única por nombre
185.0,A,"VIVIENDA, CONSTRUCCION Y SANEAMIENTO","OPMI DEL MINISTERIO DE VIVIENDA, CONSTRUCCION Y SANEAMIENTO",2235583.0,,PROYECTO DE INVERSION,"MEJORAMIENTO Y AMPLIACIÓN DEL SERVICIO DE AGUA POTABLE Y DISPOSICIÓN SANITARIA DE EXCRETAS EN LA COMUNIDAD NATIVA DE BOCA CHEMBO, DISTRITO DE RÍO TAMBO, PROVINCIA DE SATIPO, DEPARTAMENTO DE JUNÍN",SANEAMIENTO,SANEAMIENTO,SANEAMIENTO RURAL,4462958,3654220,0,10000.0,404369.04,404369.03,0.0,Cartera_260824-123814.xlsx,120608,,120608,,,EXTRAIDO_DESDE_NOMBRE,ALTA,RESUELTO,120608,Coincidencia exacta y única por nombre
186.0,A,"VIVIENDA, CONSTRUCCION Y SANEAMIENTO","OPMI DEL MINISTERIO DE VIVIENDA, CONSTRUCCION Y SANEAMIENTO",2235800.0,,PROYECTO DE INVERSION,"INSTALACION DE LOS SERVICIOS DE AGUA POTABLE, DISPOSICION SANITARIA DE EXCRETAS Y DE AGUAS GRISES EN LA COMUNIDAD NATIVA DE HUANTZA, DISTRITO DE IMAZA, PROVINCIA DE BAGUA, DEPARTAMENTO DE AMAZONAS",SANEAMIENTO,SANEAMIENTO,SANEAMIENTO RURAL,7523630,7348692,84328,80000.0,63817.0,0.0,0.0,Cartera_260824-123814.xlsx,010205,,010205,,,EXTRAIDO_DESDE_NOMBRE,ALTA,RESUELTO,010205,Coincidencia exacta y única por nombre
187.0,A,"VIVIENDA, CONSTRUCCION Y SANEAMIENTO","OPMI DEL MINISTERIO DE VIVIENDA, CONSTRUCCION Y SANEAMIENTO",2328456.0,,PROYECTO DE INVERSION,"MEJORAMIENTO, AMPLIACION DEL SERVICIO DE AGUA POTABLE Y SANEAMIENTO EN LA COMUNIDAD NATIVA SUNGACHI, DISTRITO DE ANDOAS, PROVINCIA DEL DATEM DEL MARAÑON, REGION LORETO",SANEAMIENTO,SANEAMIENTO,SANEAMIENTO RURAL,5135039,4713865,0,0.0,421173.86,0.0,0.0,Cartera_260824-123814.xlsx,160706,,160706,,,EXTRAIDO_DESDE_NOMBRE,ALTA,RESUELTO,160706,Coincidencia exacta y única por nombre
188.0,A,"VIVIENDA, CONSTRUCCION Y SANEAMIENTO","OPMI DEL MINISTERIO DE VIVIENDA, CONSTRUCCION Y SANEAMIENTO",2235896.0,,PROYECTO DE INVERSION,"MEJORAMIENTO Y AMPLIACION DEL SERVICIO DE AGUA POTABLE E INSTALACIÓN DE LA DISPOSICIÓN SANITARIA DE EXCRETAS Y DE AGUAS GRISES EN LA COMUNIDAD NATIVA DE BETHEL JAYAIS, DISTRITO DE IMAZA, PROVINCIA DE BAGUA, DEPARTAMENTO DE AMAZONAS",SANEAMIENTO,SANEAMIENTO,SANEAMIENTO RURAL,3587788,1194178,0,0.0,48000.0,0.0,0.0,Cartera_260824-123814.xlsx,010205,,010205,,,EXTRAIDO_DESDE_NOMBRE,ALTA,RESUELTO,010205,Coincidencia exacta y única por nombre
189.0,A,"VIVIENDA, CONSTRUCCION Y SANEAMIENTO","OPMI DEL MINISTERIO DE VIVIENDA, CONSTRUCCION Y SANEAMIENTO",2195427.0,,PROYECTO DE INVERSION,"MEJORAMIENTO Y AMPLIACION DEL SERVICIO DE AGUA POTABLE Y SANEAMIENTO BASICO EN EL CASERIO DE PARGUYUC, DISTRITO DE HUARMACA - HUANCABAMBA - PIURA",SANEAMIENTO,SANEAMIENTO,SANEAMIENTO RURAL,4565703,4314808,0,10000.0,250894.77,0.0,0.0,Cartera_260824-123814.xlsx,200304,,200304,,,EXTRAIDO_DESDE_NOMBRE,ALTA,RESUELTO,200304,Coincidencia exacta y única por nombre
190.0,A,"VIVIENDA, CONSTRUCCION Y SANEAMIENTO","OPMI DEL MINISTERIO DE VIVIENDA, CONSTRUCCION Y SANEAMIENTO",2235258.0,,PROYECTO DE INVERSION,"MEJORAMIENTO Y AMPLIACIÓN DEL SERVICIO DE AGUA POTABLE Y DISPOSICIÓN SANITARIA DE EXCRETAS EN LA COMUNIDAD NATIVA DE CAPITIRI, DISTRITO DE RÍO TAMBO, PROVINCIA DE SATIPO, DEPARTAMENTO DE JUNÍN",SANEAMIENTO,SANEAMIENTO,SANEAMIENTO RURAL,4407430,3997893,131544,131544.0,277993.18,0.0,0.0,Cartera_260824-123814.xlsx,120608,,120608,,,EXTRAIDO_DESDE_NOMBRE,ALTA,RESUELTO,120608,Coincidencia exacta y única por nombre
191.0,A,"VIVIENDA, CONSTRUCCION Y SANEAMIENTO","OPMI DEL MINISTERIO DE VIVIENDA, CONSTRUCCION Y SANEAMIENTO",2307895.0,,PROYECTO DE INVERSION,"AMPLIACION Y MEJORAMIENTO DEL SISTEMA DE AGUA POTABLE E INSTALACION DEL SERVICIO DE SANEAMIENTO BASICO EN LA LOCALIDAD DE GENERAL ROQUE SAENZ PENA - RIO TIGRE, DISTRITO DE MARIANO DAMASO BERAUN - LEONCIO PRADO - HUANUCO",SANEAMIENTO,SANEAMIENTO,SANEAMIENTO RURAL,2933130,2826512,0,10000.0,106618.07,0.0,0.0,Cartera_260824-123814.xlsx,100606,,100606,,,EXTRAIDO_DESDE_NOMBRE,ALTA,RESUELTO,100606,Coincidencia exacta y única por nombre
192.0,A,"VIVIENDA, CONSTRUCCION Y SANEAMIENTO","OPMI DEL MINISTERIO DE VIVIENDA, CONSTRUCCION Y SANEAMIENTO",2320222.0,,PROYECTO DE INVERSION,"AMPLIACION Y MEJORAMIENTO DEL SERVICIO DE AGUA POTABLE Y DISPOSICION SANITARIA DE EXCRETAS EN EL CENTRO POBLADO BOLIVAR , DISTRITO DE PANGOA - SATIPO - JUNIN",SANEAMIENTO,SANEAMIENTO,SANEAMIENTO RURAL,4215593,3201130,899505,861133.0,105576.46,0.0,0.0,Cartera_260824-123814.xlsx,120606,,120606,,,EXTRAIDO_DESDE_NOMBRE,ALTA,RESUELTO,120606,Coincidencia exacta y única por nombre
193.0,A,"VIVIENDA, CONSTRUCCION Y SANEAMIENTO","OPMI DEL MINISTERIO DE VIVIENDA, CONSTRUCCION Y SANEAMIENTO",2251151.0,,PROYECTO DE INVERSION,"MEJORAMIENTO Y AMPLIACION DEL SERVICIO DE AGUA POTABLE E INSTALACION DEL SISTEMA DE SANEAMIENTO BASICO DE LA LOCALIDAD DE PUCUNAN , DISTRITO DE SANTA ANA DE TUSI - DANIEL ALCIDES CARRION - PASCO",SANEAMIENTO,SANEAMIENTO,SANEAMIENTO RURAL,3047137,2844310,199636,199636.0,3190.7,0.0,0.0,Cartera_260824-123814.xlsx,190206,,190206,,,EXTRAIDO_DESDE_NOMBRE,ALTA,RESUELTO,190206,Coincidencia exacta y única por nombre
194.0,A,"VIVIENDA, CONSTRUCCION Y SANEAMIENTO","OPMI DEL MINISTERIO DE VIVIENDA, CONSTRUCCION Y SANEAMIENTO",2339543.0,,PROYECTO DE INVERSION,"INSTALACIÓN DEL SERVICIO DE AGUA POTABLE Y SANEAMIENTO EN LA COMUNIDAD NATIVA DE LOMA LINDA , DISTRITO DE BALSAPUERTO, PROVINCIA DE ALTO AMAZONAS, DEPARTAMENTO DE LORETO",SANEAMIENTO,SANEAMIENTO,SANEAMIENTO RURAL,3248439,917974,0,0.0,10000.0,0.0,0.0,Cartera_260824-123814.xlsx,160202,,160202,,,EXTRAIDO_DESDE_NOMBRE,ALTA,RESUELTO,160202,Coincidencia exacta y única por nombre
195.0,A,"VIVIENDA, CONSTRUCCION Y SANEAMIENTO","OPMI DEL MINISTERIO DE VIVIENDA, CONSTRUCCION Y SANEAMIENTO",2328478.0,,PROYECTO DE INVERSION,"MEJORAMIENTO, AMPLIACION DEL SERVICIO DE AGUA POTABLE Y SANEAMIENTO EN LA COMUNIDAD NATIVA NUEVA VIDA, DISTRITO DE ANDOAS, PROVINCIA DE DATEM DEL MARAÑON, REGION LORETO",SANEAMIENTO,SANEAMIENTO,SANEAMIENTO RURAL,1727224,1594242,0,10000.0,132982.32,0.0,0.0,Cartera_260824-123814.xlsx,160706,,160706,,,EXTRAIDO_DESDE_NOMBRE,ALTA,RESUELTO,160706,Coincidencia exacta y única por nombre
196.0,A,"VIVIENDA, CONSTRUCCION Y SANEAMIENTO","OPMI DEL MINISTERIO DE VIVIENDA, CONSTRUCCION Y SANEAMIENTO",2235658.0,,PROYECTO DE INVERSION,"MEJORAMIENTO Y AMPLIACION DEL SERVICIO DE AGUA POTABLE Y DISPOSICION SANITARIA DE EXCRETAS EN EL CENTRO POBLADO SAN JUAN DE BOCA IPOKI, DISTRITO DE RIO NEGRO, PROVINCIA DE SATIPO,DEPARTAMENTO DE JUNIN",SANEAMIENTO,SANEAMIENTO,SANEAMIENTO RURAL,3241374,2993745,169801,169801.0,77828.0,0.0,0.0,Cartera_260824-123814.xlsx,120607,,120607,,,EXTRAIDO_DESDE_NOMBRE,ALTA,RESUELTO,120607,Coincidencia exacta y única por nombre
197.0,A,"VIVIENDA, CONSTRUCCION Y SANEAMIENTO","OPMI DEL MINISTERIO DE VIVIENDA, CONSTRUCCION Y SANEAMIENTO",2250836.0,,PROYECTO DE INVERSION,"INSTALACION DEL SERVICIO DE AGUA POTABLE Y SANEAMIENTO EN EL CASERIO DE ANIMAS, DISTRITO DE HUARMACA, PROVINCIA DE HUANCABAMBA, DEPARTAMENTO DE PIURA",SANEAMIENTO,SANEAMIENTO,SANEAMIENTO RURAL,2383731,150581,0,0.0,132495.92,0.0,0.0,Cartera_260824-123814.xlsx,200304,,200304,,,EXTRAIDO_DESDE_NOMBRE,ALTA,RESUELTO,200304,Coincidencia exacta y única por nombre
198.0,A,"VIVIENDA, CONSTRUCCION Y SANEAMIENTO","OPMI DEL MINISTERIO DE VIVIENDA, CONSTRUCCION Y SANEAMIENTO",2260573.0,,PROYECTO DE INVERSION,"AMPLIACION Y MEJORAMIENTO DEL SERVICIO DE AGUA POTABLE Y DISPOSICION SANITARIA DE EXCRETAS DEL CENTRO POBLADO DE SAN CRISTOBAL DE ALTO CHENI , DISTRITO DE RIO NEGRO - SATIPO - JUNIN",SANEAMIENTO,SANEAMIENTO,SANEAMIENTO RURAL,2117386,1922565,97088,127507.0,62867.02,0.0,0.0,Cartera_260824-123814.xlsx,120607,,120607,,,EXTRAIDO_DESDE_NOMBRE,ALTA,RESUELTO,120607,Coincidencia exacta y única por nombre
199.0,A,"VIVIENDA, CONSTRUCCION Y SANEAMIENTO","OPMI DEL MINISTERIO DE VIVIENDA, CONSTRUCCION Y SANEAMIENTO",2267018.0,,PROYECTO DE INVERSION,"INSTALACION DEL SERVICIO DE AGUA POTABLE Y DISPOSICION SANITARIA DE EXCRETAS EN EL CENTRO POBLADO CAMANTAVISHI , DISTRITO DE RIO TAMBO - SATIPO - JUNIN",SANEAMIENTO,SANEAMIENTO,SANEAMIENTO RURAL,2602689,2429247,143361,150000.0,16440.31,0.0,0.0,Cartera_260824-123814.xlsx,120608,,120608,,,EXTRAIDO_DESDE_NOMBRE,ALTA,RESUELTO,120608,Coincidencia exacta y única por nombre
200.0,A,"VIVIENDA, CONSTRUCCION Y SANEAMIENTO","OPMI DEL MINISTERIO DE VIVIENDA, CONSTRUCCION Y SANEAMIENTO",2202906.0,,PROYECTO DE INVERSION,"MEJORAMIENTO Y AMPLIACIÓN DEL SERVICIO DE AGUA POTABLE Y DISPOSICIÓN SANITARIA DE EXCRETAS EN LA COMUNIDAD NATIVA CHAUJA, DISTRITO DE RÍO TAMBO, PROVINCIA DE SATIPO, DEPARTAMENTO DE JUNÍN",SANEAMIENTO,SANEAMIENTO,SANEAMIENTO RURAL,3842513,2854454,766758,766758.0,221300.95,0.0,0.0,Cartera_260824-123814.xlsx,120608,,120608,,,EXTRAIDO_DESDE_NOMBRE,ALTA,RESUELTO,120608,Coincidencia exacta y única por nombre
201.0,A,"VIVIENDA, CONSTRUCCION Y SANEAMIENTO","OPMI DEL MINISTERIO DE VIVIENDA, CONSTRUCCION Y SANEAMIENTO",2286909.0,,PROYECTO DE INVERSION,"AMPLIACION Y MEJORAMIENTO DEL SERVICIO DE AGUA POTABLE E INSTALACION DEL SANEAMIENTO EN LA LOCALIDAD DE PAYAC MUNONO, DISTRITO DE CUTERVO , PROVINCIA DE CUTERVO - CAJAMARCA",SANEAMIENTO,SANEAMIENTO,SANEAMIENTO RURAL,3621678,3461334,93337,93337.0,160344.11,0.0,0.0,Cartera_260824-123814.xlsx,060601,,060601,,,EXTRAIDO_DESDE_NOMBRE,ALTA,RESUELTO,060601,Coincidencia exacta y única por nombre
202.0,A,"VIVIENDA, CONSTRUCCION Y SANEAMIENTO","OPMI DEL MINISTERIO DE VIVIENDA, CONSTRUCCION Y SANEAMIENTO",2301611.0,,PROYECTO DE INVERSION,"INSTALACIÓN DEL SERVICIO DE AGUA POTABLE Y SANEAMIENTO EN EL CASERÍO DE MINAS DE TRIGAL, DISTRITO DE HUARMACA, HUANCABAMBA - PIURA",SANEAMIENTO,SANEAMIENTO,SANEAMIENTO RURAL,5803996,5054549,0,10000.0,50000.0,0.0,0.0,Cartera_260824-123814.xlsx,200304,,200304,,,EXTRAIDO_DESDE_NOMBRE,ALTA,RESUELTO,200304,Coincidencia exacta y única por nombre
203.0,A,"VIVIENDA, CONSTRUCCION Y SANEAMIENTO","OPMI DEL MINISTERIO DE VIVIENDA, CONSTRUCCION Y SANEAMIENTO",2392883.0,,PROGRAMA DE INVERSION,PROGRAMA INTEGRAL DE AGUA Y SANEAMIENTO RURAL - PIASAR,SANEAMIENTO,SANEAMIENTO,SANEAMIENTO RURAL,49625799,46701038,2485834,2195834.0,438926.71,0.0,0.0,Cartera_260824-123814.xlsx,,150122,,SI,NO,VALIDADO_PMI_POR_CUI,BAJA,REVISAR_CONFLICTO,,"No se detectó patrón ""DISTRITO DE"" en el nombre | Distrito PMI (MIRAFLORES) no encontrado en nombre de inversión"
204.0,A,"VIVIENDA, CONSTRUCCION Y SANEAMIENTO","OPMI DEL MINISTERIO DE VIVIENDA, CONSTRUCCION Y SANEAMIENTO",2187533.0,,PROYECTO DE INVERSION,"MEJORAMIENTO Y AMPLIACION DE LOS SERVICIOS DE AGUA POTABLE Y DISPOSICION SANITARIA DE EXCRETAS DE LA COMUNIDAD CAMPESINA DE KAKACHI, DISTRITO DE HUANCANE, HUANCANE, PUNO",SANEAMIENTO,SANEAMIENTO,SANEAMIENTO RURAL,2826276,2718434,0,0.0,30000.0,27841.9,0.0,Cartera_260824-123814.xlsx,210601,,210601,,,EXTRAIDO_DESDE_NOMBRE,ALTA,RESUELTO,210601,Coincidencia exacta y única por nombre
206.0,A,"VIVIENDA, CONSTRUCCION Y SANEAMIENTO","OPMI DEL MINISTERIO DE VIVIENDA, CONSTRUCCION Y SANEAMIENTO",2331087.0,,PROYECTO DE INVERSION,"CREACION DE LOS SISTEMAS DE AGUA POTABLE DEPENDIENTES DEL RESERVORIO N-31 Y ALCANTARILLADO SANITARIO DEL DISTRITO  DE CERRO COLORADO, PROVINCIA, DEPARTAMENTO Y REGIÓN DE AREQUIPA.",SANEAMIENTO,SANEAMIENTO,SANEAMIENTO URBANO,134010659,123274331,6046056,1347345.0,434754.0,4716000.88,0.0,Cartera_260824-123814.xlsx,040104,,040104,,,EXTRAIDO_DESDE_NOMBRE,ALTA,RESUELTO,040104,Coincidencia exacta y única por nombre
208.0,A,"VIVIENDA, CONSTRUCCION Y SANEAMIENTO","OPMI DEL MINISTERIO DE VIVIENDA, CONSTRUCCION Y SANEAMIENTO",2331093.0,,PROYECTO DE INVERSION,"CREACION DE LOS SISTEMAS DE AGUA POTABLE DEPENDIENTES DEL RESERVORIO N-39 Y ALCANTARILLADO SANITARIO DEL DISTRITO  DE CERRO COLORADO, PROVINCIA, DEPARTAMENTO Y REGIÓN DE AREQUIPA.",SANEAMIENTO,SANEAMIENTO,SANEAMIENTO URBANO,126013540,120155419,2236382,2242382.0,1379257.0,518719.0,0.0,Cartera_260824-123814.xlsx,040104,,040104,,,EXTRAIDO_DESDE_NOMBRE,ALTA,RESUELTO,040104,Coincidencia exacta y única por nombre
208.0,A,"VIVIENDA, CONSTRUCCION Y SANEAMIENTO","OPMI DEL MINISTERIO DE VIVIENDA, CONSTRUCCION Y SANEAMIENTO",2286853.0,,PROYECTO DE INVERSION,"AMPLIACION, MEJORAMIENTO DEL SERVICIO DE AGUA POTABLE Y ALCANTARILLADO DE LAS LOCALIDADES DE SAHUAY, ULLUY Y RONDOBAMBA, DISTRITO DE APARICIO POMARES - YAROWILCA - HUANUCO",SANEAMIENTO,SANEAMIENTO,SANEAMIENTO RURAL,9974426,9253340,690102,690102.0,0.0,0.0,0.0,Cartera_260824-123814.xlsx,101104,,101104,,,EXTRAIDO_DESDE_NOMBRE,ALTA,RESUELTO,101104,Coincidencia exacta y única por nombre
209.0,A,"VIVIENDA, CONSTRUCCION Y SANEAMIENTO","OPMI DEL MINISTERIO DE VIVIENDA, CONSTRUCCION Y SANEAMIENTO",2200393.0,,PROYECTO DE INVERSION,"MEJORAMIENTO Y AMPLIACION DEL SERVICIO DE AGUA POTABLE E INSTALACION DEL SERVICIO DE SANEAMIENTO EN EL CENTRO POBLADO PERLA DEL IMAZA , DISTRITO DE YAMBRASBAMBA - BONGARA - AMAZONAS",SANEAMIENTO,SANEAMIENTO RURAL,SANEAMIENTO,2745971,157486,186926,186926.0,2401559.0,0.0,0.0,Cartera_260824-123814.xlsx,010312,,010312,,,EXTRAIDO_DESDE_NOMBRE,ALTA,RESUELTO,010312,Coincidencia exacta y única por nombre
210.0,A,"VIVIENDA, CONSTRUCCION Y SANEAMIENTO","OPMI DEL MINISTERIO DE VIVIENDA, CONSTRUCCION Y SANEAMIENTO",2344330.0,,PROYECTO DE INVERSION,AMPLIACION DEL SISTEMA DE AGUA POTABLE Y ALCANTARILLADO DEL PROYECTO ESPECIAL LOS ANGELES - DISTRITO DE SAN JUAN DE LURIGANCHO,SANEAMIENTO,SANEAMIENTO URBANO,SANEAMIENTO,38093807,33755843,3696232,3595204.0,616583.42,0.0,0.0,Cartera_260824-123814.xlsx,150132,,150132,,,EXTRAIDO_DESDE_NOMBRE,ALTA,RESUELTO,150132,Coincidencia exacta y única por nombre
211.0,A,"VIVIENDA, CONSTRUCCION Y SANEAMIENTO","OPMI DEL MINISTERIO DE VIVIENDA, CONSTRUCCION Y SANEAMIENTO",2235547.0,,PROYECTO DE INVERSION,"AMPLIACION Y MEJORAMIENTO DEL SERVICIO DE AGUA POTABLE Y SANEAMIENTO EN EL CENTRO POBLADO JAPAIME ESCUELA, DISTRITO DE NIEVA , PROVINCIA DE CONDORCANQUI - AMAZONAS",SANEAMIENTO,SANEAMIENTO,SANEAMIENTO RURAL,5230900,5023882,45947,45947.0,161071.0,0.0,0.0,Cartera_260824-123814.xlsx,010401,,010401,,,EXTRAIDO_DESDE_NOMBRE,ALTA,RESUELTO,010401,Coincidencia exacta y única por nombre
213.0,A,"VIVIENDA, CONSTRUCCION Y SANEAMIENTO","OPMI DEL MINISTERIO DE VIVIENDA, CONSTRUCCION Y SANEAMIENTO",2305004.0,,PROYECTO DE INVERSION,"MEJORAMIENTO DE LAS REDES DE ALCANTARILLADO Y AGUA POTABLE DE LA URB FERNANDO LEON DE VIVERO DEL, DISTRITO DE PUEBLO NUEVO - CHINCHA - ICA",SANEAMIENTO,SANEAMIENTO,SANEAMIENTO URBANO,12038131,11960775,77356,0.0,466387.52,0.0,0.0,Cartera_260824-123814.xlsx,,110207,110207,SI,SI,VALIDADO_PMI_POR_CUI,ALTA,RESUELTO,"110207, 100609, 140206, 110107, 130403",Distrito PUEBLO NUEVO es ambiguo y no se extrajo provincia | Validado por PMI: PUEBLO NUEVO
214.0,A,"VIVIENDA, CONSTRUCCION Y SANEAMIENTO","OPMI DEL MINISTERIO DE VIVIENDA, CONSTRUCCION Y SANEAMIENTO",2323675.0,,PROYECTO DE INVERSION,"AMPLIACION Y MEJORAMIENTO DEL SISTEMA DE AGUA POTABLE Y ALCANTARILLADO DEL AA.HH LOS CIBELES DEL DISTRITO DE ZARUMILLA, PROVINCIA DE ZARUMILLA - TUMBES",SANEAMIENTO,SANEAMIENTO,SANEAMIENTO URBANO,3480004,3320656,159348,159348.0,0.0,0.0,0.0,Cartera_260824-123814.xlsx,240301,,240301,,,EXTRAIDO_DESDE_NOMBRE,ALTA,RESUELTO,240301,Coincidencia exacta y única por nombre
215.0,A,"VIVIENDA, CONSTRUCCION Y SANEAMIENTO","OPMI DEL MINISTERIO DE VIVIENDA, CONSTRUCCION Y SANEAMIENTO",2260079.0,,PROYECTO DE INVERSION,"MEJORAMIENTO Y AMPLIACIÓN DEL SERVICIO DE AGUA POTABLE E INSTALACIÓN DEL SERVICIO DE DISPOSICIÓN SANITARIA DE EXCRETAS EN EL CENTRO POBLADO RIO SANTA, DISTRITO DE RIO NEGRO ¿ SATIPO ¿ JUNÍN",SANEAMIENTO,SANEAMIENTO RURAL,SANEAMIENTO,2712214,114255,183168,172165.0,2410991.0,0.0,0.0,Cartera_260824-123814.xlsx,,120607,120607,SI,SI,VALIDADO_PMI_POR_CUI,ALTA,RESUELTO,,"No se detectó patrón ""DISTRITO DE"" en el nombre | Validado por PMI: RIO NEGRO"
216.0,A,"VIVIENDA, CONSTRUCCION Y SANEAMIENTO","OPMI DEL MINISTERIO DE VIVIENDA, CONSTRUCCION Y SANEAMIENTO",2489889.0,,PROYECTO DE INVERSION,"MEJORAMIENTO DEL SISTEMA DE DRENAJE PLUVIAL URBANO DE LOS JR. GARCILASO DE LA VEGA C2 ¿ C7; JR. LIMA C6-C8; JR. 28 DE JULIO C1, C7-C9; JR. PROGRESO C1, C8-C10; JR. MALECÓN C1, C7-C9; JR. IQUITOS C1, C2; JR. ANTONIO BARDALES C1-C3; JR. SAPOSOA C6, JR. LA UNIÓN C5, C6; JR. MIGUEL GRAU C5; JR. 2 DE MAYO C1-C5; JR. AYACUCHO C1-C5; JR. ROBERTO LÓPEZ C1-C3; JR. ALCIDES RUIZ CDRA. C1-C3; EN LA LOCALIDAD DE PISCOYACU DEL DISTRITO DE PISCOYACU - PROVINCIA DE HUALLAGA - DEPARTAMENTO DE SAN MARTIN",SANEAMIENTO,SANEAMIENTO,SANEAMIENTO URBANO,10658809,10355900,0,0.0,0.0,0.0,0.0,Cartera_260824-123814.xlsx,220404,,220404,,,EXTRAIDO_DESDE_NOMBRE,ALTA,RESUELTO,220404,Coincidencia exacta y única por nombre
217.0,A,"VIVIENDA, CONSTRUCCION Y SANEAMIENTO","OPMI DEL MINISTERIO DE VIVIENDA, CONSTRUCCION Y SANEAMIENTO",2302266.0,,PROYECTO DE INVERSION,"AMPLIACION DE LOS SISTEMAS DE AGUA POTABLE Y ALCANTARILLADO DE LA QUEBRADA DE MANCHAY 3ERA. ETAPA, DISTRITO DE PACHACAMAC, PROVINCIA DE LIMA, REGIÓN LIMA",SANEAMIENTO,SANEAMIENTO,SANEAMIENTO URBANO,82946939,77250302,729578,120000.0,244209.95,4351075.24,0.0,Cartera_260824-123814.xlsx,150123,,150123,,,EXTRAIDO_DESDE_NOMBRE,ALTA,RESUELTO,150123,Coincidencia exacta y única por nombre
220.0,A,"VIVIENDA, CONSTRUCCION Y SANEAMIENTO","OPMI DEL MINISTERIO DE VIVIENDA, CONSTRUCCION Y SANEAMIENTO",2400301.0,,PROYECTO DE INVERSION,ESQUEMA CARAPONGO - AMPLIACIÓN  DE LOS SISTEMAS DE AGUA POTABLE Y ALCANTARILLADO DE LOS SECTORES 136 Y 137 DISTRITO DE LURIGANCHO,SANEAMIENTO,SANEAMIENTO,SANEAMIENTO URBANO,148508183,142730530,120000,120000.0,5657652.92,0.0,0.0,Cartera_260824-123814.xlsx,150118,,150118,,,EXTRAIDO_DESDE_NOMBRE,ALTA,RESUELTO,150118,Coincidencia exacta y única por nombre
222.0,A,"VIVIENDA, CONSTRUCCION Y SANEAMIENTO","OPMI DEL MINISTERIO DE VIVIENDA, CONSTRUCCION Y SANEAMIENTO",2214737.0,,PROYECTO DE INVERSION,"MEJORAMIENTO DEL SISTEMA DE ABASTECIMIENTO DE AGUA POTABLE E INSTALACION DEL SISTEMA DE ALCANTARILLADO EN EL P.V.P.D. LOS DELFINES, DISTRITO DE SAN JUAN BAUTISTA - MAYNAS - LORETO",SANEAMIENTO,SANEAMIENTO,SANEAMIENTO URBANO,7995921,7604746,34000,381974.0,43400.0,304374.94,0.0,Cartera_260824-123814.xlsx,,160113,160113,SI,SI,VALIDADO_PMI_POR_CUI,ALTA,RESUELTO,"050110, 160113, 110110",Distrito SAN JUAN BAUTISTA es ambiguo y no se extrajo provincia | Validado por PMI: SAN JUAN BAUTISTA
223.0,A,"VIVIENDA, CONSTRUCCION Y SANEAMIENTO","OPMI DEL MINISTERIO DE VIVIENDA, CONSTRUCCION Y SANEAMIENTO",2337928.0,,PROYECTO DE INVERSION,"MEJORAMIENTO Y AMPLIACION DEL SERVICIO DE AGUA POTABLE Y ALCANTARILLADO SANITARIO EN EL C.P. MARIA DEL SOCORRO, DISTRITO DE HUANCHACO - TRUJILLO - LA LIBERTAD",SANEAMIENTO,SANEAMIENTO URBANO,SANEAMIENTO,9112498,8890401,0,0.0,444195.86,0.0,0.0,Cartera_260824-123814.xlsx,130104,,130104,,,EXTRAIDO_DESDE_NOMBRE,ALTA,RESUELTO,130104,Coincidencia exacta y única por nombre
224.0,A,"VIVIENDA, CONSTRUCCION Y SANEAMIENTO","OPMI DEL MINISTERIO DE VIVIENDA, CONSTRUCCION Y SANEAMIENTO",2017723.0,,PROYECTO DE INVERSION,MEJORAMIENTO Y AMPLIACION DEL SISTEMA DE AGUA POTABLE Y CONSTRUCCION DEL SISTEMA DE ALCANTARILLADO DEL DISTRITO DE ACOLLA,SANEAMIENTO,SANEAMIENTO,SANEAMIENTO URBANO,31720488,31474963,0,244173.0,245524.92,0.0,0.0,Cartera_260824-123814.xlsx,120402,,120402,,,EXTRAIDO_DESDE_NOMBRE,ALTA,RESUELTO,120402,Coincidencia exacta y única por nombre
225.0,A,"VIVIENDA, CONSTRUCCION Y SANEAMIENTO","OPMI DEL MINISTERIO DE VIVIENDA, CONSTRUCCION Y SANEAMIENTO",2302072.0,,PROYECTO DE INVERSION,"REHABILITACION DE REDES DE AGUA Y ALCANTARILLADO EN EL SECTOR A DEL A.H. SANTA JULIA EN EL DISTRITO DE 26 DE OCTUBRE, PROVINCIA DE PIURA - PIURA",SANEAMIENTO,SANEAMIENTO,SANEAMIENTO URBANO,5118574,5018574,0,0.0,100000.0,0.0,0.0,Cartera_260824-123814.xlsx,,200115,,SI,NO,VALIDADO_PMI_POR_CUI,BAJA,REVISAR_CONFLICTO,,Distrito 26 DE OCTUBRE no encontrado en GPKG | Distrito PMI (VEINTISEIS DE OCTUBRE) no encontrado en nombre de inversión
226.0,A,"VIVIENDA, CONSTRUCCION Y SANEAMIENTO","OPMI DEL MINISTERIO DE VIVIENDA, CONSTRUCCION Y SANEAMIENTO",2095790.0,,PROYECTO DE INVERSION,"AMPLIACION SISTEMA INTEGRAL DE ALCANTARILLADO EN EL CENTRO POBLADO PAMPA LIBRE, DISTRITO DE CHANCAY - HUARAL - LIMA",SANEAMIENTO,SANEAMIENTO,SANEAMIENTO URBANO,10126357,9694066,0,0.0,432290.56,0.0,0.0,Cartera_260824-123814.xlsx,,150605,150605,SI,SI,VALIDADO_PMI_POR_CUI,ALTA,RESUELTO,"150605, 061002",Distrito CHANCAY es ambiguo y no se extrajo provincia | Validado por PMI: CHANCAY
227.0,A,"VIVIENDA, CONSTRUCCION Y SANEAMIENTO","OPMI DEL MINISTERIO DE VIVIENDA, CONSTRUCCION Y SANEAMIENTO",2279322.0,,PROYECTO DE INVERSION,"CREACION DEL SERVICIO DE AGUA POTABLE Y ALCANTARILLADO EN LA URBANIZACIÓN ROSARIO COÑIRI DEL CENTRO POBLADO JAYLLIHUAYA DEL DISTRITO DE PUNO, PROVINCIA DE PUNO - PUNO",SANEAMIENTO,SANEAMIENTO,SANEAMIENTO URBANO,5085007,5083394,0,0.0,3224.22,0.0,0.0,Cartera_260824-123814.xlsx,210101,,210101,,,EXTRAIDO_DESDE_NOMBRE,ALTA,RESUELTO,210101,Coincidencia exacta y única por nombre
228.0,A,"VIVIENDA, CONSTRUCCION Y SANEAMIENTO","OPMI DEL MINISTERIO DE VIVIENDA, CONSTRUCCION Y SANEAMIENTO",2241776.0,,PROYECTO DE INVERSION,"MEJORAMIENTO DE REDES DE AGUA POTABLE Y ALCANTARILLADO  DEL AA.HH. LAS PALMERAS DEL DISTRITO DE PIURA, PROVINCIA DE PIURA - PIURA",SANEAMIENTO,SANEAMIENTO,SANEAMIENTO URBANO,4898415,4549877,300410,68831.0,559414.05,0.0,0.0,Cartera_260824-123814.xlsx,200101,,200101,,,EXTRAIDO_DESDE_NOMBRE,ALTA,RESUELTO,200101,Coincidencia exacta y única por nombre
229.0,A,"VIVIENDA, CONSTRUCCION Y SANEAMIENTO","OPMI DEL MINISTERIO DE VIVIENDA, CONSTRUCCION Y SANEAMIENTO",2262794.0,,PROYECTO DE INVERSION,"MEJORAMIENTO Y AMPLIACION DEL SERVICIO DE AGUA POTABLE E INSTALACION DEL SANEAMIENTO EN LA LOCALIDAD DE NEGROPAMPA BAJO, DISTRITO DE CHOTA , PROVINCIA DE CHOTA - CAJAMARCA",SANEAMIENTO,SANEAMIENTO,SANEAMIENTO RURAL,5887797,5122495,0,10000.0,50000.0,0.0,0.0,Cartera_260824-123814.xlsx,060401,,060401,,,EXTRAIDO_DESDE_NOMBRE,ALTA,RESUELTO,060401,Coincidencia exacta y única por nombre
232.0,E,"VIVIENDA, CONSTRUCCION Y SANEAMIENTO","OPMI DEL MINISTERIO DE VIVIENDA, CONSTRUCCION Y SANEAMIENTO",2343069.0,,PROYECTO DE INVERSION,MEJORAMIENTO Y AMPLIACION DEL SERVICIO DE AGUA POTABLE Y ALCANTARILLADO SANITARIO EN LA CIUDAD DE ILAVE - DISTRITO DE ILAVE - PROVINCIA DE EL COLLAO - DEPARTAMENTO DE PUNO,SANEAMIENTO,SANEAMIENTO,SANEAMIENTO URBANO,130172926,198881,0,0.0,5000000.0,7000000.0,10000000.0,Cartera_260824-123814.xlsx,210501,,210501,,,EXTRAIDO_DESDE_NOMBRE,ALTA,RESUELTO,210501,Coincidencia exacta y única por nombre
233.0,Z,"VIVIENDA, CONSTRUCCION Y SANEAMIENTO","OPMI DEL MINISTERIO DE VIVIENDA, CONSTRUCCION Y SANEAMIENTO",2397194.0,,PROYECTO DE INVERSION,"MEJORAMIENTO Y AMPLIACIÓN DE LOS SERVICIOS DE AGUA POTABLE Y ALCANTARILLADO DEL DISTRITO DE CHEPEN, PROVINCIA DE CHEPEN, DEPARTAMENTO LA LIBERTAD. ",SANEAMIENTO,SANEAMIENTO,SANEAMIENTO URBANO,86931104,2281899,592857,0.0,300000.0,200000.0,200000.0,Cartera_260824-123814.xlsx,130401,,130401,,,EXTRAIDO_DESDE_NOMBRE,ALTA,RESUELTO,130401,Coincidencia exacta y única por nombre
234.0,Z,"VIVIENDA, CONSTRUCCION Y SANEAMIENTO","OPMI DEL MINISTERIO DE VIVIENDA, CONSTRUCCION Y SANEAMIENTO",2289968.0,,PROYECTO DE INVERSION,"AMPLIACIÓN Y MEJORAMIENTO DEL SERVICIO DE AGUA POTABLE Y SANEAMIENTO BASICO EN LA LOCALIDAD DE SAN MIGUEL, DISTRITO DE HUARANGO, PROVINCIA DE SAN IGNACIO, DEPARTAMENTO DE CAJAMARCA",SANEAMIENTO,SANEAMIENTO,SANEAMIENTO RURAL,3929760,3092443,837317,202761.0,0.0,0.0,0.0,Cartera_260824-123814.xlsx,060903,,060903,,,EXTRAIDO_DESDE_NOMBRE,ALTA,RESUELTO,060903,Coincidencia exacta y única por nombre
235.0,Z,"VIVIENDA, CONSTRUCCION Y SANEAMIENTO","OPMI DEL MINISTERIO DE VIVIENDA, CONSTRUCCION Y SANEAMIENTO",2202913.0,,PROYECTO DE INVERSION,"AMPLIACION Y MEJORAMIENTO DEL SERVICIO DE AGUA POTABLE E INSTALACION DEL SISTEMA DE SANEAMIENTO BASICO EN LA LOCALIDAD DE ICHUNIARI , DISTRITO DE MAZAMARI - SATIPO - JUNIN",SANEAMIENTO,SANEAMIENTO,SANEAMIENTO RURAL,1871963,266360,1183011,299089.0,1497817.56,0.0,0.0,Cartera_260824-123814.xlsx,120604,,120604,,,EXTRAIDO_DESDE_NOMBRE,ALTA,RESUELTO,120604,Coincidencia exacta y única por nombre
236.0,B3,"VIVIENDA, CONSTRUCCION Y SANEAMIENTO","OPMI DEL MINISTERIO DE VIVIENDA, CONSTRUCCION Y SANEAMIENTO",2078794.0,,PROYECTO DE INVERSION,"AMPLIACION Y MEJORAMIENTO DEL SISTEMA DE AGUA POTABLE Y ALCANTARILLADO EN  VILLANUEVA-PUCACACA-CHINCHA ALTA-SHIMBILLO-NVO CODO-PICOTA-SANTA ROSILLO-SAN ANTONIO-NVA UNION-WINGE CASPISAPA-PTO RICO Y SAN HILARION, PROVINCIA DE PICOTA - SAN MARTIN",SANEAMIENTO,SANEAMIENTO,SANEAMIENTO URBANO,58830336,41661604,1000000,0.0,0.0,0.0,0.0,Cartera_260824-123814.xlsx,,,,NO,NO,FALLIDO,BAJA,REVISAR_CONFLICTO,,"No se detectó patrón ""DISTRITO DE"" en el nombre | Datos PMI no cruzaron con GPKG (- TODOS - - PICOTA)"
237.0,A,"VIVIENDA, CONSTRUCCION Y SANEAMIENTO","OPMI DEL MINISTERIO DE VIVIENDA, CONSTRUCCION Y SANEAMIENTO",2513304.0,,INVERSIONES IOARR,"CONSTRUCCION DE CAPTACION DE AGUA , LÍNEA DE CONDUCCIÓN, PTAP Y RESERVORIO; ADEMÁS DE OTROS ACTIVOS EN EL(LA) SERVICIO DE AGUA POTABLE Y ALCANTARILLADO  DISTRITO DE SAN IGNACIO, PROVINCIA SAN IGNACIO, DEPARTAMENTO CAJAMARCA",SANEAMIENTO,SANEAMIENTO,SANEAMIENTO URBANO,32039588,15280151,9513277,9557173.0,6106866.93,0.0,0.0,Cartera_260824-123814.xlsx,060901,,060901,,,EXTRAIDO_DESDE_NOMBRE,ALTA,RESUELTO,060901,Coincidencia exacta y única por nombre
238.0,B2,"VIVIENDA, CONSTRUCCION Y SANEAMIENTO","OPMI DEL MINISTERIO DE VIVIENDA, CONSTRUCCION Y SANEAMIENTO",2308606.0,,PROYECTO DE INVERSION,"MEJORAMIENTO Y AMPLIACION INSTALACION, DEL SERVICIO DE AGUA POTABLE Y SANEAMIENTO EN LOS CENTROS POBLADOS DE BETANIA, LA ESPERANZA, VICTORIA NUEVA Y SAN JUAN DE RIO SORITOR, 4 LOCALIDADES DEL DISTRITO DE NUEVA CAJAMARCA - PROVINCIA DE RIOJA - DEPARTAMENTO DE SAN MARTIN",SANEAMIENTO,SANEAMIENTO,SANEAMIENTO RURAL,43524118,35859774,390098,3186999.0,5250149.71,0.0,0.0,Cartera_260824-123814.xlsx,220804,,220804,,,EXTRAIDO_DESDE_NOMBRE,ALTA,RESUELTO,220804,Coincidencia exacta y única por nombre
240.0,B1,"VIVIENDA, CONSTRUCCION Y SANEAMIENTO","OPMI DEL MINISTERIO DE VIVIENDA, CONSTRUCCION Y SANEAMIENTO",2449613.0,32395.0,PROYECTO DE INVERSION,MEJORAMIENTO Y AMPLIACION DEL SISTEMA DE AGUA POTABLE E INSTALACION DEL SISTEMA DE DESAGÜE EN SARAYACU DEL DISTRITO DE INAMBARI - PROVINCIA DE TAMBOPATA - DEPARTAMENTO DE MADRE DE DIOS,SANEAMIENTO,SANEAMIENTO,SANEAMIENTO RURAL,5358090,3229795,0,431527.0,1674451.93,0.0,0.0,Cartera_260824-123814.xlsx,170102,,170102,,,EXTRAIDO_DESDE_NOMBRE,ALTA,RESUELTO,170102,Coincidencia exacta y única por nombre
242.0,A,"VIVIENDA, CONSTRUCCION Y SANEAMIENTO","OPMI DEL MINISTERIO DE VIVIENDA, CONSTRUCCION Y SANEAMIENTO",2030757.0,,PROYECTO DE INVERSION,"MEJORAMIENTO, AMPLIACION DEL SISTEMA DE AGUA POTABLE Y ALCANTARILLADO EN LA LOCALIDAD DE NARANJOS, DISTRITO DE PARDO MIGUEL - RIOJA - SAN MARTIN",SANEAMIENTO,SANEAMIENTO,SANEAMIENTO URBANO,106632765,88361068,21014411,11232431.0,8559904.66,0.0,0.0,Cartera_260824-123814.xlsx,220805,,220805,,,EXTRAIDO_DESDE_NOMBRE,ALTA,RESUELTO,220805,Coincidencia exacta y única por nombre
243.0,A,"VIVIENDA, CONSTRUCCION Y SANEAMIENTO","OPMI DEL MINISTERIO DE VIVIENDA, CONSTRUCCION Y SANEAMIENTO",2382904.0,,PROYECTO DE INVERSION,CREACION DEL SERVICIO DE AGUA POTABLE Y SANEAMIENTO RURAL EN EL CENTRO POBLADO TOTORAL ALTO DEL DISTRITO DE TAMBO GRANDE - PROVINCIA DE PIURA - DEPARTAMENTO DE PIURA,SANEAMIENTO,SANEAMIENTO,SANEAMIENTO RURAL,8741572,7871503,870067,450107.0,0.0,0.0,0.0,Cartera_260824-123814.xlsx,200114,,200114,,,EXTRAIDO_DESDE_NOMBRE,ALTA,RESUELTO,200114,Coincidencia exacta y única por nombre
243.0,A,"VIVIENDA, CONSTRUCCION Y SANEAMIENTO","OPMI DEL MINISTERIO DE VIVIENDA, CONSTRUCCION Y SANEAMIENTO",2304889.0,,PROYECTO DE INVERSION,"MEJORAMIENTO, AMPLIACION DE LOS SERVICIOS DE AGUA POTABLE Y ALCANTARILLADO DE LA MICROCUENCA PIURAY CORIMARCA, DISTRITO DE CHINCHERO - URUBAMBA - CUSCO",SANEAMIENTO,SANEAMIENTO,SANEAMIENTO URBANO,48242650,43409240,2353999,3488096.0,1345313.75,0.0,0.0,Cartera_260824-123814.xlsx,081302,,081302,,,EXTRAIDO_DESDE_NOMBRE,ALTA,RESUELTO,081302,Coincidencia exacta y única por nombre
244.0,B1,"VIVIENDA, CONSTRUCCION Y SANEAMIENTO","OPMI DEL MINISTERIO DE VIVIENDA, CONSTRUCCION Y SANEAMIENTO",2225966.0,,PROYECTO DE INVERSION,"MEJORAMIENTO Y AMPLIACION DEL SISTEMA DE ABASTECIMIENTO DE AGUA POTABLE Y SANEAMIENTO EN EL CENTRO POBLADO DE LA VICTORIA, DISTRITO DE PAUCARTAMBO - PASCO - PASCO",SANEAMIENTO,SANEAMIENTO,SANEAMIENTO RURAL,4460722,575647,36596,20000.0,3692325.35,0.0,0.0,Cartera_260824-123814.xlsx,,190107,190107,SI,SI,VALIDADO_PMI_POR_CUI,ALTA,RESUELTO,"081101, 190107",Distrito PAUCARTAMBO es ambiguo y no se extrajo provincia | Validado por PMI: PAUCARTAMBO
245.0,A,"VIVIENDA, CONSTRUCCION Y SANEAMIENTO","OPMI DEL MINISTERIO DE VIVIENDA, CONSTRUCCION Y SANEAMIENTO",2226480.0,,PROYECTO DE INVERSION,"MEJORAMIENTO, AMPLIACION Y REHABILITACION DEL SERVICIO DE AGUA POTABLE, ALCANTARILLADO Y TRATAMIENTO DE AGUAS SERVIDAS DE LA CIUDAD DE CHACHAPOYAS, PROVINCIA DE CHACHAPOYAS - AMAZONAS",SANEAMIENTO,SANEAMIENTO,SANEAMIENTO URBANO,79433818,68927478,2149409,3500000.0,8986973.57,0.0,0.0,Cartera_260824-123814.xlsx,,010101,010101,SI,SI,VALIDADO_PMI_POR_CUI,ALTA,RESUELTO,,"No se detectó patrón ""DISTRITO DE"" en el nombre | Validado por PMI: CHACHAPOYAS"
246.0,B1,"VIVIENDA, CONSTRUCCION Y SANEAMIENTO","OPMI DEL MINISTERIO DE VIVIENDA, CONSTRUCCION Y SANEAMIENTO",2309429.0,,PROYECTO DE INVERSION,"AMPLIACION, MEJORAMIENTO DE LOS SISTEMAS DE AGUA POTABLE Y ALCANTARILLADO DE LOS OCHO BARRIOS URBANO MARGINALES DE LA LOCALIDAD CURAHUASI, DISTRITO DE CURAHUASI - ABANCAY - APURIMAC",SANEAMIENTO,SANEAMIENTO,SANEAMIENTO URBANO,28637363,25563931,0,0.0,3073431.27,0.0,0.0,Cartera_260824-123814.xlsx,030104,,030104,,,EXTRAIDO_DESDE_NOMBRE,ALTA,RESUELTO,030104,Coincidencia exacta y única por nombre
247.0,A,"VIVIENDA, CONSTRUCCION Y SANEAMIENTO","OPMI DEL MINISTERIO DE VIVIENDA, CONSTRUCCION Y SANEAMIENTO",2458493.0,,PROYECTO DE INVERSION,MEJORAMIENTO Y AMPLIACION DEL SISTEMA DE AGUA POTABLE Y CREACIÓN DE LA DISPOSICIÓN FINAL DE EXCRETAS  EN LA LOCALIDAD DE SANTA ROSA HUARMITA DEL DISTRITO DE SAN JOSE DE QUERO - PROVINCIA DE CONCEPCION - DEPARTAMENTO DE JUNIN,SANEAMIENTO,SANEAMIENTO,SANEAMIENTO RURAL,6284590,2112396,1000000,1000000.0,3172193.95,0.0,0.0,Cartera_260824-123814.xlsx,120214,,120214,,,EXTRAIDO_DESDE_NOMBRE,ALTA,RESUELTO,120214,Coincidencia exacta y única por nombre
247.0,A,"VIVIENDA, CONSTRUCCION Y SANEAMIENTO","OPMI DEL MINISTERIO DE VIVIENDA, CONSTRUCCION Y SANEAMIENTO",2338522.0,,PROYECTO DE INVERSION,"CREACION DEL SISTEMA DE ALCANTARILLADO DEL CENTRO POBLADO ANGASH, DISTRITO DE SAN JOSE DEL ALTO - JAEN - CAJAMARCA",SANEAMIENTO,SANEAMIENTO RURAL,SANEAMIENTO,3194682,2797463,397219,361192.0,0.0,0.0,0.0,Cartera_260824-123814.xlsx,060811,,060811,,,EXTRAIDO_DESDE_NOMBRE,ALTA,RESUELTO,060811,Coincidencia exacta y única por nombre
249.0,B1,"VIVIENDA, CONSTRUCCION Y SANEAMIENTO","OPMI DEL MINISTERIO DE VIVIENDA, CONSTRUCCION Y SANEAMIENTO",2274607.0,,PROYECTO DE INVERSION,"MEJORAMIENTO Y AMPLIACION DEL SERVICIO DE AGUA POTABLE Y SANEAMIENTO DEL DISTRITO DE BERNAL, PROVINCIA DE SECHURA - PIURA",SANEAMIENTO,SANEAMIENTO,SANEAMIENTO URBANO,130249383,37086814,140000,0.0,5462602.64,0.0,0.0,Cartera_260824-123814.xlsx,200803,,200803,,,EXTRAIDO_DESDE_NOMBRE,ALTA,RESUELTO,200803,Coincidencia exacta y única por nombre
250.0,B1,"VIVIENDA, CONSTRUCCION Y SANEAMIENTO","OPMI DEL MINISTERIO DE VIVIENDA, CONSTRUCCION Y SANEAMIENTO",2503730.0,,PROYECTO DE INVERSION,"MEJORAMIENTO Y AMPLIACION DEL SERVICIO DE AGUA POTABLE Y SANEAMIENTO BASICO EN LAS LOCALIDADES DE CCOLLCCA, SOYTOCCO, TANTANA Y TALLANA DEL DISTRITO DE ACOCRO - PROVINCIA DE HUAMANGA - DEPARTAMENTO DE AYACUCHO",SANEAMIENTO,SANEAMIENTO,SANEAMIENTO RURAL,10655971,3254769,1110180,1110180.0,6291021.66,0.0,0.0,Cartera_260824-123814.xlsx,050102,,050102,,,EXTRAIDO_DESDE_NOMBRE,ALTA,RESUELTO,050102,Coincidencia exacta y única por nombre
252.0,A,"VIVIENDA, CONSTRUCCION Y SANEAMIENTO","OPMI DEL MINISTERIO DE VIVIENDA, CONSTRUCCION Y SANEAMIENTO",2236164.0,,PROYECTO DE INVERSION,"AMPLIACION Y MEJORAMIENTO DEL SISTEMA DE AGUA POTABLE Y ALCANTARILLADO  DE CORIRE, DISTRITO DE URACA - CASTILLA - AREQUIPA",SANEAMIENTO,SANEAMIENTO,SANEAMIENTO URBANO,19419250,19412067,7184,7184.0,0.0,0.0,0.0,Cartera_260824-123814.xlsx,040413,,040413,,,EXTRAIDO_DESDE_NOMBRE,ALTA,RESUELTO,040413,Coincidencia exacta y única por nombre
252.0,B1,"VIVIENDA, CONSTRUCCION Y SANEAMIENTO","OPMI DEL MINISTERIO DE VIVIENDA, CONSTRUCCION Y SANEAMIENTO",2309153.0,,PROYECTO DE INVERSION,"INSTALACION DEL SISTEMA DE EVACUACIÓN DE AGUAS PLUVIALES DE LA ZONA URBANA DEL DISTRITO DE OXAPAMPA, PROVINCIA DE OXAPAMPA - PASCO",SANEAMIENTO,SANEAMIENTO,SANEAMIENTO URBANO,59362392,20953077,16775610,1294987.0,25490050.82,0.0,0.0,Cartera_260824-123814.xlsx,190301,,190301,,,EXTRAIDO_DESDE_NOMBRE,ALTA,RESUELTO,190301,Coincidencia exacta y única por nombre
253.0,B1,"VIVIENDA, CONSTRUCCION Y SANEAMIENTO","OPMI DEL MINISTERIO DE VIVIENDA, CONSTRUCCION Y SANEAMIENTO",2017371.0,,PROYECTO DE INVERSION,AMPLIACION Y MEJORAMIENTO DE LOS SISTEMAS DE AGUA POTABLE Y ALCANTARILLADO DE LA CIUDAD DE SAN RAMON,SANEAMIENTO,SANEAMIENTO,SANEAMIENTO URBANO,47732439,34279899,0,0.0,13452540.26,0.0,0.0,Cartera_260824-123814.xlsx,,120305,120305,SI,SI,VALIDADO_PMI_POR_CUI,ALTA,RESUELTO,,"No se detectó patrón ""DISTRITO DE"" en el nombre | Validado por PMI: SAN RAMON"
254.0,B1,"VIVIENDA, CONSTRUCCION Y SANEAMIENTO","OPMI DEL MINISTERIO DE VIVIENDA, CONSTRUCCION Y SANEAMIENTO",2071970.0,,PROYECTO DE INVERSION,"INSTALACION DEL SERVICIO DE AGUA POTABLE Y ALCANTARILLADO DE LA LOCALIDAD DE TAMBOGAN, DISTRITO DE CHURUBAMBA - HUANUCO - HUANUCO",SANEAMIENTO,SANEAMIENTO,SANEAMIENTO URBANO,31157183,19327586,5284436,5284436.0,6545161.0,0.0,0.0,Cartera_260824-123814.xlsx,100104,,100104,,,EXTRAIDO_DESDE_NOMBRE,ALTA,RESUELTO,100104,Coincidencia exacta y única por nombre
255.0,A,"VIVIENDA, CONSTRUCCION Y SANEAMIENTO","OPMI DEL MINISTERIO DE VIVIENDA, CONSTRUCCION Y SANEAMIENTO",2168995.0,,PROYECTO DE INVERSION,CONSTRUCCIÓN Y MEJORAMIENTO DEL SISTEMA DE AGUA POTABLE Y LETRINAS DE LAS LOCALIDADES DE CHALACALA ALTA Y CHALACALA BAJA - DISTRITO Y PROVINCIA DE SULLANA - DEPARTAMENTO DE PIURA,SANEAMIENTO,SANEAMIENTO,SANEAMIENTO RURAL,5168097,205841,277067,30000.0,4448235.57,0.0,0.0,Cartera_260824-123814.xlsx,,200601,200601,SI,SI,VALIDADO_PMI_POR_CUI,ALTA,RESUELTO,,"No se detectó patrón ""DISTRITO DE"" en el nombre | Validado por PMI: SULLANA"
256.0,B1,"VIVIENDA, CONSTRUCCION Y SANEAMIENTO","OPMI DEL MINISTERIO DE VIVIENDA, CONSTRUCCION Y SANEAMIENTO",2456767.0,,PROYECTO DE INVERSION,MEJORAMIENTO Y AMPLIACION DEL SERVICIO DE AGUA POTABLE Y SISTEMA DE ELIMINACION DE EXCRETAS EN LA LOCALIDAD DE HUASCABAMBA DEL  DISTRITO DE CAPACMARCA - PROVINCIA DE CHUMBIVILCAS - DEPARTAMENTO DE CUSCO,SANEAMIENTO,SANEAMIENTO,SANEAMIENTO RURAL,4961713,4447213,12678,10000.0,466904.02,0.0,0.0,Cartera_260824-123814.xlsx,080702,,080702,,,EXTRAIDO_DESDE_NOMBRE,ALTA,RESUELTO,080702,Coincidencia exacta y única por nombre
257.0,D,"VIVIENDA, CONSTRUCCION Y SANEAMIENTO","OPMI DEL MINISTERIO DE VIVIENDA, CONSTRUCCION Y SANEAMIENTO",2611050.0,,PROYECTO DE INVERSION,MEJORAMIENTO DEL SERVICIO DE AGUA POTABLE RURAL Y CREACION DEL SERVICIO DE ALCANTARILLADO U OTRAS FORMAS DE DISPOSICIÓN SANITARIA DE EXCRETAS EN LA LOCALIDAD DE ATACOCHA   DISTRITO DE SANTIAGO DE PISCHA DE LA PROVINCIA DE HUAMANGA DEL DEPARTAMENTO DE AYACUCHO,SANEAMIENTO,SANEAMIENTO,SANEAMIENTO RURAL,2192676,5000,1315606,1355206.0,1664940.0,0.0,0.0,Cartera_260824-123814.xlsx,,050111,050111,SI,SI,VALIDADO_PMI_POR_CUI,ALTA,RESUELTO,,Distrito SANTIAGO DE PISCHA DE no encontrado en GPKG | Validado por PMI: SANTIAGO DE PISCHA
258.0,B1,"VIVIENDA, CONSTRUCCION Y SANEAMIENTO","OPMI DEL MINISTERIO DE VIVIENDA, CONSTRUCCION Y SANEAMIENTO",2509277.0,,PROYECTO DE INVERSION,CREACION DEL SERVICIO DE AGUA POTABLE Y DISPOSICIÓN SANITARIA DE EXCRETAS EN LA COMUNIDAD NATIVA CHORINASHI DEL DISTRITO DE RAYMONDI - PROVINCIA DE ATALAYA - DEPARTAMENTO DE UCAYALI,SANEAMIENTO,SANEAMIENTO,SANEAMIENTO RURAL,3280138,1530123,1698072,1599486.0,37500.0,0.0,0.0,Cartera_260824-123814.xlsx,,,,NO,NO,FALLIDO,BAJA,REVISAR_CONFLICTO,,Distrito RAYMONDI no encontrado en GPKG | Datos PMI no cruzaron con GPKG (RAYMONDI - ATALAYA)
259.0,B1,"VIVIENDA, CONSTRUCCION Y SANEAMIENTO","OPMI DEL MINISTERIO DE VIVIENDA, CONSTRUCCION Y SANEAMIENTO",2483010.0,,PROYECTO DE INVERSION,MEJORAMIENTO Y AMPLIACION DEL SISTEMA DE AGUA POTABLE Y SANEAMIENTO BASICO EN 13 AA. VV DEL DISTRITO DE LA BANDA DE SHILCAYO - PROVINCIA DE SAN MARTIN - DEPARTAMENTO DE SAN MARTIN,SANEAMIENTO,SANEAMIENTO,SANEAMIENTO URBANO,58478989,25708507,28279816,28279816.0,171002.0,0.0,0.0,Cartera_260824-123814.xlsx,220909,,220909,,,EXTRAIDO_DESDE_NOMBRE,ALTA,RESUELTO,220909,Coincidencia exacta y única por nombre
260.0,A,"VIVIENDA, CONSTRUCCION Y SANEAMIENTO","OPMI DEL MINISTERIO DE VIVIENDA, CONSTRUCCION Y SANEAMIENTO",2446787.0,,PROYECTO DE INVERSION,MEJORAMIENTO Y AMPLIACION DEL SERVICIO DE AGUA POTABLE E INSTALACION DE UNIDADES BASICAS DE SANEAMIENTO EN LOS SECTORES DE CENTRO Y CORCCAYOC DE LA COMUNIDAD DE PALLPA DEL DISTRITO DE QUIÑOTA - PROVINCIA DE CHUMBIVILCAS - DEPARTAMENTO DE CUSCO,SANEAMIENTO,SANEAMIENTO,SANEAMIENTO RURAL,8399845,6384700,834032,300000.0,1001333.69,0.0,0.0,Cartera_260824-123814.xlsx,080707,,080707,,,EXTRAIDO_DESDE_NOMBRE,ALTA,RESUELTO,080707,Coincidencia exacta y única por nombre
261.0,B1,"VIVIENDA, CONSTRUCCION Y SANEAMIENTO","OPMI DEL MINISTERIO DE VIVIENDA, CONSTRUCCION Y SANEAMIENTO",2613071.0,,PROYECTO DE INVERSION,MEJORAMIENTO Y AMPLIACION DEL SERVICIO DE AGUA POTABLE RURAL Y CREACION DEL SERVICIO DE ALCANTARILLADO U OTRAS FORMAS DE DISPOSICIÓN SANITARIA DE EXCRETAS EN LA LOCALIDAD DE SANTIAGO DE COLCA   DISTRITO DE SANTIAGO DE PISCHA DE LA PROVINCIA DE HUAMANGA DEL DEPARTAMENTO DE AYACUCHO,SANEAMIENTO,SANEAMIENTO,SANEAMIENTO RURAL,2119018,44600,1271411,1271411.0,803006.5,0.0,0.0,Cartera_260824-123814.xlsx,,050111,050111,SI,SI,VALIDADO_PMI_POR_CUI,ALTA,RESUELTO,,Distrito SANTIAGO DE PISCHA DE no encontrado en GPKG | Validado por PMI: SANTIAGO DE PISCHA
262.0,B0,"VIVIENDA, CONSTRUCCION Y SANEAMIENTO","OPMI DEL MINISTERIO DE VIVIENDA, CONSTRUCCION Y SANEAMIENTO",2193289.0,,PROYECTO DE INVERSION,MEJORAMIENTO Y AMPLIACION DEL SERVICIO DE AGUA POTABLE Y SANEAMIENTO BASICO EN EL CASERIO ALTO BOLOGNESI DEL DISTRITO DE SAN IGNACIO - PROVINCIA DE SAN IGNACIO - DEPARTAMENTO DE CAJAMARCA,SANEAMIENTO,SANEAMIENTO RURAL,SANEAMIENTO,4702955,39486,2417129,2417129.0,3143864.0,0.0,0.0,Cartera_260824-123814.xlsx,060901,,060901,,,EXTRAIDO_DESDE_NOMBRE,ALTA,RESUELTO,060901,Coincidencia exacta y única por nombre
263.0,B1,"VIVIENDA, CONSTRUCCION Y SANEAMIENTO","OPMI DEL MINISTERIO DE VIVIENDA, CONSTRUCCION Y SANEAMIENTO",2160866.0,,PROYECTO DE INVERSION,"CONSTRUCCION DEL SISTEMA DE AGUA POTABLE Y SANEAMIENTO BASICO DEL CENTRO POBLADO DE ORURO Y COMUNIDAD CAMPESINA DE ORURO SECTOR MURUMURUNI, DISTRITO CRUCERO, PROVINCIA CARABAYA, DEPARTAMENTO DE PUNO",SANEAMIENTO,SANEAMIENTO,SANEAMIENTO RURAL,3215940,2878266,3429,10000.0,50000.0,0.0,0.0,Cartera_260824-123814.xlsx,,210306,210306,SI,SI,VALIDADO_PMI_POR_CUI,ALTA,RESUELTO,,"No se detectó patrón ""DISTRITO DE"" en el nombre | Validado por PMI: CRUCERO"
264.0,B1,"VIVIENDA, CONSTRUCCION Y SANEAMIENTO","OPMI DEL MINISTERIO DE VIVIENDA, CONSTRUCCION Y SANEAMIENTO",2196729.0,,PROYECTO DE INVERSION,"AMPLIACION Y MEJORAMIENTO DE LOS SISTEMAS DE AGUA POTABLE Y SANEAMIENTO DEL CENTRO POBLADO LA VIRGINIA, DISTRITO DE JAEN , PROVINCIA DE JAEN - CAJAMARCA",SANEAMIENTO,SANEAMIENTO,SANEAMIENTO RURAL,4646526,2453085,154996,1888362.0,496964.93,0.0,0.0,Cartera_260824-123814.xlsx,060801,,060801,,,EXTRAIDO_DESDE_NOMBRE,ALTA,RESUELTO,060801,Coincidencia exacta y única por nombre
265.0,Z,"VIVIENDA, CONSTRUCCION Y SANEAMIENTO","OPMI DEL MINISTERIO DE VIVIENDA, CONSTRUCCION Y SANEAMIENTO",2303142.0,,PROYECTO DE INVERSION,"MEJORAMIENTO Y AMPLIACION DEL SERVICIO DE AGUA POTABLE E INSTALACION DEL SERVICIO DE SANEAMIENTO BASICO DEL CENTRO POBLADO DE SAN JUAN DE PATARA (SECTOR SAYHUAPATA), DISTRITO DE HUAMANQUIQUIA , PROVINCIA DE VICTOR FAJARDO, DEPARTAMENTO DE AYACUCHO",SANEAMIENTO,SANEAMIENTO,SANEAMIENTO RURAL,5235551,267059,579337,113542.0,465795.0,3923360.19,0.0,Cartera_260824-123814.xlsx,051008,,051008,,,EXTRAIDO_DESDE_NOMBRE,ALTA,RESUELTO,051008,Coincidencia exacta y única por nombre
266.0,A,"VIVIENDA, CONSTRUCCION Y SANEAMIENTO","OPMI DEL MINISTERIO DE VIVIENDA, CONSTRUCCION Y SANEAMIENTO",2308363.0,,PROYECTO DE INVERSION,"MEJORAMIENTO Y AMPLIACION DEL SERVICIO DE AGUA POTABLE Y SANEAMIENTO EN EL CENTRO POBLADO MENOR SAN JOSE , DISTRITO DE YARINACOCHA - CORONEL PORTILLO - UCAYALI",SANEAMIENTO,SANEAMIENTO,SANEAMIENTO RURAL,9573712,7784647,31579,10000.0,1752665.53,0.0,0.0,Cartera_260824-123814.xlsx,250105,,250105,,,EXTRAIDO_DESDE_NOMBRE,ALTA,RESUELTO,250105,Coincidencia exacta y única por nombre
267.0,B1,"VIVIENDA, CONSTRUCCION Y SANEAMIENTO","OPMI DEL MINISTERIO DE VIVIENDA, CONSTRUCCION Y SANEAMIENTO",2295627.0,,PROYECTO DE INVERSION,"INSTALACION DEL SERVICIO DE AGUA POTABLE Y SANEAMIENTO EN EL CENTRO POBLADO DE PUCARARCA , DISTRITO DE SAUCE - SAN MARTIN - SAN MARTIN",SANEAMIENTO,SANEAMIENTO,SANEAMIENTO RURAL,3390865,2461716,650983,400934.0,278165.79,0.0,0.0,Cartera_260824-123814.xlsx,220913,,220913,,,EXTRAIDO_DESDE_NOMBRE,ALTA,RESUELTO,220913,Coincidencia exacta y única por nombre
268.0,B1,"VIVIENDA, CONSTRUCCION Y SANEAMIENTO","OPMI DEL MINISTERIO DE VIVIENDA, CONSTRUCCION Y SANEAMIENTO",2072295.0,,PROYECTO DE INVERSION,"AMPLIACION, MEJORAMIENTO DE LOS SISTEMAS DE AGUA POTABLE Y ALCANTARILLADO DE LA CIUDAD DE CALCA, PROVINCIA DE CALCA - CUSCO",SANEAMIENTO,SANEAMIENTO,SANEAMIENTO URBANO,17899525,13866099,631284,126257.0,3907168.88,0.0,0.0,Cartera_260824-123814.xlsx,,080401,080401,SI,SI,VALIDADO_PMI_POR_CUI,ALTA,RESUELTO,,"No se detectó patrón ""DISTRITO DE"" en el nombre | Validado por PMI: CALCA"
269.0,Z,"VIVIENDA, CONSTRUCCION Y SANEAMIENTO","OPMI DEL MINISTERIO DE VIVIENDA, CONSTRUCCION Y SANEAMIENTO",2235549.0,,PROYECTO DE INVERSION,"MEJORA Y AMPLIACION DEL SERVICIO DE AGUA POTABLE Y SANEAMIENTO BASICO EN EL CENTRO POBLADO DE CHINCHAVITO , DISTRITO DE CHAGLLA - PACHITEA - HUANUCO",SANEAMIENTO,SANEAMIENTO,SANEAMIENTO RURAL,7298178,224455,131377,131377.0,3472870.0,3469477.0,0.0,Cartera_260824-123814.xlsx,100802,,100802,,,EXTRAIDO_DESDE_NOMBRE,ALTA,RESUELTO,100802,Coincidencia exacta y única por nombre
270.0,A,"VIVIENDA, CONSTRUCCION Y SANEAMIENTO","OPMI DEL MINISTERIO DE VIVIENDA, CONSTRUCCION Y SANEAMIENTO",2339108.0,,PROYECTO DE INVERSION,"MEJORAMIENTO DEL SERVICIO DE AGUA POTABLE E INSTALACION DEL SANEAMIENTO BASICO EN EL CASERIO NUEVO BELEN, DISTRITO DE MANANTAY - CORONEL PORTILLO - UCAYALI",SANEAMIENTO,SANEAMIENTO RURAL,SANEAMIENTO,2915957,960227,1873643,493355.0,10000.0,0.0,0.0,Cartera_260824-123814.xlsx,250107,,250107,,,EXTRAIDO_DESDE_NOMBRE,ALTA,RESUELTO,250107,Coincidencia exacta y única por nombre
271.0,B1,"VIVIENDA, CONSTRUCCION Y SANEAMIENTO","OPMI DEL MINISTERIO DE VIVIENDA, CONSTRUCCION Y SANEAMIENTO",2202842.0,,PROYECTO DE INVERSION,"MEJORAMIENTO Y AMPLIACION DEL SERVICIO DE AGUA POTABLE Y SANEAMIENTO BASICO EN EL CENTRO POBLADO SEXESHITA, DISTRITO DE SAN LUIS DE LUCMA - CUTERVO - CAJAMARCA",SANEAMIENTO,SANEAMIENTO,SANEAMIENTO RURAL,3684641,3238837,0,10000.0,50000.0,0.0,0.0,Cartera_260824-123814.xlsx,060610,,060610,,,EXTRAIDO_DESDE_NOMBRE,ALTA,RESUELTO,060610,Coincidencia exacta y única por nombre
272.0,B1,"VIVIENDA, CONSTRUCCION Y SANEAMIENTO","OPMI DEL MINISTERIO DE VIVIENDA, CONSTRUCCION Y SANEAMIENTO",2295628.0,,PROYECTO DE INVERSION,"INSTALACION DEL SERVICIO DE AGUA POTABLE Y SANEAMIENTO DEL CENTRO POBLADO DE EL CHALLUAL , DISTRITO DE ALTO BIAVO - BELLAVISTA - SAN MARTIN",SANEAMIENTO,SANEAMIENTO,SANEAMIENTO RURAL,5654688,4638953,104773,829677.0,338223.94,0.0,0.0,Cartera_260824-123814.xlsx,220202,,220202,,,EXTRAIDO_DESDE_NOMBRE,ALTA,RESUELTO,220202,Coincidencia exacta y única por nombre
273.0,Z,"VIVIENDA, CONSTRUCCION Y SANEAMIENTO","OPMI DEL MINISTERIO DE VIVIENDA, CONSTRUCCION Y SANEAMIENTO",2270790.0,,PROYECTO DE INVERSION,"MEJORAMIENTO Y AMPLIACION DEL SERVICIO DE AGUA POTABLE Y SANEAMIENTO BASICO DEL CENTRO POBLADO DE SANTA ROSA DE CHAQUICOCHA , DISTRITO DE SANTO DOMINGO DE ACOBAMBA - HUANCAYO - JUNIN",SANEAMIENTO,SANEAMIENTO,SANEAMIENTO RURAL,11010978,273145,2737412,1814063.0,812271.0,8707975.59,0.0,Cartera_260824-123814.xlsx,120135,,120135,,,EXTRAIDO_DESDE_NOMBRE,ALTA,RESUELTO,120135,Coincidencia exacta y única por nombre
274.0,B1,"VIVIENDA, CONSTRUCCION Y SANEAMIENTO","OPMI DEL MINISTERIO DE VIVIENDA, CONSTRUCCION Y SANEAMIENTO",2252177.0,,PROYECTO DE INVERSION,"REHABILITACION DE LAS REDES DE AGUA Y ALCANTARILLADO DE LOS SECTORES CIRCUNVALACION CUAJONE, MIGUEL GRAU, LOS OLIVOS Y MIRAMAR PARTE ALTA, DISTRITO Y PROVINCIA DE ILO, REGION MOQUEGUA",SANEAMIENTO,SANEAMIENTO URBANO,SANEAMIENTO,8142627,1990143,6009954,5989402.0,163082.0,0.0,0.0,Cartera_260824-123814.xlsx,,180301,180301,SI,SI,VALIDADO_PMI_POR_CUI,ALTA,RESUELTO,,"No se detectó patrón ""DISTRITO DE"" en el nombre | Validado por PMI: ILO"
275.0,B1,"VIVIENDA, CONSTRUCCION Y SANEAMIENTO","OPMI DEL MINISTERIO DE VIVIENDA, CONSTRUCCION Y SANEAMIENTO",2262934.0,,PROYECTO DE INVERSION,"AMPLIACION Y MEJORAMIENTO DEL SISTEMA DE AGUA POTABLE E INSTALACION DEL SERVICIO DE SANEAMIENTO BASICO EN LA LOCALIDAD DE LUCMABAMBA , DISTRITO DE CHOLON - MARANON - HUANUCO",SANEAMIENTO,SANEAMIENTO,SANEAMIENTO RURAL,3624575,2323742,230745,593330.0,409317.94,0.0,0.0,Cartera_260824-123814.xlsx,100702,,100702,,,EXTRAIDO_DESDE_NOMBRE,ALTA,RESUELTO,100702,Coincidencia exacta y única por nombre
276.0,A,"VIVIENDA, CONSTRUCCION Y SANEAMIENTO","OPMI DEL MINISTERIO DE VIVIENDA, CONSTRUCCION Y SANEAMIENTO",2281449.0,,PROYECTO DE INVERSION,"AMPLIACION Y MEJORAMIENTO DEL SERVICIO DE AGUA POTABLE E INSTALACION DEL SERVICIO DE DISPOSICION SANITARIA DE EXCRETAS EN EL CENTRO POBLADO ALTO CHICHIRENE , DISTRITO DE PANGOA - SATIPO - JUNIN",SANEAMIENTO,SANEAMIENTO,SANEAMIENTO RURAL,2574500,1846033,530785,554968.0,116228.19,0.0,0.0,Cartera_260824-123814.xlsx,120606,,120606,,,EXTRAIDO_DESDE_NOMBRE,ALTA,RESUELTO,120606,Coincidencia exacta y única por nombre
277.0,C,"VIVIENDA, CONSTRUCCION Y SANEAMIENTO","OPMI DEL MINISTERIO DE VIVIENDA, CONSTRUCCION Y SANEAMIENTO",2166795.0,,PROYECTO DE INVERSION,"AMPLIACION, RENOVACION Y MEJORAMIENTO DEL SISTEMA DE AGUA POTABLE Y ALCANTARILLADO DE CHIVAY,PROVINCIA DE CAYLLOMA, AREQUIPA",SANEAMIENTO,SANEAMIENTO,SANEAMIENTO URBANO,25636378,18655109,0,0.0,6981269.0,0.0,0.0,Cartera_260824-123814.xlsx,,040501,040501,SI,SI,VALIDADO_PMI_POR_CUI,ALTA,RESUELTO,,"No se detectó patrón ""DISTRITO DE"" en el nombre | Validado por PMI: CHIVAY"
278.0,A,"VIVIENDA, CONSTRUCCION Y SANEAMIENTO","OPMI DEL MINISTERIO DE VIVIENDA, CONSTRUCCION Y SANEAMIENTO",2196730.0,,PROYECTO DE INVERSION,"MEJORAMIENTO Y AMPLIACION DEL SERVICIO DE AGUA POTABLE Y SANEAMIENTO BASICO EN LA LOCALIDAD DE CONGONA , DISTRITO DE CANARIS - FERRENAFE - LAMBAYEQUE",SANEAMIENTO,SANEAMIENTO,SANEAMIENTO RURAL,4047262,3076328,826700,172005.0,144234.04,0.0,0.0,Cartera_260824-123814.xlsx,140202,,140202,,,EXTRAIDO_DESDE_NOMBRE,ALTA,RESUELTO,140202,Coincidencia exacta y única por nombre
279.0,A,"VIVIENDA, CONSTRUCCION Y SANEAMIENTO","OPMI DEL MINISTERIO DE VIVIENDA, CONSTRUCCION Y SANEAMIENTO",2168847.0,,PROYECTO DE INVERSION,CONSTRUCCIÓN DEL SISTEMA DE AGUA  POTABLE  Y  SANEAMIENTO BÁSICO DE LA LOCALIDAD DE CHILACO SUR- DISTRITO DE SULLANA - PROVINCIA DE SULLANA - DEPARTAMENTO PIURA,SANEAMIENTO,SANEAMIENTO,SANEAMIENTO RURAL,7469222,5473671,272489,180000.0,1297156.83,0.0,0.0,Cartera_260824-123814.xlsx,200601,,200601,,,EXTRAIDO_DESDE_NOMBRE,ALTA,RESUELTO,200601,Coincidencia exacta y única por nombre
280.0,A,"VIVIENDA, CONSTRUCCION Y SANEAMIENTO","OPMI DEL MINISTERIO DE VIVIENDA, CONSTRUCCION Y SANEAMIENTO",2466387.0,,PROYECTO DE INVERSION,CREACION DEL SERVICIO DE AGUA Y DESAGUE EN LA COMUNIDAD DE WASHIENTSA  DISTRITO DE ANDOAS - PROVINCIA DE DATEM DEL MARAÑON - DEPARTAMENTO DE LORETO,SANEAMIENTO,SANEAMIENTO,SANEAMIENTO RURAL,8353069,5267504,3040519,3040519.0,0.0,0.0,0.0,Cartera_260824-123814.xlsx,160706,,160706,,,EXTRAIDO_DESDE_NOMBRE,ALTA,RESUELTO,160706,Coincidencia exacta y única por nombre
280.0,A,"VIVIENDA, CONSTRUCCION Y SANEAMIENTO","OPMI DEL MINISTERIO DE VIVIENDA, CONSTRUCCION Y SANEAMIENTO",2235515.0,,PROYECTO DE INVERSION,"INSTALACION DEL SERVICIO DE AGUA POTABLE Y SANEAMIENTO DEL CENTRO POBLADO PENA BLANCA , DISTRITO DE PAMPAS DE HOSPITAL - TUMBES - TUMBES",SANEAMIENTO,SANEAMIENTO,SANEAMIENTO RURAL,4475044,3360615,424565,297998.0,116607.5,0.0,0.0,Cartera_260824-123814.xlsx,240104,,240104,,,EXTRAIDO_DESDE_NOMBRE,ALTA,RESUELTO,240104,Coincidencia exacta y única por nombre
281.0,B2,"VIVIENDA, CONSTRUCCION Y SANEAMIENTO","OPMI DEL MINISTERIO DE VIVIENDA, CONSTRUCCION Y SANEAMIENTO",2200859.0,,PROYECTO DE INVERSION,"INSTALACION DEL SERVICIO DE AGUA POTABLE Y DISPOSICION SANITARIA DE EXCRETAS EN EL CENTRO POBLADO DE ALFONSO UGARTE , DISTRITO DE CAYNARACHI - LAMAS - SAN MARTIN",SANEAMIENTO,SANEAMIENTO,SANEAMIENTO RURAL,8828926,348962,769434,789434.0,5158291.0,2532239.0,0.0,Cartera_260824-123814.xlsx,220504,,220504,,,EXTRAIDO_DESDE_NOMBRE,ALTA,RESUELTO,220504,Coincidencia exacta y única por nombre
282.0,B1,"VIVIENDA, CONSTRUCCION Y SANEAMIENTO","OPMI DEL MINISTERIO DE VIVIENDA, CONSTRUCCION Y SANEAMIENTO",2202940.0,,PROYECTO DE INVERSION,"INSTALACIÓN  DEL SERVICIO DE AGUA POTABLE Y SANEAMIENTO  EN LA LOCALIDAD DE TAURIPAMPA, DISTRITO DE LAJAS, PROVINCIA DE CHOTA, DEPARTAMENTO DE CAJAMARCA",SANEAMIENTO,SANEAMIENTO,SANEAMIENTO RURAL,8957102,7930875,44152,64152.0,982074.86,0.0,0.0,Cartera_260824-123814.xlsx,060410,,060410,,,EXTRAIDO_DESDE_NOMBRE,ALTA,RESUELTO,060410,Coincidencia exacta y única por nombre
282.0,A,"VIVIENDA, CONSTRUCCION Y SANEAMIENTO","OPMI DEL MINISTERIO DE VIVIENDA, CONSTRUCCION Y SANEAMIENTO",2243422.0,,PROYECTO DE INVERSION,MEJORAMIENTO Y AMPLIACION DE LOS SERVICIOS DE AGUA Y SANEAMIENTO DE LA VILLA DE ACOBAMBA DEL DISTRITO DE APARICIO POMARES - PROVINCIA DE YAROWILCA - DEPARTAMENTO DE HUANUCO,SANEAMIENTO,SANEAMIENTO,SANEAMIENTO RURAL,5022099,3001509,2015910,2015910.0,0.0,0.0,0.0,Cartera_260824-123814.xlsx,101104,,101104,,,EXTRAIDO_DESDE_NOMBRE,ALTA,RESUELTO,101104,Coincidencia exacta y única por nombre
283.0,A,"VIVIENDA, CONSTRUCCION Y SANEAMIENTO","OPMI DEL MINISTERIO DE VIVIENDA, CONSTRUCCION Y SANEAMIENTO",2265352.0,,PROYECTO DE INVERSION,"MEJORAMIENTO Y AMPLIACION DEL SISTEMA DE AGUA POTABLE Y SANEAMIENTO BASICO EN EL CENTRO POBLADO SANTA ELENA , DISTRITO DE SOCOTA - CUTERVO - CAJAMARCA",SANEAMIENTO,SANEAMIENTO RURAL,SANEAMIENTO,2700739,72142,0,0.0,165215.0,0.0,0.0,Cartera_260824-123814.xlsx,060614,,060614,,,EXTRAIDO_DESDE_NOMBRE,ALTA,RESUELTO,060614,Coincidencia exacta y única por nombre
284.0,B1,"VIVIENDA, CONSTRUCCION Y SANEAMIENTO","OPMI DEL MINISTERIO DE VIVIENDA, CONSTRUCCION Y SANEAMIENTO",2235707.0,,PROYECTO DE INVERSION,"AMPLIACION Y MEJORAMIENTO DEL SERVICIO DE AGUA POTABLE E INSTALACION DEL SANEAMIENTO BASICO DE LA LOCALIDAD DE EL LIRIO , DISTRITO DE PACCHA - CHOTA - CAJAMARCA",SANEAMIENTO,SANEAMIENTO RURAL,SANEAMIENTO,2860802,94475,0,0.0,1382326.92,0.0,0.0,Cartera_260824-123814.xlsx,,060413,060413,SI,SI,VALIDADO_PMI_POR_CUI,ALTA,RESUELTO,"120806, 060413, 120423",Distrito PACCHA es ambiguo y no se extrajo provincia | Validado por PMI: PACCHA
285.0,B1,"VIVIENDA, CONSTRUCCION Y SANEAMIENTO","OPMI DEL MINISTERIO DE VIVIENDA, CONSTRUCCION Y SANEAMIENTO",2235611.0,,PROYECTO DE INVERSION,"AMPLIACIÓN Y MEJORAMIENTO DEL SERVICIO DE AGUA POTABLE E INSTALACIÓN DEL SERVICIO DE SANEAMIENTO EN EL CENTRO POBLADO DE PAMPA HERMOSA¿DISTRITO DE TROMPETEROS, PROVINCIA DE LORETO, REGIÓN LORETO",SANEAMIENTO,SANEAMIENTO,SANEAMIENTO RURAL,6674009,2855347,2155135,3435349.0,1662819.0,0.0,0.0,Cartera_260824-123814.xlsx,160304,,160304,,,EXTRAIDO_DESDE_NOMBRE,ALTA,RESUELTO,160304,Coincidencia exacta y única por nombre
286.0,A,"VIVIENDA, CONSTRUCCION Y SANEAMIENTO","OPMI DEL MINISTERIO DE VIVIENDA, CONSTRUCCION Y SANEAMIENTO",2636419.0,,PROYECTO DE INVERSION,"CREACION DEL SERVICIO DE AGUA POTABLE RURAL Y CREACION DEL SERVICIO DE ALCANTARILLADO U OTRAS FORMAS DE DISPOSICIÓN SANITARIA DE EXCRETAS EN CASERIO DE SANTA RITA , Y EL SECTOR NUEVO PIURITA   DISTRITO DE CALLAYUC DE LA PROVINCIA DE CUTERVO DEL DEPARTAMENTO DE CAJAMARCA",SANEAMIENTO,SANEAMIENTO RURAL,SANEAMIENTO,6415344,1810740,2513947,1000000.0,0.0,0.0,0.0,Cartera_260824-123814.xlsx,,060602,060602,SI,SI,VALIDADO_PMI_POR_CUI,ALTA,RESUELTO,,Distrito CALLAYUC DE no encontrado en GPKG | Validado por PMI: CALLAYUC
286.0,A,"VIVIENDA, CONSTRUCCION Y SANEAMIENTO","OPMI DEL MINISTERIO DE VIVIENDA, CONSTRUCCION Y SANEAMIENTO",2335912.0,,PROYECTO DE INVERSION,"MEJORAMIENTO Y AMPLIACIÓN DEL SERVICIO DE AGUA POTABLE Y CREACIÓN DEL SISTEMA DE ALCANTARILLADO EN LA LOCALIDAD DE CANA EDÉN, DISTRITO DE RIO TAMBO - SATIPO - JUNIN",SANEAMIENTO,SANEAMIENTO,SANEAMIENTO RURAL,13926158,7913513,5983034,5861091.0,59878.56,0.0,0.0,Cartera_260824-123814.xlsx,120608,,120608,,,EXTRAIDO_DESDE_NOMBRE,ALTA,RESUELTO,120608,Coincidencia exacta y única por nombre
287.0,A,"VIVIENDA, CONSTRUCCION Y SANEAMIENTO","OPMI DEL MINISTERIO DE VIVIENDA, CONSTRUCCION Y SANEAMIENTO",2170953.0,,PROYECTO DE INVERSION,"INSTALACION DEL SERVICIO DE AGUA POTABLE Y SANEAMIENTO BÁSICO DE LA LOCALIDAD DE COCHABAMBA, DISTRITO SAN LUIS, PROVINCIA CARLOS FERMÍN FITZCARRALD, REGIÓN ANCASH",SANEAMIENTO,SANEAMIENTO,SANEAMIENTO RURAL,2792844,87475,0,0.0,283230.11,0.0,0.0,Cartera_260824-123814.xlsx,,020701,020701,SI,SI,VALIDADO_PMI_POR_CUI,ALTA,RESUELTO,,"No se detectó patrón ""DISTRITO DE"" en el nombre | Validado por PMI: SAN LUIS"
288.0,A,"VIVIENDA, CONSTRUCCION Y SANEAMIENTO","OPMI DEL MINISTERIO DE VIVIENDA, CONSTRUCCION Y SANEAMIENTO",2235610.0,,PROYECTO DE INVERSION,"MEJORAMIENTO Y AMPLIACION DEL SERVICIO DE AGUA POTABLE E INSTALACION DEL SANEAMIENTO EN LA LOCALIDAD DE LAS PALMAS , DISTRITO DE PACCHA - CHOTA - CAJAMARCA",SANEAMIENTO,SANEAMIENTO RURAL,SANEAMIENTO,2683619,70207,0,0.0,1293411.96,0.0,0.0,Cartera_260824-123814.xlsx,,060413,060413,SI,SI,VALIDADO_PMI_POR_CUI,ALTA,RESUELTO,"120806, 060413, 120423",Distrito PACCHA es ambiguo y no se extrajo provincia | Validado por PMI: PACCHA
288.0,A,"VIVIENDA, CONSTRUCCION Y SANEAMIENTO","OPMI DEL MINISTERIO DE VIVIENDA, CONSTRUCCION Y SANEAMIENTO",2595054.0,,PROYECTO DE INVERSION," MEJORAMIENTO Y AMPLIACION DEL SERVICIO DE AGUA POTABLE RURAL Y MEJORAMIENTO Y AMPLIACION DEL SERVICIO DE ALCANTARILLADO U OTRAS FORMAS DE DISPOSICIÓN SANITARIA DE EXCRETAS EN LA LOCALIDAD DE CRUZ LOMAS,   DISTRITO DE PROVIDENCIA DE LA PROVINCIA DE LUYA DEL DEPARTAMENTO DE AMAZONAS",SANEAMIENTO,SANEAMIENTO RURAL,SANEAMIENTO,8158096,5874367,2283730,1056652.0,0.0,0.0,0.0,Cartera_260824-123814.xlsx,,010515,010515,SI,SI,VALIDADO_PMI_POR_CUI,ALTA,RESUELTO,,Distrito PROVIDENCIA DE no encontrado en GPKG | Validado por PMI: PROVIDENCIA
289.0,A,"VIVIENDA, CONSTRUCCION Y SANEAMIENTO","OPMI DEL MINISTERIO DE VIVIENDA, CONSTRUCCION Y SANEAMIENTO",2308375.0,,PROYECTO DE INVERSION,"AMPLIACION Y MEJORAMIENTO DEL SERVICIO DE AGUA POTABLE E INSTALACION DE SANEAMIENTO DEL CENTRO POBLADO DE AMANGAY , DISTRITO DE HUAYO - PATAZ - LA LIBERTAD",SANEAMIENTO,SANEAMIENTO,SANEAMIENTO RURAL,2755354,2083919,569168,227706.0,102267.4,0.0,0.0,Cartera_260824-123814.xlsx,130806,,130806,,,EXTRAIDO_DESDE_NOMBRE,ALTA,RESUELTO,130806,Coincidencia exacta y única por nombre
290.0,A,"VIVIENDA, CONSTRUCCION Y SANEAMIENTO","OPMI DEL MINISTERIO DE VIVIENDA, CONSTRUCCION Y SANEAMIENTO",2263854.0,,PROYECTO DE INVERSION,"MEJORAMIENTO Y AMPLIACION DE LOS SERVICIOS DE AGUA POTABLE Y DISPOSICION SANITARIA DE EXCRETAS DE LA LOCALIDAD DE QUEUNA GRANDE , DISTRITO DE HUANCARANI - PAUCARTAMBO - CUSCO",SANEAMIENTO,SANEAMIENTO,SANEAMIENTO RURAL,5216918,4683412,0,10000.0,50000.0,0.0,0.0,Cartera_260824-123814.xlsx,081105,,081105,,,EXTRAIDO_DESDE_NOMBRE,ALTA,RESUELTO,081105,Coincidencia exacta y única por nombre
290.0,A,"VIVIENDA, CONSTRUCCION Y SANEAMIENTO","OPMI DEL MINISTERIO DE VIVIENDA, CONSTRUCCION Y SANEAMIENTO",2606578.0,,PROYECTO DE INVERSION,CREACION DEL SERVICIO DE AGUA POTABLE RURAL Y CREACION DEL SERVICIO DE ALCANTARILLADO U OTRAS FORMAS DE DISPOSICIÓN SANITARIA DE EXCRETAS EN LA LOCALIDAD DE JICATE BAJO   DISTRITO DE HUANCABAMBA DE LA PROVINCIA DE HUANCABAMBA DEL DEPARTAMENTO DE PIURA,SANEAMIENTO,SANEAMIENTO,SANEAMIENTO RURAL,7645899,4797999,2152295,2120295.0,0.0,0.0,0.0,Cartera_260824-123814.xlsx,,200301,200301,SI,SI,VALIDADO_PMI_POR_CUI,ALTA,RESUELTO,,Distrito HUANCABAMBA DE no encontrado en GPKG | Validado por PMI: HUANCABAMBA
291.0,A,"VIVIENDA, CONSTRUCCION Y SANEAMIENTO","OPMI DEL MINISTERIO DE VIVIENDA, CONSTRUCCION Y SANEAMIENTO",2259273.0,,PROYECTO DE INVERSION,"MEJORAMIENTO Y AMPLIACION DEL SISTEMA DE AGUA POTABLE Y DISPOSICION SANITARIA DE EXCRETAS DE LA COMUNIDAD YANAHUANCA , DISTRITO DE MARCARA - CARHUAZ - ANCASH",SANEAMIENTO,SANEAMIENTO,SANEAMIENTO RURAL,2658204,1872580,721181,421157.0,96443.45,0.0,0.0,Cartera_260824-123814.xlsx,020606,,020606,,,EXTRAIDO_DESDE_NOMBRE,ALTA,RESUELTO,020606,Coincidencia exacta y única por nombre
291.0,A,"VIVIENDA, CONSTRUCCION Y SANEAMIENTO","OPMI DEL MINISTERIO DE VIVIENDA, CONSTRUCCION Y SANEAMIENTO",2436607.0,,PROYECTO DE INVERSION,MEJORAMIENTO Y AMPLIACION DEL SERVICIO DE AGUA POTABLE Y TRATAMIENTO DE EXCRETAS  EN LA LOCALIDAD DE LICLAPAMPA Y HUAPA CHACUN DEL DISTRITO DE JESUS - PROVINCIA DE LAURICOCHA - DEPARTAMENTO DE HUANUCO,SANEAMIENTO,SANEAMIENTO,SANEAMIENTO RURAL,6515280,4971855,1543425,1543425.0,0.0,0.0,0.0,Cartera_260824-123814.xlsx,101001,,101001,,,EXTRAIDO_DESDE_NOMBRE,ALTA,RESUELTO,101001,Coincidencia resuelta usando provincia LAURICOCHA
292.0,A,"VIVIENDA, CONSTRUCCION Y SANEAMIENTO","OPMI DEL MINISTERIO DE VIVIENDA, CONSTRUCCION Y SANEAMIENTO",2569906.0,,PROYECTO DE INVERSION,"CREACION DEL SISTEMA DE AGUA POTABLE Y SANEAMIENTO BASICO EN LOS CASERIOS MARCOPAMPA, CARDA, SANTA ROSA, SALITRE, MISQUIMACHAY Y CATAHUA,  DISTRITO DE SAN FELIPE - PROVINCIA DE JAEN - DEPARTAMENTO DE CAJAMARCA",SANEAMIENTO,SANEAMIENTO,SANEAMIENTO RURAL,8733548,4502131,2359854,2359854.0,0.0,0.0,0.0,Cartera_260824-123814.xlsx,060810,,060810,,,EXTRAIDO_DESDE_NOMBRE,ALTA,RESUELTO,060810,Coincidencia exacta y única por nombre
292.0,B1,"VIVIENDA, CONSTRUCCION Y SANEAMIENTO","OPMI DEL MINISTERIO DE VIVIENDA, CONSTRUCCION Y SANEAMIENTO",2235536.0,,PROYECTO DE INVERSION,"MEJORAMIENTO Y AMPLIACION DEL SERVICIO DE AGUA POTABLE Y SANEAMIENTO BASICO EN EL CASERIO DE SAN MARTIN DE PAJONAL, DISTRITO DE CANCHAQUE - HUANCABAMBA - PIURA",SANEAMIENTO,SANEAMIENTO,SANEAMIENTO RURAL,5155904,4229431,0,0.0,926472.93,0.0,0.0,Cartera_260824-123814.xlsx,200302,,200302,,,EXTRAIDO_DESDE_NOMBRE,ALTA,RESUELTO,200302,Coincidencia exacta y única por nombre
293.0,B1,"VIVIENDA, CONSTRUCCION Y SANEAMIENTO","OPMI DEL MINISTERIO DE VIVIENDA, CONSTRUCCION Y SANEAMIENTO",2235527.0,,PROYECTO DE INVERSION,"MEJORAMIENTO Y AMPLIACION DEL SERVICIO DE AGUA POTABLE E INSTALACION DEL SANEAMIENTO BASICO EN LA LOCALIDAD DE MUSADEN , DISTRITO DE CORTEGANA - CELENDIN - CAJAMARCA",SANEAMIENTO,SANEAMIENTO,SANEAMIENTO RURAL,9017524,7487561,37378,10000.0,292584.43,0.0,0.0,Cartera_260824-123814.xlsx,060303,,060303,,,EXTRAIDO_DESDE_NOMBRE,ALTA,RESUELTO,060303,Coincidencia exacta y única por nombre
294.0,Z,"VIVIENDA, CONSTRUCCION Y SANEAMIENTO","OPMI DEL MINISTERIO DE VIVIENDA, CONSTRUCCION Y SANEAMIENTO",2235706.0,,PROYECTO DE INVERSION,"AMPLIACION Y MEJORAMIENTO DEL SERVICIO DE AGUA POTABLE E INSTALACION DEL SANEAMIENTO BASICO DE LA LOCALIDAD DE EDELMIRA, PROVINCIA DE SAN MARCOS - CAJAMARCA",SANEAMIENTO,SANEAMIENTO,SANEAMIENTO RURAL,8085258,260272,796214,1045814.0,2000000.0,5169595.93,0.0,Cartera_260824-123814.xlsx,,061001,,SI,NO,VALIDADO_PMI_POR_CUI,BAJA,REVISAR_CONFLICTO,,"No se detectó patrón ""DISTRITO DE"" en el nombre | Distrito PMI (PEDRO GALVEZ) no encontrado en nombre de inversión"
294.0,B0,"VIVIENDA, CONSTRUCCION Y SANEAMIENTO","OPMI DEL MINISTERIO DE VIVIENDA, CONSTRUCCION Y SANEAMIENTO",2505605.0,,PROYECTO DE INVERSION,MEJORAMIENTO Y AMPLIACION DEL SISTEMA DE AGUA POTABLE Y RED DE ALCANTARILLADO DE LAS LOCALIDADES DE NUEVO TINGO Y BAJO TINGO  DISTRITO DE TINGO - PROVINCIA DE LUYA - DEPARTAMENTO DE AMAZONAS,SANEAMIENTO,SANEAMIENTO RURAL,SANEAMIENTO,11937986,4547940,1248965,1248965.0,0.0,0.0,0.0,Cartera_260824-123814.xlsx,010522,,010522,,,EXTRAIDO_DESDE_NOMBRE,ALTA,RESUELTO,010522,Coincidencia exacta y única por nombre
295.0,B1,"VIVIENDA, CONSTRUCCION Y SANEAMIENTO","OPMI DEL MINISTERIO DE VIVIENDA, CONSTRUCCION Y SANEAMIENTO",2260542.0,,PROYECTO DE INVERSION,"INSTALACION DEL SERVICIO DE AGUA POTABLE Y SANEAMIENTO DE LA LOCALIDAD DE COPAL URCO , DISTRITO DE NAPO - MAYNAS - LORETO",SANEAMIENTO,SANEAMIENTO,SANEAMIENTO RURAL,9034641,720911,484894,4886580.0,5121042.11,0.0,0.0,Cartera_260824-123814.xlsx,160107,,160107,,,EXTRAIDO_DESDE_NOMBRE,ALTA,RESUELTO,160107,Coincidencia exacta y única por nombre
296.0,B1,"VIVIENDA, CONSTRUCCION Y SANEAMIENTO","OPMI DEL MINISTERIO DE VIVIENDA, CONSTRUCCION Y SANEAMIENTO",2251237.0,,PROYECTO DE INVERSION,"MEJORAMIENTO Y AMPLIACION DEL SERVICIO DE AGUA POTABLE Y SANEAMIENTO BASICO DEL CENTRO POBLADO HUALLA , DISTRITO DE LARES - CALCA - CUSCO",SANEAMIENTO,SANEAMIENTO,SANEAMIENTO RURAL,3914486,2949299,809182,157604.0,814352.17,0.0,0.0,Cartera_260824-123814.xlsx,080404,,080404,,,EXTRAIDO_DESDE_NOMBRE,ALTA,RESUELTO,080404,Coincidencia exacta y única por nombre
296.0,B3,"VIVIENDA, CONSTRUCCION Y SANEAMIENTO","OPMI DEL MINISTERIO DE VIVIENDA, CONSTRUCCION Y SANEAMIENTO",2412055.0,118.0,PROYECTO DE INVERSION,CREACION DEL SERVICIO DE AGUA POTABLE Y DISPOSICIÓN SANITARIA DE EXCRETAS EN LA COMUNIDAD NATIVA DE SAN GABRIEL DEL DISTRITO DE URARINAS - PROVINCIA DE LORETO - DEPARTAMENTO DE LORETO,SANEAMIENTO,SANEAMIENTO,SANEAMIENTO RURAL,4489795,398351,103242,103242.0,2392921.0,1623522.49,75000.0,Cartera_260824-123814.xlsx,160305,,160305,,,EXTRAIDO_DESDE_NOMBRE,ALTA,RESUELTO,160305,Coincidencia exacta y única por nombre
297.0,A,"VIVIENDA, CONSTRUCCION Y SANEAMIENTO","OPMI DEL MINISTERIO DE VIVIENDA, CONSTRUCCION Y SANEAMIENTO",2336901.0,,PROYECTO DE INVERSION,"AMPLIACION Y MEJORAMIENTO DEL SERVICIO DE AGUA POTABLE E INSTALACIÓN DE UBS EN LOS CASERÍOS ENABEN, CHALABAMBA Y YALEN, DISTRITO BOLÍVAR, PROVINCIA DE BOLIVAR - LA LIBERTAD",SANEAMIENTO,SANEAMIENTO,SANEAMIENTO RURAL,6825913,4909887,1956285,1956285.0,0.0,0.0,0.0,Cartera_260824-123814.xlsx,,130301,130301,SI,SI,VALIDADO_PMI_POR_CUI,ALTA,RESUELTO,,"No se detectó patrón ""DISTRITO DE"" en el nombre | Validado por PMI: BOLIVAR"
297.0,A,"VIVIENDA, CONSTRUCCION Y SANEAMIENTO","OPMI DEL MINISTERIO DE VIVIENDA, CONSTRUCCION Y SANEAMIENTO",2400849.0,,PROYECTO DE INVERSION,"INSTALACION DEL SERVICIO DE AGUA POTABLE Y SANEAMIENTO EN EL CENTRO POBLADO DE SANTO TOMAS , DISTRITO DE SAN JUAN BAUTISTA - MAYNAS - LORETO",SANEAMIENTO,SANEAMIENTO,SANEAMIENTO RURAL,12509696,10546948,880920,81910.0,1880838.37,0.0,0.0,Cartera_260824-123814.xlsx,,160113,160113,SI,SI,VALIDADO_PMI_POR_CUI,ALTA,RESUELTO,"050110, 160113, 110110",Distrito SAN JUAN BAUTISTA es ambiguo y no se extrajo provincia | Validado por PMI: SAN JUAN BAUTISTA
298.0,A,"VIVIENDA, CONSTRUCCION Y SANEAMIENTO","OPMI DEL MINISTERIO DE VIVIENDA, CONSTRUCCION Y SANEAMIENTO",2235521.0,,PROYECTO DE INVERSION,"AMPLIACION Y MEJORAMIENTO DEL SERVICIO DE AGUA POTABLE E INSTALACION DEL SISTEMA DE SANEAMIENTO BASICO DE LA LOCALIDAD DE VISTA ALEGRE , DISTRITO DE SANTA ROSA - JAEN - CAJAMARCA",SANEAMIENTO,SANEAMIENTO,SANEAMIENTO RURAL,3836216,2678969,833125,896689.0,136000.33,0.0,0.0,Cartera_260824-123814.xlsx,,060812,060812,SI,SI,VALIDADO_PMI_POR_CUI,ALTA,RESUELTO,"050507, 220304, 060812, 021510, 210504, 210808, 010610, 140114, 030710, 150139",Distrito SANTA ROSA es ambiguo y no se extrajo provincia | Validado por PMI: SANTA ROSA
300.0,B1,"VIVIENDA, CONSTRUCCION Y SANEAMIENTO","OPMI DEL MINISTERIO DE VIVIENDA, CONSTRUCCION Y SANEAMIENTO",2251051.0,,PROYECTO DE INVERSION,"AMPLIACION Y MEJORAMIENTO DEL SISTEMA DE AGUA POTABLE Y SANEAMIENTO BASICO EN EL CENTRO POBLADO PAITOJA , DISTRITO DE SORITOR - MOYOBAMBA - SAN MARTIN",SANEAMIENTO,SANEAMIENTO,SANEAMIENTO RURAL,3060831,2269957,559066,125805.0,736719.04,0.0,0.0,Cartera_260824-123814.xlsx,220105,,220105,,,EXTRAIDO_DESDE_NOMBRE,ALTA,RESUELTO,220105,Coincidencia exacta y única por nombre
301.0,A,"VIVIENDA, CONSTRUCCION Y SANEAMIENTO","OPMI DEL MINISTERIO DE VIVIENDA, CONSTRUCCION Y SANEAMIENTO",2293851.0,,PROYECTO DE INVERSION,"MEJORAMIENTO Y AMPLIACION DEL SERVICIO DE AGUA POTABLE Y SANEAMIENTO DEL CENTRO POBLADO DE NUEVO CUTERVO, DISTRITO DE JEPELACIO, PROVINCIA DE MOYOBAMBA, DEPARTAMENTO DE SAN MARTIN",SANEAMIENTO,SANEAMIENTO,SANEAMIENTO RURAL,3638205,1640919,36365,126725.0,0.0,1870562.0,0.0,Cartera_260824-123814.xlsx,220104,,220104,,,EXTRAIDO_DESDE_NOMBRE,ALTA,RESUELTO,220104,Coincidencia exacta y única por nombre
301.0,A,"VIVIENDA, CONSTRUCCION Y SANEAMIENTO","OPMI DEL MINISTERIO DE VIVIENDA, CONSTRUCCION Y SANEAMIENTO",2493594.0,,PROYECTO DE INVERSION,"CREACION DE LOS SERVICIOS DE AGUA POTABLE Y DISPOSICIÓN SANITARIA DE EXCRETAS EN LAS LOCALIDADES DE CESAR VALLEJO,  RAYANPAMPA,  JAUCHIN, TIERRA BLANCA Y LACACANCHA,,  DISTRITO DE CHUQUIS - PROVINCIA DE DOS DE MAYO - DEPARTAMENTO DE HUANUCO",SANEAMIENTO,SANEAMIENTO,SANEAMIENTO RURAL,10705714,6606564,4099150,4099150.0,0.0,0.0,0.0,Cartera_260824-123814.xlsx,100307,,100307,,,EXTRAIDO_DESDE_NOMBRE,ALTA,RESUELTO,100307,Coincidencia exacta y única por nombre
302.0,A,"VIVIENDA, CONSTRUCCION Y SANEAMIENTO","OPMI DEL MINISTERIO DE VIVIENDA, CONSTRUCCION Y SANEAMIENTO",2287086.0,,PROYECTO DE INVERSION,"MEJORAMIENTO Y AMPLIACIÓN DEL SERVICIO DE AGUA POTABLE E INSTALACIÓN DEL SERVICIO DE SANEAMIENTO EN EL CENTRO POBLADO BELLO HORIZONTE, DISTRITO BAJO BIAVO, PROVINCIA BELLAVISTA, REGIÓN SAN MARTÍN",SANEAMIENTO,SANEAMIENTO,SANEAMIENTO RURAL,4368499,3428396,935592,232780.0,737972.95,0.0,0.0,Cartera_260824-123814.xlsx,,220203,220203,SI,SI,VALIDADO_PMI_POR_CUI,ALTA,RESUELTO,,"No se detectó patrón ""DISTRITO DE"" en el nombre | Validado por PMI: BAJO BIAVO"
303.0,B1,"VIVIENDA, CONSTRUCCION Y SANEAMIENTO","OPMI DEL MINISTERIO DE VIVIENDA, CONSTRUCCION Y SANEAMIENTO",2403511.0,,PROYECTO DE INVERSION,MEJORAMIENTO DEL SISTEMA DE AGUA POTABLE  EN EL A.H. CERRO EL PINO - DISTRITO LA VICTORIA,SANEAMIENTO,SANEAMIENTO,SANEAMIENTO URBANO,30678372,25872081,314581,150000.0,4491710.77,0.0,0.0,Cartera_260824-123814.xlsx,,150115,150115,SI,SI,VALIDADO_PMI_POR_CUI,ALTA,RESUELTO,,"No se detectó patrón ""DISTRITO DE"" en el nombre | Validado por PMI: LA VICTORIA"
304.0,B1,"VIVIENDA, CONSTRUCCION Y SANEAMIENTO","OPMI DEL MINISTERIO DE VIVIENDA, CONSTRUCCION Y SANEAMIENTO",2235261.0,,PROYECTO DE INVERSION,"MEJORAMIENTO Y AMPLIACIÓN DEL SERVICIO DE AGUA POTABLE Y DISPOSICIÓN SANITARIA DE EXCRETAS EN LA COMUNIDAD NATIVA DE BETANIA, DISTRITO DE RÍO TAMBO, PROVINCIA DE SATIPO, DEPARTAMENTO DE JUNÍN",SANEAMIENTO,SANEAMIENTO,SANEAMIENTO RURAL,12082892,2993220,2885717,766515.0,6203955.0,0.0,0.0,Cartera_260824-123814.xlsx,120608,,120608,,,EXTRAIDO_DESDE_NOMBRE,ALTA,RESUELTO,120608,Coincidencia exacta y única por nombre
305.0,A,"VIVIENDA, CONSTRUCCION Y SANEAMIENTO","OPMI DEL MINISTERIO DE VIVIENDA, CONSTRUCCION Y SANEAMIENTO",2307065.0,,PROYECTO DE INVERSION,"MEJORAMIENTO, AMPLIACION DEL SERVICIO DE AGUA POTABLE Y SANEAMIENTO DEL CENTRO POBLADO DE TRAPICHILLO Y ANEXOS, DISTRITO DE CUMBA - UTCUBAMBA - AMAZONAS",SANEAMIENTO,SANEAMIENTO,SANEAMIENTO RURAL,9673845,5937123,3281262,3281262.0,0.0,0.0,0.0,Cartera_260824-123814.xlsx,010703,,010703,,,EXTRAIDO_DESDE_NOMBRE,ALTA,RESUELTO,010703,Coincidencia exacta y única por nombre
305.0,A,"VIVIENDA, CONSTRUCCION Y SANEAMIENTO","OPMI DEL MINISTERIO DE VIVIENDA, CONSTRUCCION Y SANEAMIENTO",2200853.0,,PROYECTO DE INVERSION,"AMPLIACION Y MEJORAMIENTO DEL SERVICIO DE AGUA POTABLE E INSTALACION DEL SISTEMA DE SANEAMIENTO BASICO DE LA LOCALIDAD DE CRUCE EL MOLINO , DISTRITO DE HUARANGO - SAN IGNACIO - CAJAMARCA",SANEAMIENTO,SANEAMIENTO,SANEAMIENTO RURAL,4319047,3155083,949985,999265.0,206610.13,0.0,0.0,Cartera_260824-123814.xlsx,060903,,060903,,,EXTRAIDO_DESDE_NOMBRE,ALTA,RESUELTO,060903,Coincidencia exacta y única por nombre
306.0,A,"VIVIENDA, CONSTRUCCION Y SANEAMIENTO","OPMI DEL MINISTERIO DE VIVIENDA, CONSTRUCCION Y SANEAMIENTO",2260173.0,,PROYECTO DE INVERSION,"MEJORAMIENTO Y AMPLIACION DEL SERVICIO DE AGUA POTABLE Y SANEAMIENTO BASICO EN LA COMUNIDAD NATIVA ACOLLA , DISTRITO DE PUERTO BERMUDEZ - OXAPAMPA - PASCO",SANEAMIENTO,SANEAMIENTO RURAL,SANEAMIENTO,3642998,2595008,779694,606144.0,254580.7,0.0,0.0,Cartera_260824-123814.xlsx,190306,,190306,,,EXTRAIDO_DESDE_NOMBRE,ALTA,RESUELTO,190306,Coincidencia exacta y única por nombre
306.0,A,"VIVIENDA, CONSTRUCCION Y SANEAMIENTO","OPMI DEL MINISTERIO DE VIVIENDA, CONSTRUCCION Y SANEAMIENTO",2235730.0,,PROYECTO DE INVERSION,"MEJORAMIENTO Y AMPLIACION DEL SERVICIO DE AGUA POTABLE Y DISPOSICION SANITARIA DE EXCRETAS EN EL CENTRO POBLADO DOS DE MAYO DE ALTO CHENI DEL DISTRITO DE RIO NEGRO, PROVINCIA DE SATIPO, DEPARTAMENTO  JUNIN",SANEAMIENTO,SANEAMIENTO,SANEAMIENTO RURAL,3990524,3602171,109611,175272.0,0.0,0.0,0.0,Cartera_260824-123814.xlsx,120607,,120607,,,EXTRAIDO_DESDE_NOMBRE,ALTA,RESUELTO,120607,Coincidencia exacta y única por nombre
307.0,A,"VIVIENDA, CONSTRUCCION Y SANEAMIENTO","OPMI DEL MINISTERIO DE VIVIENDA, CONSTRUCCION Y SANEAMIENTO",2254850.0,,PROYECTO DE INVERSION,"INSTALACIÓN DE LOS SERVICIOS DE AGUA POTABLE Y DISPOSICION SANITARIA DE EXCRETAS EN EL CENTRO POBLADO DE ALTO KIMIRIKI DISTRITO DE PICHANAQUI, PROVINCIA CHANCHAMAYO, DEPARTAMENTO JUNÍN",SANEAMIENTO,SANEAMIENTO,SANEAMIENTO RURAL,3129858,2267946,677358,265746.0,184553.55,0.0,0.0,Cartera_260824-123814.xlsx,120303,,120303,,,EXTRAIDO_DESDE_NOMBRE,ALTA,RESUELTO,120303,Coincidencia exacta y única por nombre
308.0,B2,"VIVIENDA, CONSTRUCCION Y SANEAMIENTO","OPMI DEL MINISTERIO DE VIVIENDA, CONSTRUCCION Y SANEAMIENTO",2400875.0,,PROYECTO DE INVERSION,"INSTALACION DEL SERVICIO DE AGUA POTABLE Y SANEAMIENTO EN EL CENTRO POBLADO DE LLANCHAMA , DISTRITO DE SAN JUAN BAUTISTA - MAYNAS - LORETO",SANEAMIENTO,SANEAMIENTO,SANEAMIENTO RURAL,5470527,4023603,483254,710854.0,499735.35,0.0,0.0,Cartera_260824-123814.xlsx,,160113,160113,SI,SI,VALIDADO_PMI_POR_CUI,ALTA,RESUELTO,"050110, 160113, 110110",Distrito SAN JUAN BAUTISTA es ambiguo y no se extrajo provincia | Validado por PMI: SAN JUAN BAUTISTA
309.0,A,"VIVIENDA, CONSTRUCCION Y SANEAMIENTO","OPMI DEL MINISTERIO DE VIVIENDA, CONSTRUCCION Y SANEAMIENTO",2308377.0,,PROYECTO DE INVERSION,"AMPLIACION Y MEJORAMIENTO DEL SERVICIO DE AGUA POTABLE Y DISPOSICION SANITARIA DE EXCRETAS EN EL CENTRO POBLADO DE ALTO ANAPATI , DISTRITO DE PANGOA - SATIPO - JUNIN",SANEAMIENTO,SANEAMIENTO,SANEAMIENTO RURAL,3349313,2489460,716815,708944.0,0.0,0.0,0.0,Cartera_260824-123814.xlsx,120606,,120606,,,EXTRAIDO_DESDE_NOMBRE,ALTA,RESUELTO,120606,Coincidencia exacta y única por nombre
309.0,A,"VIVIENDA, CONSTRUCCION Y SANEAMIENTO","OPMI DEL MINISTERIO DE VIVIENDA, CONSTRUCCION Y SANEAMIENTO",2308376.0,,PROYECTO DE INVERSION,"AMPLIACION Y MEJORAMIENTO DEL SERVICIO DE AGUA POTABLE Y SANEAMIENTO DEL CENTRO POBLADO CHINCHANGO, DISTRITO DE JULCAN , PROVINCIA DE JULCAN - LA LIBERTAD",SANEAMIENTO,SANEAMIENTO,SANEAMIENTO RURAL,3076486,2179274,636985,183034.0,714178.09,0.0,0.0,Cartera_260824-123814.xlsx,130501,,130501,,,EXTRAIDO_DESDE_NOMBRE,ALTA,RESUELTO,130501,Coincidencia resuelta usando provincia JULCAN
310.0,A,"VIVIENDA, CONSTRUCCION Y SANEAMIENTO","OPMI DEL MINISTERIO DE VIVIENDA, CONSTRUCCION Y SANEAMIENTO",2201828.0,,PROYECTO DE INVERSION,"INSTALACION DEL SISTEMA DE AGUA POTABLE Y SANEAMIENTO BASICO EN LA LOCALIDAD DE MUCHQUIPATA, DISTRITO DE PANAO, PROVINCIA DE PACHITEA, DEPARTAMENTO DE HUANUCO",SANEAMIENTO,SANEAMIENTO,SANEAMIENTO RURAL,3642649,2864275,778370,343353.0,778374.4,0.0,0.0,Cartera_260824-123814.xlsx,100801,,100801,,,EXTRAIDO_DESDE_NOMBRE,ALTA,RESUELTO,100801,Coincidencia exacta y única por nombre
311.0,A,"VIVIENDA, CONSTRUCCION Y SANEAMIENTO","OPMI DEL MINISTERIO DE VIVIENDA, CONSTRUCCION Y SANEAMIENTO",2591586.0,,PROYECTO DE INVERSION,MEJORAMIENTO Y AMPLIACION DEL SERVICIO DE AGUA POTABLE RURAL Y MEJORAMIENTO Y AMPLIACION DEL SERVICIO DE DISPOSICION SANITARIA DE EXCRETAS EN LA LOCALIDAD DE LA LIBERTAD DEL  DISTRITO DE CHALAMARCA - PROVINCIA DE CHOTA - DEPARTAMENTO DE CAJAMARCA,SANEAMIENTO,SANEAMIENTO RURAL,SANEAMIENTO,7865823,2433614,3747583,1086442.0,0.0,0.0,0.0,Cartera_260824-123814.xlsx,060419,,060419,,,EXTRAIDO_DESDE_NOMBRE,ALTA,RESUELTO,060419,Coincidencia exacta y única por nombre
311.0,B1,"VIVIENDA, CONSTRUCCION Y SANEAMIENTO","OPMI DEL MINISTERIO DE VIVIENDA, CONSTRUCCION Y SANEAMIENTO",2285435.0,,PROYECTO DE INVERSION,"INSTALACION DEL SERVICIO DE AGUA POTABLE Y SANEAMIENTO EN EL CENTRO POBLADO MUCHINGUIS , DISTRITO DE RIO SANTIAGO - CONDORCANQUI - AMAZONAS",SANEAMIENTO,SANEAMIENTO,SANEAMIENTO RURAL,5333710,4562579,215244,95000.0,495947.28,0.0,0.0,Cartera_260824-123814.xlsx,010403,,010403,,,EXTRAIDO_DESDE_NOMBRE,ALTA,RESUELTO,010403,Coincidencia exacta y única por nombre
312.0,B1,"VIVIENDA, CONSTRUCCION Y SANEAMIENTO","OPMI DEL MINISTERIO DE VIVIENDA, CONSTRUCCION Y SANEAMIENTO",2307897.0,,PROYECTO DE INVERSION,"INSTALACION DEL SERVICIO DE AGUA POTABLE Y DISPOSICION SANITARIA DE EXCRETAS EN EL CENTRO POBLADO SANTA FE DE ALTO HUACHIRIKI , DISTRITO DE PICHANAQUI - CHANCHAMAYO - JUNIN",SANEAMIENTO,SANEAMIENTO,SANEAMIENTO RURAL,2996125,2130801,322770,193550.0,542554.43,0.0,0.0,Cartera_260824-123814.xlsx,120303,,120303,,,EXTRAIDO_DESDE_NOMBRE,ALTA,RESUELTO,120303,Coincidencia exacta y única por nombre
312.0,A,"VIVIENDA, CONSTRUCCION Y SANEAMIENTO","OPMI DEL MINISTERIO DE VIVIENDA, CONSTRUCCION Y SANEAMIENTO",2215134.0,,PROYECTO DE INVERSION,"MEJORAMIENTO DEL SISTEMA DE SANEAMIENTO BASICO DE LA LOCALIDAD DE SAN MARCOS, DISTRITO DE UMARI - PACHITEA - HUANUCO",SANEAMIENTO,SANEAMIENTO,SANEAMIENTO RURAL,3897869,2428631,1469238,1236943.0,0.0,0.0,0.0,Cartera_260824-123814.xlsx,100804,,100804,,,EXTRAIDO_DESDE_NOMBRE,ALTA,RESUELTO,100804,Coincidencia exacta y única por nombre
313.0,A,"VIVIENDA, CONSTRUCCION Y SANEAMIENTO","OPMI DEL MINISTERIO DE VIVIENDA, CONSTRUCCION Y SANEAMIENTO",2279630.0,,PROYECTO DE INVERSION,"AMPLIACION Y MEJORAMIENTO DEL SERVICIO DE AGUA POTABLE E INSTALACION DEL SISTEMA DE SANEAMIENTO BASICO DE LA LOCALIDAD DE MONTE GRANDE DE LA CAPILLA , DISTRITO DE HUARANGO - SAN IGNACIO - CAJAMARCA",SANEAMIENTO,SANEAMIENTO,SANEAMIENTO RURAL,3218818,2357485,687798,934557.0,167940.04,0.0,0.0,Cartera_260824-123814.xlsx,060903,,060903,,,EXTRAIDO_DESDE_NOMBRE,ALTA,RESUELTO,060903,Coincidencia exacta y única por nombre
314.0,A,"VIVIENDA, CONSTRUCCION Y SANEAMIENTO","OPMI DEL MINISTERIO DE VIVIENDA, CONSTRUCCION Y SANEAMIENTO",2202910.0,,PROYECTO DE INVERSION,"MEJORAMIENTO Y AMPLIACIÓN DEL SERVICIO DE AGUA POTABLE Y DISPOSICIÓN SANITARIA DE EXCRETAS EN EL CENTRO POBLADO UNION SANTA CRUZ, DISTRITO DE RÍO TAMBO, PROVINCIA DE SATIPO, DEPARTAMENTO DE JUNÍN",SANEAMIENTO,SANEAMIENTO,SANEAMIENTO RURAL,4737405,3477091,986588,852445.0,35783.23,0.0,0.0,Cartera_260824-123814.xlsx,120608,,120608,,,EXTRAIDO_DESDE_NOMBRE,ALTA,RESUELTO,120608,Coincidencia exacta y única por nombre
315.0,A,"VIVIENDA, CONSTRUCCION Y SANEAMIENTO","OPMI DEL MINISTERIO DE VIVIENDA, CONSTRUCCION Y SANEAMIENTO",2235579.0,,PROYECTO DE INVERSION,"AMPLIACION Y MEJORAMIENTO DEL SERVICIO DE AGUA POTABLE Y SANEAMIENTO EN EL CENTRO POBLADO KAYACUSHA, DISTRITO DE NIEVA , PROVINCIA DE CONDORCANQUI - AMAZONAS",SANEAMIENTO,SANEAMIENTO,SANEAMIENTO RURAL,4468798,3213017,1003771,1047396.0,272010.81,0.0,0.0,Cartera_260824-123814.xlsx,010401,,010401,,,EXTRAIDO_DESDE_NOMBRE,ALTA,RESUELTO,010401,Coincidencia exacta y única por nombre
316.0,B1,"VIVIENDA, CONSTRUCCION Y SANEAMIENTO","OPMI DEL MINISTERIO DE VIVIENDA, CONSTRUCCION Y SANEAMIENTO",2198630.0,,PROYECTO DE INVERSION,"INSTALACION DEL SERVICIO DE AGUA POTABLE Y SANEAMIENTO BASICO EN LA LOCALIDAD DE UCUMAYO , DISTRITO DE TABACONAS - SAN IGNACIO - CAJAMARCA",SANEAMIENTO,SANEAMIENTO,SANEAMIENTO RURAL,6864092,1857266,2957657,744979.0,3833263.62,0.0,0.0,Cartera_260824-123814.xlsx,060907,,060907,,,EXTRAIDO_DESDE_NOMBRE,ALTA,RESUELTO,060907,Coincidencia exacta y única por nombre
317.0,A,"VIVIENDA, CONSTRUCCION Y SANEAMIENTO","OPMI DEL MINISTERIO DE VIVIENDA, CONSTRUCCION Y SANEAMIENTO",2251076.0,,PROYECTO DE INVERSION,"AMPLIACION Y MEJORAMIENTO DEL SERVICIO DE AGUA POTABLE E INSTALACION DEL SISTEMA DE SANEAMIENTO BASICO DE LA LOCALIDAD DE CARMEN CAUTIVO , DISTRITO DE TABACONAS - SAN IGNACIO - CAJAMARCA",SANEAMIENTO,SANEAMIENTO,SANEAMIENTO RURAL,8098825,2061534,2854533,569906.0,4454999.96,0.0,0.0,Cartera_260824-123814.xlsx,060907,,060907,,,EXTRAIDO_DESDE_NOMBRE,ALTA,RESUELTO,060907,Coincidencia exacta y única por nombre
318.0,A,"VIVIENDA, CONSTRUCCION Y SANEAMIENTO","OPMI DEL MINISTERIO DE VIVIENDA, CONSTRUCCION Y SANEAMIENTO",2400127.0,,PROYECTO DE INVERSION,"MEJORAMIENTO Y AMPLIACION DE LOS SERVICIOS DE AGUA POTABLE Y UNIDAD BASICA DE SANEAMIENTO (UBS) EN EL CENTRO POBLADO DE MONTEHUASI, CENTRO POBLADO DE USHUMAYO PAMPA Y CENTRO POBLADO DE PICAHUAY - DISTRITO DE UMARI - PROVINCIA DE PACHITEA - REGIÓN HUANUCO",SANEAMIENTO,SANEAMIENTO,SANEAMIENTO RURAL,19186777,12771869,6414908,6333730.0,0.0,0.0,0.0,Cartera_260824-123814.xlsx,100804,,100804,,,EXTRAIDO_DESDE_NOMBRE,ALTA,RESUELTO,100804,Coincidencia exacta y única por nombre
318.0,A,"VIVIENDA, CONSTRUCCION Y SANEAMIENTO","OPMI DEL MINISTERIO DE VIVIENDA, CONSTRUCCION Y SANEAMIENTO",2279030.0,,PROYECTO DE INVERSION,"MEJORAMIENTO Y AMPLIACION DEL SERVICIO DE AGUA POTABLE Y DISPOSICION SANITARIA DE EXCRETAS EN EL CENTRO POBLADO SAN MIGUEL DE AUTIKI , DISTRITO DE PICHANAQUI - CHANCHAMAYO - JUNIN",SANEAMIENTO,SANEAMIENTO,SANEAMIENTO RURAL,2938034,2099333,633951,49797.0,590903.17,0.0,0.0,Cartera_260824-123814.xlsx,120303,,120303,,,EXTRAIDO_DESDE_NOMBRE,ALTA,RESUELTO,120303,Coincidencia exacta y única por nombre
319.0,A,"VIVIENDA, CONSTRUCCION Y SANEAMIENTO","OPMI DEL MINISTERIO DE VIVIENDA, CONSTRUCCION Y SANEAMIENTO",2510335.0,,PROYECTO DE INVERSION,"CREACION Y MEJORAMIENTO DEL SISTEMA DE AGUA POTABLE Y SANEAMIENTO BASICO RURAL EN LAS LOCALIDADES DE MAYURA, LECCLESPAMPA, PALLCCA, ACLLAHUASI, PARCCORA, ESPINCO,  ARCCACC Y MURUCHUPAMPA DEL  DISTRITO DE OCROS - PROVINCIA DE HUAMANGA - DEPARTAMENTO DE AYACUCHO",SANEAMIENTO,SANEAMIENTO,SANEAMIENTO RURAL,15344653,8610455,6520870,6520870.0,0.0,0.0,0.0,Cartera_260824-123814.xlsx,050106,,050106,,,EXTRAIDO_DESDE_NOMBRE,ALTA,RESUELTO,050106,Coincidencia resuelta usando provincia HUAMANGA
319.0,A,"VIVIENDA, CONSTRUCCION Y SANEAMIENTO","OPMI DEL MINISTERIO DE VIVIENDA, CONSTRUCCION Y SANEAMIENTO",2279178.0,,PROYECTO DE INVERSION,"AMPLIACION Y MEJORAMIENTO DEL SERVICIO DE AGUA POTABLE Y SANEAMIENTO EN EL CENTRO POBLADO YUJAGKIN (SAVIENTSA) , DISTRITO DE RIO SANTIAGO - CONDORCANQUI - AMAZONAS",SANEAMIENTO,SANEAMIENTO,SANEAMIENTO RURAL,4497077,3410205,1007524,960227.0,63120.4,0.0,0.0,Cartera_260824-123814.xlsx,010403,,010403,,,EXTRAIDO_DESDE_NOMBRE,ALTA,RESUELTO,010403,Coincidencia exacta y única por nombre
320.0,A,"VIVIENDA, CONSTRUCCION Y SANEAMIENTO","OPMI DEL MINISTERIO DE VIVIENDA, CONSTRUCCION Y SANEAMIENTO",2274126.0,,PROYECTO DE INVERSION,"AMPLIACION Y MEJORAMIENTO DE LOS SERVICIOS DE AGUA POTABLE Y DISPOSICION SANITARIA DE EXCRETAS EN EL CENTRO POBLADO MATERIATO, DISTRITO DE MAZAMARI, PROVINCIA DE SATIPO, DEPARTAMENTO DE JUNIN",SANEAMIENTO,SANEAMIENTO,SANEAMIENTO RURAL,3305619,2493628,754409,168332.0,33016.9,0.0,0.0,Cartera_260824-123814.xlsx,120604,,120604,,,EXTRAIDO_DESDE_NOMBRE,ALTA,RESUELTO,120604,Coincidencia exacta y única por nombre
320.0,A,"VIVIENDA, CONSTRUCCION Y SANEAMIENTO","OPMI DEL MINISTERIO DE VIVIENDA, CONSTRUCCION Y SANEAMIENTO",2399287.0,,PROYECTO DE INVERSION,"MEJORAMIENTO DEL SERVICIO DE AGUA POTABLE Y SANEAMIENTO EN LOS CASERIOS DE TARNIHUAL, MARISCAL CASTILLA,PANGO, LA LIBERTAD, TAMBILLO, SURUPAMPA Y CENTRO POBLADO DE SAN JUAN DE LLUGON - DISTRITO DE OTUZCO - PROVINCIA DE OTUZCO - REGIÓN LA LIBERTAD",SANEAMIENTO,SANEAMIENTO,SANEAMIENTO RURAL,32163621,18505196,13648344,13648344.0,0.0,0.0,0.0,Cartera_260824-123814.xlsx,130601,,130601,,,EXTRAIDO_DESDE_NOMBRE,ALTA,RESUELTO,130601,Coincidencia exacta y única por nombre
321.0,A,"VIVIENDA, CONSTRUCCION Y SANEAMIENTO","OPMI DEL MINISTERIO DE VIVIENDA, CONSTRUCCION Y SANEAMIENTO",2325008.0,,PROGRAMA DE INVERSION,"MODERNIZACIÓN DE LA PRESTACIÓN DE LOS SERVICIOS DE AGUA POTABLE Y SANEAMIENTO EN LAS EPS EMAPACOP, SEDACUSCO, SEDAPAR, SEMAPA BARRANCA, EMAPA HUACHO Y EMAPA HUARAL",SANEAMIENTO,SANEAMIENTO,SANEAMIENTO URBANO,109333482,101894424,2605710,835415.0,0.0,0.0,0.0,Cartera_260824-123814.xlsx,,,,NO,NO,FALLIDO,BAJA,REVISAR_CONFLICTO,,"No se detectó patrón ""DISTRITO DE"" en el nombre | Datos PMI no cruzaron con GPKG (- TODOS - - - TODOS -)"
321.0,B1,"VIVIENDA, CONSTRUCCION Y SANEAMIENTO","OPMI DEL MINISTERIO DE VIVIENDA, CONSTRUCCION Y SANEAMIENTO",2235267.0,,PROYECTO DE INVERSION,INSTALACIÓN DE LOS SERVICIOS DE AGUA POTABLE Y DISPOSICION SANITARIA DE EXCRETAS EN EL CENTRO POBLADO DE TRES AGUAS DISTRITO DE PICHANAQUI- CHANCHAMAYO - JUNIN,SANEAMIENTO,SANEAMIENTO,SANEAMIENTO RURAL,2899698,1433873,1307325,192140.0,1273684.98,0.0,0.0,Cartera_260824-123814.xlsx,,120303,120303,SI,SI,VALIDADO_PMI_POR_CUI,ALTA,RESUELTO,,Distrito PICHANAQUI- CHANCHAMAYO no encontrado en GPKG | Validado por PMI: PICHANAQUI
322.0,B1,"VIVIENDA, CONSTRUCCION Y SANEAMIENTO","OPMI DEL MINISTERIO DE VIVIENDA, CONSTRUCCION Y SANEAMIENTO",2202933.0,,PROYECTO DE INVERSION,INSTALACIÓN DE LOS SERVICIOS DE AGUA POTABLE Y DISPOSICION SANITARIA DE EXCRETAS EN EL CENTRO POBLADO DE MAGONARI DISTRITO DE PICHANAQUI- CHANCHAMAYO - JUNIN,SANEAMIENTO,SANEAMIENTO,SANEAMIENTO RURAL,3410333,2446994,219703,80795.0,743636.26,0.0,0.0,Cartera_260824-123814.xlsx,,120303,120303,SI,SI,VALIDADO_PMI_POR_CUI,ALTA,RESUELTO,,Distrito PICHANAQUI- CHANCHAMAYO no encontrado en GPKG | Validado por PMI: PICHANAQUI
322.0,B0,"VIVIENDA, CONSTRUCCION Y SANEAMIENTO","OPMI DEL MINISTERIO DE VIVIENDA, CONSTRUCCION Y SANEAMIENTO",2531358.0,,PROYECTO DE INVERSION,"CREACION DEL SERVICIO DE AGUA POTABLE Y SANEAMIENTO DE LAS LOCALIDADES EL CHIDO, LA QUINUA, EL VEINTISIETE Y LAS PAMPAS  DISTRITO DE FLORIDA - PROVINCIA DE BONGARA - DEPARTAMENTO DE AMAZONAS",SANEAMIENTO,SANEAMIENTO,SANEAMIENTO RURAL,13363372,6977708,5031780,5031780.0,0.0,0.0,0.0,Cartera_260824-123814.xlsx,010306,,010306,,,EXTRAIDO_DESDE_NOMBRE,ALTA,RESUELTO,010306,Coincidencia exacta y única por nombre
323.0,A,"VIVIENDA, CONSTRUCCION Y SANEAMIENTO","OPMI DEL MINISTERIO DE VIVIENDA, CONSTRUCCION Y SANEAMIENTO",2255694.0,,PROYECTO DE INVERSION,"MEJORAMIENTO Y AMPLIACIÓN DEL SERVICIO DE AGUA POTABLE Y DISPOSICIÓN SANITARIA DE EXCRETAS EN LA COMUNIDAD NATIVA DE PAUTI, DISTRITO DE RAYMONDI, PROVINCIA DE ATALAYA, DEPARTAMENTO DE UCAYALI",SANEAMIENTO,SANEAMIENTO,SANEAMIENTO RURAL,3073225,2259110,732889,183984.0,100000.0,530131.0,0.0,Cartera_260824-123814.xlsx,,,,NO,NO,FALLIDO,BAJA,REVISAR_CONFLICTO,,Distrito RAYMONDI no encontrado en GPKG | Datos PMI no cruzaron con GPKG (RAYMONDI - ATALAYA)
324.0,A,"VIVIENDA, CONSTRUCCION Y SANEAMIENTO","OPMI DEL MINISTERIO DE VIVIENDA, CONSTRUCCION Y SANEAMIENTO",2437353.0,,PROYECTO DE INVERSION,MEJORAMIENTO Y AMPLIACION DEL SISTEMA DE AGUA POTABLE Y CREACIÓN DE UNIDADES DE SANEAMIENTO BÁSICO RURAL EN LOS CASERÍOS DE JAULABAMBA Y INCHACA DEL DISTRITO DE QUIRUVILCA - PROVINCIA DE SANTIAGO DE CHUCO - DEPARTAMENTO DE LA LIBERTAD,SANEAMIENTO,SANEAMIENTO,SANEAMIENTO RURAL,7517681,3213968,4303713,2216306.0,0.0,0.0,0.0,Cartera_260824-123814.xlsx,131006,,131006,,,EXTRAIDO_DESDE_NOMBRE,ALTA,RESUELTO,131006,Coincidencia exacta y única por nombre
324.0,B1,"VIVIENDA, CONSTRUCCION Y SANEAMIENTO","OPMI DEL MINISTERIO DE VIVIENDA, CONSTRUCCION Y SANEAMIENTO",2235563.0,,PROYECTO DE INVERSION,"INSTALACION DE LOS SISTEMAS DE AGUA POTABLE Y SANEAMIENTO PARA EL CENTRO POBLADO DE KUYUNTZA , DISTRITO DE ANDOAS - DATEM DEL MARANON - LORETO",SANEAMIENTO,SANEAMIENTO,SANEAMIENTO RURAL,14792501,4336934,1985616,3500000.0,6620227.43,0.0,0.0,Cartera_260824-123814.xlsx,160706,,160706,,,EXTRAIDO_DESDE_NOMBRE,ALTA,RESUELTO,160706,Coincidencia exacta y única por nombre
325.0,A,"VIVIENDA, CONSTRUCCION Y SANEAMIENTO","OPMI DEL MINISTERIO DE VIVIENDA, CONSTRUCCION Y SANEAMIENTO",2280521.0,,PROYECTO DE INVERSION,"AMPLIACION Y MEJORAMIENTO DEL SERVICIO DE AGUA POTABLE E INSTALACION DEL SISTEMA DE SANEAMIENTO BASICO EN LA COMUNIDAD NATIVA DE EL PORVENIR , DISTRITO DE PANGOA - SATIPO - JUNIN",SANEAMIENTO,SANEAMIENTO,SANEAMIENTO RURAL,4256540,3180349,974050,539393.0,75234.06,0.0,0.0,Cartera_260824-123814.xlsx,120606,,120606,,,EXTRAIDO_DESDE_NOMBRE,ALTA,RESUELTO,120606,Coincidencia exacta y única por nombre
326.0,A,"VIVIENDA, CONSTRUCCION Y SANEAMIENTO","OPMI DEL MINISTERIO DE VIVIENDA, CONSTRUCCION Y SANEAMIENTO",2455710.0,,PROYECTO DE INVERSION,MEJORAMIENTO Y AMPLIACION DEL SERVICIO DE AGUA POTABLE Y CREACIÓN  DE DISPOSICIÓN SANITARIA DE EXCRETAS EN LAS 4 LOCALIDADES DEL DISTRITO DE MARGOS - PROVINCIA DE HUANUCO - DEPARTAMENTO DE HUANUCO,SANEAMIENTO,SANEAMIENTO,SANEAMIENTO RURAL,16855644,9046276,7809369,7809369.0,0.0,0.0,0.0,Cartera_260824-123814.xlsx,100105,,100105,,,EXTRAIDO_DESDE_NOMBRE,ALTA,RESUELTO,100105,Coincidencia exacta y única por nombre
326.0,B1,"VIVIENDA, CONSTRUCCION Y SANEAMIENTO","OPMI DEL MINISTERIO DE VIVIENDA, CONSTRUCCION Y SANEAMIENTO",2200342.0,,PROYECTO DE INVERSION,"MEJORAMIENTO Y AMPLIACION DEL SERVICIO DE AGUA POTABLE Y DISPOSICION SANITARIA DE EXCRETAS EN LA COMUNIDAD NATIVA DE HUAO, DISTRITO DE RAYMONDI, PROVINCIA DE ATALAYA, DEPARTAMENTO DE UCAYALI",SANEAMIENTO,SANEAMIENTO,SANEAMIENTO RURAL,3515701,2607263,131000,684166.0,110088.49,0.0,0.0,Cartera_260824-123814.xlsx,,,,NO,NO,FALLIDO,BAJA,REVISAR_CONFLICTO,,Distrito RAYMONDI no encontrado en GPKG | Datos PMI no cruzaron con GPKG (RAYMONDI - ATALAYA)
327.0,B1,"VIVIENDA, CONSTRUCCION Y SANEAMIENTO","OPMI DEL MINISTERIO DE VIVIENDA, CONSTRUCCION Y SANEAMIENTO",2235569.0,,PROYECTO DE INVERSION,"INSTALACION DEL SERVICIO DE AGUA POTABLE Y DISPOSICION SANITARIA DE EXCRETAS EN EL CENTRO POBLADO SAN JOSE DE SHORI , DISTRITO DE PICHANAQUI - CHANCHAMAYO - JUNIN",SANEAMIENTO,SANEAMIENTO,SANEAMIENTO RURAL,3585194,2596647,491525,396764.0,497022.36,0.0,0.0,Cartera_260824-123814.xlsx,120303,,120303,,,EXTRAIDO_DESDE_NOMBRE,ALTA,RESUELTO,120303,Coincidencia exacta y única por nombre
328.0,A,"VIVIENDA, CONSTRUCCION Y SANEAMIENTO","OPMI DEL MINISTERIO DE VIVIENDA, CONSTRUCCION Y SANEAMIENTO",2198629.0,,PROYECTO DE INVERSION,"AMPLIACION Y MEJORAMIENTO DEL SERVICIO DE AGUA POTABLE E INSTALACION DEL SISTEMA DE SANEAMIENTO BASICO DE LA LOCALIDAD DE LINDEROS , DISTRITO DE TABACONAS - SAN IGNACIO - CAJAMARCA",SANEAMIENTO,SANEAMIENTO,SANEAMIENTO RURAL,4499163,3556836,935325,11701.0,7001.26,0.0,0.0,Cartera_260824-123814.xlsx,060907,,060907,,,EXTRAIDO_DESDE_NOMBRE,ALTA,RESUELTO,060907,Coincidencia exacta y única por nombre
329.0,A,"VIVIENDA, CONSTRUCCION Y SANEAMIENTO","OPMI DEL MINISTERIO DE VIVIENDA, CONSTRUCCION Y SANEAMIENTO",2235334.0,,PROYECTO DE INVERSION,"AMPLIACION Y MEJORAMIENTO DEL SERVICIO DE AGUA POTABLE E INSTALACION DEL SISTEMA DE SANEAMIENTO BASICO DE LA LOCALIDAD DE URUMBA ALTO , DISTRITO DE TABACONAS - SAN IGNACIO - CAJAMARCA",SANEAMIENTO,SANEAMIENTO RURAL,SANEAMIENTO,2282838,154326,0,0.0,161071.57,0.0,0.0,Cartera_260824-123814.xlsx,060907,,060907,,,EXTRAIDO_DESDE_NOMBRE,ALTA,RESUELTO,060907,Coincidencia exacta y única por nombre
330.0,B1,"VIVIENDA, CONSTRUCCION Y SANEAMIENTO","OPMI DEL MINISTERIO DE VIVIENDA, CONSTRUCCION Y SANEAMIENTO",2299942.0,,PROYECTO DE INVERSION,"CREACION DEL SERVICIO DE AGUA POTABLE Y DISPOSICION SANITARIA DE EXCRETAS EN LOS SECTORES QUIÑONES Y MAMANI DEL CENTRO POBLADO SICUYANI, DISTRITO DE ZEPITA, PROVINCIA DE CHUCUITO, DEPARTAMENTO DE PUNO",SANEAMIENTO,SANEAMIENTO,SANEAMIENTO RURAL,4905038,3851356,569185,129238.0,87973.65,0.0,0.0,Cartera_260824-123814.xlsx,210407,,210407,,,EXTRAIDO_DESDE_NOMBRE,ALTA,RESUELTO,210407,Coincidencia exacta y única por nombre
331.0,A,"VIVIENDA, CONSTRUCCION Y SANEAMIENTO","OPMI DEL MINISTERIO DE VIVIENDA, CONSTRUCCION Y SANEAMIENTO",2251609.0,,PROYECTO DE INVERSION,"AMPLIACION Y MEJORAMIENTO DEL SERVICIO DE AGUA POTABLE E INSTALACION DEL SERVICIO DE DISPOSICION SANITARIA DE EXCRETAS EN EL CENTRO POBLADO DE SAN JUAN DE KIHATE , DISTRITO DE RIO TAMBO - SATIPO - JUNIN",SANEAMIENTO,SANEAMIENTO,SANEAMIENTO RURAL,4186865,3134335,839656,839656.0,212874.36,0.0,0.0,Cartera_260824-123814.xlsx,120608,,120608,,,EXTRAIDO_DESDE_NOMBRE,ALTA,RESUELTO,120608,Coincidencia exacta y única por nombre
332.0,B1,"VIVIENDA, CONSTRUCCION Y SANEAMIENTO","OPMI DEL MINISTERIO DE VIVIENDA, CONSTRUCCION Y SANEAMIENTO",2235266.0,,PROYECTO DE INVERSION,"INSTALACIÓN DE LOS SERVICIOS DE AGUA POTABLE Y DISPOSICION SANITARIA DE EXCRETAS EN EL CENTRO POBLADO DE UNIÓN PROGRESO DISTRITO DE PICHANAQUI, PROVINCIA CHANCHAMAYO, DEPARTAMENTO JUNÍN",SANEAMIENTO,SANEAMIENTO,SANEAMIENTO RURAL,2605649,1894187,564321,214377.0,147140.59,0.0,0.0,Cartera_260824-123814.xlsx,120303,,120303,,,EXTRAIDO_DESDE_NOMBRE,ALTA,RESUELTO,120303,Coincidencia exacta y única por nombre
333.0,A,"VIVIENDA, CONSTRUCCION Y SANEAMIENTO","OPMI DEL MINISTERIO DE VIVIENDA, CONSTRUCCION Y SANEAMIENTO",2250947.0,,PROYECTO DE INVERSION,"AMPLIACION Y MEJORAMIENTO DE LOS SISTEMAS DE AGUA POTABLE Y SANEAMIENTO DEL CASERIO SAN MARTIN, DISTRITO DE CUMBA, PROVINCIA DE UTCUBAMBA, DEPARTAMENTO DE AMAZONAS",SANEAMIENTO,SANEAMIENTO,SANEAMIENTO RURAL,7952496,2365679,2312969,1068423.0,2768828.9,0.0,0.0,Cartera_260824-123814.xlsx,010703,,010703,,,EXTRAIDO_DESDE_NOMBRE,ALTA,RESUELTO,010703,Coincidencia exacta y única por nombre
334.0,A,"VIVIENDA, CONSTRUCCION Y SANEAMIENTO","OPMI DEL MINISTERIO DE VIVIENDA, CONSTRUCCION Y SANEAMIENTO",2202916.0,,PROYECTO DE INVERSION,"AMPLIACION Y MEJORAMIENTO DEL SERVICIO DE AGUA POTABLE E INSTALACION DEL SISTEMA DE SANEAMIENTO BASICO EN LA LOCALIDAD DE UNION CUBARO , DISTRITO DE MAZAMARI - SATIPO - JUNIN",SANEAMIENTO,SANEAMIENTO,SANEAMIENTO RURAL,3881433,2828820,155501,58101.0,178791.01,0.0,0.0,Cartera_260824-123814.xlsx,120604,,120604,,,EXTRAIDO_DESDE_NOMBRE,ALTA,RESUELTO,120604,Coincidencia exacta y única por nombre
335.0,A,"VIVIENDA, CONSTRUCCION Y SANEAMIENTO","OPMI DEL MINISTERIO DE VIVIENDA, CONSTRUCCION Y SANEAMIENTO",2235601.0,,PROYECTO DE INVERSION,"AMPLIACION Y MEJORAMIENTO DEL SERVICIO DE AGUA POTABLE E INSTALACION DEL SANEAMIENTO BASICO DE LA LOCALIDAD DE CEIBAL , DISTRITO DE FRIAS - AYABACA - PIURA",SANEAMIENTO,SANEAMIENTO,SANEAMIENTO RURAL,3691978,2755779,783197,783197.0,153001.67,0.0,0.0,Cartera_260824-123814.xlsx,200202,,200202,,,EXTRAIDO_DESDE_NOMBRE,ALTA,RESUELTO,200202,Coincidencia exacta y única por nombre
336.0,A,"VIVIENDA, CONSTRUCCION Y SANEAMIENTO","OPMI DEL MINISTERIO DE VIVIENDA, CONSTRUCCION Y SANEAMIENTO",2235424.0,,PROYECTO DE INVERSION,"MEJORAMIENTO Y AMPLIACION DEL SERVICIO DE AGUA POTABLE E INSTALACIÓN DE LA DISPOSICIÓN SANITARIA DE EXCRETAS Y DE AGUAS GRISES DE LA COMUNIDAD NATIVA BICHANAK, DISTRITO DE IMAZA, PROVINCIA DE BAGUA, DEPARTAMENTO AMAZONAS",SANEAMIENTO,SANEAMIENTO RURAL,SANEAMIENTO,3195288,1254977,207227,250987.0,1689324.0,0.0,0.0,Cartera_260824-123814.xlsx,010205,,010205,,,EXTRAIDO_DESDE_NOMBRE,ALTA,RESUELTO,010205,Coincidencia exacta y única por nombre
337.0,B1,"VIVIENDA, CONSTRUCCION Y SANEAMIENTO","OPMI DEL MINISTERIO DE VIVIENDA, CONSTRUCCION Y SANEAMIENTO",2235416.0,,PROYECTO DE INVERSION,"INSTALACION DE LOS SERVICIOS DE AGUA POTABLE, DISPOSICIÓN SANITARIA DE EXCRETAS Y DE AGUAS GRISES EN LA COMUNIDAD NATIVA DE DUSHID, DISTRITO DE IMAZA, PROVINCIA DE BAGUA, DEPARTAMENTO DE AMAZONAS",SANEAMIENTO,SANEAMIENTO,SANEAMIENTO RURAL,5418648,571113,1868651,2218391.0,2629144.99,0.0,0.0,Cartera_260824-123814.xlsx,010205,,010205,,,EXTRAIDO_DESDE_NOMBRE,ALTA,RESUELTO,010205,Coincidencia exacta y única por nombre
338.0,A,"VIVIENDA, CONSTRUCCION Y SANEAMIENTO","OPMI DEL MINISTERIO DE VIVIENDA, CONSTRUCCION Y SANEAMIENTO",2235607.0,,PROYECTO DE INVERSION,"AMPLIACION Y MEJORAMIENTO DEL SERVICIO DE AGUA POTABLE E INSTALACION DEL SANEAMIENTO BASICO EN LA LOCALIDAD DE LAS MERCEDES, DISTRITO DE TABACONAS, PROVINCIA DE SAN IGNACIO, DEPARTAMENTO DE CAJAMARCA",SANEAMIENTO,SANEAMIENTO,SANEAMIENTO RURAL,4201084,3300634,840022,34860.0,16927.86,0.0,0.0,Cartera_260824-123814.xlsx,060907,,060907,,,EXTRAIDO_DESDE_NOMBRE,ALTA,RESUELTO,060907,Coincidencia exacta y única por nombre
339.0,A,"VIVIENDA, CONSTRUCCION Y SANEAMIENTO","OPMI DEL MINISTERIO DE VIVIENDA, CONSTRUCCION Y SANEAMIENTO",2235284.0,,PROYECTO DE INVERSION,"AMPLIACIÓN Y MEJORAMIENTO DEL SERVICIO DE AGUA POTABLE Y SANEAMIENTO BASICO EN LA LOCALIDAD DE SAN PABLO DE QUIMOTARI, DISTRITO DE PANGOA - SATIPO - JUNIN",SANEAMIENTO,SANEAMIENTO,SANEAMIENTO RURAL,4276057,3305113,933097,204611.0,102112.15,0.0,0.0,Cartera_260824-123814.xlsx,120606,,120606,,,EXTRAIDO_DESDE_NOMBRE,ALTA,RESUELTO,120606,Coincidencia exacta y única por nombre
340.0,A,"VIVIENDA, CONSTRUCCION Y SANEAMIENTO","OPMI DEL MINISTERIO DE VIVIENDA, CONSTRUCCION Y SANEAMIENTO",2202919.0,,PROYECTO DE INVERSION,"INSTALACION DEL SERVICIO DE AGUA POTABLE Y SANEAMIENTO EN EL CENTRO POBLADO AITAM , DISTRITO DE RIO SANTIAGO - CONDORCANQUI - AMAZONAS",SANEAMIENTO,SANEAMIENTO,SANEAMIENTO RURAL,4486984,3442911,989852,871489.0,31840.98,0.0,0.0,Cartera_260824-123814.xlsx,010403,,010403,,,EXTRAIDO_DESDE_NOMBRE,ALTA,RESUELTO,010403,Coincidencia exacta y única por nombre
341.0,A,"VIVIENDA, CONSTRUCCION Y SANEAMIENTO","OPMI DEL MINISTERIO DE VIVIENDA, CONSTRUCCION Y SANEAMIENTO",2235565.0,,PROYECTO DE INVERSION,"MEJORAMIENTO Y AMPLIACIÓN DEL SERVICIO DE AGUA POTABLE E INSTALACIÓN DE DISPOSICION SANITARIA DE EXCRETAS EN EL CENTRO POBLADO DE CENTRO PUMPURIANI, DISTRITO DE PERENE, PROVINCIA CHANCHAMAYO, REGIÓN JUNIN",SANEAMIENTO,SANEAMIENTO,SANEAMIENTO RURAL,2624576,1934074,462305,480305.0,210196.51,0.0,0.0,Cartera_260824-123814.xlsx,120302,,120302,,,EXTRAIDO_DESDE_NOMBRE,ALTA,RESUELTO,120302,Coincidencia exacta y única por nombre
342.0,B1,"VIVIENDA, CONSTRUCCION Y SANEAMIENTO","OPMI DEL MINISTERIO DE VIVIENDA, CONSTRUCCION Y SANEAMIENTO",2303939.0,,PROYECTO DE INVERSION,"AMPLIACION Y MEJORAMIENTO DEL SERVICIO DE AGUA POTABLE E INSTALACION DE LOS SERVICIOS DE DISPOSICION SANITARIA DE EXCRETAS, ALCANTARILLADO Y TRATAMIENTO DE AGUAS RESIDUALES EN EL CENTRO POBLADO DE CENTRO CUBARO , DISTRITO DE MAZAMARI - SATIPO - JUNIN",SANEAMIENTO,SANEAMIENTO,SANEAMIENTO RURAL,4316527,2323750,153925,153925.0,1838852.01,0.0,0.0,Cartera_260824-123814.xlsx,120604,,120604,,,EXTRAIDO_DESDE_NOMBRE,ALTA,RESUELTO,120604,Coincidencia exacta y única por nombre
343.0,A,"VIVIENDA, CONSTRUCCION Y SANEAMIENTO","OPMI DEL MINISTERIO DE VIVIENDA, CONSTRUCCION Y SANEAMIENTO",2261092.0,,PROYECTO DE INVERSION,"MEJORAMIENTO Y AMPLIACION DE LOS SERVICIOS DE AGUA POTABLE Y SANEAMIENTO EN LA LOCALIDAD DE ALLANGA BAJA, DISTRITO DE CUTERVO, PROVINCIA DE CUTERVO - DEPARTAMENTO DE CAJAMARCA",SANEAMIENTO,SANEAMIENTO,SANEAMIENTO RURAL,4195529,3192787,899310,899310.0,103431.81,0.0,0.0,Cartera_260824-123814.xlsx,060601,,060601,,,EXTRAIDO_DESDE_NOMBRE,ALTA,RESUELTO,060601,Coincidencia exacta y única por nombre
344.0,A,"VIVIENDA, CONSTRUCCION Y SANEAMIENTO","OPMI DEL MINISTERIO DE VIVIENDA, CONSTRUCCION Y SANEAMIENTO",2286683.0,,PROYECTO DE INVERSION,"AMPLIACION Y MEJORAMIENTO DEL SERVICIO DE AGUA POTABLE E INSTALACION DEL SISTEMA DE DISPOSICION SANITARIA DE EXCRETAS, ALCANTARILLADO Y TRATAMIENTO DE AGUAS RESIDUALES EN LA COMUNIDAD NATIVA DE MAPITAMI, DISTRITO MAZAMARI, PROVINCIA SATIPO, DEPARTAMENTO DE JUNIN",SANEAMIENTO,SANEAMIENTO,SANEAMIENTO RURAL,2686627,1932799,553515,167817.0,79054.21,0.0,0.0,Cartera_260824-123814.xlsx,,120604,120604,SI,SI,VALIDADO_PMI_POR_CUI,ALTA,RESUELTO,,"No se detectó patrón ""DISTRITO DE"" en el nombre | Validado por PMI: MAZAMARI"
345.0,A,"VIVIENDA, CONSTRUCCION Y SANEAMIENTO","OPMI DEL MINISTERIO DE VIVIENDA, CONSTRUCCION Y SANEAMIENTO",2328479.0,,PROYECTO DE INVERSION,"MEJORAMIENTO, AMPLIACION DEL SERVICIO DE AGUA POTABLE Y SANEAMIENTO EN LA COMUNIDAD NATIVA SABALOYACU, DISTRITO DE ANDOAS, PROVINCIA DEL DATEM DEL MARAÑÓN, REGIÓN LORETO",SANEAMIENTO,SANEAMIENTO,SANEAMIENTO RURAL,3889933,2074916,1367834,1280214.0,310342.56,0.0,0.0,Cartera_260824-123814.xlsx,160706,,160706,,,EXTRAIDO_DESDE_NOMBRE,ALTA,RESUELTO,160706,Coincidencia exacta y única por nombre
346.0,A,"VIVIENDA, CONSTRUCCION Y SANEAMIENTO","OPMI DEL MINISTERIO DE VIVIENDA, CONSTRUCCION Y SANEAMIENTO",2334145.0,,PROYECTO DE INVERSION,"AMPLIACION Y MEJORAMIENTO DEL SERVICIO DE AGUA POTABLE E INSTALACION DEL SERVICIO DE DISPOSICION DE ESCRETAS EN LOS CASERIOS DE JAGUAY, CHACAYO Y SAN AGUSTIN, DISTRITO DE SANTO DOMINGO, PROVINCIA DE MORROPON - PIURA",SANEAMIENTO,SANEAMIENTO,SANEAMIENTO RURAL,8218517,5415931,2802586,2802586.0,0.0,0.0,0.0,Cartera_260824-123814.xlsx,200409,,200409,,,EXTRAIDO_DESDE_NOMBRE,ALTA,RESUELTO,200409,Coincidencia exacta y única por nombre
346.0,B2,"VIVIENDA, CONSTRUCCION Y SANEAMIENTO","OPMI DEL MINISTERIO DE VIVIENDA, CONSTRUCCION Y SANEAMIENTO",2400918.0,,PROYECTO DE INVERSION,"INSTALACION DEL SERVICIO DE AGUA POTABLE Y SANEAMIENTO EN LA COMUNIDAD NATIVA DE 20 DE ENERO, DISTRITO DE NAUTA , PROVINCIA DE LORETO - LORETO",SANEAMIENTO,SANEAMIENTO,SANEAMIENTO RURAL,3456688,20864,2911628,2243267.0,367992.17,0.0,0.0,Cartera_260824-123814.xlsx,160301,,160301,,,EXTRAIDO_DESDE_NOMBRE,ALTA,RESUELTO,160301,Coincidencia exacta y única por nombre
347.0,B1,"VIVIENDA, CONSTRUCCION Y SANEAMIENTO","OPMI DEL MINISTERIO DE VIVIENDA, CONSTRUCCION Y SANEAMIENTO",2289946.0,,PROYECTO DE INVERSION,"MEJORAMIENTO Y AMPLIACION DEL SERVICIO DE AGUA POTABLE Y DISPOSICION SANITARIA DE EXCRETAS EN EL CENTRO POBLADO SAN MARCOS , DISTRITO DE RIO TAMBO - SATIPO - JUNIN",SANEAMIENTO,SANEAMIENTO,SANEAMIENTO RURAL,3865110,2884277,909482,800000.0,64274.96,0.0,0.0,Cartera_260824-123814.xlsx,120608,,120608,,,EXTRAIDO_DESDE_NOMBRE,ALTA,RESUELTO,120608,Coincidencia exacta y única por nombre
348.0,A,"VIVIENDA, CONSTRUCCION Y SANEAMIENTO","OPMI DEL MINISTERIO DE VIVIENDA, CONSTRUCCION Y SANEAMIENTO",2254847.0,,PROYECTO DE INVERSION,"MEJORAMIENTO Y AMPLIACION DEL SERVICIO DE AGUA POTABLE Y DISPOSICION SANITARIA DE EXCRETAS EN EL CENTRO POBLADO EL PARAISO, DISTRITO DE RIO NEGRO, PROVINCIA DE SATIPO, DEPARTAMENTO DE JUNIN",SANEAMIENTO,SANEAMIENTO,SANEAMIENTO RURAL,2689602,2048650,593791,287156.0,47160.89,0.0,0.0,Cartera_260824-123814.xlsx,120607,,120607,,,EXTRAIDO_DESDE_NOMBRE,ALTA,RESUELTO,120607,Coincidencia exacta y única por nombre
349.0,A,"VIVIENDA, CONSTRUCCION Y SANEAMIENTO","OPMI DEL MINISTERIO DE VIVIENDA, CONSTRUCCION Y SANEAMIENTO",2251309.0,,PROYECTO DE INVERSION,"INSTALACION DEL SERVICIO DE AGUA POTABLE Y DISPOSICION SANITARIA DE EXCRETAS EN EL CENTRO POBLADO DE TINCARENI , DISTRITO DE RIO TAMBO - SATIPO - JUNIN",SANEAMIENTO,SANEAMIENTO,SANEAMIENTO RURAL,3146812,2094896,897775,914860.0,134441.17,0.0,0.0,Cartera_260824-123814.xlsx,120608,,120608,,,EXTRAIDO_DESDE_NOMBRE,ALTA,RESUELTO,120608,Coincidencia exacta y única por nombre
350.0,A,"VIVIENDA, CONSTRUCCION Y SANEAMIENTO","OPMI DEL MINISTERIO DE VIVIENDA, CONSTRUCCION Y SANEAMIENTO",2263689.0,,PROYECTO DE INVERSION,"AMPLIACION Y MEJORAMIENTO DEL SERVICIO DE AGUA POTABLE E INSTALACION DEL SERVICIO DE DISPOSICION SANITARIA DE EXCRETAS EN EL CENTRO POBLADO DE BUENOS AIRES , DISTRITO DE RIO TAMBO - SATIPO - JUNIN",SANEAMIENTO,SANEAMIENTO,SANEAMIENTO RURAL,2990338,2125093,692044,698722.0,150270.11,0.0,0.0,Cartera_260824-123814.xlsx,120608,,120608,,,EXTRAIDO_DESDE_NOMBRE,ALTA,RESUELTO,120608,Coincidencia exacta y única por nombre
353.0,B1,"VIVIENDA, CONSTRUCCION Y SANEAMIENTO","OPMI DEL MINISTERIO DE VIVIENDA, CONSTRUCCION Y SANEAMIENTO",2090771.0,,PROYECTO DE INVERSION,"CONSTRUCCION SISTEMA DE AGUA POTABLE Y ALCANTARILLADO DE LOS ASENTAMIENTO HUMANOS ALEDAÑOS DE LA CIUDAD DE TINGO MARIA -  DISTRITO RUPA RUPA., PROVINCIA DE LEONCIO PRADO - HUANUCO",SANEAMIENTO,SANEAMIENTO,SANEAMIENTO URBANO,9200580,6865236,45214,2047193.0,288150.95,0.0,0.0,Cartera_260824-123814.xlsx,,100601,,SI,NO,VALIDADO_PMI_POR_CUI,BAJA,REVISAR_CONFLICTO,,"No se detectó patrón ""DISTRITO DE"" en el nombre | Distrito PMI (RUPA-RUPA) no encontrado en nombre de inversión"
356.0,A,"VIVIENDA, CONSTRUCCION Y SANEAMIENTO","OPMI DEL MINISTERIO DE VIVIENDA, CONSTRUCCION Y SANEAMIENTO",2421412.0,,INVERSIONES IOARR,"REMODELACIÓN DE TUBERÍA DE PLÁSTICO HDPE; ADQUISICIÓN DE VÁLVULAS DE CONTROL, MACROMEDIDORES Y VÁLVULA REDUCTORA DE PRESIÓN; EN EL(LA) EPS MOYOBAMBA SRL CON LA SECTORIZACION EN LA LOCALIDAD MOYOBAMBA, DISTRITO DE MOYOBAMBA, PROVINCIA MOYOBAMBA, DEPARTAMENTO SAN MARTIN",SANEAMIENTO,SANEAMIENTO URBANO,SANEAMIENTO,11995520,3454672,8403975,7413328.0,0.0,0.0,0.0,Cartera_260824-123814.xlsx,220101,,220101,,,EXTRAIDO_DESDE_NOMBRE,ALTA,RESUELTO,220101,Coincidencia exacta y única por nombre
357.0,B1,"VIVIENDA, CONSTRUCCION Y SANEAMIENTO","OPMI DEL MINISTERIO DE VIVIENDA, CONSTRUCCION Y SANEAMIENTO",2235251.0,,PROYECTO DE INVERSION,"INSTALACIÓN DE SERVICIO DE AGUA POTABLE Y SANEAMIENTO BÁSICO EN EL CENTRO POBLADO DONCEL, DISTRITO DE SORITOR, PROVINCIA DE MOYOBAMBA, DEPARTAMENTO DE SAN MARTÍN",SANEAMIENTO,SANEAMIENTO,SANEAMIENTO RURAL,11925584,5180395,215959,5354.0,6509371.74,0.0,0.0,Cartera_260824-123814.xlsx,220105,,220105,,,EXTRAIDO_DESDE_NOMBRE,ALTA,RESUELTO,220105,Coincidencia exacta y única por nombre
358.0,B1,"VIVIENDA, CONSTRUCCION Y SANEAMIENTO","OPMI DEL MINISTERIO DE VIVIENDA, CONSTRUCCION Y SANEAMIENTO",2196622.0,,PROYECTO DE INVERSION,"MEJORAMIENTO DEL SERVICIO DE ALCANTARILLADO DE LA LOCALIDAD DE BOCAPAN DEL DISTRITO DE ZORRITOS, PROVINCIA DE CONTRALMIRANTE VILLAR - TUMBES",SANEAMIENTO,SANEAMIENTO,SANEAMIENTO URBANO,8486231,2347372,0,0.0,6138859.39,0.0,0.0,Cartera_260824-123814.xlsx,240201,,240201,,,EXTRAIDO_DESDE_NOMBRE,ALTA,RESUELTO,240201,Coincidencia exacta y única por nombre
360.0,A,"VIVIENDA, CONSTRUCCION Y SANEAMIENTO","OPMI DEL MINISTERIO DE VIVIENDA, CONSTRUCCION Y SANEAMIENTO",2349174.0,,PROYECTO DE INVERSION,MEJORAMIENTO Y AMPLIACION DEL SERVICIO DE AGUA POTABLE Y SANEAMIENTO BASICO EN EL CENTRO POBLADO DE SAN ISIDRO - DISTRITO DE SAN JOSE DE SISA - PROVINCIA DE EL DORADO - REGIÓN SAN MARTIN,SANEAMIENTO,SANEAMIENTO,SANEAMIENTO URBANO,3851899,3453783,398116,397516.0,193045.34,0.0,0.0,Cartera_260824-123814.xlsx,220301,,220301,,,EXTRAIDO_DESDE_NOMBRE,ALTA,RESUELTO,220301,Coincidencia exacta y única por nombre
361.0,B1,"VIVIENDA, CONSTRUCCION Y SANEAMIENTO","OPMI DEL MINISTERIO DE VIVIENDA, CONSTRUCCION Y SANEAMIENTO",2378792.0,,PROYECTO DE INVERSION,"AMPLIACION Y MEJORAMIENTO DEL SERVICIO DE AGUA-MARGEN DERECHA DEL RIO HUATANAY, DISTRITO DE SANTIAGO, PROVINCIA Y DEPARTAMENTO DEL CUSCO",SANEAMIENTO,SANEAMIENTO,SANEAMIENTO URBANO,76587238,42780695,8886412,18360000.0,24744261.76,0.0,0.0,Cartera_260824-123814.xlsx,,080106,080106,SI,SI,VALIDADO_PMI_POR_CUI,ALTA,RESUELTO,"080106, 110111",Distrito SANTIAGO es ambiguo y no se extrajo provincia | Validado por PMI: SANTIAGO
363.0,B1,"VIVIENDA, CONSTRUCCION Y SANEAMIENTO","OPMI DEL MINISTERIO DE VIVIENDA, CONSTRUCCION Y SANEAMIENTO",2317154.0,,PROYECTO DE INVERSION,AMPLIACION DE LOS SISTEMAS DE AGUA POTABLE Y ALCANTARILLADO DEL SECTOR PARAÍSO ALTO - SECTOR 308 II ETAPA - DISTRITO DE VILLA MARÍA DEL TRIUNFO  DISTRITO DE VILLA MARIA DEL TRIUNFO - PROVINCIA DE LIMA - DEPARTAMENTO DE LIMA,SANEAMIENTO,SANEAMIENTO,SANEAMIENTO URBANO,96216585,79782881,8108647,3955805.0,25920105.01,0.0,0.0,Cartera_260824-123814.xlsx,,150143,150143,SI,SI,VALIDADO_PMI_POR_CUI,ALTA,RESUELTO,,Distrito VILLA MARIA DEL TRIUNFO  DISTRITO DE VILLA MARIA DEL TRIUNFO no encontrado en GPKG | Validado por PMI: VILLA MARIA DEL TRIUNFO
366.0,A,"VIVIENDA, CONSTRUCCION Y SANEAMIENTO","OPMI DEL MINISTERIO DE VIVIENDA, CONSTRUCCION Y SANEAMIENTO",2087531.0,,PROYECTO DE INVERSION,REHABILITACIÓN Y AMPLIACIÓN DEL SISTEMA DE AGUA POTABLE Y ALCANTARILLADO DE LA LOCALIDAD DE REQUENA - LORETO,SANEAMIENTO,SANEAMIENTO,SANEAMIENTO URBANO,53156522,28134713,23995810,670735.0,0.0,24351073.0,0.0,Cartera_260824-123814.xlsx,,160501,160501,SI,SI,VALIDADO_PMI_POR_CUI,ALTA,RESUELTO,,"No se detectó patrón ""DISTRITO DE"" en el nombre | Validado por PMI: REQUENA"
367.0,A,"VIVIENDA, CONSTRUCCION Y SANEAMIENTO","OPMI DEL MINISTERIO DE VIVIENDA, CONSTRUCCION Y SANEAMIENTO",2328427.0,,PROYECTO DE INVERSION,"RECUPERACION  DEL SERVICIO DE AGUA POTABLE Y    ALCANTARILLADO EN LA URBANIZACION POPULAR SAN JOSE, DISTRITO DE VEINTISEIS DE OCTUBRE - PIURA - PIURA",SANEAMIENTO,SANEAMIENTO,SANEAMIENTO URBANO,18063397,12017870,2836658,906122.0,3119405.49,0.0,0.0,Cartera_260824-123814.xlsx,200115,,200115,,,EXTRAIDO_DESDE_NOMBRE,ALTA,RESUELTO,200115,Coincidencia exacta y única por nombre
368.0,B1,"VIVIENDA, CONSTRUCCION Y SANEAMIENTO","OPMI DEL MINISTERIO DE VIVIENDA, CONSTRUCCION Y SANEAMIENTO",2150700.0,,PROYECTO DE INVERSION,"REHABILITACION DEL SISTEMA DE AGUA POTABLE Y ALCANTARILLADO EN EL A.H TUPAC AMARU I Y II ETAPA, EN EL DISTRITO DE PIURA, PROVINCIA DE PIURA - PIURA",SANEAMIENTO,SANEAMIENTO URBANO,SANEAMIENTO,12608306,6590299,1297919,637087.0,11557643.87,0.0,0.0,Cartera_260824-123814.xlsx,200101,,200101,,,EXTRAIDO_DESDE_NOMBRE,ALTA,RESUELTO,200101,Coincidencia exacta y única por nombre
369.0,A,"VIVIENDA, CONSTRUCCION Y SANEAMIENTO","OPMI DEL MINISTERIO DE VIVIENDA, CONSTRUCCION Y SANEAMIENTO",2306770.0,,PROYECTO DE INVERSION,"INSTALACION DE REDES COMPLEMENTARIAS DE AGUA POTABLE Y ALCANTARILLADO PARA HABILITACIONES REMANENTES DEL PROY. DE MEJORAMIENTO SANITARIO DE LAS ÁREAS MARGINALES DE LIMA, LOTE 7 Y 10 - DISTRITO DE PUENTE PIEDRA",SANEAMIENTO,SANEAMIENTO,SANEAMIENTO URBANO,41961412,34268240,100000,100000.0,7593171.44,0.0,0.0,Cartera_260824-123814.xlsx,150125,,150125,,,EXTRAIDO_DESDE_NOMBRE,ALTA,RESUELTO,150125,Coincidencia exacta y única por nombre
375.0,D,"VIVIENDA, CONSTRUCCION Y SANEAMIENTO","OPMI DEL MINISTERIO DE VIVIENDA, CONSTRUCCION Y SANEAMIENTO",2090885.0,,PROYECTO DE INVERSION,MEJORAMIENTO Y AMPLIACION DEL SISTEMA DE AGUA POTABLE Y ALCANTARILLADO DE LA LOCALIDAD DE TUCUME  DISTRITO DE TUCUME - PROVINCIA DE LAMBAYEQUE - DEPARTAMENTO DE LAMBAYEQUE,SANEAMIENTO,SANEAMIENTO,SANEAMIENTO URBANO,9669813,1074153,0,0.0,3500000.0,3500000.0,0.0,Cartera_260824-123814.xlsx,140312,,140312,,,EXTRAIDO_DESDE_NOMBRE,ALTA,RESUELTO,140312,Coincidencia exacta y única por nombre
376.0,B2,"VIVIENDA, CONSTRUCCION Y SANEAMIENTO","OPMI DEL MINISTERIO DE VIVIENDA, CONSTRUCCION Y SANEAMIENTO",2107751.0,,PROYECTO DE INVERSION,"AMPLIACION, RENOVACION Y MEJORAMIENTO DEL SISTEMA DE AGUA POTABLE Y ALCANTARILLADO DE LA LOCALIDAD DE CARAVELI",SANEAMIENTO,SANEAMIENTO,SANEAMIENTO URBANO,43577621,32653066,0,0.0,10000000.0,924554.42,0.0,Cartera_260824-123814.xlsx,,040301,040301,SI,SI,VALIDADO_PMI_POR_CUI,ALTA,RESUELTO,,"No se detectó patrón ""DISTRITO DE"" en el nombre | Validado por PMI: CARAVELI"
377.0,B2,"VIVIENDA, CONSTRUCCION Y SANEAMIENTO","OPMI DEL MINISTERIO DE VIVIENDA, CONSTRUCCION Y SANEAMIENTO",2331579.0,,PROYECTO DE INVERSION,"AMPLIACION Y MEJORAMIENTO DE LOS SERVICIOS DE AGUA POTABLE Y SANEAMIENTO DEL DISTRITO DE CHALA, PROVINCIA DE CARAVELI, DEPARTAMENTO DE AREQUIPA",SANEAMIENTO,SANEAMIENTO,SANEAMIENTO URBANO,203026140,127961312,60037740,50554524.0,12612287.0,1837465.95,0.0,Cartera_260824-123814.xlsx,040307,,040307,,,EXTRAIDO_DESDE_NOMBRE,ALTA,RESUELTO,040307,Coincidencia exacta y única por nombre
378.0,B2,"VIVIENDA, CONSTRUCCION Y SANEAMIENTO","OPMI DEL MINISTERIO DE VIVIENDA, CONSTRUCCION Y SANEAMIENTO",2193247.0,,PROYECTO DE INVERSION,"INSTALACION, MEJORAMIENTO DEL SERVICIO DE AGUA POTABLE Y SANEAMIENTO DE 103 CASERIOS, DISTRITO DE HUARMACA - HUANCABAMBA - PIURA",SANEAMIENTO,SANEAMIENTO URBANO,SANEAMIENTO,224504298,53336323,5126532,4118106.0,806675.0,8544761.13,0.0,Cartera_260824-123814.xlsx,200304,,200304,,,EXTRAIDO_DESDE_NOMBRE,ALTA,RESUELTO,200304,Coincidencia exacta y única por nombre
379.0,B2,"VIVIENDA, CONSTRUCCION Y SANEAMIENTO","OPMI DEL MINISTERIO DE VIVIENDA, CONSTRUCCION Y SANEAMIENTO",2286058.0,,PROYECTO DE INVERSION,"AMPLIACION Y MEJORAMIENTO DEL SISTEMA DE AGUA POTABLE Y ALCANTARILLADO SANITARIO DE LOS BARRIOS URBANOS: PATRON SANTIAGO, EL SALVADOR, LOS ALAMOS, WICHAYPAMPA, SEÑOR DE HUANCA Y SAN MARCOS DEL DISTRITO DE CHALLHUAHUACHO, PROVINCIA DE COTABAMBAS, DEPARTAMENTO DE APURIMAC",SANEAMIENTO,SANEAMIENTO,SANEAMIENTO URBANO,105108795,69285054,3770888,13747476.0,23731566.0,1093996.24,0.0,Cartera_260824-123814.xlsx,030506,,030506,,,EXTRAIDO_DESDE_NOMBRE,ALTA,RESUELTO,030506,Coincidencia exacta y única por nombre
380.0,B2,"VIVIENDA, CONSTRUCCION Y SANEAMIENTO","OPMI DEL MINISTERIO DE VIVIENDA, CONSTRUCCION Y SANEAMIENTO",2053284.0,,PROYECTO DE INVERSION,MEJORAMIENTO DE MEDIDAS DE RÁPIDO IMPACTO DE LA ENTIDAD PRESTADORA DE SERVICIOS DE SANEAMIENTO DE JULIACA ¿ EPS SEDAJULIACA S.A. EN LOS DISTRITOS DE JULIACA Y SAN MIGUEL DE LA  PROVINCIA DE SAN ROMAN - DEPARTAMENTO DE PUNO,SANEAMIENTO,SANEAMIENTO,SANEAMIENTO URBANO,150285025,70616727,24556653,24409419.0,36148416.0,24799975.0,0.0,Cartera_260824-123814.xlsx,,,,NO,NO,FALLIDO,BAJA,REVISAR_CONFLICTO,,Múltiples distritos detectados en el nombre | Datos PMI no cruzaron con GPKG (- TODOS - - SAN ROMAN)
381.0,A,"VIVIENDA, CONSTRUCCION Y SANEAMIENTO","OPMI DEL MINISTERIO DE VIVIENDA, CONSTRUCCION Y SANEAMIENTO",2461584.0,62234.0,PROYECTO DE INVERSION,"CREACION DEL SERVICIO DE SISTEMA DE AGUA POTABLE Y SANEAMIENTO BASICO EN LOS C.P. Y SECTOR RURAL DE CARATA, LLACHAHUI, QUEATTA, POJSIN, PUTUCUNI, CANDILE CHINCHE, LLUCO MD Y  COATASI,  DISTRITO DE COATA - PROVINCIA DE PUNO - DEPARTAMENTO DE PUNO",SANEAMIENTO,SANEAMIENTO,SANEAMIENTO RURAL,69810208,45597382,15555044,20255432.0,750000.0,104791.13,0.0,Cartera_260824-123814.xlsx,210107,,210107,,,EXTRAIDO_DESDE_NOMBRE,ALTA,RESUELTO,210107,Coincidencia exacta y única por nombre
382.0,A,"VIVIENDA, CONSTRUCCION Y SANEAMIENTO","OPMI DEL MINISTERIO DE VIVIENDA, CONSTRUCCION Y SANEAMIENTO",2191607.0,,PROYECTO DE INVERSION,"MEJORAMIENTO Y AMPLIACION DEL SERVICIO DE AGUA POTABLE, SERVICIO DE ALCANTARILLADO Y TRATAMIENTO DE AGUAS RESIDUALES EN LA CIUDAD DE TAMBO, DISTRITO DE TAMBO, PROVINCIA DE LA MAR - AYACUCHO",SANEAMIENTO,SANEAMIENTO,SANEAMIENTO RURAL,8670499,7748478,9750,800000.0,154575.83,50000.0,0.0,Cartera_260824-123814.xlsx,050508,,050508,,,EXTRAIDO_DESDE_NOMBRE,ALTA,RESUELTO,050508,Coincidencia resuelta usando provincia LA MAR
383.0,A,"VIVIENDA, CONSTRUCCION Y SANEAMIENTO","OPMI DEL MINISTERIO DE VIVIENDA, CONSTRUCCION Y SANEAMIENTO",2249276.0,,PROYECTO DE INVERSION,"MEJORAMIENTO DEL SERVICIO DE AGUA POTABLE EN EL SECTOR DE LLIPTAMAYO COMUNIDAD DE CCAHUAYA, DISTRITO DE ALTO PICHIGUA - ESPINAR - CUSCO",SANEAMIENTO,SANEAMIENTO,SANEAMIENTO RURAL,10820120,8543525,1620465,2676884.0,100000.0,50000.0,0.0,Cartera_260824-123814.xlsx,080808,,080808,,,EXTRAIDO_DESDE_NOMBRE,ALTA,RESUELTO,080808,Coincidencia exacta y única por nombre
384.0,B2,"VIVIENDA, CONSTRUCCION Y SANEAMIENTO","OPMI DEL MINISTERIO DE VIVIENDA, CONSTRUCCION Y SANEAMIENTO",2474937.0,,PROYECTO DE INVERSION,MEJORAMIENTO Y AMPLIACION DEL SISTEMA DE AGUA POTABLE Y DISPOSICION DE EXCRETAS EN LA LOCALIDAD DE AHUICHANTA DEL DISTRITO DE COLQUEMARCA - PROVINCIA DE CHUMBIVILCAS - DEPARTAMENTO DE CUSCO,SANEAMIENTO,SANEAMIENTO,SANEAMIENTO RURAL,4382758,3781148,35657,10000.0,300804.9,300804.9,0.0,Cartera_260824-123814.xlsx,080704,,080704,,,EXTRAIDO_DESDE_NOMBRE,ALTA,RESUELTO,080704,Coincidencia exacta y única por nombre
385.0,B2,"VIVIENDA, CONSTRUCCION Y SANEAMIENTO","OPMI DEL MINISTERIO DE VIVIENDA, CONSTRUCCION Y SANEAMIENTO",2183864.0,,PROYECTO DE INVERSION,"MEJORAMIENTO Y AMPLIACIÓN DE LOS SERVICIOS DE AGUA POTABLE Y DISPOSICIÓN SANITARIA DE EXCRETAS  DE LA PARCIALIDAD DE IMATA, CENTRO  POBLADO AYRUMAS CARUMAS, DISTRITO DE ACORA, PUNO - PUNO.",SANEAMIENTO,SANEAMIENTO,SANEAMIENTO RURAL,3317370,2846874,0,0.0,70496.21,0.0,0.0,Cartera_260824-123814.xlsx,210102,,210102,,,EXTRAIDO_DESDE_NOMBRE,ALTA,RESUELTO,210102,Coincidencia exacta y única por nombre
386.0,A,"VIVIENDA, CONSTRUCCION Y SANEAMIENTO","OPMI DEL MINISTERIO DE VIVIENDA, CONSTRUCCION Y SANEAMIENTO",2471794.0,,PROYECTO DE INVERSION,"CREACION DEL SERVICIO DE AGUA POTABLE Y DISPOSICIÓN SANITARIA DE EXCRETAS EN LOS SECTORES DE SILLCO, HUALLATANI, ORCCOCHIRI, CHACCOPALLA, SAYWA, HUAMANHUIRI, INTICANCHA, OTAÑA, PILLONE Y NANRAPAMPA DE LA C.C DE CHILLOROYA DEL DISTRITO DE LIVITACA - PROVINCIA DE CHUMBIVILCAS - DEPARTAMENTO DE CUSCO",SANEAMIENTO,SANEAMIENTO,SANEAMIENTO RURAL,10973804,9201246,928293,180000.0,322556.91,50000.0,0.0,Cartera_260824-123814.xlsx,080705,,080705,,,EXTRAIDO_DESDE_NOMBRE,ALTA,RESUELTO,080705,Coincidencia exacta y única por nombre
387.0,B2,"VIVIENDA, CONSTRUCCION Y SANEAMIENTO","OPMI DEL MINISTERIO DE VIVIENDA, CONSTRUCCION Y SANEAMIENTO",2403498.0,,PROYECTO DE INVERSION,MEJORAMIENTO Y AMPLIACION DE LOS SISTEMAS DE AGUA POTABLE Y ALCANTARILLADO DE LOS SECTORES 318 Y 323 - 5TO TERRITORIO -  DISTRITO DE VILLA EL SALVADOR - PROVINCIA DE LIMA - DEPARTAMENTO DE LIMA,SANEAMIENTO,SANEAMIENTO,SANEAMIENTO URBANO,244092128,183273442,19819620,0.0,20499532.96,20499532.95,0.0,Cartera_260824-123814.xlsx,150142,,150142,,,EXTRAIDO_DESDE_NOMBRE,ALTA,RESUELTO,150142,Coincidencia exacta y única por nombre
388.0,B1,"VIVIENDA, CONSTRUCCION Y SANEAMIENTO","OPMI DEL MINISTERIO DE VIVIENDA, CONSTRUCCION Y SANEAMIENTO",2421285.0,,PROYECTO DE INVERSION,"MEJORAMIENTO DEL SERVICIO DE AGUA POTABLE Y ALCANTARILLADO EN LAS ETAPAS I, II, III Y IV DE LA URB. PIURA, ETAPAS I Y II DE LA URB. LOS FICUS Y URB. LAS MALVINAS DEL DISTRITO DE PIURA - PROVINCIA DE PIURA - DEPARTAMENTO DE PIURA",SANEAMIENTO,SANEAMIENTO,SANEAMIENTO URBANO,20911980,2308535,1989456,771405.0,0.0,0.0,0.0,Cartera_260824-123814.xlsx,200101,,200101,,,EXTRAIDO_DESDE_NOMBRE,ALTA,RESUELTO,200101,Coincidencia exacta y única por nombre
388.0,B1,"VIVIENDA, CONSTRUCCION Y SANEAMIENTO","OPMI DEL MINISTERIO DE VIVIENDA, CONSTRUCCION Y SANEAMIENTO",2511637.0,,PROYECTO DE INVERSION,"MEJORAMIENTO Y AMPLIACION DEL SERVICIO DE AGUA POTABLE RURAL Y DISPOSICIÓN SANITARIA DE EXCRETAS DEL CENTRO POBLADO GRANADILLA ,PALMITO(SECTOR 3) Y ALTO PALMITO(SECTOR 1 Y SECTOR 2) DEL DISTRITO DE CALQUIS - PROVINCIA DE SAN MIGUEL - DEPARTAMENTO DE CAJAMARCA",SANEAMIENTO,SANEAMIENTO,SANEAMIENTO RURAL,5617998,2939679,2677144,2675398.0,0.0,0.0,0.0,Cartera_260824-123814.xlsx,061103,,061103,,,EXTRAIDO_DESDE_NOMBRE,ALTA,RESUELTO,061103,Coincidencia exacta y única por nombre
389.0,A,"VIVIENDA, CONSTRUCCION Y SANEAMIENTO","OPMI DEL MINISTERIO DE VIVIENDA, CONSTRUCCION Y SANEAMIENTO",2519776.0,,PROYECTO DE INVERSION,MEJORAMIENTO Y AMPLIACION DEL SERVICIO DE AGUA POTABLE Y SANEAMIENTO EN LOS CASERIOS DE LAS PALMERAS Y EL VERDE DEL DISTRITO DE TACABAMBA - PROVINCIA DE CHOTA - DEPARTAMENTO DE CAJAMARCA,SANEAMIENTO,SANEAMIENTO RURAL,SANEAMIENTO,6845005,5141525,1703480,250377.0,0.0,0.0,0.0,Cartera_260824-123814.xlsx,060417,,060417,,,EXTRAIDO_DESDE_NOMBRE,ALTA,RESUELTO,060417,Coincidencia exacta y única por nombre
389.0,B2,"VIVIENDA, CONSTRUCCION Y SANEAMIENTO","OPMI DEL MINISTERIO DE VIVIENDA, CONSTRUCCION Y SANEAMIENTO",2307775.0,,PROYECTO DE INVERSION,"INSTALACION DEL SERVICIO DE AGUA POTABLE Y SANEAMIENTO DE LA COMUNIDAD NATIVA DE SAN ANTONIO, DISTRITO DE BALSAPUERTO, PROVINCIA DE ALTO AMAZONAS, DEPARTAMENTO DE LORETO",SANEAMIENTO,SANEAMIENTO RURAL,SANEAMIENTO,5530243,2196334,1218249,1306459.0,1200000.0,827450.32,0.0,Cartera_260824-123814.xlsx,160202,,160202,,,EXTRAIDO_DESDE_NOMBRE,ALTA,RESUELTO,160202,Coincidencia exacta y única por nombre
390.0,Z,"VIVIENDA, CONSTRUCCION Y SANEAMIENTO","OPMI DEL MINISTERIO DE VIVIENDA, CONSTRUCCION Y SANEAMIENTO",2503107.0,,PROYECTO DE INVERSION,"MEJORAMIENTO Y AMPLIACION DEL SERVICIO DE AGUA POTABLE Y SANEAMIENTO DE LAS LOCALIDADES DE PUCHUDEN, NUEVO TUMAN Y NUEVO CAJAMARCA DEL DISTRITO DE YAUYUCAN - PROVINCIA DE SANTA CRUZ - DEPARTAMENTO DE CAJAMARCA",SANEAMIENTO,SANEAMIENTO,SANEAMIENTO RURAL,11114765,5727319,5387446,5296006.0,0.0,0.0,0.0,Cartera_260824-123814.xlsx,061311,,061311,,,EXTRAIDO_DESDE_NOMBRE,ALTA,RESUELTO,061311,Coincidencia exacta y única por nombre
390.0,B2,"VIVIENDA, CONSTRUCCION Y SANEAMIENTO","OPMI DEL MINISTERIO DE VIVIENDA, CONSTRUCCION Y SANEAMIENTO",2202937.0,,PROYECTO DE INVERSION,"AMPLIACION Y MEJORAMIENTO DEL SERVICIO DE AGUA POTABLE E INSTALACION DEL SANEAMIENTO EN LA LOCALIDAD DE HUICHUD, DISTRITO DE CUTERVO , PROVINCIA DE CUTERVO - CAJAMARCA",SANEAMIENTO,SANEAMIENTO,SANEAMIENTO RURAL,7518082,1873826,4245566,1156954.0,1542499.84,0.0,0.0,Cartera_260824-123814.xlsx,060601,,060601,,,EXTRAIDO_DESDE_NOMBRE,ALTA,RESUELTO,060601,Coincidencia exacta y única por nombre
391.0,B2,"VIVIENDA, CONSTRUCCION Y SANEAMIENTO","OPMI DEL MINISTERIO DE VIVIENDA, CONSTRUCCION Y SANEAMIENTO",2279292.0,,PROYECTO DE INVERSION,"INSTALACION DEL SERVICIO DE AGUA POTABLE Y DISPOSICION SANITARIA DE EXCRETAS EN EL CENTRO POBLADO DE SAN JOSE DE YANAYACU , DISTRITO DE HUIMBAYOC - SAN MARTIN - SAN MARTIN",SANEAMIENTO,SANEAMIENTO,SANEAMIENTO RURAL,10766700,266420,990751,170000.0,173744.78,10156535.72,0.0,Cartera_260824-123814.xlsx,220907,,220907,,,EXTRAIDO_DESDE_NOMBRE,ALTA,RESUELTO,220907,Coincidencia exacta y única por nombre
391.0,A,"VIVIENDA, CONSTRUCCION Y SANEAMIENTO","OPMI DEL MINISTERIO DE VIVIENDA, CONSTRUCCION Y SANEAMIENTO",2592913.0,,PROYECTO DE INVERSION,CREACION DEL SERVICIO DE DRENAJE PLUVIAL EN LA LOCALIDAD DE ESTANCIA   DISTRITO DE TABALOSOS DE LA PROVINCIA DE LAMAS DEL DEPARTAMENTO DE SAN MARTIN,SANEAMIENTO,SANEAMIENTO,SANEAMIENTO URBANO,7397447,6363035,852967,837967.0,0.0,0.0,0.0,Cartera_260824-123814.xlsx,,220510,220510,SI,SI,VALIDADO_PMI_POR_CUI,ALTA,RESUELTO,,Distrito TABALOSOS DE no encontrado en GPKG | Validado por PMI: TABALOSOS
392.0,A,"VIVIENDA, CONSTRUCCION Y SANEAMIENTO","OPMI DEL MINISTERIO DE VIVIENDA, CONSTRUCCION Y SANEAMIENTO",2340712.0,,PROYECTO DE INVERSION,"MEJORAMIENTO Y AMPLIACION DE LOS SERVICIOS DE AGUA POTABLE E INSTALACION DE LOS SERVICIOS DE SANEAMIENTO EN LA LOCALIDADES DE GUENAYHUILCA, MAYNAS, LAGSI, HUANCAYLO Y GORGOR, DISTRITO DE MARIAS - DOS DE MAYO - HUANUCO",SANEAMIENTO,SANEAMIENTO,SANEAMIENTO RURAL,21403313,11496117,9857996,9857996.0,49200.0,0.0,0.0,Cartera_260824-123814.xlsx,100311,,100311,,,EXTRAIDO_DESDE_NOMBRE,ALTA,RESUELTO,100311,Coincidencia exacta y única por nombre
393.0,B2,"VIVIENDA, CONSTRUCCION Y SANEAMIENTO","OPMI DEL MINISTERIO DE VIVIENDA, CONSTRUCCION Y SANEAMIENTO",2270997.0,,PROYECTO DE INVERSION,"MEJORAMIENTO Y AMPLIACION DE LOS SERVICIOS DE AGUA POTABLE Y SANEAMIENTO DEL CENTRO POBLADO DE PUMACHANCA , DISTRITO DE OLLACHEA - CARABAYA - PUNO",SANEAMIENTO,SANEAMIENTO,SANEAMIENTO RURAL,9136631,7021457,10000,10000.0,1057587.13,1057587.12,0.0,Cartera_260824-123814.xlsx,210308,,210308,,,EXTRAIDO_DESDE_NOMBRE,ALTA,RESUELTO,210308,Coincidencia exacta y única por nombre
394.0,A,"VIVIENDA, CONSTRUCCION Y SANEAMIENTO","OPMI DEL MINISTERIO DE VIVIENDA, CONSTRUCCION Y SANEAMIENTO",2344329.0,,PROYECTO DE INVERSION,AMPLIACION Y MEJORAMIENTO DEL SISTEMA DE AGUA POTABLE Y ALCANTARILLADO PARA EL ESQUEMA SAN JUAN DE AMANCAES - DISTRITO RIMAC,SANEAMIENTO,SANEAMIENTO,SANEAMIENTO URBANO,144363944,112229969,12341700,12341700.0,13166308.59,7227549.6,0.0,Cartera_260824-123814.xlsx,,150128,150128,SI,SI,VALIDADO_PMI_POR_CUI,ALTA,RESUELTO,,"No se detectó patrón ""DISTRITO DE"" en el nombre | Validado por PMI: RIMAC"
395.0,B2,"VIVIENDA, CONSTRUCCION Y SANEAMIENTO","OPMI DEL MINISTERIO DE VIVIENDA, CONSTRUCCION Y SANEAMIENTO",2189495.0,,PROYECTO DE INVERSION,"MEJORAMIENTO Y AMPLIACION DEL SERVICIO DE AGUA POTABLE Y DISPOSICION SANITARIA DE EXCRETAS EN LOS SECTORES FARIPIÑA, VILACAYA, PUCARA Y CAUSILLUMA DE LA COMUNIDAD CAMPESINA HUACASUMA, DISTRITO HUACULLANI - CHUCUITO - PUNO",SANEAMIENTO,SANEAMIENTO,SANEAMIENTO RURAL,10148951,6979680,2243577,586783.0,100000.0,48299.22,0.0,Cartera_260824-123814.xlsx,,210403,210403,SI,SI,VALIDADO_PMI_POR_CUI,ALTA,RESUELTO,,"No se detectó patrón ""DISTRITO DE"" en el nombre | Validado por PMI: HUACULLANI"
396.0,B1,"VIVIENDA, CONSTRUCCION Y SANEAMIENTO","OPMI DEL MINISTERIO DE VIVIENDA, CONSTRUCCION Y SANEAMIENTO",2307922.0,,PROYECTO DE INVERSION,"AMPLIACION Y MEJORAMIENTO DEL SERVICIO DE AGUA POTABLE E INSTALACION DEL SANEAMIENTO DE LA LOCALIDAD DE LIBERTAD , DISTRITO DE TIGRE - LORETO - LORETO",SANEAMIENTO,SANEAMIENTO,SANEAMIENTO RURAL,7412535,6480003,649613,791853.0,393510.26,393510.25,0.0,Cartera_260824-123814.xlsx,160303,,160303,,,EXTRAIDO_DESDE_NOMBRE,ALTA,RESUELTO,160303,Coincidencia exacta y única por nombre
397.0,B2,"VIVIENDA, CONSTRUCCION Y SANEAMIENTO","OPMI DEL MINISTERIO DE VIVIENDA, CONSTRUCCION Y SANEAMIENTO",2235556.0,,PROYECTO DE INVERSION,"INSTALACION DE LOS SISTEMAS DE AGUA POTABLE Y SANEAMIENTO PARA EL CENTRO POBLADO DE CHARUPA, DISTRITO DE PASTAZA - DATEM DEL MARANON - LORETO",SANEAMIENTO,SANEAMIENTO,SANEAMIENTO RURAL,3061793,116254,0,0.0,995713.0,1074112.66,0.0,Cartera_260824-123814.xlsx,160705,,160705,,,EXTRAIDO_DESDE_NOMBRE,ALTA,RESUELTO,160705,Coincidencia exacta y única por nombre
398.0,B1,"VIVIENDA, CONSTRUCCION Y SANEAMIENTO","OPMI DEL MINISTERIO DE VIVIENDA, CONSTRUCCION Y SANEAMIENTO",2284326.0,,PROYECTO DE INVERSION,"AMPLIACION Y MEJORAMIENTO DEL SERVICIO DE AGUA POTABLE E INSTALACION DEL SANEAMIENTO DE LA LOCALIDAD DE 28 DE JULIO , DISTRITO DE TIGRE - LORETO - LORETO",SANEAMIENTO,SANEAMIENTO,SANEAMIENTO RURAL,10904796,158998,0,0.0,4893617.0,2097264.43,0.0,Cartera_260824-123814.xlsx,160303,,160303,,,EXTRAIDO_DESDE_NOMBRE,ALTA,RESUELTO,160303,Coincidencia exacta y única por nombre
399.0,B2,"VIVIENDA, CONSTRUCCION Y SANEAMIENTO","OPMI DEL MINISTERIO DE VIVIENDA, CONSTRUCCION Y SANEAMIENTO",2332565.0,,PROYECTO DE INVERSION,"MEJORAMIENTO Y AMPLIACIÓN DEL SERVICIO DE AGUA POTABLE Y SANEAMIENTO EN LA CC.NN DE SAN JOSÉ DE NUEVA ESPERANZA DISTRITO DE TROMPETEROS, PROVINCIA DE LORETO, REGIÓN DE LORETO",SANEAMIENTO,SANEAMIENTO,SANEAMIENTO RURAL,2385958,196310,18000,18000.0,295766.9,0.0,0.0,Cartera_260824-123814.xlsx,160304,,160304,,,EXTRAIDO_DESDE_NOMBRE,ALTA,RESUELTO,160304,Coincidencia exacta y única por nombre
400.0,B2,"VIVIENDA, CONSTRUCCION Y SANEAMIENTO","OPMI DEL MINISTERIO DE VIVIENDA, CONSTRUCCION Y SANEAMIENTO",2186040.0,,PROYECTO DE INVERSION,"MEJORAMIENTO Y AMPLIACIÓN DE LOS  SERVICIOS DE AGUA POTABLE Y DISPOSICIÓN SANITARIA DE EXCRETAS DE LA COMUNIDAD  CAMPESINA DE CALAPAMPA, DISTRITO DE ASILLO, AZÁNGARO-PUNO",SANEAMIENTO,SANEAMIENTO,SANEAMIENTO RURAL,4253099,3806523,0,0.0,66575.36,0.0,0.0,Cartera_260824-123814.xlsx,210204,,210204,,,EXTRAIDO_DESDE_NOMBRE,ALTA,RESUELTO,210204,Coincidencia exacta y única por nombre
401.0,B2,"VIVIENDA, CONSTRUCCION Y SANEAMIENTO","OPMI DEL MINISTERIO DE VIVIENDA, CONSTRUCCION Y SANEAMIENTO",2332562.0,,PROYECTO DE INVERSION,"MEJORAMIENTO Y AMPLIACIÓN DEL SERVICIO DE AGUA POTABLE Y SANEAMIENTO EN LA CC.NN NUEVA JERUSALÉN DISTRITO DE TROMPETEROS, PROVINCIA DE LORETO, REGIÓN DE LORETO",SANEAMIENTO,SANEAMIENTO,SANEAMIENTO RURAL,6883091,6057161,0,10000.0,412964.83,412964.82,0.0,Cartera_260824-123814.xlsx,160304,,160304,,,EXTRAIDO_DESDE_NOMBRE,ALTA,RESUELTO,160304,Coincidencia exacta y única por nombre
402.0,A,"VIVIENDA, CONSTRUCCION Y SANEAMIENTO","OPMI DEL MINISTERIO DE VIVIENDA, CONSTRUCCION Y SANEAMIENTO",2198268.0,,PROYECTO DE INVERSION,"AMPLIACION Y MEJORAMIENTO DE LOS SISTEMAS DE AGUA POTABLE Y SANEAMIENTO DEL CASERIO CHALLUAYACU , DISTRITO DE CUMBA - UTCUBAMBA - AMAZONAS",SANEAMIENTO,SANEAMIENTO,SANEAMIENTO RURAL,7660760,6371115,279938,1046047.0,50000.0,0.0,0.0,Cartera_260824-123814.xlsx,010703,,010703,,,EXTRAIDO_DESDE_NOMBRE,ALTA,RESUELTO,010703,Coincidencia exacta y única por nombre
403.0,B2,"VIVIENDA, CONSTRUCCION Y SANEAMIENTO","OPMI DEL MINISTERIO DE VIVIENDA, CONSTRUCCION Y SANEAMIENTO",2272048.0,,PROYECTO DE INVERSION,"AMPLIACION Y MEJORAMIENTO DEL SERVICIO DE AGUA POTABLE E INSTALACION DEL SANEAMIENTO DE LA LOCALIDAD DE BELEN , DISTRITO DE TIGRE - LORETO - LORETO",SANEAMIENTO,SANEAMIENTO,SANEAMIENTO RURAL,6378789,117878,0,0.0,5338658.0,593184.03,0.0,Cartera_260824-123814.xlsx,160303,,160303,,,EXTRAIDO_DESDE_NOMBRE,ALTA,RESUELTO,160303,Coincidencia exacta y única por nombre
404.0,A,"VIVIENDA, CONSTRUCCION Y SANEAMIENTO","OPMI DEL MINISTERIO DE VIVIENDA, CONSTRUCCION Y SANEAMIENTO",2307925.0,,PROYECTO DE INVERSION,"AMPLIACION Y MEJORAMIENTO DEL SERVICIO DE AGUA POTABLE E INSTALACION DE LOS SERVICIOS DE DISPOSICION SANITARIA DE EXCRETAS, ALCANTARILLADO Y TRATAMIENTO DE AGUAS RESIDUALES EN EL CENTRO POBLADO DE SANTA ROSITA , DISTRITO DE PAMPA HERMOSA - SATIPO - JUNIN",SANEAMIENTO,SANEAMIENTO,SANEAMIENTO RURAL,3615245,2714373,845913,373818.0,34916.55,0.0,0.0,Cartera_260824-123814.xlsx,,120605,120605,SI,SI,VALIDADO_PMI_POR_CUI,ALTA,RESUELTO,"120605, 160604",Distrito PAMPA HERMOSA es ambiguo y no se extrajo provincia | Validado por PMI: PAMPA HERMOSA
405.0,B2,"VIVIENDA, CONSTRUCCION Y SANEAMIENTO","OPMI DEL MINISTERIO DE VIVIENDA, CONSTRUCCION Y SANEAMIENTO",2286685.0,,PROYECTO DE INVERSION,"MEJORAMIENTO Y AMPLIACION DE LOS SERVICIOS DE AGUA POTABLE Y DISPOSICION SANITARIA DE EXCRETAS DE LA LOCALIDAD DE COTATAQUI , DISTRITO DE PISAC - CALCA - CUSCO",SANEAMIENTO,SANEAMIENTO,SANEAMIENTO RURAL,3101301,2150700,694407,1811621.0,256194.71,0.0,0.0,Cartera_260824-123814.xlsx,080405,,080405,,,EXTRAIDO_DESDE_NOMBRE,ALTA,RESUELTO,080405,Coincidencia exacta y única por nombre
406.0,A,"VIVIENDA, CONSTRUCCION Y SANEAMIENTO","OPMI DEL MINISTERIO DE VIVIENDA, CONSTRUCCION Y SANEAMIENTO",2284329.0,,PROYECTO DE INVERSION,"MEJORAMIENTO Y AMPLIACION DEL SERVICIO DE AGUA POTABLE Y DISPOSICION DE EXCRETAS DE LA LOCALIDAD PORVENIR DEL NORTE , DISTRITO DE ALONSO DE ALVARADO - LAMAS - SAN MARTIN",SANEAMIENTO,SANEAMIENTO RURAL,SANEAMIENTO,2472360,187101,0,0.0,181884.46,0.0,0.0,Cartera_260824-123814.xlsx,220502,,220502,,,EXTRAIDO_DESDE_NOMBRE,ALTA,RESUELTO,220502,Coincidencia exacta y única por nombre
407.0,B2,"VIVIENDA, CONSTRUCCION Y SANEAMIENTO","OPMI DEL MINISTERIO DE VIVIENDA, CONSTRUCCION Y SANEAMIENTO",2200343.0,,PROYECTO DE INVERSION,"MEJORAMIENTO Y AMPLIACION  DEL SERVICIO DE AGUA POTABLE Y SANEAMIENTO EN EL CENTRO POBLADO SANTA ROSA DE MASISEA, DISTRITO DE MASISEA, PROVINCIA DE CORONEL PORTILLO, UCAYALI",SANEAMIENTO,SANEAMIENTO,SANEAMIENTO RURAL,5062825,3167862,5250,1450537.0,348421.79,50000.0,0.0,Cartera_260824-123814.xlsx,250104,,250104,,,EXTRAIDO_DESDE_NOMBRE,ALTA,RESUELTO,250104,Coincidencia exacta y única por nombre
407.0,Z,"VIVIENDA, CONSTRUCCION Y SANEAMIENTO","OPMI DEL MINISTERIO DE VIVIENDA, CONSTRUCCION Y SANEAMIENTO",2236681.0,,PROYECTO DE INVERSION,"MEJORAMIENTO, AMPLIACION DE LOS SERVICIOS DE AGUA POTABLE Y SANEAMIENTO DE LA LOCALIDAD DE CHINCHAYPUJIO, DISTRITO DE CHINCHAYPUJIO, PROVINCIA DE ANTA - CUSCO",SANEAMIENTO,SANEAMIENTO,SANEAMIENTO RURAL,11038551,9626183,247021,247021.0,0.0,0.0,0.0,Cartera_260824-123814.xlsx,080304,,080304,,,EXTRAIDO_DESDE_NOMBRE,ALTA,RESUELTO,080304,Coincidencia exacta y única por nombre
408.0,B2,"VIVIENDA, CONSTRUCCION Y SANEAMIENTO","OPMI DEL MINISTERIO DE VIVIENDA, CONSTRUCCION Y SANEAMIENTO",2187528.0,,PROYECTO DE INVERSION,"INSTALACION DE LOS SISTEMAS DE AGUA POTABLE Y DISPOSICION SANITARIA DE EXCRETAS DE LA COMUNIDAD CAMPESINA DE CAPARAYA, DISTRITO DE HUANCANE, HUANCANE - PUNO",SANEAMIENTO,SANEAMIENTO,SANEAMIENTO RURAL,2965424,2654055,0,0.0,30000.0,81369.55,0.0,Cartera_260824-123814.xlsx,210601,,210601,,,EXTRAIDO_DESDE_NOMBRE,ALTA,RESUELTO,210601,Coincidencia exacta y única por nombre
409.0,A,"VIVIENDA, CONSTRUCCION Y SANEAMIENTO","OPMI DEL MINISTERIO DE VIVIENDA, CONSTRUCCION Y SANEAMIENTO",2287082.0,,PROYECTO DE INVERSION,"AMPLIACION Y MEJORAMIENTO DEL SERVICIO DE AGUA POTABLE E INSTALACION DEL SERVICIO DE SANEAMIENTO DEL CENTRO POBLADO RURAL DE NUEVO PIZANA , DISTRITO DE POLVORA - TOCACHE - SAN MARTIN",SANEAMIENTO,SANEAMIENTO,SANEAMIENTO RURAL,2668289,204784,0,0.0,279186.38,0.0,0.0,Cartera_260824-123814.xlsx,221003,,221003,,,EXTRAIDO_DESDE_NOMBRE,ALTA,RESUELTO,221003,Coincidencia exacta y única por nombre
410.0,B2,"VIVIENDA, CONSTRUCCION Y SANEAMIENTO","OPMI DEL MINISTERIO DE VIVIENDA, CONSTRUCCION Y SANEAMIENTO",2170994.0,,PROYECTO DE INVERSION,"INSTALACION DEL SERVICIO DE AGUA POTABLE Y SANEAMIENTO BASICO DE LA LOCALIDAD DE UNION CCANO, DISTRITO DE COLCABAMBA, PROVINCIA DE TAYACAJA, REGION HUANCAVELICA",SANEAMIENTO,SANEAMIENTO,SANEAMIENTO RURAL,1604521,1437156,0,0.0,30000.0,37364.7,0.0,Cartera_260824-123814.xlsx,090705,,090705,,,EXTRAIDO_DESDE_NOMBRE,ALTA,RESUELTO,090705,Coincidencia resuelta usando provincia TAYACAJA
410.0,A,"VIVIENDA, CONSTRUCCION Y SANEAMIENTO","OPMI DEL MINISTERIO DE VIVIENDA, CONSTRUCCION Y SANEAMIENTO",2397220.0,,PROYECTO DE INVERSION,MEJORAMIENTO Y AMPLIACION DEL SERVICIO  DE AGUA POTABLE Y CREACIÓN DEL SERVICIO DE SANEAMIENTO EN EL CENTRO POBLADO DE QUILCAYHUARIN - DISTRITO DE CHORAS - PROVINCIA DE YAROWILCA - REGIÓN HUANUCO,SANEAMIENTO,SANEAMIENTO RURAL,SANEAMIENTO,2285139,751048,1549091,1465840.0,0.0,0.0,0.0,Cartera_260824-123814.xlsx,101108,,101108,,,EXTRAIDO_DESDE_NOMBRE,ALTA,RESUELTO,101108,Coincidencia exacta y única por nombre
411.0,A,"VIVIENDA, CONSTRUCCION Y SANEAMIENTO","OPMI DEL MINISTERIO DE VIVIENDA, CONSTRUCCION Y SANEAMIENTO",2189446.0,,PROYECTO DE INVERSION,"AMPLIACION Y MEJORAMIENTO DEL SERVICIO DE AGUA POTABLE Y DISPOSICION SANITARIA DE EXCRETAS EN LAS PARCIALIDADES DE QUIMBALITA Y CONCEPCION INGENIO, DISTRITO DE HUACULLANI - CHUCUITO - PUNO",SANEAMIENTO,SANEAMIENTO,SANEAMIENTO RURAL,2895673,2528536,8900,10000.0,35000.0,32137.63,0.0,Cartera_260824-123814.xlsx,210403,,210403,,,EXTRAIDO_DESDE_NOMBRE,ALTA,RESUELTO,210403,Coincidencia exacta y única por nombre
412.0,B2,"VIVIENDA, CONSTRUCCION Y SANEAMIENTO","OPMI DEL MINISTERIO DE VIVIENDA, CONSTRUCCION Y SANEAMIENTO",2235263.0,,PROYECTO DE INVERSION,"MEJORAMIENTO Y AMPLIACIÓN DEL SERVICIO DE AGUA POTABLE E INSTALACIÓN DE DISPOSICION SANITARIA DE EXCRETAS EN EL CENTRO POBLADO DE PUCUSANI DISTRITO DE PERENE, PROVINCIA CHANCHAMAYO, DEPARTAMENTO JUNÍN",SANEAMIENTO,SANEAMIENTO,SANEAMIENTO RURAL,5518280,1837437,136593,3305990.0,1118351.2,1118351.19,0.0,Cartera_260824-123814.xlsx,120302,,120302,,,EXTRAIDO_DESDE_NOMBRE,ALTA,RESUELTO,120302,Coincidencia exacta y única por nombre
413.0,B2,"VIVIENDA, CONSTRUCCION Y SANEAMIENTO","OPMI DEL MINISTERIO DE VIVIENDA, CONSTRUCCION Y SANEAMIENTO",2252768.0,,PROYECTO DE INVERSION,"AMPLIACION Y MEJORAMIENTO DE LOS SISTEMAS DE AGUA POTABLE Y SANEAMIENTO DEL CASERIO SAN RAMON ALTO, DISTRITO DE HUABAL - JAEN - CAJAMARCA",SANEAMIENTO,SANEAMIENTO,SANEAMIENTO RURAL,5011418,215490,1222607,1718174.0,3067329.76,906592.19,0.0,Cartera_260824-123814.xlsx,060805,,060805,,,EXTRAIDO_DESDE_NOMBRE,ALTA,RESUELTO,060805,Coincidencia exacta y única por nombre
414.0,B2,"VIVIENDA, CONSTRUCCION Y SANEAMIENTO","OPMI DEL MINISTERIO DE VIVIENDA, CONSTRUCCION Y SANEAMIENTO",2305055.0,,PROYECTO DE INVERSION,"AMPLIACION Y MEJORAMIENTO DEL SERVICIO DE AGUA POTABLE E INSTALACION DEL ALCANTARILLADO SANITARIO EN EL CENTRO POBLADO DE CUBANTIA, DISTRITO DE PANGOA, PROVINCIAL DE SATIPO, DEPARTAMENTO DE JUNIN",SANEAMIENTO,SANEAMIENTO,SANEAMIENTO RURAL,13999126,224282,3371331,1220708.0,436053.55,11731003.33,0.0,Cartera_260824-123814.xlsx,120606,,120606,,,EXTRAIDO_DESDE_NOMBRE,ALTA,RESUELTO,120606,Coincidencia exacta y única por nombre
415.0,A,"VIVIENDA, CONSTRUCCION Y SANEAMIENTO","OPMI DEL MINISTERIO DE VIVIENDA, CONSTRUCCION Y SANEAMIENTO",2189486.0,,PROYECTO DE INVERSION,"MEJORAMIENTO Y AMPLIACION DEL SERVICIO DE AGUA POTABLE Y DISPOSICION SANITARIA DE EXCRETAS EN LOS SECTORES CHOCCÑAPAMPA BAJO Y POCOAQUI DE LA COMUNIDAD CAMPESINA HUAPACA SANTIAGO, DISTRITO POMATA - CHUCUITO - PUNO",SANEAMIENTO,SANEAMIENTO,SANEAMIENTO RURAL,2771681,2315894,8900,10000.0,30000.0,25786.42,0.0,Cartera_260824-123814.xlsx,,210406,210406,SI,SI,VALIDADO_PMI_POR_CUI,ALTA,RESUELTO,,"No se detectó patrón ""DISTRITO DE"" en el nombre | Validado por PMI: POMATA"
416.0,B1,"VIVIENDA, CONSTRUCCION Y SANEAMIENTO","OPMI DEL MINISTERIO DE VIVIENDA, CONSTRUCCION Y SANEAMIENTO",2076026.0,,PROYECTO DE INVERSION,"CONSTRUCCION DEL SISTEMA DE AGUA Y DESAGUE DEL C.P PARAISO, DISTRITO DE CHOLON - MARANON - HUANUCO",SANEAMIENTO,SANEAMIENTO,SANEAMIENTO URBANO,28532363,20679295,6446637,2000000.0,0.0,0.0,0.0,Cartera_260824-123814.xlsx,100702,,100702,,,EXTRAIDO_DESDE_NOMBRE,ALTA,RESUELTO,100702,Coincidencia exacta y única por nombre
416.0,A,"VIVIENDA, CONSTRUCCION Y SANEAMIENTO","OPMI DEL MINISTERIO DE VIVIENDA, CONSTRUCCION Y SANEAMIENTO",2172732.0,,PROYECTO DE INVERSION,"MEJORAMIENTO Y AMPLIACION DEL SERVICIO DE AGUA POTABLE E INSTALACION DE SANEAMIENTO BASICO DE LA LOCALIDAD DE CCARHUARUMI, DISTRITO DE LIRCAY , PROVINCIA DE ANGARAES - HUANCAVELICA",SANEAMIENTO,SANEAMIENTO,SANEAMIENTO RURAL,1859174,1673106,0,0.0,30000.0,56068.57,0.0,Cartera_260824-123814.xlsx,090301,,090301,,,EXTRAIDO_DESDE_NOMBRE,ALTA,RESUELTO,090301,Coincidencia exacta y única por nombre
417.0,B2,"VIVIENDA, CONSTRUCCION Y SANEAMIENTO","OPMI DEL MINISTERIO DE VIVIENDA, CONSTRUCCION Y SANEAMIENTO",2235553.0,,PROYECTO DE INVERSION,"AMPLIACION Y MEJORAMIENTO DEL SERVICIO DE AGUA POTABLE Y SANEAMIENTO EN EL CENTRO POBLADO TAMPE, DISTRITO DE NIEVA , PROVINCIA DE CONDORCANQUI - AMAZONAS",SANEAMIENTO,SANEAMIENTO,SANEAMIENTO RURAL,3549476,59865,0,0.0,1500000.0,1989611.57,0.0,Cartera_260824-123814.xlsx,010401,,010401,,,EXTRAIDO_DESDE_NOMBRE,ALTA,RESUELTO,010401,Coincidencia exacta y única por nombre
418.0,B2,"VIVIENDA, CONSTRUCCION Y SANEAMIENTO","OPMI DEL MINISTERIO DE VIVIENDA, CONSTRUCCION Y SANEAMIENTO",2307907.0,,PROYECTO DE INVERSION,"MEJORAMIENTO Y AMPLIACION DEL SERVICIO DE AGUA POTABLE E INSTALACION DEL SANEAMIENTO EN LA LOCALIDAD DE PUCALA , DISTRITO DE PIMPINGOS - CUTERVO - CAJAMARCA",SANEAMIENTO,SANEAMIENTO,SANEAMIENTO RURAL,5326592,2721729,1878540,180000.0,368199.06,300000.0,0.0,Cartera_260824-123814.xlsx,060606,,060606,,,EXTRAIDO_DESDE_NOMBRE,ALTA,RESUELTO,060606,Coincidencia exacta y única por nombre
419.0,B2,"VIVIENDA, CONSTRUCCION Y SANEAMIENTO","OPMI DEL MINISTERIO DE VIVIENDA, CONSTRUCCION Y SANEAMIENTO",2198265.0,,PROYECTO DE INVERSION,"AMPLIACION Y MEJORAMIENTO DE LOS SISTEMAS DE AGUA POTABLE Y SANEAMIENTO DEL CASERIO EL PALMO, DISTRITO DE BAGUA GRANDE , PROVINCIA DE UTCUBAMBA - AMAZONAS",SANEAMIENTO,SANEAMIENTO,SANEAMIENTO RURAL,7915931,3149250,2595553,1372781.0,2299124.41,871038.14,0.0,Cartera_260824-123814.xlsx,010701,,010701,,,EXTRAIDO_DESDE_NOMBRE,ALTA,RESUELTO,010701,Coincidencia exacta y única por nombre
420.0,B2,"VIVIENDA, CONSTRUCCION Y SANEAMIENTO","OPMI DEL MINISTERIO DE VIVIENDA, CONSTRUCCION Y SANEAMIENTO",2189345.0,,PROYECTO DE INVERSION,"MEJORAMIENTO Y AMPLIACION DE LOS SERVICIOS DE AGUA POTABLE Y DISPOSICION SANITARIA DE EXCRETAS DE LA COMUNIDAD CAMPESINA DE HUILASIPE, CENTRO POBLADO DE CRUCERO, DISTRITO DE ACORA,  PUNO - PUNO",SANEAMIENTO,SANEAMIENTO,SANEAMIENTO RURAL,4987538,4180468,0,0.0,30000.0,27069.96,0.0,Cartera_260824-123814.xlsx,210102,,210102,,,EXTRAIDO_DESDE_NOMBRE,ALTA,RESUELTO,210102,Coincidencia exacta y única por nombre
421.0,B2,"VIVIENDA, CONSTRUCCION Y SANEAMIENTO","OPMI DEL MINISTERIO DE VIVIENDA, CONSTRUCCION Y SANEAMIENTO",2235264.0,,PROYECTO DE INVERSION,INSTALACIÓN DE LOS SERVICIOS DE AGUA POTABLE Y DISPOSICION SANITARIA DE EXCRETAS EN EL CENTRO POBLADO DE AGUA VIVA DISTRITO DE PICHANAQUI- CHANCHAMAYO - JUNIN,SANEAMIENTO,SANEAMIENTO,SANEAMIENTO RURAL,8993125,1863895,2409134,932285.0,2772235.27,1947861.16,0.0,Cartera_260824-123814.xlsx,,120303,120303,SI,SI,VALIDADO_PMI_POR_CUI,ALTA,RESUELTO,,Distrito PICHANAQUI- CHANCHAMAYO no encontrado en GPKG | Validado por PMI: PICHANAQUI
422.0,B2,"VIVIENDA, CONSTRUCCION Y SANEAMIENTO","OPMI DEL MINISTERIO DE VIVIENDA, CONSTRUCCION Y SANEAMIENTO",2267017.0,,PROYECTO DE INVERSION,"INSTALACION DEL SERVICIO DE AGUA POTABLE Y DISPOSICION SANITARIA DE EXCRETAS EN LOS CENTROS POBLADOS DE QUEMPIRI Y YOYATO , DISTRITO DE RIO TAMBO - SATIPO - JUNIN",SANEAMIENTO,SANEAMIENTO,SANEAMIENTO RURAL,12082916,3096338,1754980,1754980.0,1755925.01,5475672.88,0.0,Cartera_260824-123814.xlsx,120608,,120608,,,EXTRAIDO_DESDE_NOMBRE,ALTA,RESUELTO,120608,Coincidencia exacta y única por nombre
423.0,A,"VIVIENDA, CONSTRUCCION Y SANEAMIENTO","OPMI DEL MINISTERIO DE VIVIENDA, CONSTRUCCION Y SANEAMIENTO",2202466.0,,PROYECTO DE INVERSION,"MEJORAMIENTO Y AMPLIACION DEL SERVICIO DE AGUA POTABLE E INSTALACIÓN DE LA DISPOSICIÓN SANITARIA DE EXCRETAS Y DE AGUAS GRISES EN EL CENTRO POBLADO DE CHICAIS, DISTRITO DE IMAZA, PROVINCIA DE BAGUA, DEPARTAMENTO DE AMAZONAS",SANEAMIENTO,SANEAMIENTO,SANEAMIENTO RURAL,4927324,2286477,59989,48000.0,40000.0,2552846.0,0.0,Cartera_260824-123814.xlsx,010205,,010205,,,EXTRAIDO_DESDE_NOMBRE,ALTA,RESUELTO,010205,Coincidencia exacta y única por nombre
424.0,B2,"VIVIENDA, CONSTRUCCION Y SANEAMIENTO","OPMI DEL MINISTERIO DE VIVIENDA, CONSTRUCCION Y SANEAMIENTO",2332567.0,,PROYECTO DE INVERSION,"MEJORAMIENTO Y AMPLIACIÓN DEL SERVICIO DE AGUA POTABLE Y SANEAMIENTO EN LA CC.NN SAUKI DISTRITO DE TROMPETEROS, PROVINCIA DE LORETO, REGIÓN DE LORETO.",SANEAMIENTO,SANEAMIENTO,SANEAMIENTO RURAL,2531730,175932,0,0.0,295282.5,0.0,0.0,Cartera_260824-123814.xlsx,160304,,160304,,,EXTRAIDO_DESDE_NOMBRE,ALTA,RESUELTO,160304,Coincidencia exacta y única por nombre
425.0,B2,"VIVIENDA, CONSTRUCCION Y SANEAMIENTO","OPMI DEL MINISTERIO DE VIVIENDA, CONSTRUCCION Y SANEAMIENTO",2269271.0,,PROYECTO DE INVERSION,"INSTALACION DEL SISTEMA DE SANEAMIENTO BÁSICO EN LA COMUNIDAD DE CCAHUAYA  IV ETAPA SECTOR CHIPTA Y DIQUE, DISTRITO DE ALTO PICHIGUA - ESPINAR - CUSCO",SANEAMIENTO,SANEAMIENTO,SANEAMIENTO RURAL,8784641,6810985,972516,1000000.0,573655.49,400000.0,0.0,Cartera_260824-123814.xlsx,080808,,080808,,,EXTRAIDO_DESDE_NOMBRE,ALTA,RESUELTO,080808,Coincidencia exacta y única por nombre
426.0,B2,"VIVIENDA, CONSTRUCCION Y SANEAMIENTO","OPMI DEL MINISTERIO DE VIVIENDA, CONSTRUCCION Y SANEAMIENTO",2332566.0,,PROYECTO DE INVERSION,"MEJORAMIENTO Y AMPLIACIÓN DEL SERVICIO DE AGUA POTABLE Y SANEAMIENTO EN LA CC.NN SANTA ROSA DISTRITO DE TROMPETEROS, PROVINCIA DE LORETO, REGIÓN DE LORETO",SANEAMIENTO,SANEAMIENTO RURAL,SANEAMIENTO,2397025,172554,17906,18000.0,367659.5,0.0,0.0,Cartera_260824-123814.xlsx,160304,,160304,,,EXTRAIDO_DESDE_NOMBRE,ALTA,RESUELTO,160304,Coincidencia exacta y única por nombre
427.0,B2,"VIVIENDA, CONSTRUCCION Y SANEAMIENTO","OPMI DEL MINISTERIO DE VIVIENDA, CONSTRUCCION Y SANEAMIENTO",2305056.0,,PROYECTO DE INVERSION,"AMPLIACION Y MEJORAMIENTO DEL SERVICIO DE AGUA POTABLE E INSTALACION DEL ALCANTARILLADO SANITARIO EN EL CENTRO POBLADO DE SAN JERONIMO , DISTRITO DE PANGOA - SATIPO - JUNIN",SANEAMIENTO,SANEAMIENTO,SANEAMIENTO RURAL,6917748,328996,664374,113544.0,638511.69,5198578.26,0.0,Cartera_260824-123814.xlsx,120606,,120606,,,EXTRAIDO_DESDE_NOMBRE,ALTA,RESUELTO,120606,Coincidencia exacta y única por nombre
428.0,A,"VIVIENDA, CONSTRUCCION Y SANEAMIENTO","OPMI DEL MINISTERIO DE VIVIENDA, CONSTRUCCION Y SANEAMIENTO",2235423.0,,PROYECTO DE INVERSION,"MEJORAMIENTO Y AMPLIACION DEL SERVICIO DE AGUA POTABLE E INSTALACIÓN DE LA DISPOSICIÓN SANITARIA DE EXCRETAS Y DE AGUAS GRISES EN LA COMUNIDAD NATIVA DE PAKUI, DISTRITO DE IMAZA, PROVINCIA DE BAGUA, DEPARTAMENTO DE AMAZONAS",SANEAMIENTO,SANEAMIENTO,SANEAMIENTO RURAL,2880187,1010810,54962,56000.0,50000.0,1763378.0,0.0,Cartera_260824-123814.xlsx,010205,,010205,,,EXTRAIDO_DESDE_NOMBRE,ALTA,RESUELTO,010205,Coincidencia exacta y única por nombre
429.0,B2,"VIVIENDA, CONSTRUCCION Y SANEAMIENTO","OPMI DEL MINISTERIO DE VIVIENDA, CONSTRUCCION Y SANEAMIENTO",2235535.0,,PROYECTO DE INVERSION,"INSTALACION DEL SERVICIO DE AGUA POTABLE Y SANEAMIENTO EN LA LOCALIDAD DE SANICULLO ALTO, DISTRITO DE CUTERVO , PROVINCIA DE CUTERVO - CAJAMARCA",SANEAMIENTO,SANEAMIENTO,SANEAMIENTO RURAL,5701843,2148142,2804332,1221660.0,822534.36,1509506.32,0.0,Cartera_260824-123814.xlsx,060601,,060601,,,EXTRAIDO_DESDE_NOMBRE,ALTA,RESUELTO,060601,Coincidencia exacta y única por nombre
430.0,B2,"VIVIENDA, CONSTRUCCION Y SANEAMIENTO","OPMI DEL MINISTERIO DE VIVIENDA, CONSTRUCCION Y SANEAMIENTO",2328453.0,,PROYECTO DE INVERSION,"MEJORAMIENTO, AMPLIACION DEL SERVICIO DE AGUA POTABLE Y SANEAMIENTO EN LA COMUNIDAD NATIVA SANTA MARIA DE MANCHARI, DISTRITO DE ANDOAS, PROVINCIA DE DATEM DEL MARAÑON, REGION LORETO",SANEAMIENTO,SANEAMIENTO,SANEAMIENTO RURAL,2559712,174007,0,0.0,430169.94,0.0,0.0,Cartera_260824-123814.xlsx,160706,,160706,,,EXTRAIDO_DESDE_NOMBRE,ALTA,RESUELTO,160706,Coincidencia exacta y única por nombre
431.0,B1,"VIVIENDA, CONSTRUCCION Y SANEAMIENTO","OPMI DEL MINISTERIO DE VIVIENDA, CONSTRUCCION Y SANEAMIENTO",2328454.0,,PROYECTO DE INVERSION,"MEJORAMIENTO, AMPLIACION DEL SERVICIO DE AGUA POTABLE Y SANEAMIENTO EN LA COMUNIDAD NATIVA PUERTO ALEGRE, DISTRITO DE ANDOAS, PROVINCIA DEL DATEM DEL MARAÑÓN, REGIÓN LORETO",SANEAMIENTO,SANEAMIENTO,SANEAMIENTO RURAL,6286862,1200778,1637970,1607138.0,1106438.19,50000.0,0.0,Cartera_260824-123814.xlsx,160706,,160706,,,EXTRAIDO_DESDE_NOMBRE,ALTA,RESUELTO,160706,Coincidencia exacta y única por nombre
432.0,A,"VIVIENDA, CONSTRUCCION Y SANEAMIENTO","OPMI DEL MINISTERIO DE VIVIENDA, CONSTRUCCION Y SANEAMIENTO",2202571.0,,PROYECTO DE INVERSION,"INSTALACION DE LOS SERVICIOS DE AGUA POTABLE, DISPOSICIÓN SANITARIA DE EXCRETAS Y DE AGUAS GRISES EN LA COMUNIDAD NATIVA DE WICHIM, DISTRITO DE IMAZA, PROVINCIA DE BAGUA, DEPARTAMENTO DE AMAZONAS",SANEAMIENTO,SANEAMIENTO,SANEAMIENTO RURAL,2942040,1177706,24000,24000.0,30000.0,1710334.0,0.0,Cartera_260824-123814.xlsx,010205,,010205,,,EXTRAIDO_DESDE_NOMBRE,ALTA,RESUELTO,010205,Coincidencia exacta y única por nombre
433.0,B2,"VIVIENDA, CONSTRUCCION Y SANEAMIENTO","OPMI DEL MINISTERIO DE VIVIENDA, CONSTRUCCION Y SANEAMIENTO",2328450.0,,PROYECTO DE INVERSION,"MEJORAMIENTO, AMPLIACION DEL SERVICIO DE AGUA POTABLE Y SANEAMIENTO EN LA COMUNIDAD NATIVA SAN FERNANDO, DISTRITO DE ANDOAS, PROVINCIA DE DATEM DEL MARAÑON, REGION LORETO",SANEAMIENTO,SANEAMIENTO RURAL,SANEAMIENTO,2832438,216322,18000,18000.0,356720.07,0.0,0.0,Cartera_260824-123814.xlsx,160706,,160706,,,EXTRAIDO_DESDE_NOMBRE,ALTA,RESUELTO,160706,Coincidencia exacta y única por nombre
434.0,A,"VIVIENDA, CONSTRUCCION Y SANEAMIENTO","OPMI DEL MINISTERIO DE VIVIENDA, CONSTRUCCION Y SANEAMIENTO",2202572.0,,PROYECTO DE INVERSION,"INSTALACION DE LOS SERVICIOS DE AGUA POTABLE, DISPOSICIÓN SANITARIA DE EXCRETAS Y DE AGUAS GRISES GRISES EN LA COMUNIDAD NATIVA DE SHUSHUI, DISTRITO DE IMAZA, PROVINCIA DE BAGUA, DEPARTAMENTO DE AMAZONAS",SANEAMIENTO,SANEAMIENTO,SANEAMIENTO RURAL,3145962,1425502,21349,24000.0,30001.0,1666460.0,0.0,Cartera_260824-123814.xlsx,010205,,010205,,,EXTRAIDO_DESDE_NOMBRE,ALTA,RESUELTO,010205,Coincidencia exacta y única por nombre
435.0,B2,"VIVIENDA, CONSTRUCCION Y SANEAMIENTO","OPMI DEL MINISTERIO DE VIVIENDA, CONSTRUCCION Y SANEAMIENTO",2198700.0,,PROYECTO DE INVERSION,"MEJORAMIENTO Y AMPLIACIÓN DEL SISTEMA DE AGUA POTABLE Y SANEAMIENTO EN LA ZONA URBANA DE IZCUCHACA, DISTRITO DE IZCUCHACA, PROVINCIA DE HUANCAVELICA - HUANCAVELICA",SANEAMIENTO,SANEAMIENTO,SANEAMIENTO URBANO,28895171,9905549,364820,364820.0,500000.0,10000000.0,8124801.0,Cartera_260824-123814.xlsx,090108,,090108,,,EXTRAIDO_DESDE_NOMBRE,ALTA,RESUELTO,090108,Coincidencia exacta y única por nombre
436.0,B2,"VIVIENDA, CONSTRUCCION Y SANEAMIENTO","OPMI DEL MINISTERIO DE VIVIENDA, CONSTRUCCION Y SANEAMIENTO",2328476.0,,PROYECTO DE INVERSION,"MEJORAMIENTO, AMPLIACION DEL SERVICIO DE AGUA POTABLE Y SANEAMIENTO EN LA COMUNIDAD NATIVA BUENA VISTA, DISTRITO DE ANDOAS, PROVINCIA DE DATEM DEL MARAÑON, REGION LORETO",SANEAMIENTO,SANEAMIENTO,SANEAMIENTO RURAL,2340047,182715,18000,18000.0,224845.65,332486.1,0.0,Cartera_260824-123814.xlsx,160706,,160706,,,EXTRAIDO_DESDE_NOMBRE,ALTA,RESUELTO,160706,Coincidencia exacta y única por nombre
438.0,Z,"VIVIENDA, CONSTRUCCION Y SANEAMIENTO","OPMI DEL MINISTERIO DE VIVIENDA, CONSTRUCCION Y SANEAMIENTO",2234766.0,,PROYECTO DE INVERSION,MEJORAMIENTO DEL SISTEMA DE ALCANTARILLADO Y TRATAMIENTO DE AGUAS SERVIDAS DE LA CIUDAD DE PUERTO MALDONADO.,SANEAMIENTO,SANEAMIENTO,SANEAMIENTO URBANO,490232024,2799728,21000,97236.0,324118.0,162059.0,162059.0,Cartera_260824-123814.xlsx,,170101,,SI,NO,VALIDADO_PMI_POR_CUI,BAJA,REVISAR_CONFLICTO,,"No se detectó patrón ""DISTRITO DE"" en el nombre | Distrito PMI (TAMBOPATA) no encontrado en nombre de inversión"
439.0,B2,"VIVIENDA, CONSTRUCCION Y SANEAMIENTO","OPMI DEL MINISTERIO DE VIVIENDA, CONSTRUCCION Y SANEAMIENTO",2309846.0,,PROYECTO DE INVERSION,"AMPLIACION Y MEJORAMIENTO DEL SISTEMA DE AGUA POTABLE Y ALCANTARILLADO EN LOS AA.HH. DE LAS LOCALIDADES DE SULLANA,BELLAVISTA,MARCAVELICA Y QUERECOTILLO DE LA PROVINCIA DE SULLANA, DEPARTAMENTO DE PIURA",SANEAMIENTO,SANEAMIENTO,SANEAMIENTO URBANO,153331738,77631853,52982674,53121613.0,41156544.0,2000000.08,0.0,Cartera_260824-123814.xlsx,,200601,200601,SI,SI,VALIDADO_PMI_POR_CUI,ALTA,RESUELTO,,"No se detectó patrón ""DISTRITO DE"" en el nombre | Validado por PMI: SULLANA"
440.0,A,"VIVIENDA, CONSTRUCCION Y SANEAMIENTO","OPMI DEL MINISTERIO DE VIVIENDA, CONSTRUCCION Y SANEAMIENTO",2226075.0,,PROYECTO DE INVERSION,"MEJORAMIENTO Y AMPLIACIÓN  DE LA RED PRINCIPAL  DE AGUA Y ALCANTARILLADO DEL SECTOR NOR ESTE Y NOR OESTE DEL AA HH  LOS  CLAVELES PAMPA GRANDE DISTRITO DE TUMBES, PROVINCIA DE TUMBES - TUMBES",SANEAMIENTO,SANEAMIENTO,SANEAMIENTO URBANO,49272529,29685634,19586895,10000.0,19576895.0,0.0,0.0,Cartera_260824-123814.xlsx,240101,,240101,,,EXTRAIDO_DESDE_NOMBRE,ALTA,RESUELTO,240101,Coincidencia exacta y única por nombre
441.0,A,"VIVIENDA, CONSTRUCCION Y SANEAMIENTO","OPMI DEL MINISTERIO DE VIVIENDA, CONSTRUCCION Y SANEAMIENTO",2332568.0,,PROYECTO DE INVERSION,"MEJORAMIENTO Y AMPLIACIÓN DEL SERVICIO DE AGUA POTABLE Y SANEAMIENTO EN LA CC.NN SION DISTRITO DE TROMPETEROS, PROVINCIA DE LORETO, REGIÓN DE LORETO.",SANEAMIENTO,SANEAMIENTO,SANEAMIENTO RURAL,2867940,258905,0,0.0,900000.0,911308.77,0.0,Cartera_260824-123814.xlsx,160304,,160304,,,EXTRAIDO_DESDE_NOMBRE,ALTA,RESUELTO,160304,Coincidencia exacta y única por nombre
443.0,C,"VIVIENDA, CONSTRUCCION Y SANEAMIENTO","OPMI DEL MINISTERIO DE VIVIENDA, CONSTRUCCION Y SANEAMIENTO",2323266.0,,PROYECTO DE INVERSION,"CREACION DEL SERVICIO DE AGUA POTABLE Y SANEAMIENTO EN LOS SECTORES, CARTAGENA,BELLAS ARTES, JUAN VELASCO ALVARADO I,II,III,IV Y V ETAPA DE LA LOCALIDAD DE CONSTITUCION, DISTRITO DE CONSTITUCION - OXAPAMPA - PASCO",SANEAMIENTO,SANEAMIENTO,SANEAMIENTO URBANO,222837693,2417886,0,0.0,0.0,0.0,0.0,Cartera_260824-123814.xlsx,190308,,190308,,,EXTRAIDO_DESDE_NOMBRE,ALTA,RESUELTO,190308,Coincidencia exacta y única por nombre
444.0,B3,"VIVIENDA, CONSTRUCCION Y SANEAMIENTO","OPMI DEL MINISTERIO DE VIVIENDA, CONSTRUCCION Y SANEAMIENTO",2497598.0,,PROYECTO DE INVERSION,AMPLIACION DE LA PRODUCCION DE AGUA 6 DISTRITOS DE LA PROVINCIA DE CUSCO - DEPARTAMENTO DE CUSCO,SANEAMIENTO,SANEAMIENTO,SANEAMIENTO URBANO,300599313,113027321,67126313,59880000.0,30000000.0,50000000.0,46508170.49,Cartera_260824-123814.xlsx,,,,NO,NO,FALLIDO,BAJA,REVISAR_CONFLICTO,,Múltiples distritos detectados en el nombre | Datos PMI no cruzaron con GPKG (- TODOS - - - TODOS -)
445.0,B3,"VIVIENDA, CONSTRUCCION Y SANEAMIENTO","OPMI DEL MINISTERIO DE VIVIENDA, CONSTRUCCION Y SANEAMIENTO",2561234.0,103842.0,PROYECTO DE INVERSION,"MEJORAMIENTO Y AMPLIACION DEL SERVICIO DE AGUA POTABLE, ALCANTARILLADO SANITARIO Y TRATAMIENTO DE AGUAS RESIDUALES EN LOS DISTRITOS DE ZARUMILLA Y AGUAS VERDES DE LA  PROVINCIA DE ZARUMILLA - DEPARTAMENTO DE TUMBES",SANEAMIENTO,SANEAMIENTO,SANEAMIENTO URBANO,477469584,34673462,51551879,52270342.0,67227835.96,89432807.04,233865136.89,Cartera_260824-123814.xlsx,,,,NO,NO,FALLIDO,BAJA,REVISAR_CONFLICTO,,Múltiples distritos detectados en el nombre | Datos PMI no cruzaron con GPKG (- TODOS - - - TODOS -)
446.0,C,"VIVIENDA, CONSTRUCCION Y SANEAMIENTO","OPMI DEL MINISTERIO DE VIVIENDA, CONSTRUCCION Y SANEAMIENTO",2309659.0,,PROYECTO DE INVERSION,"MEJORAMIENTO Y AMPLIACION DE LOS SISTEMAS DE AGUA POTABLE Y ALCANTARILLADO DE LOS SECTORES 273, 277, 278, 279, 280, 394 Y 395  DISTRITO DE VENTANILLA - PROVINCIA DE CALLAO - DEPARTAMENTO DE CALLAO",SANEAMIENTO,SANEAMIENTO,SANEAMIENTO URBANO,821688759,0,0,81657292.0,49582785.0,38559112.75,25000000.0,Cartera_260824-123814.xlsx,070106,,070106,,,EXTRAIDO_DESDE_NOMBRE,ALTA,RESUELTO,070106,Coincidencia exacta y única por nombre
447.0,B3,"VIVIENDA, CONSTRUCCION Y SANEAMIENTO","OPMI DEL MINISTERIO DE VIVIENDA, CONSTRUCCION Y SANEAMIENTO",2256322.0,,PROYECTO DE INVERSION,"INSTALACION DE LOS SERVICIOS DE AGUA POTABLE Y ALCANTARILLADO SANITARIO EN LA NUEVA CIUDAD DE OLMOS, DISTRITO DE OLMOS - PROVINCIA DE LAMBAYEQUE - REGION LAMBAYEQUE",SANEAMIENTO,SANEAMIENTO,SANEAMIENTO URBANO,285096074,220162221,492786,2656737.0,6432295.0,10000000.0,45475685.67,Cartera_260824-123814.xlsx,140308,,140308,,,EXTRAIDO_DESDE_NOMBRE,ALTA,RESUELTO,140308,Coincidencia exacta y única por nombre
448.0,B3,"VIVIENDA, CONSTRUCCION Y SANEAMIENTO","OPMI DEL MINISTERIO DE VIVIENDA, CONSTRUCCION Y SANEAMIENTO",2260867.0,,PROYECTO DE INVERSION,"MEJORAMIENTO DEL SISTEMA DE EVACUACIÓN, TRATAMIENTO Y DISPOSICIÓN FINAL DE LAS AGUAS SERVIDAS DE LAS CIUDADES DE SULLANA Y BELLAVISTA, PROVINCIA DE SULLANA - PIURA",SANEAMIENTO,SANEAMIENTO,SANEAMIENTO URBANO,456187526,305376368,1024292,3160000.0,10000000.0,50000000.0,87044393.0,Cartera_260824-123814.xlsx,,200601,200601,SI,SI,VALIDADO_PMI_POR_CUI,ALTA,RESUELTO,,"No se detectó patrón ""DISTRITO DE"" en el nombre | Validado por PMI: SULLANA"
449.0,B3,"VIVIENDA, CONSTRUCCION Y SANEAMIENTO","OPMI DEL MINISTERIO DE VIVIENDA, CONSTRUCCION Y SANEAMIENTO",2552334.0,162148.0,PROGRAMA DE INVERSION, PROGRAMA INTEGRAL DE AGUA Y SANEAMIENTO RURAL SEGUNDA FASE - PIASAR II ,SANEAMIENTO,SANEAMIENTO,SANEAMIENTO RURAL,118388334,19269397,16987757,16058133.0,35857713.29,35887436.54,9494575.74,Cartera_260824-123814.xlsx,,200702,,SI,NO,VALIDADO_PMI_POR_CUI,BAJA,REVISAR_CONFLICTO,,"No se detectó patrón ""DISTRITO DE"" en el nombre | Distrito PMI (EL ALTO) no encontrado en nombre de inversión"
450.0,B3,"VIVIENDA, CONSTRUCCION Y SANEAMIENTO","OPMI DEL MINISTERIO DE VIVIENDA, CONSTRUCCION Y SANEAMIENTO",2376184.0,,PROYECTO DE INVERSION,"MEJORAMIENTO DE LA CALIDAD DEL SERVICIO DE ABASTECIMIENTO DE AGUA POTABLE EN LAS LOCALIDADES DE SULLANA, QUERECOTILLO, SALITRAL Y MARCAVELICA DE LA PROVINCIA DE SULLANA - DEPARTAMENTO DE PIURA",SANEAMIENTO,SANEAMIENTO,SANEAMIENTO URBANO,333144048,86650629,3517541,32853261.0,52000000.0,52000000.0,47280126.53,Cartera_260824-123814.xlsx,,200601,200601,SI,SI,VALIDADO_PMI_POR_CUI,ALTA,RESUELTO,,"No se detectó patrón ""DISTRITO DE"" en el nombre | Validado por PMI: SULLANA"
451.0,C,"VIVIENDA, CONSTRUCCION Y SANEAMIENTO","OPMI DEL MINISTERIO DE VIVIENDA, CONSTRUCCION Y SANEAMIENTO",2300479.0,,PROYECTO DE INVERSION,"CREACION DEL SISTEMA INTEGRAL DE AGUA POTABLE Y ALCANTARILLADO  EN LA LOCALIDAD DE PUERTO INCA, DISTRITO DE PUERTO INCA, PROVINCIA DE PUERTO INCA - HUANUCO",SANEAMIENTO,SANEAMIENTO,SANEAMIENTO RURAL,37321664,14780107,0,0.0,50000.0,50000.0,50000.0,Cartera_260824-123814.xlsx,100901,,100901,,,EXTRAIDO_DESDE_NOMBRE,ALTA,RESUELTO,100901,Coincidencia exacta y única por nombre
452.0,Z,"VIVIENDA, CONSTRUCCION Y SANEAMIENTO","OPMI DEL MINISTERIO DE VIVIENDA, CONSTRUCCION Y SANEAMIENTO",2178481.0,,PROYECTO DE INVERSION,"AMPLIACIÓN Y MEJORAMIENTO DEL SISTEMA DE AGUA POTABLE Y ALCANTARILLADO SANITARIO EN LA LOCALIDAD DE CHUQUIBAMBA, DISTRITO DE CHUQUIBAMBA, PROVINCIA DE CONDESUYOS, DEPARTAMENTO Y REGION DE AREQUIPA.",SANEAMIENTO,SANEAMIENTO,SANEAMIENTO URBANO,24526910,4325849,124198,60000.0,596237.0,1987456.0,3974913.0,Cartera_260824-123814.xlsx,040601,,040601,,,EXTRAIDO_DESDE_NOMBRE,ALTA,RESUELTO,040601,Coincidencia resuelta usando provincia CONDESUYOS
453.0,A,"VIVIENDA, CONSTRUCCION Y SANEAMIENTO","OPMI DEL MINISTERIO DE VIVIENDA, CONSTRUCCION Y SANEAMIENTO",2067393.0,,PROYECTO DE INVERSION,"MEJORAMIENTO, AMPLIACION DEL SISTEMA DE AGUA POTABLE Y DESAGUE DE TOMAYKICHWA, DISTRITO DE TOMAY KICHWA - AMBO - HUANUCO",SANEAMIENTO,SANEAMIENTO,SANEAMIENTO URBANO,3856027,3420838,160002,160002.0,50000.0,112593.79,112593.78,Cartera_260824-123814.xlsx,100208,,100208,,,EXTRAIDO_DESDE_NOMBRE,ALTA,RESUELTO,100208,Coincidencia exacta y única por nombre
454.0,B2,"VIVIENDA, CONSTRUCCION Y SANEAMIENTO","OPMI DEL MINISTERIO DE VIVIENDA, CONSTRUCCION Y SANEAMIENTO",2488687.0,,PROYECTO DE INVERSION,"MEJORAMIENTO Y AMPLIACION DEL SISTEMA DE SANEAMIENTO BÁSICO EN LOS SECTORES DE KERAKERA, AYANI, FUNDICION, TARUCATINCUC, JORNADA, KIVIO, HUALLATACCOTA, WINCHO, CHALLUMA Y HUAYLLAYOC DE LA C.C. DE UCHUCCARCCO DEL DISTRITO DE CHAMACA - PROVINCIA DE CHUMBIVILCAS - DEPARTAMENTO DE CUSCO",SANEAMIENTO,SANEAMIENTO,SANEAMIENTO RURAL,22898709,608880,0,0.0,6541903.9,6541903.9,5517636.5,Cartera_260824-123814.xlsx,080703,,080703,,,EXTRAIDO_DESDE_NOMBRE,ALTA,RESUELTO,080703,Coincidencia exacta y única por nombre
455.0,C,"VIVIENDA, CONSTRUCCION Y SANEAMIENTO","OPMI DEL MINISTERIO DE VIVIENDA, CONSTRUCCION Y SANEAMIENTO",2079224.0,,PROYECTO DE INVERSION,"AMPLIACION Y MEJORAMIENTO DEL SISTEMA INTEGRAL DE AGUA POTABLE, ALCANTARILLADO Y DISPOSICION FINAL DE LA ZONA URBANA DEL DISTRITO DE RUPA RUPA",SANEAMIENTO,SANEAMIENTO,SANEAMIENTO URBANO,403420719,34016050,10598350,36060482.0,5000000.0,5000000.0,5000000.0,Cartera_260824-123814.xlsx,,100601,,SI,NO,VALIDADO_PMI_POR_CUI,BAJA,REVISAR_CONFLICTO,,Distrito RUPA RUPA no encontrado en GPKG | Distrito PMI (RUPA-RUPA) no encontrado en nombre de inversión
456.0,B3,"VIVIENDA, CONSTRUCCION Y SANEAMIENTO","OPMI DEL MINISTERIO DE VIVIENDA, CONSTRUCCION Y SANEAMIENTO",2095826.0,,PROYECTO DE INVERSION,"AMPLIACION Y MEJORAMIENTO DE AGUA POTABLE Y ALCANTARILLADO SANITARIO DEL CPM SAN VICENTE DE PAUL (CHOROBAMBA, CAPILLAPAMPA Y EL JARDIN) DISTRITO DE LONGOTEA, PROVINCIA DE BOLIVAR - LA LIBERTAD",SANEAMIENTO,SANEAMIENTO,SANEAMIENTO URBANO,44967679,594866,1200000,1200000.0,43042366.13,0.0,0.0,Cartera_260824-123814.xlsx,130304,,130304,,,EXTRAIDO_DESDE_NOMBRE,ALTA,RESUELTO,130304,Coincidencia exacta y única por nombre
457.0,E,"VIVIENDA, CONSTRUCCION Y SANEAMIENTO","OPMI DEL MINISTERIO DE VIVIENDA, CONSTRUCCION Y SANEAMIENTO",2387732.0,,PROYECTO DE INVERSION,MEJORAMIENTO Y AMPLIACION DE LOS SISTEMAS DE AGUA POTABLE Y SANEAMIENTO DE LA CIUDAD DE AYAVIRI  DISTRITO DE AYAVIRI - PROVINCIA DE MELGAR - DEPARTAMENTO DE PUNO,SANEAMIENTO,SANEAMIENTO,SANEAMIENTO URBANO,33862895,3773413,615000,615000.0,2250000.0,3685365.0,4569850.0,Cartera_260824-123814.xlsx,210801,,210801,,,EXTRAIDO_DESDE_NOMBRE,ALTA,RESUELTO,210801,Coincidencia resuelta usando provincia MELGAR
458.0,C,"VIVIENDA, CONSTRUCCION Y SANEAMIENTO","OPMI DEL MINISTERIO DE VIVIENDA, CONSTRUCCION Y SANEAMIENTO",2226496.0,,PROYECTO DE INVERSION,"MEJORAMIENTO, INSTALACION DEL SISTEMA DE AGUA POTABLE Y ALCANTARILLADO EN LONYA GRANDE Y SUS CENTROS POBLADOS DE NUEVA YORK, ROBLEPAMPA, SANTA CRUZ, HUAYLLA Y YUNGAY LONYA GRANDE, DISTRITO DE LONYA GRANDE - UTCUBAMBA - AMAZONAS",SANEAMIENTO,SANEAMIENTO,SANEAMIENTO RURAL,81716668,14937334,769898,876739.0,100000.0,100000.0,100000.0,Cartera_260824-123814.xlsx,010706,,010706,,,EXTRAIDO_DESDE_NOMBRE,ALTA,RESUELTO,010706,Coincidencia exacta y única por nombre
459.0,B3,"VIVIENDA, CONSTRUCCION Y SANEAMIENTO","OPMI DEL MINISTERIO DE VIVIENDA, CONSTRUCCION Y SANEAMIENTO",2084708.0,,PROYECTO DE INVERSION,"MEJORAMIENTO Y AMPLIACION DE SISTEMA DE AGUA POTABLE Y ALCANTARILLADO DE LA CIUDAD DE HUAMACHUCO - DISTRITO DE HUAMACHUCO, PROVINCIA DE SANCHEZ CARRION - LA LIBERTAD",SANEAMIENTO,SANEAMIENTO,SANEAMIENTO URBANO,113624037,40706437,0,0.0,22019658.58,35058684.85,8980632.32,Cartera_260824-123814.xlsx,130901,,130901,,,EXTRAIDO_DESDE_NOMBRE,ALTA,RESUELTO,130901,Coincidencia exacta y única por nombre
460.0,B3,"VIVIENDA, CONSTRUCCION Y SANEAMIENTO","OPMI DEL MINISTERIO DE VIVIENDA, CONSTRUCCION Y SANEAMIENTO",2047402.0,,PROYECTO DE INVERSION,"AMPLIACION Y MEJORAMIENTO DEL SISTEMA DE AGUA Y ALCANTARILLADO DE LA CIUDAD DE TOCACHE, PROVINCIA DE TOCACHE - SAN MARTIN",SANEAMIENTO,SANEAMIENTO,SANEAMIENTO URBANO,409937995,37284578,18337185,14000000.0,21759549.86,43519099.73,43519099.73,Cartera_260824-123814.xlsx,,221001,221001,SI,SI,VALIDADO_PMI_POR_CUI,ALTA,RESUELTO,,"No se detectó patrón ""DISTRITO DE"" en el nombre | Validado por PMI: TOCACHE"
461.0,B2,"VIVIENDA, CONSTRUCCION Y SANEAMIENTO","OPMI DEL MINISTERIO DE VIVIENDA, CONSTRUCCION Y SANEAMIENTO",2144191.0,,PROYECTO DE INVERSION,"AMPLIACION Y MEJORAMIENTO INTEGRAL DE LOS SISTEMAS DE AGUA POTABLE Y  ALCANTARILLADO ., DISTRITO DE SAN JOSE - LAMBAYEQUE - LAMBAYEQUE",SANEAMIENTO,SANEAMIENTO,SANEAMIENTO URBANO,99689878,17494224,0,0.0,200000.0,200000.0,200000.0,Cartera_260824-123814.xlsx,,140311,140311,SI,SI,VALIDADO_PMI_POR_CUI,ALTA,RESUELTO,"130705, 210212, 140311",Distrito SAN JOSE es ambiguo y no se extrajo provincia | Validado por PMI: SAN JOSE
462.0,A,"VIVIENDA, CONSTRUCCION Y SANEAMIENTO","OPMI DEL MINISTERIO DE VIVIENDA, CONSTRUCCION Y SANEAMIENTO",2328696.0,,PROYECTO DE INVERSION,"INSTALACION, MEJORAMIENTO Y AMPLIACIÓN DEL SERVICIO DE AGUA POTABLE Y SANEAMIENTO EN LOS CENTROS POBLADOS  DE MIRAFLORES, PALESTINA, LA FLORIDA Y CAMPO AMOR, DISTRITO DE NUEVA CAJAMARCA, PROVINCIA DE RIOJA, DEPARTAMENTO DE SAN MARTÍN",SANEAMIENTO,SANEAMIENTO,SANEAMIENTO RURAL,21603914,19144640,48001,63962.0,0.0,0.0,0.0,Cartera_260824-123814.xlsx,220804,,220804,,,EXTRAIDO_DESDE_NOMBRE,ALTA,RESUELTO,220804,Coincidencia exacta y única por nombre
463.0,C,"VIVIENDA, CONSTRUCCION Y SANEAMIENTO","OPMI DEL MINISTERIO DE VIVIENDA, CONSTRUCCION Y SANEAMIENTO",2132673.0,,PROYECTO DE INVERSION,"AMPLIACION Y MEJORAMIENTO DE LOS SISTEMAS DE ALCANTARILLADO Y TRATAMIENTO DE AGUAS RESIDUALES EN LA LOCALIDAD DE MOYOBAMBA, PROVINCIA DE MOYOBAMBA - SAN MARTIN",SANEAMIENTO,SANEAMIENTO,SANEAMIENTO URBANO,64193788,28123266,0,0.0,160000.0,5000000.0,10050000.0,Cartera_260824-123814.xlsx,,220101,220101,SI,SI,VALIDADO_PMI_POR_CUI,ALTA,RESUELTO,,"No se detectó patrón ""DISTRITO DE"" en el nombre | Validado por PMI: MOYOBAMBA"
464.0,C,"VIVIENDA, CONSTRUCCION Y SANEAMIENTO","OPMI DEL MINISTERIO DE VIVIENDA, CONSTRUCCION Y SANEAMIENTO",2095204.0,,PROYECTO DE INVERSION,"MEJORAMIENTO Y AMPLIACIÓN DEL SISTEMA DE AGUA POTABLE Y ALCANTARILLADO DE LA CIUDAD DE YURIMAGUAS, DISTRITO DE YURIMAGUAS, PROVINCIA DE ALTO AMAZONAS, DEPARTAMENTO DE LORETO",SANEAMIENTO,SANEAMIENTO,SANEAMIENTO URBANO,210745232,91667285,36159580,13865883.0,38150597.0,3500000.0,33930227.0,Cartera_260824-123814.xlsx,160201,,160201,,,EXTRAIDO_DESDE_NOMBRE,ALTA,RESUELTO,160201,Coincidencia exacta y única por nombre
465.0,B3,"VIVIENDA, CONSTRUCCION Y SANEAMIENTO","OPMI DEL MINISTERIO DE VIVIENDA, CONSTRUCCION Y SANEAMIENTO",2235574.0,,PROYECTO DE INVERSION,"MEJORAMIENTO, AMPLIACION DE LOS SISTEMAS DE AGUA POTABLE Y ALCANTARILLADO EN LA LOCALIDAD DE CHINCHERO, DISTRITO DE CHINCHERO - URUBAMBA - CUSCO",SANEAMIENTO,SANEAMIENTO,SANEAMIENTO URBANO,69882552,21117030,1044392,3670000.0,10000000.0,15000000.0,20095522.51,Cartera_260824-123814.xlsx,081302,,081302,,,EXTRAIDO_DESDE_NOMBRE,ALTA,RESUELTO,081302,Coincidencia exacta y única por nombre
466.0,C,"VIVIENDA, CONSTRUCCION Y SANEAMIENTO","OPMI DEL MINISTERIO DE VIVIENDA, CONSTRUCCION Y SANEAMIENTO",2403504.0,,PROYECTO DE INVERSION,SECTORIZACION DEL SISTEMA DE AGUA POTABLE Y ALCANTARILLADO DE LA PARTE ALTA DE CHORRILLOS  MATRIZ PROCERES - CHORRILLOS,SANEAMIENTO,SANEAMIENTO,SANEAMIENTO URBANO,682077461,557398950,10440685,16605140.0,6339021.0,11839021.0,12584023.0,Cartera_260824-123814.xlsx,,150108,150108,SI,SI,VALIDADO_PMI_POR_CUI,ALTA,RESUELTO,,"No se detectó patrón ""DISTRITO DE"" en el nombre | Validado por PMI: CHORRILLOS"
467.0,C,"VIVIENDA, CONSTRUCCION Y SANEAMIENTO","OPMI DEL MINISTERIO DE VIVIENDA, CONSTRUCCION Y SANEAMIENTO",2403503.0,,PROYECTO DE INVERSION,"MEJORAMIENTO Y AMPLIACION DE LOS SISTEMAS DE AGUA POTABLE, ALCANTARILLADO Y TRATAMIENTO DE AGUAS RESIDUALES PARA EL ESQUEMA JOSÉ GÁLVEZ SECTOR 315  Y ESQUEMA VILLA ALEJANDRO EN LOS DISTRITOS DE VILLA MARIA DEL TRIUNFO Y LURIN DE LA  PROVINCIA DE LIMA - DEPARTAMENTO DE LIMA",SANEAMIENTO,SANEAMIENTO,SANEAMIENTO URBANO,511049757,151496772,61084351,66863617.0,60913341.0,30870117.0,21896482.84,Cartera_260824-123814.xlsx,,,,NO,NO,FALLIDO,BAJA,REVISAR_CONFLICTO,,Múltiples distritos detectados en el nombre | Datos PMI no cruzaron con GPKG (- TODOS - - LIMA)
468.0,C,"VIVIENDA, CONSTRUCCION Y SANEAMIENTO","OPMI DEL MINISTERIO DE VIVIENDA, CONSTRUCCION Y SANEAMIENTO",2090887.0,,PROYECTO DE INVERSION,DRENAJE PLUVIAL DE LA CIUDAD DE JULIACA,SANEAMIENTO,SANEAMIENTO,SANEAMIENTO URBANO,717884425,87086437,1875000,3025000.0,6085919.0,158837555.0,209452868.0,Cartera_260824-123814.xlsx,,211101,211101,SI,SI,VALIDADO_PMI_POR_CUI,ALTA,RESUELTO,,"No se detectó patrón ""DISTRITO DE"" en el nombre | Validado por PMI: JULIACA"
469.0,B3,"VIVIENDA, CONSTRUCCION Y SANEAMIENTO","OPMI DEL MINISTERIO DE VIVIENDA, CONSTRUCCION Y SANEAMIENTO",2331661.0,,PROYECTO DE INVERSION,AMPLIACION Y MEJORAMIENTO DE LOS SERVICIOS DE AGUA POTABLE Y ALCANTARILLADO DE LA CIUDAD DE JULIACA - PUNO,SANEAMIENTO,SANEAMIENTO,SANEAMIENTO URBANO,1660417953,72984477,352927224,352935250.0,409522494.82,442723874.04,428244279.77,Cartera_260824-123814.xlsx,,211101,211101,SI,SI,VALIDADO_PMI_POR_CUI,ALTA,RESUELTO,,"No se detectó patrón ""DISTRITO DE"" en el nombre | Validado por PMI: JULIACA"
470.0,A,"VIVIENDA, CONSTRUCCION Y SANEAMIENTO","OPMI DEL MINISTERIO DE VIVIENDA, CONSTRUCCION Y SANEAMIENTO",2289966.0,,PROYECTO DE INVERSION,"MEJORAMIENTO Y AMPLIACION DEL SERVICIO DE AGUA POTABLE Y DISPOSICION SANITARIA DE EXCRETAS EN EL CENTRO POBLADO UNION PROGRESO, DISTRITO DE RIO NEGRO, PROVINCIA DE SATIPO, DEPARTAMENTO DE JUNIN",SANEAMIENTO,SANEAMIENTO,SANEAMIENTO RURAL,3628699,3297648,57000,158088.0,0.0,0.0,0.0,Cartera_260824-123814.xlsx,120607,,120607,,,EXTRAIDO_DESDE_NOMBRE,ALTA,RESUELTO,120607,Coincidencia exacta y única por nombre
470.0,A,"VIVIENDA, CONSTRUCCION Y SANEAMIENTO","OPMI DEL MINISTERIO DE VIVIENDA, CONSTRUCCION Y SANEAMIENTO",2046487.0,,PROYECTO DE INVERSION,"REHABILITACION DEL SISTEMA DE AGUA POTABLE Y ALCANTARILLADO DEL CASCO URBANO DEL DISTRITO DE  LA UNION, PROVINCIA DE PIURA - PIURA",SANEAMIENTO,SANEAMIENTO,SANEAMIENTO URBANO,64246264,50535460,0,793218.0,600000.0,5000000.0,7317586.77,Cartera_260824-123814.xlsx,200110,,200110,,,EXTRAIDO_DESDE_NOMBRE,ALTA,RESUELTO,200110,Coincidencia resuelta usando provincia PIURA
471.0,C,"VIVIENDA, CONSTRUCCION Y SANEAMIENTO","OPMI DEL MINISTERIO DE VIVIENDA, CONSTRUCCION Y SANEAMIENTO",2337107.0,,PROYECTO DE INVERSION,"AMPLIACION, MEJORAMIENTO DE LOS SERVICIOS DE RECOLECCIÓN Y TRATAMIENTO DE AGUAS RESIDUALES DE LAS CIUDADES DE AYAVIRI, MOHO, JULIACA, PUNO, ILAVE Y JULI, DEPARTAMENTO DE PUNO",SANEAMIENTO,SANEAMIENTO,SANEAMIENTO URBANO,50670032,17089580,0,65000.0,3112703.33,3112703.33,2712703.33,Cartera_260824-123814.xlsx,,,,NO,NO,FALLIDO,BAJA,REVISAR_CONFLICTO,,"No se detectó patrón ""DISTRITO DE"" en el nombre | Datos PMI no cruzaron con GPKG (- TODOS - - - TODOS -)"
472.0,A,"VIVIENDA, CONSTRUCCION Y SANEAMIENTO","OPMI DEL MINISTERIO DE VIVIENDA, CONSTRUCCION Y SANEAMIENTO",2280625.0,,PROYECTO DE INVERSION,"MEJORAMIENTO Y AMPLIACION DEL SERVICIO DE AGUA POTABLE Y DISPOSICION SANITARIA DE EXCRETAS EN EL CENTRO POBLADO SAN JACINTO DE SHAURIATO, DISTRITO DE RIO NEGRO, PROVINCIA DE SATIPO, DEPARTAMENTO DE JUNIN",SANEAMIENTO,SANEAMIENTO,SANEAMIENTO RURAL,4110016,3732998,53000,150000.0,0.0,0.0,0.0,Cartera_260824-123814.xlsx,120607,,120607,,,EXTRAIDO_DESDE_NOMBRE,ALTA,RESUELTO,120607,Coincidencia exacta y única por nombre
472.0,B3,"VIVIENDA, CONSTRUCCION Y SANEAMIENTO","OPMI DEL MINISTERIO DE VIVIENDA, CONSTRUCCION Y SANEAMIENTO",2311662.0,,PROYECTO DE INVERSION,"MEJORAMIENTO Y AMPLIACION DE LOS SERVICIOS DE AGUA POTABLE Y ALCANTARILLADO SANITARIO DE LA ZONA URBANA DE LA LOCALIDAD DE SAN MARCOS, DISTRITO DE SAN MARCOS - HUARI - ANCASH",SANEAMIENTO,SANEAMIENTO,SANEAMIENTO URBANO,148527508,44385535,21790019,26473729.0,35000000.0,28000000.0,18786350.12,Cartera_260824-123814.xlsx,021014,,021014,,,EXTRAIDO_DESDE_NOMBRE,ALTA,RESUELTO,021014,Coincidencia exacta y única por nombre
473.0,C,"VIVIENDA, CONSTRUCCION Y SANEAMIENTO","OPMI DEL MINISTERIO DE VIVIENDA, CONSTRUCCION Y SANEAMIENTO",2448877.0,,PROYECTO DE INVERSION,"CREACION DEL SISTEMA DE AGUA POTABLE Y LETRINAS CON ARRASTRE HIDRAULICO EN LOS SECTORES CHACARAYA, JAPU, QUILLANI, HUATARRUSI, SAN MARTIN, ITMAPALLCCA, CHEQLLACCO, YURAQ-KANCHA, CHALLANSILLI, CCOCHANI, ILAVE, CHACCO, CCOLLPIÑA ,HUACUYLLANI, HUASHUA, PFOCCOYTO, CHALLHUANCA, LLANJA, PAQLLA-PAQLLA Y  CHAQHUARAPATA DE LAS COMUNIDADES DE LUTTO, PFUISA, ANTUYO, CCOLLPA CCASAHUI Y SAN SEBASTIAN DE LLUSCO DEL  DISTRITO DE LLUSCO - PROVINCIA DE CHUMBIVILCAS - DEPARTAMENTO DE CUSCO",SANEAMIENTO,SANEAMIENTO,SANEAMIENTO RURAL,32560080,556051,3827,1463.0,14000000.0,11790952.0,4000000.0,Cartera_260824-123814.xlsx,080706,,080706,,,EXTRAIDO_DESDE_NOMBRE,ALTA,RESUELTO,080706,Coincidencia exacta y única por nombre
474.0,B2,"VIVIENDA, CONSTRUCCION Y SANEAMIENTO","OPMI DEL MINISTERIO DE VIVIENDA, CONSTRUCCION Y SANEAMIENTO",2537747.0,,PROYECTO DE INVERSION,CREACION DEL SERVICIO DE AGUA POTABLE Y DISPOSICIÓN SANITARIA DE EXCRETAS EN LA COMUNIDAD NATIVA NUEVO CANAAN DEL DISTRITO DE TIGRE - PROVINCIA DE LORETO - DEPARTAMENTO DE LORETO,SANEAMIENTO,SANEAMIENTO,SANEAMIENTO RURAL,5986694,239016,0,0.0,3955573.0,1645245.33,50000.0,Cartera_260824-123814.xlsx,160303,,160303,,,EXTRAIDO_DESDE_NOMBRE,ALTA,RESUELTO,160303,Coincidencia exacta y única por nombre
475.0,B3,"VIVIENDA, CONSTRUCCION Y SANEAMIENTO","OPMI DEL MINISTERIO DE VIVIENDA, CONSTRUCCION Y SANEAMIENTO",2459017.0,35305.0,PROYECTO DE INVERSION,MEJORAMIENTO Y AMPLIACION DEL SERVICIO DE DRENAJE PLUVIAL EN 4 DISTRITOS DE LA PROVINCIA DE CUSCO - DEPARTAMENTO DE CUSCO,SANEAMIENTO,SANEAMIENTO,SANEAMIENTO URBANO,357828238,124980574,96916688,96916688.0,106365016.02,25377173.0,4129552.22,Cartera_260824-123814.xlsx,,,,NO,NO,FALLIDO,BAJA,REVISAR_CONFLICTO,,Múltiples distritos detectados en el nombre | Datos PMI no cruzaron con GPKG (- TODOS - - CUSCO)
476.0,A,"VIVIENDA, CONSTRUCCION Y SANEAMIENTO","OPMI DEL MINISTERIO DE VIVIENDA, CONSTRUCCION Y SANEAMIENTO",2168168.0,,PROYECTO DE INVERSION,"AMPLIACION Y MEJORAMIENTO DEL SISTEMA DE AGUA E INSTALACION DE UNIDADES BASICAS DE SANEAMIENTO DE LA LOCALIDAD DE LLACTABAMBA SOCCORO , DISTRITO DE HUANCARAMA - ANDAHUAYLAS - APURIMAC",SANEAMIENTO,SANEAMIENTO,SANEAMIENTO RURAL,4262233,3652820,0,5000.0,30000.0,40000.0,39413.04,Cartera_260824-123814.xlsx,030204,,030204,,,EXTRAIDO_DESDE_NOMBRE,ALTA,RESUELTO,030204,Coincidencia exacta y única por nombre
477.0,C,"VIVIENDA, CONSTRUCCION Y SANEAMIENTO","OPMI DEL MINISTERIO DE VIVIENDA, CONSTRUCCION Y SANEAMIENTO",2090141.0,,PROYECTO DE INVERSION,PROYECTO INTEGRADO DEL SISTEMA  DE AGUA  POTABLE  Y ALCANTARILLADO DE LA LOCALIDAD DE BAGUA,SANEAMIENTO,SANEAMIENTO,SANEAMIENTO URBANO,220342533,58778916,7993171,6000000.0,50386195.85,50386195.85,250000.0,Cartera_260824-123814.xlsx,,010206,,SI,NO,VALIDADO_PMI_POR_CUI,BAJA,REVISAR_CONFLICTO,,"No se detectó patrón ""DISTRITO DE"" en el nombre | Distrito PMI (LA PECA) no encontrado en nombre de inversión"
478.0,D,"VIVIENDA, CONSTRUCCION Y SANEAMIENTO","OPMI DEL MINISTERIO DE VIVIENDA, CONSTRUCCION Y SANEAMIENTO",2501447.0,,PROYECTO DE INVERSION,"AMPLIACION DE LOS SERVICIOS DE AGUA POTABLE Y ALCANTARILLADO EN LAS NUEVAS HABILITACIONES DEL ESQUEMA HORACIO ZEVALLOS, PARIACHI Y ANEXOS DEL DISTRITO DE ATE - PROVINCIA DE LIMA - DEPARTAMENTO DE LIMA",SANEAMIENTO,SANEAMIENTO,SANEAMIENTO URBANO,269978985,4829801,699215,841364.0,3635819.0,3895325.0,3526325.0,Cartera_260824-123814.xlsx,150103,,150103,,,EXTRAIDO_DESDE_NOMBRE,ALTA,RESUELTO,150103,Coincidencia exacta y única por nombre
479.0,A,"VIVIENDA, CONSTRUCCION Y SANEAMIENTO","OPMI DEL MINISTERIO DE VIVIENDA, CONSTRUCCION Y SANEAMIENTO",2168176.0,,PROYECTO DE INVERSION,"AMPLIACION Y MEJORAMIENTO DEL SISTEMA DE AGUA E INSTALACION DE UNIDADES BASICAS DE SANEAMIENTO DE LA LOCALIDAD DE SAN JUAN DE LLACHUA , DISTRITO DE HAQUIRA - COTABAMBAS - APURIMAC",SANEAMIENTO,SANEAMIENTO,SANEAMIENTO RURAL,5015373,4391879,0,5000.0,30000.0,30000.0,63494.49,Cartera_260824-123814.xlsx,030504,,030504,,,EXTRAIDO_DESDE_NOMBRE,ALTA,RESUELTO,030504,Coincidencia exacta y única por nombre
480.0,C,"VIVIENDA, CONSTRUCCION Y SANEAMIENTO","OPMI DEL MINISTERIO DE VIVIENDA, CONSTRUCCION Y SANEAMIENTO",2535059.0,,PROYECTO DE INVERSION,MEJORAMIENTO Y AMPLIACION DE LOS SERVICIOS DE AGUA POTABLE Y ALCANTARILLADO PARA LAS HABILITACIONES DEL SECTOR 326 DEL VILLA EL SALVADOR DEL DISTRITO DE VILLA EL SALVADOR - PROVINCIA DE LIMA - DEPARTAMENTO DE LIMA,SANEAMIENTO,SANEAMIENTO,SANEAMIENTO URBANO,199375416,5134008,80000,288119.0,15809353.0,34200669.06,28236364.94,Cartera_260824-123814.xlsx,150142,,150142,,,EXTRAIDO_DESDE_NOMBRE,ALTA,RESUELTO,150142,Coincidencia exacta y única por nombre
481.0,B3,"VIVIENDA, CONSTRUCCION Y SANEAMIENTO","OPMI DEL MINISTERIO DE VIVIENDA, CONSTRUCCION Y SANEAMIENTO",2168162.0,,PROYECTO DE INVERSION,"AMPLIACION Y MEJORAMIENTO DEL SISTEMA DE AGUA E INSTALACION DE UNIDADES BASICAS DE SANEAMIENTO DE LA LOCALIDAD DE HUANCA UMUYTO , DISTRITO DE HAQUIRA - COTABAMBAS - APURIMAC",SANEAMIENTO,SANEAMIENTO,SANEAMIENTO RURAL,4098486,3394069,0,0.0,30000.0,40000.0,34416.65,Cartera_260824-123814.xlsx,030504,,030504,,,EXTRAIDO_DESDE_NOMBRE,ALTA,RESUELTO,030504,Coincidencia exacta y única por nombre
482.0,B3,"VIVIENDA, CONSTRUCCION Y SANEAMIENTO","OPMI DEL MINISTERIO DE VIVIENDA, CONSTRUCCION Y SANEAMIENTO",2077961.0,,PROYECTO DE INVERSION,AMPLIACION Y MEJORAMIENTO DE LOS SISTEMAS DE AGUA POTABLE Y ALCANTARILLADO DEL DISTRITO DE RIPAN,SANEAMIENTO,SANEAMIENTO,SANEAMIENTO URBANO,6404436,4801208,133710,133710.0,1419518.0,50000.0,0.0,Cartera_260824-123814.xlsx,100317,,100317,,,EXTRAIDO_DESDE_NOMBRE,ALTA,RESUELTO,100317,Coincidencia exacta y única por nombre
483.0,A,"VIVIENDA, CONSTRUCCION Y SANEAMIENTO","OPMI DEL MINISTERIO DE VIVIENDA, CONSTRUCCION Y SANEAMIENTO",2322358.0,,PROYECTO DE INVERSION,INSTALACION DE LOS SISTEMAS DE AGUA POTABLE Y ALCANTARILLADO DEL ESQUEMA INTEGRAL VILLAS DE ANCON - DISTRITO DE ANCON,SANEAMIENTO,SANEAMIENTO,SANEAMIENTO URBANO,620062808,10649150,1884244,3093077.0,21270990.76,16270990.76,24270990.76,Cartera_260824-123814.xlsx,150102,,150102,,,EXTRAIDO_DESDE_NOMBRE,ALTA,RESUELTO,150102,Coincidencia exacta y única por nombre
484.0,C,"VIVIENDA, CONSTRUCCION Y SANEAMIENTO","OPMI DEL MINISTERIO DE VIVIENDA, CONSTRUCCION Y SANEAMIENTO",2340083.0,,PROYECTO DE INVERSION,"AMPLIACION Y MEJORAMIENTO DE LOS SISTEMAS DE AGUA POTABLE Y ALCANTARILLADO DE LOS SECTORES 268, 269, 270, 271, 272, 274, 275 Y 276 , DISTRITO DE VENTANILLA - PROVINCIA CONSTITUCIONAL DEL CALLAO",SANEAMIENTO,SANEAMIENTO,SANEAMIENTO URBANO,354938742,9765847,90000,90000.0,10652896.0,10636898.0,13736180.0,Cartera_260824-123814.xlsx,070106,,070106,,,EXTRAIDO_DESDE_NOMBRE,ALTA,RESUELTO,070106,Coincidencia exacta y única por nombre
485.0,B3,"VIVIENDA, CONSTRUCCION Y SANEAMIENTO","OPMI DEL MINISTERIO DE VIVIENDA, CONSTRUCCION Y SANEAMIENTO",2168159.0,,PROYECTO DE INVERSION,"AMPLIACION Y MEJORAMIENTO DEL SISTEMA DE AGUA E INSTALACION DE UNIDADES BASICAS DE SANEAMIENTO DE LA LOCALIDAD DE CONCACHA , DISTRITO DE CURAHUASI - ABANCAY - APURIMAC",SANEAMIENTO,SANEAMIENTO,SANEAMIENTO RURAL,5770483,3766702,0,0.0,30000.0,100000.0,123781.21,Cartera_260824-123814.xlsx,030104,,030104,,,EXTRAIDO_DESDE_NOMBRE,ALTA,RESUELTO,030104,Coincidencia exacta y única por nombre
486.0,C,"VIVIENDA, CONSTRUCCION Y SANEAMIENTO","OPMI DEL MINISTERIO DE VIVIENDA, CONSTRUCCION Y SANEAMIENTO",2300050.0,,PROYECTO DE INVERSION,"AMPLIACION Y MEJORAMIENTO DE LOS SISTEMAS DE AGUA POTABLE Y ALCANTARILLADO DE LOS SECTORES 334, 335, 336, 337, 343 Y 344 - DISTRITOS DE COMAS E INDEPENDENCIA.",SANEAMIENTO,SANEAMIENTO,SANEAMIENTO URBANO,311536676,35382393,49993683,44955252.0,40000000.0,24852014.0,26651129.52,Cartera_260824-123814.xlsx,,,,NO,NO,FALLIDO,BAJA,REVISAR_CONFLICTO,,Múltiples distritos detectados en el nombre | Datos PMI no cruzaron con GPKG (- TODOS - - LIMA)
487.0,B3,"VIVIENDA, CONSTRUCCION Y SANEAMIENTO","OPMI DEL MINISTERIO DE VIVIENDA, CONSTRUCCION Y SANEAMIENTO",2168172.0,,PROYECTO DE INVERSION,"AMPLIACION Y MEJORAMIENTO DEL SISTEMA DE AGUA E INSTALACION DE UNIDADES BASICAS DE SANEAMIENTO DE LA LOCALIDAD DE PATAHUASI , DISTRITO DE HAQUIRA - COTABAMBAS - APURIMAC",SANEAMIENTO,SANEAMIENTO,SANEAMIENTO RURAL,2651938,1677503,0,0.0,30000.0,70000.0,74435.22,Cartera_260824-123814.xlsx,030504,,030504,,,EXTRAIDO_DESDE_NOMBRE,ALTA,RESUELTO,030504,Coincidencia exacta y única por nombre
488.0,B3,"VIVIENDA, CONSTRUCCION Y SANEAMIENTO","OPMI DEL MINISTERIO DE VIVIENDA, CONSTRUCCION Y SANEAMIENTO",2168167.0,,PROYECTO DE INVERSION,"AMPLIACION Y MEJORAMIENTO DEL SISTEMA DE AGUA E INSTALACION DE UNIDADES BASICAS DE SANEAMIENTO DE LA LOCALIDAD DE LAUPAY , DISTRITO DE HAQUIRA - COTABAMBAS - APURIMAC",SANEAMIENTO,SANEAMIENTO,SANEAMIENTO RURAL,2241185,1450293,0,0.0,30000.0,30000.0,30892.04,Cartera_260824-123814.xlsx,030504,,030504,,,EXTRAIDO_DESDE_NOMBRE,ALTA,RESUELTO,030504,Coincidencia exacta y única por nombre
489.0,B3,"VIVIENDA, CONSTRUCCION Y SANEAMIENTO","OPMI DEL MINISTERIO DE VIVIENDA, CONSTRUCCION Y SANEAMIENTO",2311200.0,,PROYECTO DE INVERSION,"CREACION DEL SERVICIO DE AGUA POTABLE Y DISPOSICIÓN SANITARIA DE EXCRETAS EN LOS CENTROS POBLADOS DE FELIPE PINGLO ALVA, PALMERAS, 28 DE JULIO, SANJA SECA, UNIÓN LIBERTAD, ALTO SAN JUAN II Y PUENTE PIEDRA, DISTRITO DE LUYANDO - LEONCIO PRADO - HUANUCO",SANEAMIENTO,SANEAMIENTO,SANEAMIENTO RURAL,10832070,7980148,0,2000.0,1000000.0,1000000.0,831922.28,Cartera_260824-123814.xlsx,100605,,100605,,,EXTRAIDO_DESDE_NOMBRE,ALTA,RESUELTO,100605,Coincidencia exacta y única por nombre
491.0,A,"VIVIENDA, CONSTRUCCION Y SANEAMIENTO","OPMI DEL MINISTERIO DE VIVIENDA, CONSTRUCCION Y SANEAMIENTO",2191199.0,,PROYECTO DE INVERSION,"MEJORAMIENTO Y AMPLIACION DE LOS SERVICIOS DE AGUA POTABLE Y DISPOSICION SANITARIA DE EXCRETAS DEL CENTRO POBLADO DE CARITAMAYA, DISTRITO DE ACORA, PROVINCIA DE PUNO, DEPARTAMENTO DE PUNO",SANEAMIENTO,SANEAMIENTO,SANEAMIENTO RURAL,14020329,11655552,10000,10000.0,50000.0,150000.0,164777.01,Cartera_260824-123814.xlsx,210102,,210102,,,EXTRAIDO_DESDE_NOMBRE,ALTA,RESUELTO,210102,Coincidencia exacta y única por nombre
492.0,A,"VIVIENDA, CONSTRUCCION Y SANEAMIENTO","OPMI DEL MINISTERIO DE VIVIENDA, CONSTRUCCION Y SANEAMIENTO",2189465.0,,PROYECTO DE INVERSION,"MEJORAMIENTO Y AMPLIACION DE LOS SERVICIOS DE AGUA POTABLE Y DISPOSICION SANITARIA DE EXCRETAS DEL CENTRO POBLADO THUNCO, DISTRITO DE ACORA, PUNO - PUNO",SANEAMIENTO,SANEAMIENTO,SANEAMIENTO RURAL,11170415,9177175,5000,5000.0,30000.0,220000.0,243240.69,Cartera_260824-123814.xlsx,210102,,210102,,,EXTRAIDO_DESDE_NOMBRE,ALTA,RESUELTO,210102,Coincidencia exacta y única por nombre
493.0,B3,"VIVIENDA, CONSTRUCCION Y SANEAMIENTO","OPMI DEL MINISTERIO DE VIVIENDA, CONSTRUCCION Y SANEAMIENTO",2302962.0,,PROYECTO DE INVERSION,"MEJORAMIENTO Y AMPLIACION DEL SERVICIO DE AGUA POTABLE Y CREACION DEL SERVICIO DE DISPOSICION SANITARIA DE EXCRETAS EN EL C.P. TASAPA PATACOLLO (SECTORES TASAPA CENTRAL, PRIMER TASAPA, II TASAPA, IRUJANI Y JOCCO), DISTRITO DE ZEPITA, PROVINCIA DE CHUCUITO ¿ DEPARTAMENTO DE PUNO",SANEAMIENTO,SANEAMIENTO,SANEAMIENTO RURAL,8661468,5890352,395094,1000000.0,999635.52,999635.0,200000.51,Cartera_260824-123814.xlsx,210407,,210407,,,EXTRAIDO_DESDE_NOMBRE,ALTA,RESUELTO,210407,Coincidencia exacta y única por nombre
494.0,B3,"VIVIENDA, CONSTRUCCION Y SANEAMIENTO","OPMI DEL MINISTERIO DE VIVIENDA, CONSTRUCCION Y SANEAMIENTO",2186037.0,,PROYECTO DE INVERSION,"MEJORAMIENTO Y AMPLIACION DE LOS SERVICIOS DE AGUA POTABLE Y DISPOSICION SANITARIA DE EXCRETAS DEL CENTRO POBLADO ISCATA, DISTRITO DE ACORA, PUNO - PUNO",SANEAMIENTO,SANEAMIENTO,SANEAMIENTO RURAL,7687780,6351283,10000,10000.0,30000.0,150000.0,156496.88,Cartera_260824-123814.xlsx,210102,,210102,,,EXTRAIDO_DESDE_NOMBRE,ALTA,RESUELTO,210102,Coincidencia exacta y única por nombre
495.0,B3,"VIVIENDA, CONSTRUCCION Y SANEAMIENTO","OPMI DEL MINISTERIO DE VIVIENDA, CONSTRUCCION Y SANEAMIENTO",2254843.0,,PROYECTO DE INVERSION,"MEJORAMIENTO Y AMPLIACION DEL SISTEMA DE AGUA POTABLE Y SANEAMIENTO BASICO EN EL CENTRO POBLADO SUGLLAQUIRO, DISTRITO DE MOYOBAMBA , PROVINCIA DE MOYOBAMBA - SAN MARTIN",SANEAMIENTO,SANEAMIENTO,SANEAMIENTO RURAL,11653098,103863,0,0.0,3464770.26,4042231.97,4042231.96,Cartera_260824-123814.xlsx,220101,,220101,,,EXTRAIDO_DESDE_NOMBRE,ALTA,RESUELTO,220101,Coincidencia exacta y única por nombre
496.0,B1,"VIVIENDA, CONSTRUCCION Y SANEAMIENTO","OPMI DEL MINISTERIO DE VIVIENDA, CONSTRUCCION Y SANEAMIENTO",2244668.0,,PROYECTO DE INVERSION,"INSTALACION DEL SISTEMA DE ALCANTARILLADO EN EL AA.HH SEÑOR DE LOS MILAGROS Y C.P CASA BLANCA, DISTRITO DE CERRO AZUL, PROVINCIA DE CAÑETE - LIMA",SANEAMIENTO,SANEAMIENTO,SANEAMIENTO URBANO,9358983,7469859,393904,602767.0,1286355.0,0.0,0.0,Cartera_260824-123814.xlsx,150504,,150504,,,EXTRAIDO_DESDE_NOMBRE,ALTA,RESUELTO,150504,Coincidencia exacta y única por nombre
497.0,C,"VIVIENDA, CONSTRUCCION Y SANEAMIENTO","OPMI DEL MINISTERIO DE VIVIENDA, CONSTRUCCION Y SANEAMIENTO",2046101.0,,PROYECTO DE INVERSION,MEDIDAS DE RAPIDO IMPACTO DE LA EPS SERVICIO MUNICIPAL DE AGUA POTABLE Y ALCANTARILLADO DE CHINCHA - SEMAPACH.SA,SANEAMIENTO,SANEAMIENTO,SANEAMIENTO URBANO,108525991,73925946,0,0.0,7500000.0,12000000.0,29450692.54,Cartera_260824-123814.xlsx,,,,NO,NO,FALLIDO,BAJA,REVISAR_CONFLICTO,,"No se detectó patrón ""DISTRITO DE"" en el nombre | Datos PMI no cruzaron con GPKG (- TODOS - - CHINCHA)"
498.0,B3,"VIVIENDA, CONSTRUCCION Y SANEAMIENTO","OPMI DEL MINISTERIO DE VIVIENDA, CONSTRUCCION Y SANEAMIENTO",2189506.0,,PROYECTO DE INVERSION,"INSTALACION DEL SERVICIO DE AGUA POTABLE Y DISPOSICION SANITARIA DE EXCRETAS EN LA CAPITAL DEL CENTRO POBLADO TUQUINA, DISTRITO POMATA- CHUCUITO - PUNO",SANEAMIENTO,SANEAMIENTO,SANEAMIENTO RURAL,7816285,6893035,63273,180000.0,50000.0,40000.0,33249.2,Cartera_260824-123814.xlsx,,210406,210406,SI,SI,VALIDADO_PMI_POR_CUI,ALTA,RESUELTO,,"No se detectó patrón ""DISTRITO DE"" en el nombre | Validado por PMI: POMATA"
499.0,B3,"VIVIENDA, CONSTRUCCION Y SANEAMIENTO","OPMI DEL MINISTERIO DE VIVIENDA, CONSTRUCCION Y SANEAMIENTO",2168146.0,,PROYECTO DE INVERSION,"AMPLIACION Y MEJORAMIENTO DEL SISTEMA DE AGUA  POTABLE E INSTALACION DE UNIDADES BÁSICAS DE SANEAMIENTO EN LA LOCALIDAD DE TOTORAY, DISTRITO DE CURAHUASI PROVINCIA DE ABANCAY - APURÍMAC",SANEAMIENTO,SANEAMIENTO,SANEAMIENTO RURAL,3074394,2175510,0,0.0,30000.0,60000.0,38724.54,Cartera_260824-123814.xlsx,030104,,030104,,,EXTRAIDO_DESDE_NOMBRE,ALTA,RESUELTO,030104,Coincidencia exacta y única por nombre
500.0,C,"VIVIENDA, CONSTRUCCION Y SANEAMIENTO","OPMI DEL MINISTERIO DE VIVIENDA, CONSTRUCCION Y SANEAMIENTO",2084815.0,,PROYECTO DE INVERSION,"MEJORAMIENTO Y AMPLIACIÓN DE LOS SERVICIOS DE SANEAMIENTO Y FORTALECIMIENTO INSTITUCIONAL INTEGRAL  DE LA EMAPA PASCO, PROVINCIA DE PASCO - PASCO",SANEAMIENTO,SANEAMIENTO,SANEAMIENTO URBANO,696791124,241926555,63693631,43327420.0,1000000.0,286888923.31,0.0,Cartera_260824-123814.xlsx,,,,NO,NO,FALLIDO,BAJA,REVISAR_CONFLICTO,,"No se detectó patrón ""DISTRITO DE"" en el nombre | Datos PMI no cruzaron con GPKG (- TODOS - - PASCO)"
501.0,B3,"VIVIENDA, CONSTRUCCION Y SANEAMIENTO","OPMI DEL MINISTERIO DE VIVIENDA, CONSTRUCCION Y SANEAMIENTO",2189340.0,,PROYECTO DE INVERSION,"MEJORAMIENTO Y AMPLIACIÓN DE LOS SERVICIOS DE AGUA POTABLE Y DISPOSICIÓN SANITARIA DE EXCRETAS DEL CENTRO POBLADO CRUCERO, DISTRITO DE ACORA, PUNO - PUNO",SANEAMIENTO,SANEAMIENTO,SANEAMIENTO RURAL,6882560,5874287,0,0.0,30000.0,100000.0,78272.22,Cartera_260824-123814.xlsx,210102,,210102,,,EXTRAIDO_DESDE_NOMBRE,ALTA,RESUELTO,210102,Coincidencia exacta y única por nombre
502.0,B3,"VIVIENDA, CONSTRUCCION Y SANEAMIENTO","OPMI DEL MINISTERIO DE VIVIENDA, CONSTRUCCION Y SANEAMIENTO",2183866.0,,PROYECTO DE INVERSION,"MEJORAMIENTO Y AMPLIACIÓN DE LOS SERVICIOS DE AGUA POTABLE Y DISPOSICIÓN SANITARIA DE EXCRETAS  DE LA COMUNIDAD CAMPESINA DE COLLINI, CENTRO  POBLADO INCASAMAWI, DISTRITO DE ACORA, PUNO - PUNO",SANEAMIENTO,SANEAMIENTO,SANEAMIENTO RURAL,4906176,4120252,0,0.0,30000.0,25000.0,30923.63,Cartera_260824-123814.xlsx,210102,,210102,,,EXTRAIDO_DESDE_NOMBRE,ALTA,RESUELTO,210102,Coincidencia exacta y única por nombre
503.0,B1,"VIVIENDA, CONSTRUCCION Y SANEAMIENTO","OPMI DEL MINISTERIO DE VIVIENDA, CONSTRUCCION Y SANEAMIENTO",2310847.0,,PROYECTO DE INVERSION,"MEJORAMIENTO Y AMPLIACION DEL SERVICIO DE AGUA POTABLE Y CREACION DEL SERVICIO DE DISPOSICION SANITARIA DE EXCRETAS EN EL CENTRO POBLADO ISANI (SECTORES KENTURAMAYA, ISANI CENTRAL, AMAYSAMAHUI, MACHACAUYU, KAMAÑAPATA - KALUNAMAYA Y PATACANI), DISTRIT",SANEAMIENTO,SANEAMIENTO,SANEAMIENTO RURAL,11936611,10509172,140283,180000.0,30000.0,40000.0,46438.37,Cartera_260824-123814.xlsx,,210407,,SI,NO,VALIDADO_PMI_POR_CUI,BAJA,REVISAR_CONFLICTO,,"No se detectó patrón ""DISTRITO DE"" en el nombre | Distrito PMI (ZEPITA) no encontrado en nombre de inversión"
504.0,B1,"VIVIENDA, CONSTRUCCION Y SANEAMIENTO","OPMI DEL MINISTERIO DE VIVIENDA, CONSTRUCCION Y SANEAMIENTO",2189448.0,,PROYECTO DE INVERSION,"INSTALACION DEL SERVICIO DE AGUA POTABLE Y DISPOSICION SANITARIA DE EXCRETAS EN LOS SECTORES SIQUICAUSILLUMA, KAMANI Y CENTRAL VILLACHAVE II DE LA COMUNIDAD CAMPESINA VILACHAVE, DISTRITO HUACULLANI - CHUCUITO - PUNO",SANEAMIENTO,SANEAMIENTO,SANEAMIENTO RURAL,7529784,4550571,3300,180000.0,1000000.0,1545922.6,50000.0,Cartera_260824-123814.xlsx,,210403,210403,SI,SI,VALIDADO_PMI_POR_CUI,ALTA,RESUELTO,,"No se detectó patrón ""DISTRITO DE"" en el nombre | Validado por PMI: HUACULLANI"
505.0,B3,"VIVIENDA, CONSTRUCCION Y SANEAMIENTO","OPMI DEL MINISTERIO DE VIVIENDA, CONSTRUCCION Y SANEAMIENTO",2168147.0,,PROYECTO DE INVERSION,"AMPLIACION Y MEJORAMIENTO DEL SISTEMA DE AGUA  POTABLE E INSTALACION DE UNIDADES BÁSICAS DE SANEAMIENTO EN LA LOCALIDAD DE TRIGO ORCCO, DISTRITO DE CURAHUASI PROVINCIA DE ABANCAY - APURÍMAC",SANEAMIENTO,SANEAMIENTO,SANEAMIENTO RURAL,2703294,1724833,0,0.0,30000.0,50000.0,48460.85,Cartera_260824-123814.xlsx,030104,,030104,,,EXTRAIDO_DESDE_NOMBRE,ALTA,RESUELTO,030104,Coincidencia exacta y única por nombre
506.0,B3,"VIVIENDA, CONSTRUCCION Y SANEAMIENTO","OPMI DEL MINISTERIO DE VIVIENDA, CONSTRUCCION Y SANEAMIENTO",2299423.0,,PROYECTO DE INVERSION,"CREACION DEL SERVICIO DE AGUA POTABLE Y DISPOSICION SANITARIA DE EXCRETAS EN LOS SECTORES VENTILLA I, VENTILLA II Y CUMO HUACULLANI, CENTRO POBLADO YOROHOCO, DISTRITO DE HUACULLANI, PROVINCIA DE CHUCUITO, DEPARTAMENTO DE PUNO",SANEAMIENTO,SANEAMIENTO,SANEAMIENTO RURAL,5405749,3765619,0,1000000.0,1255315.92,0.0,0.0,Cartera_260824-123814.xlsx,210403,,210403,,,EXTRAIDO_DESDE_NOMBRE,ALTA,RESUELTO,210403,Coincidencia exacta y única por nombre
507.0,B2,"VIVIENDA, CONSTRUCCION Y SANEAMIENTO","OPMI DEL MINISTERIO DE VIVIENDA, CONSTRUCCION Y SANEAMIENTO",2307898.0,,PROYECTO DE INVERSION,"AMPLIACION Y MEJORAMIENTO DEL SISTEMA DE AGUA POTABLE E INSTALACION DEL SERVICIO DE SANEAMIENTO BASICO DE LA LOCALIDAD DE SANTO DOMINGO DE PUQUI, DISTRITO DE HUACRACHUCO, PROVINCIA DE MARANON - HUANUCO",SANEAMIENTO,SANEAMIENTO,SANEAMIENTO RURAL,2978540,2232074,161275,161275.0,90012.0,495179.0,0.0,Cartera_260824-123814.xlsx,100701,,100701,,,EXTRAIDO_DESDE_NOMBRE,ALTA,RESUELTO,100701,Coincidencia exacta y única por nombre
508.0,B3,"VIVIENDA, CONSTRUCCION Y SANEAMIENTO","OPMI DEL MINISTERIO DE VIVIENDA, CONSTRUCCION Y SANEAMIENTO",2332507.0,,PROYECTO DE INVERSION,"MEJORAMIENTO Y AMPLIACIÓN DEL SERVICIO DE AGUA POTABLE Y SANEAMIENTO EN LA CC.NN BELÉN DISTRITO DE TROMPETEROS, PROVINCIA DE LORETO, REGIÓN DE LORETO.",SANEAMIENTO,SANEAMIENTO,SANEAMIENTO RURAL,3744818,2338354,1136549,1136549.0,430536.53,120000.0,50000.0,Cartera_260824-123814.xlsx,160304,,160304,,,EXTRAIDO_DESDE_NOMBRE,ALTA,RESUELTO,160304,Coincidencia exacta y única por nombre
509.0,B2,"VIVIENDA, CONSTRUCCION Y SANEAMIENTO","OPMI DEL MINISTERIO DE VIVIENDA, CONSTRUCCION Y SANEAMIENTO",2396141.0,,PROYECTO DE INVERSION,"MEJORAMIENTO Y AMPLIACION DE LOS SISTEMAS DE AGUA POTABLE Y ALCANTARILLADO DE LOS SECTORES 361, 362, 363, 364, 365, 384, 385, 386, 387 Y 388  DISTRITO DE PUENTE PIEDRA - PROVINCIA DE LIMA - DEPARTAMENTO DE LIMA",SANEAMIENTO,SANEAMIENTO,SANEAMIENTO URBANO,318576878,37791222,24318252,28214484.0,4563254.0,9562356.0,8562365.0,Cartera_260824-123814.xlsx,150125,,150125,,,EXTRAIDO_DESDE_NOMBRE,ALTA,RESUELTO,150125,Coincidencia exacta y única por nombre
510.0,A,"VIVIENDA, CONSTRUCCION Y SANEAMIENTO","OPMI DEL MINISTERIO DE VIVIENDA, CONSTRUCCION Y SANEAMIENTO",2189498.0,,PROYECTO DE INVERSION,"MEJORAMIENTO Y AMPLIACIÓN DE LOS SERVICIOS DE AGUA POTABLE Y DISPOSICIÓN SANITARIA DE EXCRETAS DE LA COMUNIDAD CAMPESINA DE HUANTACACHI CHILA, C.P. COPAQUIRA, DISTRITO DE ACORA, PROVINCIA DE PUNO, DEPARTAMENTO DE PUNO",SANEAMIENTO,SANEAMIENTO,SANEAMIENTO RURAL,3752417,3358413,10000,10000.0,30000.0,30000.0,34003.79,Cartera_260824-123814.xlsx,210102,,210102,,,EXTRAIDO_DESDE_NOMBRE,ALTA,RESUELTO,210102,Coincidencia exacta y única por nombre
511.0,A,"VIVIENDA, CONSTRUCCION Y SANEAMIENTO","OPMI DEL MINISTERIO DE VIVIENDA, CONSTRUCCION Y SANEAMIENTO",2189452.0,,PROYECTO DE INVERSION,"MEJORAMIENTO Y AMPLIACION DEL SERVICIO DE AGUA POTABLE Y DISPOSICION SANITARIA DE EXCRETAS EN LOS SECTORES TACAHUA Y KOLLIHUERTA DE LA COMUNIDAD CAMPESINA TUQUINA, DISTRITO POMATA - CHUCUITO - PUNO",SANEAMIENTO,SANEAMIENTO,SANEAMIENTO RURAL,6460923,4347899,337454,1330953.0,50000.0,40000.0,38719.15,Cartera_260824-123814.xlsx,,210406,210406,SI,SI,VALIDADO_PMI_POR_CUI,ALTA,RESUELTO,,"No se detectó patrón ""DISTRITO DE"" en el nombre | Validado por PMI: POMATA"
512.0,A,"VIVIENDA, CONSTRUCCION Y SANEAMIENTO","OPMI DEL MINISTERIO DE VIVIENDA, CONSTRUCCION Y SANEAMIENTO",2310861.0,,PROYECTO DE INVERSION,"MEJORAMIENTO Y AMPLIACION DEL SERVICIO DE AGUA POTABLE Y CREACION DEL SERVICIO DE DISPOSICION SANITARIA DE EXCRETAS EN EL SECTOR SISIPA DE LA COMUNIDAD CAMPESINA SISIPA CHALLACOLLO, DISTRITO DE POMATA, PROVINCIA DE CHUCUITO, DEPARTAMENTO PUNO",SANEAMIENTO,SANEAMIENTO,SANEAMIENTO RURAL,3760582,3365721,0,5000.0,30000.0,30000.0,34861.07,Cartera_260824-123814.xlsx,210406,,210406,,,EXTRAIDO_DESDE_NOMBRE,ALTA,RESUELTO,210406,Coincidencia exacta y única por nombre
513.0,A,"VIVIENDA, CONSTRUCCION Y SANEAMIENTO","OPMI DEL MINISTERIO DE VIVIENDA, CONSTRUCCION Y SANEAMIENTO",2339595.0,,PROYECTO DE INVERSION,"INSTALACIÓN DEL SERVICIO DE AGUA POTABLE Y SANEAMIENTO EN LA COMUNIDAD NATIVA DE PROGRESO, DISTRITO DE BALSAPUERTO, PROVINCIA DE ALTO AMAZONAS, DEPARTAMENTO DE LORETO",SANEAMIENTO,SANEAMIENTO,SANEAMIENTO RURAL,12301461,10957112,100502,286122.0,500000.0,100000.0,468660.49,Cartera_260824-123814.xlsx,160202,,160202,,,EXTRAIDO_DESDE_NOMBRE,ALTA,RESUELTO,160202,Coincidencia exacta y única por nombre
514.0,B3,"VIVIENDA, CONSTRUCCION Y SANEAMIENTO","OPMI DEL MINISTERIO DE VIVIENDA, CONSTRUCCION Y SANEAMIENTO",2171246.0,,PROYECTO DE INVERSION,"MEJORAMIENTO, AMPLIACION DEL SERVICIO DE AGUA POTABLE Y DISPOSICIÓN SANITARIA DE EXCRETAS EN LA COMUNIDAD CAMPESINA DE LACACHI DEL CENTRO POBLADO DE TOTORANI, DISTRITO DE ACORA - PUNO - PUNO",SANEAMIENTO,SANEAMIENTO,SANEAMIENTO RURAL,3434458,2975120,0,0.0,35000.0,45000.0,29338.13,Cartera_260824-123814.xlsx,210102,,210102,,,EXTRAIDO_DESDE_NOMBRE,ALTA,RESUELTO,210102,Coincidencia exacta y única por nombre
515.0,B3,"VIVIENDA, CONSTRUCCION Y SANEAMIENTO","OPMI DEL MINISTERIO DE VIVIENDA, CONSTRUCCION Y SANEAMIENTO",2191606.0,,PROYECTO DE INVERSION,"MEJORAMIENTO Y AMPLIACION DE LOS SERVICIOS DE AGUA POTABLE Y DISPOSICION SANITARIA DE EXCRETAS EN LOS SECTORES CHALLAJAHUIRA, CENTRAL JACHAPAMPA BAJA Y LIQUINA BAJA, DE LA COMUNIDAD CAMPESINA JACHAPAMPA, DISTRITO ZEPITA - CHUCUITO - PUNO",SANEAMIENTO,SANEAMIENTO,SANEAMIENTO RURAL,4334792,3562423,0,10000.0,30000.0,30000.0,12369.71,Cartera_260824-123814.xlsx,,210407,210407,SI,SI,VALIDADO_PMI_POR_CUI,ALTA,RESUELTO,,"No se detectó patrón ""DISTRITO DE"" en el nombre | Validado por PMI: ZEPITA"
516.0,B3,"VIVIENDA, CONSTRUCCION Y SANEAMIENTO","OPMI DEL MINISTERIO DE VIVIENDA, CONSTRUCCION Y SANEAMIENTO",2168157.0,,PROYECTO DE INVERSION,"AMPLIACION Y MEJORAMIENTO DEL SISTEMA DE AGUA E INSTALACION DE UNIDADES BASICAS DE SANEAMIENTO DE LA LOCALIDAD DE CHALHUAHUACHO , DISTRITO DE CURAHUASI - ABANCAY - APURIMAC",SANEAMIENTO,SANEAMIENTO,SANEAMIENTO RURAL,2075117,1563610,0,0.0,30000.0,50000.0,31506.64,Cartera_260824-123814.xlsx,030104,,030104,,,EXTRAIDO_DESDE_NOMBRE,ALTA,RESUELTO,030104,Coincidencia exacta y única por nombre
517.0,B3,"VIVIENDA, CONSTRUCCION Y SANEAMIENTO","OPMI DEL MINISTERIO DE VIVIENDA, CONSTRUCCION Y SANEAMIENTO",2183865.0,,PROYECTO DE INVERSION,"MEJORAMIENTO Y AMPLIACIÓN DE LOS SERVICIOS DE AGUA POTABLE Y DISPOSICIÓN SANITARIA DE EXCRETAS  DE LA COMUNIDAD CAMPESINA DE JACHACACHI, CENTRO  POBLADO TOTORANI, DISTRITO DE ACORA, PUNO - PUNO",SANEAMIENTO,SANEAMIENTO,SANEAMIENTO RURAL,3463472,3013928,0,0.0,35000.0,45000.0,19544.21,Cartera_260824-123814.xlsx,210102,,210102,,,EXTRAIDO_DESDE_NOMBRE,ALTA,RESUELTO,210102,Coincidencia exacta y única por nombre
518.0,B3,"VIVIENDA, CONSTRUCCION Y SANEAMIENTO","OPMI DEL MINISTERIO DE VIVIENDA, CONSTRUCCION Y SANEAMIENTO",2191605.0,,PROYECTO DE INVERSION,"MEJORAMIENTO Y AMPLIACION DEL SERVICIO DE AGUA POTABLE Y DISPOSICION SANITARIA DE EXCRETAS EN LOS SECTORES IZCUCHACA Y PAMPA CHUA CHUA DEL CENTRO POBLADO CHUA CHUA, DISTRITO ZEPITA - CHUCUITO - PUNO",SANEAMIENTO,SANEAMIENTO,SANEAMIENTO RURAL,2725435,2285352,10000,10000.0,30000.0,30000.0,11849.29,Cartera_260824-123814.xlsx,,210407,210407,SI,SI,VALIDADO_PMI_POR_CUI,ALTA,RESUELTO,,"No se detectó patrón ""DISTRITO DE"" en el nombre | Validado por PMI: ZEPITA"
519.0,B3,"VIVIENDA, CONSTRUCCION Y SANEAMIENTO","OPMI DEL MINISTERIO DE VIVIENDA, CONSTRUCCION Y SANEAMIENTO",2327885.0,,PROYECTO DE INVERSION,"MEJORAMIENTO Y AMPLIACION DEL SERVICIO DE AGUA POTABLE Y SANEAMIENTO BASICO EN EL CASERIO REDENCION NEVATI , DISTRITO DE PUERTO BERMUDEZ - OXAPAMPA - PASCO",SANEAMIENTO,SANEAMIENTO,SANEAMIENTO RURAL,3600783,111708,0,0.0,4308639.0,179526.79,0.0,Cartera_260824-123814.xlsx,190306,,190306,,,EXTRAIDO_DESDE_NOMBRE,ALTA,RESUELTO,190306,Coincidencia exacta y única por nombre
520.0,B1,"VIVIENDA, CONSTRUCCION Y SANEAMIENTO","OPMI DEL MINISTERIO DE VIVIENDA, CONSTRUCCION Y SANEAMIENTO",2260618.0,,PROYECTO DE INVERSION,"MEJORAMIENTO Y AMPLIACION DEL SERVICIO DE AGUA POTABLE Y SANEAMIENTO BASICO EN EL CASERIO BOCA SAMAYA , DISTRITO DE PUERTO BERMUDEZ - OXAPAMPA - PASCO",SANEAMIENTO,SANEAMIENTO,SANEAMIENTO RURAL,4323212,116162,0,0.0,4494756.0,187281.06,0.0,Cartera_260824-123814.xlsx,190306,,190306,,,EXTRAIDO_DESDE_NOMBRE,ALTA,RESUELTO,190306,Coincidencia exacta y única por nombre
521.0,B3,"VIVIENDA, CONSTRUCCION Y SANEAMIENTO","OPMI DEL MINISTERIO DE VIVIENDA, CONSTRUCCION Y SANEAMIENTO",2282656.0,,PROYECTO DE INVERSION,"INSTALACION DEL SERVICIO DE AGUA POTABLE Y SANEAMIENTO EN EL CENTRO POBLADO RURAL DE PAMPA HERMOSA , DISTRITO DE HUALLAGA - BELLAVISTA - SAN MARTIN",SANEAMIENTO,SANEAMIENTO,SANEAMIENTO RURAL,6744584,57231,0,180000.0,200000.0,2909583.0,3536156.43,Cartera_260824-123814.xlsx,220204,,220204,,,EXTRAIDO_DESDE_NOMBRE,ALTA,RESUELTO,220204,Coincidencia exacta y única por nombre
522.0,A,"VIVIENDA, CONSTRUCCION Y SANEAMIENTO","OPMI DEL MINISTERIO DE VIVIENDA, CONSTRUCCION Y SANEAMIENTO",2293767.0,,PROYECTO DE INVERSION,"MEJORAMIENTO Y AMPLIACIÓN DEL SERVICIO DE AGUA POTABLE E INSTALACIÓN DE DISPOSICION SANITARIA DE EXCRETAS EN EL CENTRO POBLADO DE LOS OLIVOS, DISTRITO DE PERENE, PROVINCIA CHANCHAMAYO, REGIÓN JUNIN",SANEAMIENTO,SANEAMIENTO,SANEAMIENTO RURAL,1919387,1372635,456849,135780.0,410972.0,0.0,0.0,Cartera_260824-123814.xlsx,120302,,120302,,,EXTRAIDO_DESDE_NOMBRE,ALTA,RESUELTO,120302,Coincidencia exacta y única por nombre
523.0,A,"VIVIENDA, CONSTRUCCION Y SANEAMIENTO","OPMI DEL MINISTERIO DE VIVIENDA, CONSTRUCCION Y SANEAMIENTO",2301614.0,,PROYECTO DE INVERSION,"AMPLIACION Y MEJORAMIENTO DE LOS SERVICIOS DE AGUA POTABLE Y SANEAMIENTO EN LA LOCALIDAD DE ZONA PATRIA , DISTRITO DE PERENE - CHANCHAMAYO - JUNIN",SANEAMIENTO,SANEAMIENTO,SANEAMIENTO RURAL,4231596,3081806,992461,626854.0,137047.61,8712.0,0.0,Cartera_260824-123814.xlsx,120302,,120302,,,EXTRAIDO_DESDE_NOMBRE,ALTA,RESUELTO,120302,Coincidencia exacta y única por nombre
524.0,B3,"VIVIENDA, CONSTRUCCION Y SANEAMIENTO","OPMI DEL MINISTERIO DE VIVIENDA, CONSTRUCCION Y SANEAMIENTO",2192687.0,,PROYECTO DE INVERSION,"MEJORAMIENTO Y AMPLIACION DEL SERVICIO DE AGUA POTABLE Y ALCANTARILLADO E INSTALACION DE LA PLANTA DE TRATAMIENTO DE AGUAS RESIDUALES DE LA CIUDAD DE LIRCAY - DISTRITO DE LIRCAY, PROVINCIA DE ANGARAES - HUANCAVELICA",SANEAMIENTO,SANEAMIENTO,SANEAMIENTO RURAL,10881057,6965332,42550,2076628.0,1200000.0,1484055.66,5000.0,Cartera_260824-123814.xlsx,090301,,090301,,,EXTRAIDO_DESDE_NOMBRE,ALTA,RESUELTO,090301,Coincidencia exacta y única por nombre
525.0,B3,"VIVIENDA, CONSTRUCCION Y SANEAMIENTO","OPMI DEL MINISTERIO DE VIVIENDA, CONSTRUCCION Y SANEAMIENTO",2168857.0,,PROYECTO DE INVERSION,CONSTRUCCIÓN DEL SISTEMA DE AGUA POTABLE Y LETRINAS EN LA LOCALIDAD DE SANTA ROSA DE CIENEGUILLO SUR - DISTRITO Y PROVINCIA DE SULLANA - DEPARTAMENTO DE PIURA,SANEAMIENTO,SANEAMIENTO,SANEAMIENTO RURAL,4800154,718956,3000,1000000.0,1000000.0,2881198.35,200000.0,Cartera_260824-123814.xlsx,,200601,200601,SI,SI,VALIDADO_PMI_POR_CUI,ALTA,RESUELTO,,"No se detectó patrón ""DISTRITO DE"" en el nombre | Validado por PMI: SULLANA"
526.0,B3,"VIVIENDA, CONSTRUCCION Y SANEAMIENTO","OPMI DEL MINISTERIO DE VIVIENDA, CONSTRUCCION Y SANEAMIENTO",2328455.0,,PROYECTO DE INVERSION,"MEJORAMIENTO, AMPLIACION DEL SERVICIO DE AGUA POTABLE Y SANEAMIENTO EN LA COMUNIDAD NATIVA BOLOGNESI, DISTRITO DE ANDOAS, PROVINCIA DE DATEM DEL MARAÑON, REGION LORETO",SANEAMIENTO,SANEAMIENTO,SANEAMIENTO RURAL,3908620,2541954,1088616,1088616.0,395966.05,120000.0,50000.0,Cartera_260824-123814.xlsx,160706,,160706,,,EXTRAIDO_DESDE_NOMBRE,ALTA,RESUELTO,160706,Coincidencia exacta y única por nombre
527.0,B3,"VIVIENDA, CONSTRUCCION Y SANEAMIENTO","OPMI DEL MINISTERIO DE VIVIENDA, CONSTRUCCION Y SANEAMIENTO",2428089.0,24380.0,PROGRAMA DE INVERSION,"Mejoramiento, AMPLIACIÓN y CREACIÓN del Sistema de Tratamiento de Aguas Residuales en los 7 Y 3 (Respectivamente) Distritos de Tacna y Huanuco",SANEAMIENTO,SANEAMIENTO,SANEAMIENTO URBANO,19883536,4600602,50000,854625.0,100000.0,100000.0,15032934.13,Cartera_260824-123814.xlsx,,,,NO,NO,FALLIDO,BAJA,REVISAR_CONFLICTO,,Múltiples distritos detectados en el nombre | Datos PMI no cruzaron con GPKG (- TODOS - - - TODOS -)
528.0,E,"VIVIENDA, CONSTRUCCION Y SANEAMIENTO","OPMI DEL MINISTERIO DE VIVIENDA, CONSTRUCCION Y SANEAMIENTO",2412107.0,112.0,PROYECTO DE INVERSION,CREACION DEL SERVICIO DE AGUA POTABLE Y DISPOSICIÓN SANITARIA DE EXCRETAS EN LA COMUNIDAD NATIVA DE NUEVO MIRAFLORES I ZONA DEL DISTRITO DE NAUTA - PROVINCIA DE LORETO - DEPARTAMENTO DE LORETO,SANEAMIENTO,SANEAMIENTO,SANEAMIENTO RURAL,1524530,327128,54291,54291.0,0.0,1143111.0,0.0,Cartera_260824-123814.xlsx,160301,,160301,,,EXTRAIDO_DESDE_NOMBRE,ALTA,RESUELTO,160301,Coincidencia exacta y única por nombre
529.0,B3,"VIVIENDA, CONSTRUCCION Y SANEAMIENTO","OPMI DEL MINISTERIO DE VIVIENDA, CONSTRUCCION Y SANEAMIENTO",2302373.0,,PROYECTO DE INVERSION,"AMPLIACION Y MEJORAMIENTO DEL SISTEMA DE AGUA POTABLE Y ALCANTARILLADO EN LOS ASENTAMIENTOS HUMANOS DE LOS DISTRITOS DE PIURA Y CASTILLA, PROVINCIA DE PIURA, DEPARTAMENTO DE PIURA",SANEAMIENTO,SANEAMIENTO,SANEAMIENTO URBANO,706386469,15315493,20403552,51240311.0,50000000.0,50000000.0,50000000.0,Cartera_260824-123814.xlsx,,200101,200101,SI,SI,VALIDADO_PMI_POR_CUI,ALTA,RESUELTO,,Múltiples distritos detectados en el nombre | Validado por PMI: PIURA
531.0,B3,"VIVIENDA, CONSTRUCCION Y SANEAMIENTO","OPMI DEL MINISTERIO DE VIVIENDA, CONSTRUCCION Y SANEAMIENTO",2183860.0,,PROYECTO DE INVERSION,"MEJORAMIENTO Y AMPLIACIÓN DE LOS SERVICIOS DE AGUA POTABLE Y DISPOSICIÓN SANITARIA DE EXCRETAS DEL CENTRO  POBLADO JAYU JAYU, DISTRITO DE ACORA, PUNO - PUNO.",SANEAMIENTO,SANEAMIENTO,SANEAMIENTO RURAL,8266244,6517446,0,0.0,30000.0,110000.0,108798.21,Cartera_260824-123814.xlsx,210102,,210102,,,EXTRAIDO_DESDE_NOMBRE,ALTA,RESUELTO,210102,Coincidencia exacta y única por nombre
532.0,B3,"VIVIENDA, CONSTRUCCION Y SANEAMIENTO","OPMI DEL MINISTERIO DE VIVIENDA, CONSTRUCCION Y SANEAMIENTO",2338414.0,,PROYECTO DE INVERSION,"MEJORAMIENTO Y AMPLIACION DE LOS SERVICIOS DE AGUA POTABLE Y SISTEMA DE DISPOSICIÓN DE EXCRETAS EN LAS JUNTAS VECINALES DE: SANTA ROSA, OMO Y LA RINCONADA  DEL VALLE DE MOQUEGUA, PROVINCIA DE MARISCAL NIETO - MOQUEGUA",SANEAMIENTO,SANEAMIENTO,SANEAMIENTO URBANO,25558358,11346489,903843,100000.0,75895.98,529623.55,12658753.78,Cartera_260824-123814.xlsx,,180101,180101,SI,SI,VALIDADO_PMI_POR_CUI,ALTA,RESUELTO,,"No se detectó patrón ""DISTRITO DE"" en el nombre | Validado por PMI: MOQUEGUA"
533.0,C,"VIVIENDA, CONSTRUCCION Y SANEAMIENTO","OPMI DEL MINISTERIO DE VIVIENDA, CONSTRUCCION Y SANEAMIENTO",2395187.0,,PROYECTO DE INVERSION,"MEJORAMIENTO Y AMPLIACION DEL SISTEMA DE AGUA POTABLE  Y ALCANTARILLADO DE LOS SECTORES 359 Y 360 Y NUEVAS HABILITACIONES  ESQUEMA INTEGRAL CARABAYLLO - SECTORES 352, 353, 355, 356, 357, 358. DISTRITO DE SAN ANTONIO (HUAROCHIRI)  DISTRITO DE CARABAYLLO - PROVINCIA DE LIMA - DEPARTAMENTO DE LIMA",SANEAMIENTO,SANEAMIENTO,SANEAMIENTO URBANO,898398628,194618194,160242004,136215810.0,11856485.0,13542069.0,46721443.63,Cartera_260824-123814.xlsx,150106,,150106,,,EXTRAIDO_DESDE_NOMBRE,ALTA,RESUELTO,150106,Coincidencia exacta y única por nombre
535.0,Z,"VIVIENDA, CONSTRUCCION Y SANEAMIENTO","OPMI DEL MINISTERIO DE VIVIENDA, CONSTRUCCION Y SANEAMIENTO",2339705.0,,PROYECTO DE INVERSION,INSTALACIÓN DE LOS SISTEMAS DE AGUA POTABLE Y ALCANTARILLADO PARA LA ASOCIACIÓN PRO VIVIENDA PROFAM PERÚ DISTRITO SANTA ROSA,SANEAMIENTO,SANEAMIENTO,SANEAMIENTO URBANO,336726705,36501350,5750530,12530570.0,0.0,0.0,0.0,Cartera_260824-123814.xlsx,,150139,150139,SI,SI,VALIDADO_PMI_POR_CUI,ALTA,RESUELTO,,"No se detectó patrón ""DISTRITO DE"" en el nombre | Validado por PMI: SANTA ROSA"
536.0,C,"VIVIENDA, CONSTRUCCION Y SANEAMIENTO","OPMI DEL MINISTERIO DE VIVIENDA, CONSTRUCCION Y SANEAMIENTO",2252048.0,,PROYECTO DE INVERSION,"MEJORAMIENTO DE LAS REDES DE AGUA POTABLE Y ALCANTARILLADO CON CONEXIONES DOMICILIARIAS DE LOS PUEBLOS JÓVENES SAN ANTONIO Y AMPLIACIÓN SAN ANTONIO, DISTRITO DE CHICLAYO, PROVINCIA DE CHICLAYO,  DEPARTAMENTO DE LAMBAYEQUE",SANEAMIENTO,SANEAMIENTO,SANEAMIENTO URBANO,12172136,2435715,0,0.0,13054670.35,0.0,0.0,Cartera_260824-123814.xlsx,140101,,140101,,,EXTRAIDO_DESDE_NOMBRE,ALTA,RESUELTO,140101,Coincidencia exacta y única por nombre
537.0,B3,"VIVIENDA, CONSTRUCCION Y SANEAMIENTO","OPMI DEL MINISTERIO DE VIVIENDA, CONSTRUCCION Y SANEAMIENTO",2459317.0,35450.0,PROGRAMA DE INVERSION,"MEJORAMIENTO, AMPLIACIÓN Y CREACIÓN DEL SERVICIO DE DRENAJE PLUVIAL EN EL ÁMBITO URBANO DE LOS DISTRITOS DE CUSCO, WANCHAQ, SANTIAGO Y SAN SEBASTIAN DE LA PROVINCIA Y DEPARTAMENTO DE CUSCO Y LOS DISTRITOS DE ZARUMILLA Y AGUAS VERDES DE LA PROVINCIA DE ZARUMILLA-DEPARTAMENTO DE TUMBES",SANEAMIENTO,SANEAMIENTO,SANEAMIENTO URBANO,46784365,26373886,2126828,1412816.0,6803000.0,5800000.0,6394663.04,Cartera_260824-123814.xlsx,,080101,080101,SI,SI,VALIDADO_PMI_POR_CUI,ALTA,RESUELTO,,Múltiples distritos detectados en el nombre | Validado por PMI: CUSCO
538.0,C,"VIVIENDA, CONSTRUCCION Y SANEAMIENTO","OPMI DEL MINISTERIO DE VIVIENDA, CONSTRUCCION Y SANEAMIENTO",2328824.0,,PROYECTO DE INVERSION,"MEJORAMIENTO DEL SERVICIO DE AGUA POTABLE Y ALCANTARILLADO SANITARIO DE LOS BARRIOS 01, 02, 03, 06, 08, 09 Y 12, DISTRITO DE FLORENCIA DE MORA - TRUJILLO - LA LIBERTAD",SANEAMIENTO,SANEAMIENTO,SANEAMIENTO URBANO,120903039,62711325,13976758,5500000.0,20398497.56,0.0,0.0,Cartera_260824-123814.xlsx,130103,,130103,,,EXTRAIDO_DESDE_NOMBRE,ALTA,RESUELTO,130103,Coincidencia exacta y única por nombre
539.0,A,"VIVIENDA, CONSTRUCCION Y SANEAMIENTO","OPMI DEL MINISTERIO DE VIVIENDA, CONSTRUCCION Y SANEAMIENTO",2067952.0,,PROYECTO DE INVERSION,"MEJORAMIENTO, AMPLIACION SISTEMA DE SANEAMIENTO BASICO DEL CENTRO POBLADO DE TINTA, PROVINCIA DE CANCHIS - CUSCO",SANEAMIENTO,SANEAMIENTO,SANEAMIENTO URBANO,3259035,40000,0,1000.0,218034.95,1500000.0,1500000.0,Cartera_260824-123814.xlsx,,080608,080608,SI,SI,VALIDADO_PMI_POR_CUI,ALTA,RESUELTO,,"No se detectó patrón ""DISTRITO DE"" en el nombre | Validado por PMI: TINTA"
543.0,B0,"VIVIENDA, CONSTRUCCION Y SANEAMIENTO","OPMI DEL MINISTERIO DE VIVIENDA, CONSTRUCCION Y SANEAMIENTO",2449471.0,60927.0,PROYECTO DE INVERSION,MEJORAMIENTO Y AMPLIACION DEL SISTEMA DE AGUA Y SANEAMIENTO DEL ANEXO DE PUMAPUJIO DE LA COMUNIDAD DE CANCAHUANI DEL DISTRITO DE CAPACMARCA - PROVINCIA DE CHUMBIVILCAS - DEPARTAMENTO DE CUSCO,SANEAMIENTO,SANEAMIENTO,SANEAMIENTO RURAL,3201358,65368,692391,180000.0,0.0,0.0,0.0,Cartera_260824-123814.xlsx,080702,,080702,,,EXTRAIDO_DESDE_NOMBRE,ALTA,RESUELTO,080702,Coincidencia exacta y única por nombre
544.0,E,"VIVIENDA, CONSTRUCCION Y SANEAMIENTO","OPMI DEL MINISTERIO DE VIVIENDA, CONSTRUCCION Y SANEAMIENTO",2251323.0,,PROYECTO DE INVERSION,"AMPLIACION Y MEJORAMIENTO DEL SERVICIO DE AGUA POTABLE E INSTALACION DEL SANEAMIENTO BASICO DE LA LOCALIDAD DE SANTA ANA (ZAPALLOPAMPA) , DISTRITO DE JOSE SABOGAL - SAN MARCOS - CAJAMARCA",SANEAMIENTO,SANEAMIENTO,SANEAMIENTO RURAL,7680298,63773,20000,20000.0,150000.0,12000.0,1000000.0,Cartera_260824-123814.xlsx,061007,,061007,,,EXTRAIDO_DESDE_NOMBRE,ALTA,RESUELTO,061007,Coincidencia exacta y única por nombre
545.0,E,"VIVIENDA, CONSTRUCCION Y SANEAMIENTO","OPMI DEL MINISTERIO DE VIVIENDA, CONSTRUCCION Y SANEAMIENTO",2281271.0,,PROYECTO DE INVERSION,"INSTALACION DE LOS SERVICIOS DE AGUA POTABLE Y SANEAMIENTO EN EL CENTRO POBLADO DE VAINILLA, DISTRITO DE BELLAVISTA , PROVINCIA DE BELLAVISTA - SAN MARTIN",SANEAMIENTO,SANEAMIENTO,SANEAMIENTO RURAL,4973886,179344,73000,73000.0,3406061.0,1315481.0,0.0,Cartera_260824-123814.xlsx,220201,,220201,,,EXTRAIDO_DESDE_NOMBRE,ALTA,RESUELTO,220201,Coincidencia resuelta usando provincia BELLAVISTA
546.0,E,"VIVIENDA, CONSTRUCCION Y SANEAMIENTO","OPMI DEL MINISTERIO DE VIVIENDA, CONSTRUCCION Y SANEAMIENTO",2303325.0,,PROYECTO DE INVERSION,"AMPLIACION Y MEJORAMIENTO DEL SERVICIO DE AGUA POTABLE Y SANEAMIENTO EN EL CENTRO POBLADO NUEVA ESPERANZA , DISTRITO DE RIO SANTIAGO - CONDORCANQUI - AMAZONAS",SANEAMIENTO,SANEAMIENTO,SANEAMIENTO RURAL,5536509,96702,20000,20000.0,1663691.0,3756115.0,0.0,Cartera_260824-123814.xlsx,010403,,010403,,,EXTRAIDO_DESDE_NOMBRE,ALTA,RESUELTO,010403,Coincidencia exacta y única por nombre
547.0,E,"VIVIENDA, CONSTRUCCION Y SANEAMIENTO","OPMI DEL MINISTERIO DE VIVIENDA, CONSTRUCCION Y SANEAMIENTO",2261186.0,,PROYECTO DE INVERSION,"MEJORAMIENTO Y AMPLIACION DEL SERVICIO DE AGUA POTABLE E INSTALACION DEL SERVICIO DE ALCANTARILLADO EN EL CENTRO POBLADO NUEVO CHANCHAMAYO , DISTRITO DE BAJO BIAVO - BELLAVISTA - SAN MARTIN",SANEAMIENTO,SANEAMIENTO,SANEAMIENTO RURAL,7319957,60677,258692,408692.0,2153169.0,4697420.0,0.0,Cartera_260824-123814.xlsx,220203,,220203,,,EXTRAIDO_DESDE_NOMBRE,ALTA,RESUELTO,220203,Coincidencia exacta y única por nombre
548.0,E,"VIVIENDA, CONSTRUCCION Y SANEAMIENTO","OPMI DEL MINISTERIO DE VIVIENDA, CONSTRUCCION Y SANEAMIENTO",2266243.0,,PROYECTO DE INVERSION,"AMPLIACION Y MEJORAMIENTO DEL SERVICIO DE AGUA POTABLE E INSTALACION DEL SANEAMIENTO BASICO DE LA LOCALIDAD DE HUASANCHE , DISTRITO DE LAGUNAS - AYABACA - PIURA",SANEAMIENTO,SANEAMIENTO,SANEAMIENTO RURAL,4811872,47359,156376,156376.0,1410105.0,3198032.0,0.0,Cartera_260824-123814.xlsx,,200204,200204,SI,SI,VALIDADO_PMI_POR_CUI,ALTA,RESUELTO,"140107, 160206, 200204",Distrito LAGUNAS es ambiguo y no se extrajo provincia | Validado por PMI: LAGUNAS
549.0,E,"VIVIENDA, CONSTRUCCION Y SANEAMIENTO","OPMI DEL MINISTERIO DE VIVIENDA, CONSTRUCCION Y SANEAMIENTO",2301622.0,,PROYECTO DE INVERSION,"AMPLIACION Y MEJORAMIENTO DEL SERVICIO DE AGUA POTABLE E INSTALACION DEL SANEAMIENTO BASICO DE LA LOCALIDAD DE YERBAS BUENAS , DISTRITO DE LAGUNAS - AYABACA - PIURA",SANEAMIENTO,SANEAMIENTO,SANEAMIENTO RURAL,4127517,47297,165751,165751.0,1330433.0,2584036.0,0.0,Cartera_260824-123814.xlsx,,200204,200204,SI,SI,VALIDADO_PMI_POR_CUI,ALTA,RESUELTO,"140107, 160206, 200204",Distrito LAGUNAS es ambiguo y no se extrajo provincia | Validado por PMI: LAGUNAS
550.0,E,"VIVIENDA, CONSTRUCCION Y SANEAMIENTO","OPMI DEL MINISTERIO DE VIVIENDA, CONSTRUCCION Y SANEAMIENTO",2257588.0,,PROYECTO DE INVERSION,"MEJORAMIENTO Y AMPLIACION DEL SERVICIO DE AGUA POTABLE E INSTALACION DEL SANEAMIENTO EN LA LOCALIDAD DE PALO SOLO , DISTRITO DE COCHABAMBA - CHOTA - CAJAMARCA",SANEAMIENTO,SANEAMIENTO,SANEAMIENTO RURAL,4992273,61429,114500,114500.0,585978.0,4230366.0,0.0,Cartera_260824-123814.xlsx,,060407,060407,SI,SI,VALIDADO_PMI_POR_CUI,ALTA,RESUELTO,"060407, 100403, 020102, 090725",Distrito COCHABAMBA es ambiguo y no se extrajo provincia | Validado por PMI: COCHABAMBA
551.0,E,"VIVIENDA, CONSTRUCCION Y SANEAMIENTO","OPMI DEL MINISTERIO DE VIVIENDA, CONSTRUCCION Y SANEAMIENTO",2278286.0,,PROYECTO DE INVERSION,"MEJORAMIENTO Y AMPLIACION DEL SERVICIO DE AGUA POTABLE Y SANEAMIENTO BASICO DEL CENTRO POBLADO DE SAN MARCOS DE ROCCHAC , DISTRITO DE SAN MARCOS DE ROCCHAC - TAYACAJA - HUANCAVELICA",SANEAMIENTO,SANEAMIENTO,SANEAMIENTO RURAL,4126097,133492,349673,349673.0,3008644.0,634288.0,0.0,Cartera_260824-123814.xlsx,090716,,090716,,,EXTRAIDO_DESDE_NOMBRE,ALTA,RESUELTO,090716,Coincidencia exacta y única por nombre
552.0,E,"VIVIENDA, CONSTRUCCION Y SANEAMIENTO","OPMI DEL MINISTERIO DE VIVIENDA, CONSTRUCCION Y SANEAMIENTO",2235260.0,,PROYECTO DE INVERSION,MEJORAMIENTO Y AMPLIACIÓN DEL SERVICIO DE AGUA POTABLE E INSTALACIÓN DE DISPOSICION SANITARIA DE EXCRETAS EN EL CENTRO POBLADO DE CENTRO KUVIRIANI DISTRITO DE PICHANAQUI- CHANCHAMAYO - JUNIN,SANEAMIENTO,SANEAMIENTO,SANEAMIENTO RURAL,7827592,98987,138770,103725.0,4349763.0,2812532.0,0.0,Cartera_260824-123814.xlsx,,120303,120303,SI,SI,VALIDADO_PMI_POR_CUI,ALTA,RESUELTO,,Distrito PICHANAQUI- CHANCHAMAYO no encontrado en GPKG | Validado por PMI: PICHANAQUI
553.0,E,"VIVIENDA, CONSTRUCCION Y SANEAMIENTO","OPMI DEL MINISTERIO DE VIVIENDA, CONSTRUCCION Y SANEAMIENTO",2307929.0,,PROYECTO DE INVERSION,"MEJORAMIENTO Y AMPLIACION DE LOS SERVICIOS DE AGUA POTABLE Y DISPOSICION SANITARIA DE EXCRETAS DE LA LOCALIDAD DE CHOQUECANCHA , DISTRITO DE LARES - CALCA - CUSCO",SANEAMIENTO,SANEAMIENTO,SANEAMIENTO RURAL,7212237,135607,21000,21000.0,5615597.0,1440032.0,0.0,Cartera_260824-123814.xlsx,080404,,080404,,,EXTRAIDO_DESDE_NOMBRE,ALTA,RESUELTO,080404,Coincidencia exacta y única por nombre
554.0,E,"VIVIENDA, CONSTRUCCION Y SANEAMIENTO","OPMI DEL MINISTERIO DE VIVIENDA, CONSTRUCCION Y SANEAMIENTO",2503616.0,,PROYECTO DE INVERSION,"AMPLIACION DE LOS SERVICIOS DE AGUA POTABLE Y ALCANTARILLADO EN LOS SECTORES 308, 309 Y 310 VILLA MARIA DEL TRIUNFO DEL DISTRITO DE VILLA MARIA DEL TRIUNFO - PROVINCIA DE LIMA - DEPARTAMENTO DE LIMA",SANEAMIENTO,SANEAMIENTO,SANEAMIENTO URBANO,140605013,2677599,1763641,3561865.0,2650325.0,2650325.0,5525695.0,Cartera_260824-123814.xlsx,150143,,150143,,,EXTRAIDO_DESDE_NOMBRE,ALTA,RESUELTO,150143,Coincidencia exacta y única por nombre
555.0,E,"VIVIENDA, CONSTRUCCION Y SANEAMIENTO","OPMI DEL MINISTERIO DE VIVIENDA, CONSTRUCCION Y SANEAMIENTO",2532566.0,4142.0,PROYECTO DE INVERSION,MEJORAMIENTO Y AMPLIACION DEL SERVICIO DE ALCANTARILLADO Y TRATAMIENTO DE AGUAS RESIDUALES EN LOS DISTRITOS DE NUEVO CHIMBOTE Y CHIMBOTE DE LA  PROVINCIA DE SANTA - DEPARTAMENTO DE ANCASH,SANEAMIENTO,SANEAMIENTO,SANEAMIENTO URBANO,659427519,23520463,10448902,9786034.0,30000000.0,50000000.0,50000000.0,Cartera_260824-123814.xlsx,,,,NO,NO,FALLIDO,BAJA,REVISAR_CONFLICTO,,Múltiples distritos detectados en el nombre | Datos PMI no cruzaron con GPKG (- TODOS - - SANTA)
556.0,B3,"VIVIENDA, CONSTRUCCION Y SANEAMIENTO","OPMI DEL MINISTERIO DE VIVIENDA, CONSTRUCCION Y SANEAMIENTO",2567526.0,35656.0,PROYECTO DE INVERSION,MEJORAMIENTO Y AMPLIACION DEL SERVICIO DE DRENAJE PLUVIAL EN LOS DISTRITOS DE ZARUMILLA Y AGUAS VERDES DE LA  PROVINCIA DE ZARUMILLA - DEPARTAMENTO DE TUMBES,SANEAMIENTO,SANEAMIENTO,SANEAMIENTO URBANO,265689118,13670902,62535135,62535135.0,54015384.45,71460654.51,64007041.88,Cartera_260824-123814.xlsx,,,,NO,NO,FALLIDO,BAJA,REVISAR_CONFLICTO,,Múltiples distritos detectados en el nombre | Datos PMI no cruzaron con GPKG (- TODOS - - - TODOS -)
557.0,E,"VIVIENDA, CONSTRUCCION Y SANEAMIENTO","OPMI DEL MINISTERIO DE VIVIENDA, CONSTRUCCION Y SANEAMIENTO",2316034.0,,PROYECTO DE INVERSION,"AMPLIACION Y MEJORAMIENTO DEL SISTEMA DE AGUA POTABLE Y SANEAMIENTO EN LOS CENTROS POBLADOS LA FLORIDA Y PASAMAYO E INSTALACION DEL SERVICIO DE AGUA POTABLE Y SANEAMIENTO EN EL CENTRO POBLADO EL EDEN, DISTRITO DE YANTALO - MOYOBAMBA - SAN MARTIN",SANEAMIENTO,SANEAMIENTO,SANEAMIENTO RURAL,11145339,129200,0,187054.0,587266.0,3343601.0,6898218.0,Cartera_260824-123814.xlsx,220106,,220106,,,EXTRAIDO_DESDE_NOMBRE,ALTA,RESUELTO,220106,Coincidencia exacta y única por nombre
558.0,E,"VIVIENDA, CONSTRUCCION Y SANEAMIENTO","OPMI DEL MINISTERIO DE VIVIENDA, CONSTRUCCION Y SANEAMIENTO",2469971.0,91584.0,PROYECTO DE INVERSION,"MEJORAMIENTO Y AMPLIACION DEL SERVICIO DE TRATAMIENTO DE AGUAS RESIDUALES PARA DISPOSICIÓN FINAL Y/O REÚSO, Y DE LA INFRAESTRUCTURA DE RECOLECCIÓN EN LA LOCALIDAD DE CHEPÉN Y 8 DISTRITOS DE LA PROVINCIA DE TRUJILLO - DEPARTAMENTO DE LA LIBERTAD",SANEAMIENTO,SANEAMIENTO,SANEAMIENTO URBANO,1413728721,156503,0,0.0,2000000.0,1500000.0,1700000.0,Cartera_260824-123814.xlsx,,,,NO,NO,FALLIDO,BAJA,REVISAR_CONFLICTO,,Múltiples distritos detectados en el nombre | Datos PMI no cruzaron con GPKG (- TODOS - - - TODOS -)
559.0,E,"VIVIENDA, CONSTRUCCION Y SANEAMIENTO","OPMI DEL MINISTERIO DE VIVIENDA, CONSTRUCCION Y SANEAMIENTO",2470012.0,94608.0,PROYECTO DE INVERSION,"CREACION DE LOS SERVICIOS DE TRATAMIENTO DE AGUAS RESIDUALES PARA DISPOSICIÓN FINAL EN EL DISTRITO DE SAN JOSÉ DE SISA DE LA PROVINCIA DE EL DORADO Y EN LOS DISTRITOS DE TARAPOTO, LA BANDA DE SHILCAYO Y MORALES DE LA  PROVINCIA DE SAN MARTIN - DEPARTAMENTO DE SAN MARTIN",SANEAMIENTO,SANEAMIENTO,SANEAMIENTO URBANO,481763821,6222328,40765,40765.0,1200000.0,1500000.0,1500000.0,Cartera_260824-123814.xlsx,,,,NO,NO,FALLIDO,BAJA,REVISAR_CONFLICTO,,Múltiples distritos detectados en el nombre | Datos PMI no cruzaron con GPKG (- TODOS - - - TODOS -)
560.0,E,"VIVIENDA, CONSTRUCCION Y SANEAMIENTO","OPMI DEL MINISTERIO DE VIVIENDA, CONSTRUCCION Y SANEAMIENTO",2568567.0,,PROYECTO DE INVERSION,MEJORAMIENTO Y AMPLIACION DE LOS SERVICIOS DE AGUA POTABLE Y SANEAMIENTO DE LA LOCALIDAD DE HUARAL DEL  DISTRITO DE HUARAL - PROVINCIA DE HUARAL - DEPARTAMENTO DE LIMA,SANEAMIENTO,SANEAMIENTO,SANEAMIENTO URBANO,261469785,2587342,1291032,1291032.0,2856325.0,4526325.0,7256952.0,Cartera_260824-123814.xlsx,150601,,150601,,,EXTRAIDO_DESDE_NOMBRE,ALTA,RESUELTO,150601,Coincidencia exacta y única por nombre
561.0,C,"VIVIENDA, CONSTRUCCION Y SANEAMIENTO","OPMI DEL MINISTERIO DE VIVIENDA, CONSTRUCCION Y SANEAMIENTO",2501633.0,,PROYECTO DE INVERSION,AMPLIACION DE LOS SERVICIOS DE AGUA POTABLE Y ALCANTARILLADO PARA LAS NUEVAS HABILITACIONES DEL ESQUEMA SANTA ROSA Y ANCÓN EN LOS DISTRITOS DE SANTA ROSA Y ANCON DE LA  PROVINCIA DE LIMA - DEPARTAMENTO DE LIMA,SANEAMIENTO,SANEAMIENTO,SANEAMIENTO URBANO,381091225,10484458,759799,421740.0,10000000.0,30000000.0,8954210.0,Cartera_260824-123814.xlsx,,,,NO,NO,FALLIDO,BAJA,REVISAR_CONFLICTO,,Múltiples distritos detectados en el nombre | Datos PMI no cruzaron con GPKG (- TODOS - - LIMA)
562.0,E,"VIVIENDA, CONSTRUCCION Y SANEAMIENTO","OPMI DEL MINISTERIO DE VIVIENDA, CONSTRUCCION Y SANEAMIENTO",2469999.0,94575.0,PROYECTO DE INVERSION,"CREACION DEL SERVICIO DE TRATAMIENTO DE AGUAS RESIDUALES PARA DISPOSICIÓN FINAL Y/O REÚSO, MEJORAMIENTO Y AMPLIACIÓN DE LA INFRAESTRUCTURA DE LA RED DE RECOLECCIÓN EN LOS DISTRITOS DE CAJAMARCA Y LOS BAÑOS DEL INCA DE LA  PROVINCIA DE CAJAMARCA - DEPARTAMENTO DE CAJAMARCA",SANEAMIENTO,SANEAMIENTO,SANEAMIENTO URBANO,260931549,207535,10000,60000.0,150000.0,150000.0,300000.0,Cartera_260824-123814.xlsx,,,,NO,NO,FALLIDO,BAJA,REVISAR_CONFLICTO,,Múltiples distritos detectados en el nombre | Datos PMI no cruzaron con GPKG (- TODOS - - - TODOS -)
563.0,D,"VIVIENDA, CONSTRUCCION Y SANEAMIENTO","OPMI DEL MINISTERIO DE VIVIENDA, CONSTRUCCION Y SANEAMIENTO",2428087.0,24377.0,PROYECTO DE INVERSION,MEJORAMIENTO Y AMPLIACION DEL SISTEMA DE ALCANTARILLADO Y TRATAMIENTO DE AGUAS RESIDUALES EN 7 DISTRITOS DE LA PROVINCIA DE TACNA - DEPARTAMENTO DE TACNA,SANEAMIENTO,SANEAMIENTO,SANEAMIENTO URBANO,391053009,18301587,2638653,4653104.0,100000.0,100000.0,100000.0,Cartera_260824-123814.xlsx,,,,NO,NO,FALLIDO,BAJA,REVISAR_CONFLICTO,,Múltiples distritos detectados en el nombre | Datos PMI no cruzaron con GPKG (- TODOS - - - TODOS -)
564.0,E,"VIVIENDA, CONSTRUCCION Y SANEAMIENTO","OPMI DEL MINISTERIO DE VIVIENDA, CONSTRUCCION Y SANEAMIENTO",2469992.0,77676.0,PROYECTO DE INVERSION,MEJORAMIENTO Y AMPLIACION DEL SERVICIO DE TRATAMIENTO DE AGUAS RESIDUALES PARA DISPOSICIÓN FINAL Y/O REÚSO E INFRAESTRUCTURA DE LA RED DE RECOLECCIÓN EN 7 DISTRITOS DE LA PROVINCIA DE CHINCHA - DEPARTAMENTO DE ICA,SANEAMIENTO,SANEAMIENTO,SANEAMIENTO URBANO,426140139,665133,474289,582000.0,3856352.0,5562856.0,6326985.0,Cartera_260824-123814.xlsx,,,,NO,NO,FALLIDO,BAJA,REVISAR_CONFLICTO,,Múltiples distritos detectados en el nombre | Datos PMI no cruzaron con GPKG (- TODOS - - - TODOS -)
565.0,E,"VIVIENDA, CONSTRUCCION Y SANEAMIENTO","OPMI DEL MINISTERIO DE VIVIENDA, CONSTRUCCION Y SANEAMIENTO",2428088.0,24378.0,PROYECTO DE INVERSION,"MEJORAMIENTO DEL SERVICIO DE ALCANTARILLADO SANITARIO Y CREACIÓN DEL SERVICIO DE TRATAMIENTO DE AGUAS RESIDUALES EN LOS DISTRITOS DE AMARILIS, PILLCO MARCA Y HUANUCO DE LA  PROVINCIA DE HUANUCO - DEPARTAMENTO DE HUANUCO",SANEAMIENTO,SANEAMIENTO,SANEAMIENTO URBANO,203628776,190479,0,0.0,100000.0,100000.0,100000.0,Cartera_260824-123814.xlsx,,,,NO,NO,FALLIDO,BAJA,REVISAR_CONFLICTO,,Múltiples distritos detectados en el nombre | Datos PMI no cruzaron con GPKG (- TODOS - - HUANUCO)
566.0,E,"VIVIENDA, CONSTRUCCION Y SANEAMIENTO","OPMI DEL MINISTERIO DE VIVIENDA, CONSTRUCCION Y SANEAMIENTO",2569318.0,,PROYECTO DE INVERSION,"MEJORAMIENTO Y AMPLIACION DE LOS SERVICIOS DE AGUA POTABLE Y ALCANTARILLADO SANITARIO DE LA CIUDAD DE PUERTO MALDONADO Y C.P. MAYOR EL TRIUNFO Y CREACIÓN DEL SERVICIO DE TRATAMIENTO DE AGUAS RESIDUALES EN EL SECTOR LA PASTORA DE LA CIUDAD DE PUERTO MALDONADO, EN LOS DISTRITOS DE TAMBOPATA Y LAS PIEDRAS DE LA  PROVINCIA DE TAMBOPATA - DEPARTAMENTO DE MADRE DE DIOS",SANEAMIENTO,SANEAMIENTO,SANEAMIENTO URBANO,362256653,2744931,2210886,2210886.0,1100000.0,2300000.0,3500000.0,Cartera_260824-123814.xlsx,,,,NO,NO,FALLIDO,BAJA,REVISAR_CONFLICTO,,Múltiples distritos detectados en el nombre | Datos PMI no cruzaron con GPKG (- TODOS - - TAMBOPATA)
567.0,E,"VIVIENDA, CONSTRUCCION Y SANEAMIENTO","OPMI DEL MINISTERIO DE VIVIENDA, CONSTRUCCION Y SANEAMIENTO",2194055.0,,PROYECTO DE INVERSION,"AMPLIACION Y MEJORAMIENTO DEL SERVICIO DE AGUA POTABLE Y DESAGUE  EN LA CIUDAD DE URUBAMBA DEL DISTRITO DE URUBAMBA, PROVINCIA DE URUBAMBA - CUSCO",SANEAMIENTO,SANEAMIENTO,SANEAMIENTO URBANO,81772671,3874129,0,0.0,10000.0,10000.0,7789854.0,Cartera_260824-123814.xlsx,081301,,081301,,,EXTRAIDO_DESDE_NOMBRE,ALTA,RESUELTO,081301,Coincidencia exacta y única por nombre
568.0,Z,"VIVIENDA, CONSTRUCCION Y SANEAMIENTO","OPMI DEL MINISTERIO DE VIVIENDA, CONSTRUCCION Y SANEAMIENTO",2161852.0,,PROYECTO DE INVERSION,"AMPLIACION, RENOVACION Y MEJORAMIENTO DEL SISTEMA DE AGUA POTABLE Y ALCANTARILLADO DE COCACHACRA",SANEAMIENTO,SANEAMIENTO,SANEAMIENTO URBANO,93338749,4428703,595226,708000.0,5412535.0,5850236.0,5962586.0,Cartera_260824-123814.xlsx,,040702,040702,SI,SI,VALIDADO_PMI_POR_CUI,ALTA,RESUELTO,,"No se detectó patrón ""DISTRITO DE"" en el nombre | Validado por PMI: COCACHACRA"
569.0,E,"VIVIENDA, CONSTRUCCION Y SANEAMIENTO","OPMI DEL MINISTERIO DE VIVIENDA, CONSTRUCCION Y SANEAMIENTO",2595846.0,,PROYECTO DE INVERSION,MEJORAMIENTO Y AMPLIACION DEL SERVICIO DE AGUA POTABLE URBANO Y MEJORAMIENTO Y AMPLIACION DEL SERVICIO DE ALCANTARILLADO Y MEJORAMIENTO Y AMPLIACION DEL SERVICIO DE TRATAMIENTO DE AGUAS RESIDUALES PARA DISPOSICIÓN FINAL EN LA LOCALIDAD DE BARRANCA   DISTRITO DE BARRANCA DE LA PROVINCIA DE BARRANCA DEL DEPARTAMENTO DE LIMA,SANEAMIENTO,SANEAMIENTO,SANEAMIENTO URBANO,388460578,1114760,3145104,5079110.0,5000000.0,10.0,50000000.0,Cartera_260824-123814.xlsx,,150201,150201,SI,SI,VALIDADO_PMI_POR_CUI,ALTA,RESUELTO,,Distrito BARRANCA DE no encontrado en GPKG | Validado por PMI: BARRANCA
570.0,E,"VIVIENDA, CONSTRUCCION Y SANEAMIENTO","OPMI DEL MINISTERIO DE VIVIENDA, CONSTRUCCION Y SANEAMIENTO",2333133.0,,PROYECTO DE INVERSION,"MEJORAMIENTO , AMPLIACIÓN DEL SISTEMA DE AGUA POTABLE Y ALCANTARILLADO SANITARIO DE LA ZONA URBANA DE HUALLANCA, DISTRITO DE HUALLANCA - BOLOGNESI - ANCASH",SANEAMIENTO,SANEAMIENTO,SANEAMIENTO URBANO,41072016,763609,0,0.0,2562356.0,4856952.0,6589365.0,Cartera_260824-123814.xlsx,,020508,020508,SI,SI,VALIDADO_PMI_POR_CUI,ALTA,RESUELTO,"020508, 021202",Distrito HUALLANCA es ambiguo y no se extrajo provincia | Validado por PMI: HUALLANCA
571.0,E,"VIVIENDA, CONSTRUCCION Y SANEAMIENTO","OPMI DEL MINISTERIO DE VIVIENDA, CONSTRUCCION Y SANEAMIENTO",2327619.0,,PROYECTO DE INVERSION,"MEJORAMIENTO Y AMPLIACION DE LOS SERVICIOS DE AGUA POTABLE, ALCANTARILLADO Y TRATAMIENTO DE AGUAS RESIDUALES , PROVINCIA DE CORONEL PORTILLO - UCAYALI",SANEAMIENTO,SANEAMIENTO,SANEAMIENTO URBANO,792579780,7096025,1984494,2955000.0,5000000.0,7504088.0,19504088.0,Cartera_260824-123814.xlsx,,,,NO,NO,FALLIDO,BAJA,REVISAR_CONFLICTO,,"No se detectó patrón ""DISTRITO DE"" en el nombre | Datos PMI no cruzaron con GPKG (- TODOS - - CORONEL PORTILLO)"
572.0,E,"VIVIENDA, CONSTRUCCION Y SANEAMIENTO","OPMI DEL MINISTERIO DE VIVIENDA, CONSTRUCCION Y SANEAMIENTO",2594508.0,,PROYECTO DE INVERSION,MEJORAMIENTO Y AMPLIACION DEL SERVICIO DE AGUA POTABLE URBANO Y MEJORAMIENTO Y AMPLIACION DEL SERVICIO DE ALCANTARILLADO Y MEJORAMIENTO Y AMPLIACION DEL SERVICIO DE TRATAMIENTO DE AGUAS RESIDUALES PARA DISPOSICIÓN FINAL EN LAS CALLES PRINCIPALES DE HUACHO (DEL SECTOR 1 AL 13) Y ASOCIACIONES DE CIUDAD SATÉLITE (SECTOR 14)   DISTRITO DE HUACHO DE LA PROVINCIA DE HUAURA DEL DEPARTAMENTO DE LIMA,SANEAMIENTO,SANEAMIENTO,SANEAMIENTO URBANO,243929651,930854,3563450,6828456.0,2000000.0,1000000.0,70000000.0,Cartera_260824-123814.xlsx,,150801,150801,SI,SI,VALIDADO_PMI_POR_CUI,ALTA,RESUELTO,,Distrito HUACHO DE no encontrado en GPKG | Validado por PMI: HUACHO
573.0,D,"VIVIENDA, CONSTRUCCION Y SANEAMIENTO","OPMI DEL MINISTERIO DE VIVIENDA, CONSTRUCCION Y SANEAMIENTO",2387743.0,,PROYECTO DE INVERSION,MEJORAMIENTO Y AMPLIACION DE LOS SERVICIOS DE AGUA POTABLE Y ALCANTARILLADO SANITARIO EN EL AMBITO URBANO  DISTRITO DE MOHO - PROVINCIA DE MOHO - DEPARTAMENTO DE PUNO,SANEAMIENTO,SANEAMIENTO,SANEAMIENTO URBANO,29608297,1530991,0,0.0,10000000.0,18077305.79,0.0,Cartera_260824-123814.xlsx,210901,,210901,,,EXTRAIDO_DESDE_NOMBRE,ALTA,RESUELTO,210901,Coincidencia exacta y única por nombre
574.0,Z,"VIVIENDA, CONSTRUCCION Y SANEAMIENTO","OPMI DEL MINISTERIO DE VIVIENDA, CONSTRUCCION Y SANEAMIENTO",2519940.0,,PROYECTO DE INVERSION,MEJORAMIENTO Y AMPLIACION DEL SERVICIO DE DRENAJE PLUVIAL DE LA CIUDAD DE PUERTO MALDONADO Y C.P. MAYOR EL TRIUNFO EN LOS DISTRITOS DE TAMBOPATA Y LAS PIEDRAS DE LA  PROVINCIA DE TAMBOPATA - DEPARTAMENTO DE MADRE DE DIOS,SANEAMIENTO,SANEAMIENTO,SANEAMIENTO URBANO,554927251,36169392,53872249,54586261.0,54586261.0,42031560.0,42031560.0,Cartera_260824-123814.xlsx,,,,NO,NO,FALLIDO,BAJA,REVISAR_CONFLICTO,,Múltiples distritos detectados en el nombre | Datos PMI no cruzaron con GPKG (- TODOS - - TAMBOPATA)
575.0,E,"VIVIENDA, CONSTRUCCION Y SANEAMIENTO","OPMI DEL MINISTERIO DE VIVIENDA, CONSTRUCCION Y SANEAMIENTO",2319483.0,,PROYECTO DE INVERSION,"AMPLIACION Y MEJORAMIENTO DEL SISTEMA DE PRODUCCION, ALMACENAMIENTO Y DISTRIBUCION PRIMARIA DE AGUA POTABLE DE LOS DISTRITOS DE PIURA Y CASTILLA, PROVINCIA Y DEPARTAMENTO DE PIURA",SANEAMIENTO,SANEAMIENTO,SANEAMIENTO URBANO,674682089,7635851,2008321,2008321.0,10000000.0,20000000.0,20000000.0,Cartera_260824-123814.xlsx,,200101,200101,SI,SI,VALIDADO_PMI_POR_CUI,ALTA,RESUELTO,,Múltiples distritos detectados en el nombre | Validado por PMI: PIURA
576.0,E,"VIVIENDA, CONSTRUCCION Y SANEAMIENTO","OPMI DEL MINISTERIO DE VIVIENDA, CONSTRUCCION Y SANEAMIENTO",2597789.0,,PROYECTO DE INVERSION,"MEJORAMIENTO Y AMPLIACION DEL SERVICIO DE AGUA POTABLE URBANO Y MEJORAMIENTO Y AMPLIACION DEL SERVICIO DE ALCANTARILLADO Y CREACION DEL SERVICIO DE TRATAMIENTO DE AGUAS RESIDUALES PARA DISPOSICIÓN FINAL EN LOS SECTORES DE VEGUETA, SAN ISIDRO Y PRIMAVERA   DISTRITO DE VEGUETA DE LA PROVINCIA DE HUAURA DEL DEPARTAMENTO DE LIMA",SANEAMIENTO,SANEAMIENTO,SANEAMIENTO URBANO,68242286,1701552,2623601,4448803.0,5000000.0,10000000.0,10000000.0,Cartera_260824-123814.xlsx,,150812,150812,SI,SI,VALIDADO_PMI_POR_CUI,ALTA,RESUELTO,,Distrito VEGUETA DE no encontrado en GPKG | Validado por PMI: VEGUETA
577.0,D,"VIVIENDA, CONSTRUCCION Y SANEAMIENTO","OPMI DEL MINISTERIO DE VIVIENDA, CONSTRUCCION Y SANEAMIENTO",2241642.0,,PROYECTO DE INVERSION,"MEJORAMIENTO, AMPLIACION DEL SISTEMA DE AGUA POTABLE Y ALCANTARILLADO EN EL CENTRO URBANO DEL CPM DE SAN SEBASTIAN DE CHOROPAMPA, DISTRITO DE MAGDALENA - CAJAMARCA - CAJAMARCA",SANEAMIENTO,SANEAMIENTO URBANO,SANEAMIENTO,22928829,58728,13188228,13188228.0,9681872.64,0.0,0.0,Cartera_260824-123814.xlsx,,060109,060109,SI,SI,VALIDADO_PMI_POR_CUI,ALTA,RESUELTO,"010112, 060109",Distrito MAGDALENA es ambiguo y no se extrajo provincia | Validado por PMI: MAGDALENA
578.0,D,"VIVIENDA, CONSTRUCCION Y SANEAMIENTO","OPMI DEL MINISTERIO DE VIVIENDA, CONSTRUCCION Y SANEAMIENTO",2387679.0,,PROYECTO DE INVERSION,"MEJORAMIENTO Y AMPLIACION DE LOS SERVICIOS DE AGUA POTABLE Y RECOLECCIÓN DE AGUAS RESIDUALES DE LA CIUDAD DE PUNO,  DISTRITO DE PUNO - PROVINCIA DE PUNO - DEPARTAMENTO DE PUNO",SANEAMIENTO,SANEAMIENTO,SANEAMIENTO URBANO,808768931,15031064,478311,178311.0,100000000.0,351132120.38,342427436.33,Cartera_260824-123814.xlsx,210101,,210101,,,EXTRAIDO_DESDE_NOMBRE,ALTA,RESUELTO,210101,Coincidencia exacta y única por nombre
579.0,Z,"VIVIENDA, CONSTRUCCION Y SANEAMIENTO","OPMI DEL MINISTERIO DE VIVIENDA, CONSTRUCCION Y SANEAMIENTO",2515057.0,,PROYECTO DE INVERSION,"MEJORAMIENTO Y AMPLIACION DEL SISTEMA DE AGUA POTABLE Y SANEAMIENTO BÁSICO DE LAS LOCALIDADES DE LUCMILLO, EL LIRIO Y EL CASTILLO DEL DISTRITO DE SAN SILVESTRE DE COCHAN - PROVINCIA DE SAN MIGUEL - DEPARTAMENTO DE CAJAMARCA",SANEAMIENTO,SANEAMIENTO RURAL,SANEAMIENTO,4706715,33000,2577108,2577108.0,3370142.0,0.0,0.0,Cartera_260824-123814.xlsx,061111,,061111,,,EXTRAIDO_DESDE_NOMBRE,ALTA,RESUELTO,061111,Coincidencia exacta y única por nombre
580.0,A,"VIVIENDA, CONSTRUCCION Y SANEAMIENTO","OPMI DEL MINISTERIO DE VIVIENDA, CONSTRUCCION Y SANEAMIENTO",2600082.0,,PROYECTO DE INVERSION,MEJORAMIENTO Y AMPLIACION DEL SERVICIO DE AGUA POTABLE RURAL Y CREACION DEL SERVICIO DE ALCANTARILLADO U OTRAS FORMAS DE DISPOSICIÓN SANITARIA DE EXCRETAS EN LA LOCALIDAD DE BARRIOS ALTOS   DISTRITO DE TABACONAS DE LA PROVINCIA DE SAN IGNACIO DEL DEPARTAMENTO DE CAJAMARCA,SANEAMIENTO,SANEAMIENTO,SANEAMIENTO RURAL,1760053,35000,1020039,756032.0,969020.51,0.0,0.0,Cartera_260824-123814.xlsx,,060907,060907,SI,SI,VALIDADO_PMI_POR_CUI,ALTA,RESUELTO,,Distrito TABACONAS DE no encontrado en GPKG | Validado por PMI: TABACONAS
581.0,B3,"VIVIENDA, CONSTRUCCION Y SANEAMIENTO","OPMI DEL MINISTERIO DE VIVIENDA, CONSTRUCCION Y SANEAMIENTO",2484744.0,,PROYECTO DE INVERSION,"MEJORAMIENTO Y AMPLIACION DEL SISTEMA DE AGUA POTABLE Y SANEAMIENTO EN LOS
SECTORES DE TANDARCOCHA, MOLLEBAMBA, AYLLUPACHICTE, CARHUACALLA, PUMATAMBO,
CCOYPA, AYUSBAMBA, HUILLKAQUI, CCOLQUEUCRO, MISKABAMBA, HUAROBAMBA, PIRCCA,
NAYHUA, URBIS Y KARUSPAMPA DEL  DISTRITO DE PACCARITAMBO - PROVINCIA DE PARURO - DEPARTAMENTO DE CUSCO",SANEAMIENTO,SANEAMIENTO,SANEAMIENTO RURAL,33206958,1073293,185526,408284.0,19035229.0,12615152.0,483284.77,Cartera_260824-123814.xlsx,081007,,081007,,,EXTRAIDO_DESDE_NOMBRE,ALTA,RESUELTO,081007,Coincidencia exacta y única por nombre
582.0,E,"VIVIENDA, CONSTRUCCION Y SANEAMIENTO","OPMI DEL MINISTERIO DE VIVIENDA, CONSTRUCCION Y SANEAMIENTO",2259084.0,,PROYECTO DE INVERSION,"MEJORAMIENTO Y AMPLIACION DE LOS SERVICIOS DE AGUA POTABLE Y DISPOSICION SANITARIA DE EXCRETAS EN EL CENTRO POBLADO COPA GRANDE , DISTRITO DE MARCARA - CARHUAZ - ANCASH",SANEAMIENTO,SANEAMIENTO,SANEAMIENTO RURAL,4305905,22868,0,0.0,308756.0,954662.0,1240702.0,Cartera_260824-123814.xlsx,020606,,020606,,,EXTRAIDO_DESDE_NOMBRE,ALTA,RESUELTO,020606,Coincidencia exacta y única por nombre
583.0,E,"VIVIENDA, CONSTRUCCION Y SANEAMIENTO","OPMI DEL MINISTERIO DE VIVIENDA, CONSTRUCCION Y SANEAMIENTO",2485581.0,,PROYECTO DE INVERSION,MEJORAMIENTO Y AMPLIACION DEL SERVICIO DE AGUA POTABLE Y SANEAMIENTO EN EL CENTRO POBLADO DE MOCAPE DEL DISTRITO DE OLMOS - PROVINCIA DE LAMBAYEQUE - DEPARTAMENTO DE LAMBAYEQUE,SANEAMIENTO,SANEAMIENTO,SANEAMIENTO RURAL,14313289,282141,10000,302397.0,150000.0,650000.0,1214654.0,Cartera_260824-123814.xlsx,140308,,140308,,,EXTRAIDO_DESDE_NOMBRE,ALTA,RESUELTO,140308,Coincidencia exacta y única por nombre
584.0,B1,"VIVIENDA, CONSTRUCCION Y SANEAMIENTO","OPMI DEL MINISTERIO DE VIVIENDA, CONSTRUCCION Y SANEAMIENTO",2538775.0,,PROYECTO DE INVERSION,CREACION DEL SERVICIO DE AGUA POTABLE Y DISPOSICIÓN SANITARIA DE EXCRETAS EN LA COMUNIDAD NATIVA DE SIWIN DEL DISTRITO DE ANDOAS - PROVINCIA DE DATEM DEL MARAÑON - DEPARTAMENTO DE LORETO,SANEAMIENTO,SANEAMIENTO,SANEAMIENTO RURAL,6573861,461606,48062,48062.0,1150000.0,1200000.0,1500000.0,Cartera_260824-123814.xlsx,160706,,160706,,,EXTRAIDO_DESDE_NOMBRE,ALTA,RESUELTO,160706,Coincidencia exacta y única por nombre
585.0,E,"VIVIENDA, CONSTRUCCION Y SANEAMIENTO","OPMI DEL MINISTERIO DE VIVIENDA, CONSTRUCCION Y SANEAMIENTO",2282514.0,,PROYECTO DE INVERSION,"AMPLIACION Y MEJORAMIENTO DEL SERVICIO DE AGUA POTABLE E INSTALACION DEL SANEAMIENTO BASICO DE LA LOCALIDAD DE SAN ISIDRO, DISTRITO DE JOSE SABOGAL - SAN MARCOS - CAJAMARCA",SANEAMIENTO,SANEAMIENTO,SANEAMIENTO RURAL,17106745,47988,20000,20000.0,150000.0,1200000.0,1500000.0,Cartera_260824-123814.xlsx,061007,,061007,,,EXTRAIDO_DESDE_NOMBRE,ALTA,RESUELTO,061007,Coincidencia exacta y única por nombre
586.0,E,"VIVIENDA, CONSTRUCCION Y SANEAMIENTO","OPMI DEL MINISTERIO DE VIVIENDA, CONSTRUCCION Y SANEAMIENTO",2487140.0,,PROYECTO DE INVERSION,MEJORAMIENTO Y AMPLIACION DEL SERVICIO DE AGUA POTABLE Y DISPOSICIÓN SANITARIA DE EXCRETAS EN EL CASERÍO PASAJE NORTE Y PIEDRA MORA DEL DISTRITO DE OLMOS - PROVINCIA DE LAMBAYEQUE - DEPARTAMENTO DE LAMBAYEQUE,SANEAMIENTO,SANEAMIENTO,SANEAMIENTO RURAL,8055385,14972,376288,407511.0,150000.0,650000.0,1592228.0,Cartera_260824-123814.xlsx,140308,,140308,,,EXTRAIDO_DESDE_NOMBRE,ALTA,RESUELTO,140308,Coincidencia exacta y única por nombre
587.0,E,"VIVIENDA, CONSTRUCCION Y SANEAMIENTO","OPMI DEL MINISTERIO DE VIVIENDA, CONSTRUCCION Y SANEAMIENTO",2489984.0,,PROYECTO DE INVERSION,MEJORAMIENTO Y AMPLIACION DEL SERVICIO DE AGUA POTABLE Y DISPOSICIÓN SANITARIA DE EXCRETAS EN EL CASERÍO FICUAR DEL DISTRITO DE OLMOS - PROVINCIA DE LAMBAYEQUE - DEPARTAMENTO DE LAMBAYEQUE,SANEAMIENTO,SANEAMIENTO,SANEAMIENTO RURAL,5626194,14972,410285,429411.0,150000.0,650000.0,1214654.0,Cartera_260824-123814.xlsx,140308,,140308,,,EXTRAIDO_DESDE_NOMBRE,ALTA,RESUELTO,140308,Coincidencia exacta y única por nombre
588.0,E,"VIVIENDA, CONSTRUCCION Y SANEAMIENTO","OPMI DEL MINISTERIO DE VIVIENDA, CONSTRUCCION Y SANEAMIENTO",2472143.0,,PROYECTO DE INVERSION,MEJORAMIENTO Y AMPLIACION DEL SERVICIO DE AGUA POTABLE Y DISPOSICIÓN SANITARIA DE EXCRETAS EN EL CASERÍO CALERA SANTA ISABEL DEL DISTRITO DE OLMOS - PROVINCIA DE LAMBAYEQUE - DEPARTAMENTO DE LAMBAYEQUE,SANEAMIENTO,SANEAMIENTO,SANEAMIENTO RURAL,3232622,9620,0,0.0,150000.0,650000.0,1214654.0,Cartera_260824-123814.xlsx,140308,,140308,,,EXTRAIDO_DESDE_NOMBRE,ALTA,RESUELTO,140308,Coincidencia exacta y única por nombre
589.0,E,"VIVIENDA, CONSTRUCCION Y SANEAMIENTO","OPMI DEL MINISTERIO DE VIVIENDA, CONSTRUCCION Y SANEAMIENTO",2484063.0,,PROYECTO DE INVERSION,MEJORAMIENTO Y AMPLIACION DEL SERVICIO DE AGUA POTABLE Y DISPOSICIÓN SANITARIA DE EXCRETAS EN EL CASERÍO PASABAR ASERRADERO DEL DISTRITO DE OLMOS - PROVINCIA DE LAMBAYEQUE - DEPARTAMENTO DE LAMBAYEQUE,SANEAMIENTO,SANEAMIENTO,SANEAMIENTO RURAL,3657412,12742,0,0.0,150000.0,650000.0,1214654.0,Cartera_260824-123814.xlsx,140308,,140308,,,EXTRAIDO_DESDE_NOMBRE,ALTA,RESUELTO,140308,Coincidencia exacta y única por nombre
590.0,E,"VIVIENDA, CONSTRUCCION Y SANEAMIENTO","OPMI DEL MINISTERIO DE VIVIENDA, CONSTRUCCION Y SANEAMIENTO",2472182.0,,PROYECTO DE INVERSION,MEJORAMIENTO Y AMPLIACION DEL SERVICIO DE AGUA POTABLE Y DISPOSICIÓN SANITARIA DE EXCRETAS EN EL CASERÍO HUALTACAL CORAZON DE JESUS DEL DISTRITO DE OLMOS - PROVINCIA DE LAMBAYEQUE - DEPARTAMENTO DE LAMBAYEQUE,SANEAMIENTO,SANEAMIENTO,SANEAMIENTO RURAL,3208291,9549,10000,231594.0,150000.0,650000.0,1200000.0,Cartera_260824-123814.xlsx,140308,,140308,,,EXTRAIDO_DESDE_NOMBRE,ALTA,RESUELTO,140308,Coincidencia exacta y única por nombre
591.0,E,"VIVIENDA, CONSTRUCCION Y SANEAMIENTO","OPMI DEL MINISTERIO DE VIVIENDA, CONSTRUCCION Y SANEAMIENTO",2487034.0,,PROYECTO DE INVERSION,MEJORAMIENTO Y AMPLIACION DEL SERVICIO DE AGUA POTABLE Y DISPOSICIÓN SANITARIA DE EXCRETAS EN EL CASERÍO OBERASAL DEL DISTRITO DE OLMOS - PROVINCIA DE LAMBAYEQUE - DEPARTAMENTO DE LAMBAYEQUE,SANEAMIENTO,SANEAMIENTO,SANEAMIENTO RURAL,2749912,358136,0,0.0,150000.0,650000.0,916956.0,Cartera_260824-123814.xlsx,140308,,140308,,,EXTRAIDO_DESDE_NOMBRE,ALTA,RESUELTO,140308,Coincidencia exacta y única por nombre
592.0,B1,"VIVIENDA, CONSTRUCCION Y SANEAMIENTO","OPMI DEL MINISTERIO DE VIVIENDA, CONSTRUCCION Y SANEAMIENTO",2662599.0,,PROYECTO DE INVERSION,MEJORAMIENTO Y AMPLIACION DEL SERVICIO DE AGUA POTABLE RURAL Y DEL SERVICIO DE ALCANTARILLADO U OTRAS FORMAS DE DISPOSICIÓN SANITARIA DE EXCRETAS EN EL CENTRO POBLADO DE ESCCANA  DISTRITO DE CHILCAS - PROVINCIA DE LA MAR - DEPARTAMENTO DE AYACUCHO,SANEAMIENTO,SANEAMIENTO RURAL,SANEAMIENTO,3886125,15000,2331675,2331675.0,1539450.0,0.0,0.0,Cartera_260824-123814.xlsx,050504,,050504,,,EXTRAIDO_DESDE_NOMBRE,ALTA,RESUELTO,050504,Coincidencia exacta y única por nombre
593.0,D,"VIVIENDA, CONSTRUCCION Y SANEAMIENTO","OPMI DEL MINISTERIO DE VIVIENDA, CONSTRUCCION Y SANEAMIENTO",2412676.0,,PROYECTO DE INVERSION,AMPLIACION DE LOS SERVICIOS DE AGUA POTABLE Y ALCANTARILLADO PARA LAS NUEVAS HABILITACIONES DEL ESQUEMA PACHACUTEC DEL DISTRITO DE VENTANILLA - PROVINCIA CONSTITUCIONAL DEL CALLAO - DEPARTAMENTO DE CALLAO,SANEAMIENTO,SANEAMIENTO,SANEAMIENTO URBANO,253683516,8130047,186313,235398.0,4395979.12,38870347.75,31869188.31,Cartera_260824-123814.xlsx,070106,,070106,,,EXTRAIDO_DESDE_NOMBRE,ALTA,RESUELTO,070106,Coincidencia exacta y única por nombre
594.0,E,"VIVIENDA, CONSTRUCCION Y SANEAMIENTO","OPMI DEL MINISTERIO DE VIVIENDA, CONSTRUCCION Y SANEAMIENTO",2284052.0,,PROYECTO DE INVERSION,"AMPLIACION Y MEJORAMIENTO DEL SERVICIO DE AGUA POTABLE E INSTALACION DEL SERVICIO DE SANEAMIENTO DEL CENTRO POBLADO RURAL YACUSISA , DISTRITO DE ALTO SAPOSOA - HUALLAGA - SAN MARTIN",SANEAMIENTO,SANEAMIENTO,SANEAMIENTO RURAL,6082582,43819,152118,152118.0,510000.0,1775316.0,3436468.0,Cartera_260824-123814.xlsx,220402,,220402,,,EXTRAIDO_DESDE_NOMBRE,ALTA,RESUELTO,220402,Coincidencia exacta y única por nombre
595.0,B3,"VIVIENDA, CONSTRUCCION Y SANEAMIENTO","OPMI DEL MINISTERIO DE VIVIENDA, CONSTRUCCION Y SANEAMIENTO",2330178.0,,PROYECTO DE INVERSION,"INSTALACION DEL SISTEMA DE AGUA POTABLE Y SANEAMIENTO EN EL CENTRO POBLADO FRONTERA LOS PALOS, DISTRITO DE LA YARADA LOS PALOS, PROVINCIA DE TACNA - TACNA",SANEAMIENTO,SANEAMIENTO,SANEAMIENTO RURAL,8434185,293642,7000,439200.0,250000.0,3663244.0,4227298.97,Cartera_260824-123814.xlsx,230111,,230111,,,EXTRAIDO_DESDE_NOMBRE,ALTA,RESUELTO,230111,Coincidencia exacta y única por nombre
596.0,E,"VIVIENDA, CONSTRUCCION Y SANEAMIENTO","OPMI DEL MINISTERIO DE VIVIENDA, CONSTRUCCION Y SANEAMIENTO",2525415.0,,PROYECTO DE INVERSION,AMPLIACION DE LOS SERVICIOS DE AGUA POTABLE Y ALCANTARILLADO PARA LAS NUEVAS HABILITACIONES DEL ESQUEMA ÑAÑA DEL DISTRITO DE LURIGANCHO - PROVINCIA DE LIMA - DEPARTAMENTO DE LIMA,SANEAMIENTO,SANEAMIENTO,SANEAMIENTO URBANO,139104247,6429424,404747,665207.0,3562958.0,4526358.0,7852695.0,Cartera_260824-123814.xlsx,150118,,150118,,,EXTRAIDO_DESDE_NOMBRE,ALTA,RESUELTO,150118,Coincidencia exacta y única por nombre
597.0,E,"VIVIENDA, CONSTRUCCION Y SANEAMIENTO","OPMI DEL MINISTERIO DE VIVIENDA, CONSTRUCCION Y SANEAMIENTO",2507567.0,,PROYECTO DE INVERSION,MEJORAMIENTO Y AMPLIACION DEL SERVICIO DE SANEAMIENTO BASICO   Y ALCANTARILLADO DEL CENTRO POBLADO DE VILLA SALVACION DEL DISTRITO DE MANU - PROVINCIA DE MANU - DEPARTAMENTO DE MADRE DE DIOS,SANEAMIENTO,SANEAMIENTO URBANO,SANEAMIENTO,17378432,1066791,1336888,2400000.0,4000000.0,3000000.0,3100000.0,Cartera_260824-123814.xlsx,170201,,170201,,,EXTRAIDO_DESDE_NOMBRE,ALTA,RESUELTO,170201,Coincidencia exacta y única por nombre
598.0,E,"VIVIENDA, CONSTRUCCION Y SANEAMIENTO","OPMI DEL MINISTERIO DE VIVIENDA, CONSTRUCCION Y SANEAMIENTO",2517538.0,,PROYECTO DE INVERSION,AMPLIACION DE LOS SERVICIOS DE AGUA POTABLE Y ALCANTARILLADO DEL ESQUEMA VÍCTOR RAÚL HAYA DE LA TORRE DEL DISTRITO DE SAN MARTIN DE PORRES - PROVINCIA DE LIMA - DEPARTAMENTO DE LIMA,SANEAMIENTO,SANEAMIENTO,SANEAMIENTO URBANO,17356058,654227,0,0.0,650325.0,850326.0,2125695.0,Cartera_260824-123814.xlsx,150135,,150135,,,EXTRAIDO_DESDE_NOMBRE,ALTA,RESUELTO,150135,Coincidencia exacta y única por nombre
599.0,E,"VIVIENDA, CONSTRUCCION Y SANEAMIENTO","OPMI DEL MINISTERIO DE VIVIENDA, CONSTRUCCION Y SANEAMIENTO",2504554.0,,PROYECTO DE INVERSION,"AMPLIACION DE LOS SERVICIOS DE AGUA POTABLE Y ALCANTARILLADO PARA LOS SECTORES 176,177 Y 178 DEL  DISTRITO DE ATE - PROVINCIA DE LIMA - DEPARTAMENTO DE LIMA",SANEAMIENTO,SANEAMIENTO,SANEAMIENTO URBANO,87423485,5951222,1471219,1471219.0,5000000.0,10000000.0,30000000.0,Cartera_260824-123814.xlsx,150103,,150103,,,EXTRAIDO_DESDE_NOMBRE,ALTA,RESUELTO,150103,Coincidencia exacta y única por nombre
600.0,B3,"VIVIENDA, CONSTRUCCION Y SANEAMIENTO","OPMI DEL MINISTERIO DE VIVIENDA, CONSTRUCCION Y SANEAMIENTO",2281282.0,,PROYECTO DE INVERSION,"INSTALACION DEL SERVICIO DE AGUA POTABLE Y SANEAMIENTO DEL CENTRO POBLADO RURAL DE CAYENA, DISTRITO DE JUANJUI , PROVINCIA DE MARISCAL CACERES - SAN MARTIN",SANEAMIENTO,SANEAMIENTO,SANEAMIENTO RURAL,5950464,55619,0,180000.0,200000.0,5473144.4,180000.0,Cartera_260824-123814.xlsx,220601,,220601,,,EXTRAIDO_DESDE_NOMBRE,ALTA,RESUELTO,220601,Coincidencia exacta y única por nombre
601.0,C,"VIVIENDA, CONSTRUCCION Y SANEAMIENTO","OPMI DEL MINISTERIO DE VIVIENDA, CONSTRUCCION Y SANEAMIENTO",2389079.0,,PROYECTO DE INVERSION,MEJORAMIENTO Y AMPLIACION DE LOS SISTEMAS DE AGUA POTABLE Y ALCANTARILLADO EN LOS DISTRITOS DE ATE Y SANTA ANITA DE LA  PROVINCIA DE LIMA - DEPARTAMENTO DE LIMA,SANEAMIENTO,SANEAMIENTO,SANEAMIENTO URBANO,1816771573,26773837,2582668,45212023.0,95259046.0,88485608.0,45879410.0,Cartera_260824-123814.xlsx,,,,NO,NO,FALLIDO,BAJA,REVISAR_CONFLICTO,,Múltiples distritos detectados en el nombre | Datos PMI no cruzaron con GPKG (- TODOS - - LIMA)
602.0,E,"VIVIENDA, CONSTRUCCION Y SANEAMIENTO","OPMI DEL MINISTERIO DE VIVIENDA, CONSTRUCCION Y SANEAMIENTO",2301617.0,,PROYECTO DE INVERSION,"AMPLIACION Y MEJORAMIENTO DEL SERVICIO DE AGUA POTABLE E INSTALACION DEL SERVICIO DE SANEAMIENTO DEL CENTRO POBLADO RURAL EL DORADO, DISTRITO SAPOSOA , PROVINCIA DE HUALLAGA - SAN MARTIN",SANEAMIENTO,SANEAMIENTO,SANEAMIENTO RURAL,7937796,50194,133543,133543.0,1106200.0,6009868.0,384201.0,Cartera_260824-123814.xlsx,,220401,220401,SI,SI,VALIDADO_PMI_POR_CUI,ALTA,RESUELTO,,"No se detectó patrón ""DISTRITO DE"" en el nombre | Validado por PMI: SAPOSOA"
603.0,B3,"VIVIENDA, CONSTRUCCION Y SANEAMIENTO","OPMI DEL MINISTERIO DE VIVIENDA, CONSTRUCCION Y SANEAMIENTO",2337555.0,,PROYECTO DE INVERSION,"INSTALACION DEL SISTEMA DE AGUA POTABLE Y SANEAMIENTO EN EL CENTRO POBLADO NUEVO COPARE, DISTRITO DE LA YARADA LOS PALOS, PROVINCIA DE TACNA - TACNA",SANEAMIENTO,SANEAMIENTO,SANEAMIENTO RURAL,16279821,136742,680000,538200.0,300000.0,7022196.0,8220883.49,Cartera_260824-123814.xlsx,230111,,230111,,,EXTRAIDO_DESDE_NOMBRE,ALTA,RESUELTO,230111,Coincidencia exacta y única por nombre
604.0,E,"VIVIENDA, CONSTRUCCION Y SANEAMIENTO","OPMI DEL MINISTERIO DE VIVIENDA, CONSTRUCCION Y SANEAMIENTO",2235518.0,,PROYECTO DE INVERSION,"AMPLIACIÓN Y MEJORAMIENTO DEL SERVICIO DE AGUA POTABLE E INSTALACIÓN DEL SERVICIO DE SANEAMIENTO EN LA LOCALIDAD DE CASARANA, DISTRITO DE LA ARENA - PIURA - PIURA",SANEAMIENTO,SANEAMIENTO,SANEAMIENTO RURAL,3312978,54315,20000,20000.0,200000.0,500000.0,1000000.0,Cartera_260824-123814.xlsx,200109,,200109,,,EXTRAIDO_DESDE_NOMBRE,ALTA,RESUELTO,200109,Coincidencia exacta y única por nombre
605.0,B2,"VIVIENDA, CONSTRUCCION Y SANEAMIENTO","OPMI DEL MINISTERIO DE VIVIENDA, CONSTRUCCION Y SANEAMIENTO",2269613.0,,PROYECTO DE INVERSION,"MEJORAMIENTO Y AMPLIACION DEL SERVICIO DE AGUA POTABLE Y SANEAMIENTO BASICO DEL CENTRO POBLADO DE HUALCHANCCA , DISTRITO DE LOS MOROCHUCOS - CANGALLO - AYACUCHO",SANEAMIENTO,SANEAMIENTO,SANEAMIENTO RURAL,8198811,285768,2120280,2120280.0,3198424.0,2594339.0,0.0,Cartera_260824-123814.xlsx,050203,,050203,,,EXTRAIDO_DESDE_NOMBRE,ALTA,RESUELTO,050203,Coincidencia exacta y única por nombre
606.0,B2,"VIVIENDA, CONSTRUCCION Y SANEAMIENTO","OPMI DEL MINISTERIO DE VIVIENDA, CONSTRUCCION Y SANEAMIENTO",2202169.0,,PROYECTO DE INVERSION,"INSTALACION DEL SERVICIO DE AGUA POTABLE Y DISPOSICION DE EXCRETAS DE LA LOCALIDAD PROGRESO , DISTRITO DE LA BANDA DE SHILCAYO - SAN MARTIN - SAN MARTIN",SANEAMIENTO,SANEAMIENTO,SANEAMIENTO RURAL,6000961,315525,904984,904984.0,163955.57,4455041.39,0.0,Cartera_260824-123814.xlsx,220909,,220909,,,EXTRAIDO_DESDE_NOMBRE,ALTA,RESUELTO,220909,Coincidencia exacta y única por nombre
607.0,E,"VIVIENDA, CONSTRUCCION Y SANEAMIENTO","OPMI DEL MINISTERIO DE VIVIENDA, CONSTRUCCION Y SANEAMIENTO",2305053.0,,PROYECTO DE INVERSION,"AMPLIACIÓN Y MEJORAMIENTO DEL SERVICIO DE AGUA POTABLE Y SANEAMIENTO DEL CENTRO POBLADO SAN MATEO DE MOLLEPATA, DISTRITO DE BAMBAMARCA- BOLÍVAR - LA LIBERTAD",SANEAMIENTO,SANEAMIENTO,SANEAMIENTO RURAL,3449189,50201,126459,944715.0,2171459.0,100000.0,182814.0,Cartera_260824-123814.xlsx,,130302,130302,SI,SI,VALIDADO_PMI_POR_CUI,ALTA,RESUELTO,,Distrito BAMBAMARCA- BOLIVAR no encontrado en GPKG | Validado por PMI: BAMBAMARCA
608.0,E,"VIVIENDA, CONSTRUCCION Y SANEAMIENTO","OPMI DEL MINISTERIO DE VIVIENDA, CONSTRUCCION Y SANEAMIENTO",2264617.0,,PROYECTO DE INVERSION,"MEJORAMIENTO Y AMPLIACIÓN DEL SERVICIO DE AGUA POTABLE Y SANEAMIENTO BÁSICO DE LA COMUNIDAD NATIVA DE DULCE GLORIA- DISTRITO DE YURUA, PROVINCIA DE ATALAYA, DEPARTAMENTO DE UCAYALI",SANEAMIENTO,SANEAMIENTO,SANEAMIENTO RURAL,6489899,142010,63982,639824.0,1563258.0,1256985.0,1236950.0,Cartera_260824-123814.xlsx,250204,,250204,,,EXTRAIDO_DESDE_NOMBRE,ALTA,RESUELTO,250204,Coincidencia exacta y única por nombre
609.0,E,"VIVIENDA, CONSTRUCCION Y SANEAMIENTO","OPMI DEL MINISTERIO DE VIVIENDA, CONSTRUCCION Y SANEAMIENTO",2252833.0,,PROYECTO DE INVERSION,"INSTALACION DE LOS SISTEMAS DE AGUA POTABLE Y SANEAMIENTO PARA EL CENTRO POBLADO DE NUEVA UNION , DISTRITO DE LAGUNAS - ALTO AMAZONAS - LORETO",SANEAMIENTO,SANEAMIENTO,SANEAMIENTO RURAL,7160399,24740,0,0.0,195452.0,781806.0,1172709.0,Cartera_260824-123814.xlsx,,160206,160206,SI,SI,VALIDADO_PMI_POR_CUI,ALTA,RESUELTO,"140107, 160206, 200204",Distrito LAGUNAS es ambiguo y no se extrajo provincia | Validado por PMI: LAGUNAS
610.0,E,"VIVIENDA, CONSTRUCCION Y SANEAMIENTO","OPMI DEL MINISTERIO DE VIVIENDA, CONSTRUCCION Y SANEAMIENTO",2262010.0,,PROYECTO DE INVERSION,"AMPLIACION Y MEJORAMIENTO DEL SERVICIO DE AGUA POTABLE E INSTALACION DEL SANEAMIENTO DE LA LOCALIDAD DE PABUR VIEJO , DISTRITO DE LA MATANZA - MORROPON - PIURA",SANEAMIENTO,SANEAMIENTO,SANEAMIENTO RURAL,4572551,93248,277688,2271456.0,1456395.0,1236958.0,798576.0,Cartera_260824-123814.xlsx,200404,,200404,,,EXTRAIDO_DESDE_NOMBRE,ALTA,RESUELTO,200404,Coincidencia exacta y única por nombre
611.0,E,"VIVIENDA, CONSTRUCCION Y SANEAMIENTO","OPMI DEL MINISTERIO DE VIVIENDA, CONSTRUCCION Y SANEAMIENTO",2301618.0,,PROYECTO DE INVERSION,"AMPLIACION Y MEJORAMIENTO DEL SERVICIO DE AGUA POTABLE E INSTALACION DEL SERVICIO DE SANEAMIENTO DEL CENTRO POBLADO RURAL SARGENTO LORES DE BALSAYACU , DISTRITO DE POLVORA - TOCACHE - SAN MARTIN",SANEAMIENTO,SANEAMIENTO,SANEAMIENTO RURAL,5625104,60819,20000,20000.0,1132625.0,3977480.0,273207.0,Cartera_260824-123814.xlsx,221003,,221003,,,EXTRAIDO_DESDE_NOMBRE,ALTA,RESUELTO,221003,Coincidencia exacta y única por nombre
612.0,E,"VIVIENDA, CONSTRUCCION Y SANEAMIENTO","OPMI DEL MINISTERIO DE VIVIENDA, CONSTRUCCION Y SANEAMIENTO",2257235.0,,PROYECTO DE INVERSION,"AMPLIACION Y MEJORAMIENTO DEL SERVICIO DE AGUA POTABLE Y SANEAMIENTO DEL CENTRO POBLADO DE CUNGUSH , DISTRITO DE CURGOS - SANCHEZ CARRION - LA LIBERTAD",SANEAMIENTO,SANEAMIENTO,SANEAMIENTO RURAL,6116185,50135,133504,133504.0,500000.0,1000000.0,1500000.0,Cartera_260824-123814.xlsx,130904,,130904,,,EXTRAIDO_DESDE_NOMBRE,ALTA,RESUELTO,130904,Coincidencia exacta y única por nombre
613.0,B1,"VIVIENDA, CONSTRUCCION Y SANEAMIENTO","OPMI DEL MINISTERIO DE VIVIENDA, CONSTRUCCION Y SANEAMIENTO",2201832.0,,PROYECTO DE INVERSION,"INSTALACION DEL SERVICIO DE AGUA POTABLE Y DEL SISTEMA DE SANEAMIENTO BASICO DE LA LOCALIDAD DE CARAMPAYOG , DISTRITO DE SAN RAFAEL - AMBO - HUANUCO",SANEAMIENTO,SANEAMIENTO,SANEAMIENTO RURAL,8203531,256809,2096499,1730243.0,6826677.13,0.0,0.0,Cartera_260824-123814.xlsx,,100207,100207,SI,SI,VALIDADO_PMI_POR_CUI,ALTA,RESUELTO,"220206, 100207",Distrito SAN RAFAEL es ambiguo y no se extrajo provincia | Validado por PMI: SAN RAFAEL
614.0,E,"VIVIENDA, CONSTRUCCION Y SANEAMIENTO","OPMI DEL MINISTERIO DE VIVIENDA, CONSTRUCCION Y SANEAMIENTO",2272590.0,,PROYECTO DE INVERSION,"MEJORAMIENTO Y AMPLIACION DEL SERVICIO DE AGUA POTABLE E INSTALACION DEL SANEAMIENTO EN LA LOCALIDAD DE VELASQUEZ , DISTRITO DE LA LIBERTAD DE PALLAN - CELENDIN - CAJAMARCA",SANEAMIENTO,SANEAMIENTO,SANEAMIENTO RURAL,5307428,26324,117377,117377.0,150000.0,640617.0,1592228.0,Cartera_260824-123814.xlsx,060312,,060312,,,EXTRAIDO_DESDE_NOMBRE,ALTA,RESUELTO,060312,Coincidencia exacta y única por nombre
615.0,E,"VIVIENDA, CONSTRUCCION Y SANEAMIENTO","OPMI DEL MINISTERIO DE VIVIENDA, CONSTRUCCION Y SANEAMIENTO",2280501.0,,PROYECTO DE INVERSION,"AMPLIACION Y MEJORAMIENTO DEL SERVICIO DE AGUA POTABLE E INSTALACION DEL SANEAMIENTO BASICO DE LA LOCALIDAD DE PAMPA ALEGRE , DISTRITO DE JOSE SABOGAL - SAN MARCOS - CAJAMARCA",SANEAMIENTO,SANEAMIENTO,SANEAMIENTO RURAL,6446042,42813,20000,20000.0,170000.0,12000.0,3200000.0,Cartera_260824-123814.xlsx,061007,,061007,,,EXTRAIDO_DESDE_NOMBRE,ALTA,RESUELTO,061007,Coincidencia exacta y única por nombre
616.0,B3,"VIVIENDA, CONSTRUCCION Y SANEAMIENTO","OPMI DEL MINISTERIO DE VIVIENDA, CONSTRUCCION Y SANEAMIENTO",2307931.0,,PROYECTO DE INVERSION,"AMPLIACION Y MEJORAMIENTO DEL SERVICIO DE AGUA POTABLE E INSTALACION DEL SERVICIO DE DISPOSICION SANITARIA DE EXCRETAS EN EL CENTRO POBLADO DE SAN FERNANDO, DISTRITO DE HUACRACHUCO, PROVINCIA DE MARANON, DEPARTAMENTO DE HUANUCO",SANEAMIENTO,SANEAMIENTO,SANEAMIENTO RURAL,3695554,145578,2758437,2774547.0,750000.0,20000.0,5429.0,Cartera_260824-123814.xlsx,100701,,100701,,,EXTRAIDO_DESDE_NOMBRE,ALTA,RESUELTO,100701,Coincidencia exacta y única por nombre
617.0,E,"VIVIENDA, CONSTRUCCION Y SANEAMIENTO","OPMI DEL MINISTERIO DE VIVIENDA, CONSTRUCCION Y SANEAMIENTO",2280611.0,,PROYECTO DE INVERSION,"AMPLIACION Y MEJORAMIENTO DEL SERVICIO DE AGUA POTABLE E INSTALACION DEL SANEAMIENTO BASICO DE LA LOCALIDAD DE CAMISH , DISTRITO DE JOSE SABOGAL - SAN MARCOS - CAJAMARCA",SANEAMIENTO,SANEAMIENTO,SANEAMIENTO RURAL,5984630,44225,129500,129500.0,150000.0,1200000.0,3000000.0,Cartera_260824-123814.xlsx,061007,,061007,,,EXTRAIDO_DESDE_NOMBRE,ALTA,RESUELTO,061007,Coincidencia exacta y única por nombre
618.0,E,"VIVIENDA, CONSTRUCCION Y SANEAMIENTO","OPMI DEL MINISTERIO DE VIVIENDA, CONSTRUCCION Y SANEAMIENTO",2235525.0,,PROYECTO DE INVERSION,"AMPLIACION Y MEJORAMIENTO DEL SERVICIO DE AGUA POTABLE E INSTALACION DEL SANEAMIENTO BASICO EN LA LOCALIDAD DE NUEVO HORIZONTE , DISTRITO DE LA LIBERTAD DE PALLAN - CELENDIN - CAJAMARCA",SANEAMIENTO,SANEAMIENTO,SANEAMIENTO RURAL,6932007,44851,66969,129926.0,150000.0,650000.0,1107605.0,Cartera_260824-123814.xlsx,060312,,060312,,,EXTRAIDO_DESDE_NOMBRE,ALTA,RESUELTO,060312,Coincidencia exacta y única por nombre
619.0,E,"VIVIENDA, CONSTRUCCION Y SANEAMIENTO","OPMI DEL MINISTERIO DE VIVIENDA, CONSTRUCCION Y SANEAMIENTO",2251118.0,,PROYECTO DE INVERSION,"MEJORAMIENTO DEL SERVICIO DE AGUA POTABLE Y DISPOSICION DE EXCRETAS DE LA LOCALIDAD NUEVO TACABAMBA , DISTRITO DE SANTA ROSA - EL DORADO - SAN MARTIN",SANEAMIENTO,SANEAMIENTO,SANEAMIENTO RURAL,3569776,51407,161391,808549.0,2062595.0,647225.0,0.0,Cartera_260824-123814.xlsx,,220304,220304,SI,SI,VALIDADO_PMI_POR_CUI,ALTA,RESUELTO,"050507, 220304, 060812, 021510, 210504, 210808, 010610, 140114, 030710, 150139",Distrito SANTA ROSA es ambiguo y no se extrajo provincia | Validado por PMI: SANTA ROSA
620.0,Z,"VIVIENDA, CONSTRUCCION Y SANEAMIENTO","OPMI DEL MINISTERIO DE VIVIENDA, CONSTRUCCION Y SANEAMIENTO",2235700.0,,PROYECTO DE INVERSION,"INSTALACION DEL SERVICIO DE AGUA POTABLE Y SANEAMIENTO DEL CENTRO POBLADO EL ORIENTE HUAYCHACA, DISTRITO DE JULCAN , PROVINCIA DE JULCAN - LA LIBERTAD",SANEAMIENTO,SANEAMIENTO,SANEAMIENTO RURAL,8689864,163476,111684,728375.0,1250526.0,1564385.0,1092825.0,Cartera_260824-123814.xlsx,130501,,130501,,,EXTRAIDO_DESDE_NOMBRE,ALTA,RESUELTO,130501,Coincidencia resuelta usando provincia JULCAN
621.0,E,"VIVIENDA, CONSTRUCCION Y SANEAMIENTO","OPMI DEL MINISTERIO DE VIVIENDA, CONSTRUCCION Y SANEAMIENTO",2201829.0,,PROYECTO DE INVERSION,"INSTALACIÓN DEL SISTEMA DE AGUA POTABLE Y SANEAMIENTO BÁSICO EN EL CASERÍO DE ALLPAMARCA DEL CENTRO POBLADO DE TAYAGASHA, DISTRITO DE PANAO, PROVINCIA DE PACHITEA, DEPARTAMENTO DE HUÁNUCO",SANEAMIENTO,SANEAMIENTO,SANEAMIENTO RURAL,6175637,62395,34000,1570194.0,2678164.0,1300616.0,295337.0,Cartera_260824-123814.xlsx,100801,,100801,,,EXTRAIDO_DESDE_NOMBRE,ALTA,RESUELTO,100801,Coincidencia exacta y única por nombre
622.0,B1,"VIVIENDA, CONSTRUCCION Y SANEAMIENTO","OPMI DEL MINISTERIO DE VIVIENDA, CONSTRUCCION Y SANEAMIENTO",2235262.0,,PROYECTO DE INVERSION,MEJORAMIENTO Y AMPLIACIÓN DEL SERVICIO DE AGUA POTABLE E INSTALACIÓN DE DISPOSICION SANITARIA DE EXCRETAS EN EL CENTRO POBLADO DE BUENA VISTA DISTRITO DE PICHANAQUI- CHANCHAMAYO - JUNIN,SANEAMIENTO,SANEAMIENTO,SANEAMIENTO RURAL,8487054,287996,3409246,538848.0,4789812.71,0.0,0.0,Cartera_260824-123814.xlsx,,120303,120303,SI,SI,VALIDADO_PMI_POR_CUI,ALTA,RESUELTO,,Distrito PICHANAQUI- CHANCHAMAYO no encontrado en GPKG | Validado por PMI: PICHANAQUI
623.0,E,"VIVIENDA, CONSTRUCCION Y SANEAMIENTO","OPMI DEL MINISTERIO DE VIVIENDA, CONSTRUCCION Y SANEAMIENTO",2301612.0,,PROYECTO DE INVERSION,"MEJORAMIENTO Y AMPLIACION DEL SERVICIO DE AGUA POTABLE E INSTALACION DEL SERVICIO DE SANEAMIENTO BASICO EN EL CENTRO POBLADO DE SANTA ROSA , DISTRITO DE SHAMBOYACU - PICOTA - SAN MARTIN",SANEAMIENTO,SANEAMIENTO,SANEAMIENTO RURAL,4242019,55880,160468,20000.0,200000.0,500000.0,1000000.0,Cartera_260824-123814.xlsx,220708,,220708,,,EXTRAIDO_DESDE_NOMBRE,ALTA,RESUELTO,220708,Coincidencia exacta y única por nombre
624.0,B2,"VIVIENDA, CONSTRUCCION Y SANEAMIENTO","OPMI DEL MINISTERIO DE VIVIENDA, CONSTRUCCION Y SANEAMIENTO",2301615.0,,PROYECTO DE INVERSION,"MEJORAMIENTO Y AMPLIACION DEL SERVICIO DE AGUA POTABLE E INSTALACION DE DISPOSICION SANITARIA DE EXCRETAS EN EL CENTRO POBLADO DE YAPAZ BAJO, DISTRITO DE SAN LUIS DE SHUARO, PROVINCIA CHANCHAMAYO, REGION JUNIN",SANEAMIENTO,SANEAMIENTO,SANEAMIENTO RURAL,3870260,122622,2058018,2107119.0,3368041.0,374226.86,0.0,Cartera_260824-123814.xlsx,120304,,120304,,,EXTRAIDO_DESDE_NOMBRE,ALTA,RESUELTO,120304,Coincidencia exacta y única por nombre
625.0,B3,"VIVIENDA, CONSTRUCCION Y SANEAMIENTO","OPMI DEL MINISTERIO DE VIVIENDA, CONSTRUCCION Y SANEAMIENTO",2330643.0,,PROYECTO DE INVERSION,"MEJORAMIENTO Y AMPLIACIÓN DEL SERVICIO DE AGUA POTABLE Y SANEAMIENTO EN LA CC.NN MARSELLA DISTRITO DE EL TIGRE, PROVINCIA DE LORETO, REGIÓN DE LORETO",SANEAMIENTO,SANEAMIENTO,SANEAMIENTO RURAL,9361035,277249,1698958,2617240.0,3642644.0,4428429.58,894489.0,Cartera_260824-123814.xlsx,,160303,160303,SI,SI,VALIDADO_PMI_POR_CUI,ALTA,RESUELTO,,Distrito EL TIGRE no encontrado en GPKG | Validado por PMI: TIGRE
626.0,E,"VIVIENDA, CONSTRUCCION Y SANEAMIENTO","OPMI DEL MINISTERIO DE VIVIENDA, CONSTRUCCION Y SANEAMIENTO",2284337.0,,PROYECTO DE INVERSION,"AMPLIACION Y MEJORAMIENTO DEL SERVICIO DE AGUA POTABLE E INSTALACION DE LOS SERVICIOS DE DISPOSICION SANITARIA DE EXCRETAS, ALCANTARILLADO Y TRATAMIENTO DE AGUAS RESIDUALES DEL CENTRO POBLADO DE SAN JUAN DE BARRIOS ALTOS, DISTRITO DE SATIPO , PROVINCIA DE SATIPO - JUNIN",SANEAMIENTO,SANEAMIENTO,SANEAMIENTO RURAL,4091017,53561,20000,20000.0,1290862.0,1677474.0,775338.0,Cartera_260824-123814.xlsx,120601,,120601,,,EXTRAIDO_DESDE_NOMBRE,ALTA,RESUELTO,120601,Coincidencia exacta y única por nombre
627.0,E,"VIVIENDA, CONSTRUCCION Y SANEAMIENTO","OPMI DEL MINISTERIO DE VIVIENDA, CONSTRUCCION Y SANEAMIENTO",2284972.0,,PROYECTO DE INVERSION,"INSTALACIÓN DE LOS SERVICIOS DE AGUA POTABLE Y SANEAMIENTO PARA EL CENTRO POBLADO DE SAN PEDRO DE MANGUA , DISTRITO DE MAZAN - MAYNAS - LORETO",SANEAMIENTO,SANEAMIENTO,SANEAMIENTO RURAL,4865309,4125,0,0.0,236573.0,1419436.0,1419436.0,Cartera_260824-123814.xlsx,160106,,160106,,,EXTRAIDO_DESDE_NOMBRE,ALTA,RESUELTO,160106,Coincidencia exacta y única por nombre
628.0,E,"VIVIENDA, CONSTRUCCION Y SANEAMIENTO","OPMI DEL MINISTERIO DE VIVIENDA, CONSTRUCCION Y SANEAMIENTO",2260630.0,,PROYECTO DE INVERSION,"INSTALACION DEL SERVICIO DE AGUA POTABLE Y SANEAMIENTO DEL CENTRO POBLADO MARAN, DISTRITO DE SULLANA , PROVINCIA DE SULLANA - PIURA",SANEAMIENTO,SANEAMIENTO,SANEAMIENTO RURAL,3738197,106045,363733,363733.0,1259635.0,1526358.0,846159.0,Cartera_260824-123814.xlsx,200601,,200601,,,EXTRAIDO_DESDE_NOMBRE,ALTA,RESUELTO,200601,Coincidencia exacta y única por nombre
629.0,E,"VIVIENDA, CONSTRUCCION Y SANEAMIENTO","OPMI DEL MINISTERIO DE VIVIENDA, CONSTRUCCION Y SANEAMIENTO",2235605.0,,PROYECTO DE INVERSION,"INSTALACION DEL SERVICIO DE AGUA POTABLE Y SANEAMIENTO DEL CENTRO POBLADO LABUNDAY , DISTRITO DE AGALLPAMPA - OTUZCO - LA LIBERTAD",SANEAMIENTO,SANEAMIENTO,SANEAMIENTO RURAL,7792774,216735,142066,1282670.0,1456259.0,1525369.0,391035.0,Cartera_260824-123814.xlsx,130602,,130602,,,EXTRAIDO_DESDE_NOMBRE,ALTA,RESUELTO,130602,Coincidencia exacta y única por nombre
630.0,E,"VIVIENDA, CONSTRUCCION Y SANEAMIENTO","OPMI DEL MINISTERIO DE VIVIENDA, CONSTRUCCION Y SANEAMIENTO",2284075.0,,PROYECTO DE INVERSION,"MEJORAMIENTO Y AMPLIACION DEL SERVICIO DE AGUA POTABLE E INSTALACION DEL SERVICIO DE SANEAMIENTO BASICO EN EL CENTRO POBLADO EL PARAISO , DISTRITO DE SHAMBOYACU - PICOTA - SAN MARTIN",SANEAMIENTO,SANEAMIENTO,SANEAMIENTO RURAL,4094868,55506,202339,1838428.0,1000000.0,1200934.0,0.0,Cartera_260824-123814.xlsx,220708,,220708,,,EXTRAIDO_DESDE_NOMBRE,ALTA,RESUELTO,220708,Coincidencia exacta y única por nombre
631.0,E,"VIVIENDA, CONSTRUCCION Y SANEAMIENTO","OPMI DEL MINISTERIO DE VIVIENDA, CONSTRUCCION Y SANEAMIENTO",2251685.0,,PROYECTO DE INVERSION,"MEJORAMIENTO Y AMPLIACION DEL SERVICIO DE AGUA POTABLE Y DISPOSICION SANITARIA DE EXCRETAS EN EL CENTRO POBLADO SAN JOSE DE ANAPIARI , DISTRITO DE PICHANAQUI - CHANCHAMAYO - JUNIN",SANEAMIENTO,SANEAMIENTO,SANEAMIENTO RURAL,6104674,54633,20000,20000.0,800000.0,1500000.0,2000000.0,Cartera_260824-123814.xlsx,120303,,120303,,,EXTRAIDO_DESDE_NOMBRE,ALTA,RESUELTO,120303,Coincidencia exacta y única por nombre
632.0,E,"VIVIENDA, CONSTRUCCION Y SANEAMIENTO","OPMI DEL MINISTERIO DE VIVIENDA, CONSTRUCCION Y SANEAMIENTO",2301623.0,,PROYECTO DE INVERSION,"AMPLIACION Y MEJORAMIENTO DEL SERVICIO DE AGUA POTABLE Y SANEAMIENTO DEL CENTRO POBLADO DE CAMPO ALEGRE , DISTRITO DE CALAMARCA - JULCAN - LA LIBERTAD",SANEAMIENTO,SANEAMIENTO,SANEAMIENTO RURAL,4694592,48366,162239,589987.0,1000000.0,1000000.0,2056239.0,Cartera_260824-123814.xlsx,130502,,130502,,,EXTRAIDO_DESDE_NOMBRE,ALTA,RESUELTO,130502,Coincidencia exacta y única por nombre
633.0,E,"VIVIENDA, CONSTRUCCION Y SANEAMIENTO","OPMI DEL MINISTERIO DE VIVIENDA, CONSTRUCCION Y SANEAMIENTO",2235657.0,,PROYECTO DE INVERSION,"MEJORAMIENTO Y AMPLIACION DEL SERVICIO DE AGUA POTABLE Y DISPOSICION SANITARIA DE EXCRETAS EN EL CENTRO POBLADO PAUCARBAMBILLA , DISTRITO DE PICHANAQUI - CHANCHAMAYO - JUNIN",SANEAMIENTO,SANEAMIENTO,SANEAMIENTO RURAL,6388769,45351,4000,228000.0,350000.0,2062450.0,2008259.0,Cartera_260824-123814.xlsx,120303,,120303,,,EXTRAIDO_DESDE_NOMBRE,ALTA,RESUELTO,120303,Coincidencia exacta y única por nombre
634.0,E,"VIVIENDA, CONSTRUCCION Y SANEAMIENTO","OPMI DEL MINISTERIO DE VIVIENDA, CONSTRUCCION Y SANEAMIENTO",2202928.0,,PROYECTO DE INVERSION,"AMPLIACION Y MEJORAMIENTO DEL SERVICIO DE AGUA POTABLE E INSTALACION DEL SANEAMIENTO BASICO DE LA LOCALIDAD DE TAMBO GRANDE , DISTRITO DE CHALACO - MORROPON - PIURA",SANEAMIENTO,SANEAMIENTO,SANEAMIENTO RURAL,3689593,47737,20000,20000.0,1256365.0,1226956.0,953760.0,Cartera_260824-123814.xlsx,200403,,200403,,,EXTRAIDO_DESDE_NOMBRE,ALTA,RESUELTO,200403,Coincidencia exacta y única por nombre
635.0,E,"VIVIENDA, CONSTRUCCION Y SANEAMIENTO","OPMI DEL MINISTERIO DE VIVIENDA, CONSTRUCCION Y SANEAMIENTO",2301607.0,,PROYECTO DE INVERSION,"INSTALACIÓN DE LOS SERVICIOS DE AGUA POTABLE Y SANEAMIENTO PARA EL CENTRO POBLADO DE BAGAZAN, DISTRITO DE MAZAN- MAYNAS- LORETO",SANEAMIENTO,SANEAMIENTO,SANEAMIENTO RURAL,5761561,2694,0,0.0,287943.0,1151773.0,1727660.0,Cartera_260824-123814.xlsx,,160106,160106,SI,SI,VALIDADO_PMI_POR_CUI,ALTA,RESUELTO,,Distrito MAZAN- MAYNAS- LORETO no encontrado en GPKG | Validado por PMI: MAZAN
636.0,E,"VIVIENDA, CONSTRUCCION Y SANEAMIENTO","OPMI DEL MINISTERIO DE VIVIENDA, CONSTRUCCION Y SANEAMIENTO",2202927.0,,PROYECTO DE INVERSION,"AMPLIACION Y MEJORAMIENTO DEL SERVICIO DE AGUA POTABLE E INSTALACION DEL SANEAMIENTO BASICO DE LA LOCALIDAD DE PEDREGAL , DISTRITO DE CHALACO - MORROPON - PIURA",SANEAMIENTO,SANEAMIENTO,SANEAMIENTO RURAL,3420370,67963,20000,20000.0,1056985.0,1056852.0,949193.0,Cartera_260824-123814.xlsx,200403,,200403,,,EXTRAIDO_DESDE_NOMBRE,ALTA,RESUELTO,200403,Coincidencia exacta y única por nombre
637.0,E,"VIVIENDA, CONSTRUCCION Y SANEAMIENTO","OPMI DEL MINISTERIO DE VIVIENDA, CONSTRUCCION Y SANEAMIENTO",2235552.0,,PROYECTO DE INVERSION,"AMPLIACION Y MEJORAMIENTO DEL SERVICIO DE AGUA POTABLE Y SANEAMIENTO EN EL CENTRO POBLADO YUMINGKUS, DISTRITO DE NIEVA , PROVINCIA DE CONDORCANQUI - AMAZONAS",SANEAMIENTO,SANEAMIENTO,SANEAMIENTO RURAL,6625057,27911,0,0.0,250000.0,989571.0,1319429.0,Cartera_260824-123814.xlsx,010401,,010401,,,EXTRAIDO_DESDE_NOMBRE,ALTA,RESUELTO,010401,Coincidencia exacta y única por nombre
638.0,E,"VIVIENDA, CONSTRUCCION Y SANEAMIENTO","OPMI DEL MINISTERIO DE VIVIENDA, CONSTRUCCION Y SANEAMIENTO",2308374.0,,PROYECTO DE INVERSION,"AMPLIACION Y MEJORAMIENTO DEL SERVICIO DE AGUA POTABLE Y SANEAMIENTO DEL CENTRO POBLADO DE MASCARAT ALTO , DISTRITO DE USQUIL - OTUZCO - LA LIBERTAD",SANEAMIENTO,SANEAMIENTO,SANEAMIENTO RURAL,5097290,44912,20000,20000.0,160000.0,500000.0,2000000.0,Cartera_260824-123814.xlsx,130614,,130614,,,EXTRAIDO_DESDE_NOMBRE,ALTA,RESUELTO,130614,Coincidencia exacta y única por nombre
639.0,B2,"VIVIENDA, CONSTRUCCION Y SANEAMIENTO","OPMI DEL MINISTERIO DE VIVIENDA, CONSTRUCCION Y SANEAMIENTO",2332569.0,,PROYECTO DE INVERSION,"MEJORAMIENTO Y AMPLIACIÓN DEL SERVICIO DE AGUA POTABLE Y SANEAMIENTO EN LA CC.NN NUEVA VALENCIA DISTRITO DE TROMPETEROS, PROVINCIA DE LORETO, REGIÓN DE LORETO",SANEAMIENTO,SANEAMIENTO,SANEAMIENTO RURAL,3004097,182643,18000,18000.0,413839.41,0.0,0.0,Cartera_260824-123814.xlsx,160304,,160304,,,EXTRAIDO_DESDE_NOMBRE,ALTA,RESUELTO,160304,Coincidencia exacta y única por nombre
640.0,E,"VIVIENDA, CONSTRUCCION Y SANEAMIENTO","OPMI DEL MINISTERIO DE VIVIENDA, CONSTRUCCION Y SANEAMIENTO",2284274.0,,PROYECTO DE INVERSION,"AMPLIACION Y MEJORAMIENTO DEL SERVICIO DE AGUA POTABLE E INSTALACION DEL SANEAMIENTO BASICO DE LA LOCALIDAD DE CORIORCO , DISTRITO DE JOSE SABOGAL - SAN MARCOS - CAJAMARCA",SANEAMIENTO,SANEAMIENTO,SANEAMIENTO RURAL,4306291,49150,20000,20000.0,50000.0,350000.0,1200000.0,Cartera_260824-123814.xlsx,061007,,061007,,,EXTRAIDO_DESDE_NOMBRE,ALTA,RESUELTO,061007,Coincidencia exacta y única por nombre
641.0,E,"VIVIENDA, CONSTRUCCION Y SANEAMIENTO","OPMI DEL MINISTERIO DE VIVIENDA, CONSTRUCCION Y SANEAMIENTO",2202938.0,,PROYECTO DE INVERSION,"AMPLIACION Y MEJORAMIENTO DEL SERVICIO DE AGUA POTABLE E INSTALACION DEL SANEAMIENTO EN LA LOCALIDAD DE SANTA CLARA DE CAMSE, DISTRITO DE CUTERVO , PROVINCIA DE CUTERVO - CAJAMARCA",SANEAMIENTO,SANEAMIENTO,SANEAMIENTO RURAL,6703673,44137,20000,20000.0,1191949.0,4879589.0,322932.0,Cartera_260824-123814.xlsx,060601,,060601,,,EXTRAIDO_DESDE_NOMBRE,ALTA,RESUELTO,060601,Coincidencia exacta y única por nombre
642.0,E,"VIVIENDA, CONSTRUCCION Y SANEAMIENTO","OPMI DEL MINISTERIO DE VIVIENDA, CONSTRUCCION Y SANEAMIENTO",2262069.0,,PROYECTO DE INVERSION,"AMPLIACION Y MEJORAMIENTO DEL SERVICIO DE AGUA POTABLE E INSTALACION DEL SANEAMIENTO DE LA LOCALIDAD DE LA BOCANA , DISTRITO DE LA MATANZA - MORROPON - PIURA",SANEAMIENTO,SANEAMIENTO,SANEAMIENTO RURAL,5769236,81629,238240,238240.0,1658956.0,3790412.0,0.0,Cartera_260824-123814.xlsx,200404,,200404,,,EXTRAIDO_DESDE_NOMBRE,ALTA,RESUELTO,200404,Coincidencia exacta y única por nombre
643.0,E,"VIVIENDA, CONSTRUCCION Y SANEAMIENTO","OPMI DEL MINISTERIO DE VIVIENDA, CONSTRUCCION Y SANEAMIENTO",2252405.0,,PROYECTO DE INVERSION,"AMPLIACION Y MEJORAMIENTO DEL SERVICIO DE AGUA POTABLE E INSTALACION DEL SANEAMIENTO BASICO DE LA LOCALIDAD DE CHAMBA , DISTRITO DE FRIAS - AYABACA - PIURA",SANEAMIENTO,SANEAMIENTO,SANEAMIENTO RURAL,5109825,45887,20000,130627.0,500000.0,1500000.0,1000000.0,Cartera_260824-123814.xlsx,200202,,200202,,,EXTRAIDO_DESDE_NOMBRE,ALTA,RESUELTO,200202,Coincidencia exacta y única por nombre
644.0,E,"VIVIENDA, CONSTRUCCION Y SANEAMIENTO","OPMI DEL MINISTERIO DE VIVIENDA, CONSTRUCCION Y SANEAMIENTO",2286796.0,,PROYECTO DE INVERSION,"INSTALACION DEL SERVICIO DE AGUA POTABLE Y SANEAMIENTO DE LA LOCALIDAD DE SAN JORGE , DISTRITO DE NAPO - MAYNAS - LORETO",SANEAMIENTO,SANEAMIENTO,SANEAMIENTO RURAL,5078085,79826,0,0.0,250000.0,600000.0,900000.0,Cartera_260824-123814.xlsx,160107,,160107,,,EXTRAIDO_DESDE_NOMBRE,ALTA,RESUELTO,160107,Coincidencia exacta y única por nombre
645.0,E,"VIVIENDA, CONSTRUCCION Y SANEAMIENTO","OPMI DEL MINISTERIO DE VIVIENDA, CONSTRUCCION Y SANEAMIENTO",2305788.0,,PROYECTO DE INVERSION,"AMPLIACION Y MEJORAMIENTO DEL SERVICIO DE AGUA POTABLE E INSTALACION DEL SANEAMIENTO BASICO DE LA LOCALIDAD DE LORITO PAMPA , DISTRITO DE JESUS - CAJAMARCA - CAJAMARCA",SANEAMIENTO,SANEAMIENTO,SANEAMIENTO RURAL,4470015,59850,155000,1177419.0,150000.0,650000.0,1214654.0,Cartera_260824-123814.xlsx,,060106,060106,SI,SI,VALIDADO_PMI_POR_CUI,ALTA,RESUELTO,"101001, 060106",Distrito JESUS es ambiguo y no se extrajo provincia | Validado por PMI: JESUS
646.0,E,"VIVIENDA, CONSTRUCCION Y SANEAMIENTO","OPMI DEL MINISTERIO DE VIVIENDA, CONSTRUCCION Y SANEAMIENTO",2235585.0,,PROYECTO DE INVERSION,"MEJORAMIENTO Y AMPLIACIÓN DEL SERVICIO DE AGUA POTABLE Y DISPOSICIÓN SANITARIA DE EXCRETAS EN LA COMUNIDAD NATIVA DE SAN ANTONIO DE CHENI, DISTRITO DE RÍO TAMBO, PROVINCIA DE SATIPO, DEPARTAMENTO DE JUNÍN",SANEAMIENTO,SANEAMIENTO,SANEAMIENTO RURAL,5720616,18528,73210,198000.0,500000.0,1000000.0,1144123.0,Cartera_260824-123814.xlsx,120608,,120608,,,EXTRAIDO_DESDE_NOMBRE,ALTA,RESUELTO,120608,Coincidencia exacta y única por nombre
647.0,B2,"VIVIENDA, CONSTRUCCION Y SANEAMIENTO","OPMI DEL MINISTERIO DE VIVIENDA, CONSTRUCCION Y SANEAMIENTO",2328452.0,,PROYECTO DE INVERSION,"MEJORAMIENTO, AMPLIACION DEL SERVICIO DE AGUA POTABLE Y SANEAMIENTO EN LA COMUNIDAD NATIVA SOPLIN, DISTRITO DE ANDOAS, PROVINCIA DEL DATEM DEL MARAÑÓN, REGIÓN LORETO",SANEAMIENTO,SANEAMIENTO,SANEAMIENTO RURAL,3285161,206284,0,0.0,385108.0,0.0,0.0,Cartera_260824-123814.xlsx,160706,,160706,,,EXTRAIDO_DESDE_NOMBRE,ALTA,RESUELTO,160706,Coincidencia exacta y única por nombre
648.0,E,"VIVIENDA, CONSTRUCCION Y SANEAMIENTO","OPMI DEL MINISTERIO DE VIVIENDA, CONSTRUCCION Y SANEAMIENTO",2202920.0,,PROYECTO DE INVERSION,INSTALACION DEL SERVICIO DE AGUA POTABLE Y SANEAMIENTO EN EL CENTRO POBLADO WAYAMPIAK-IMAZA-BAGUA-AMAZONAS,SANEAMIENTO,SANEAMIENTO,SANEAMIENTO RURAL,3856792,216503,114696,488123.0,488123.0,500000.0,2164043.0,Cartera_260824-123814.xlsx,,010205,010205,SI,SI,VALIDADO_PMI_POR_CUI,ALTA,RESUELTO,,"No se detectó patrón ""DISTRITO DE"" en el nombre | Validado por PMI: IMAZA"
649.0,B1,"VIVIENDA, CONSTRUCCION Y SANEAMIENTO","OPMI DEL MINISTERIO DE VIVIENDA, CONSTRUCCION Y SANEAMIENTO",2260724.0,,PROYECTO DE INVERSION,"MEJORAMIENTO Y AMPLIACIÓN DEL SERVICIO DE AGUA POTABLE E INSTALACIÓN DEL SERVICIO DE DISPOSICIÓN SANITARIA DE EXCRETAS EN EL CENTRO POBLADO RIO BERTHA, DISTRITO DE RIO NEGRO ¿ SATIPO ¿ JUNÍN",SANEAMIENTO,SANEAMIENTO,SANEAMIENTO RURAL,2271635,163736,0,0.0,296671.0,0.0,0.0,Cartera_260824-123814.xlsx,,120607,120607,SI,SI,VALIDADO_PMI_POR_CUI,ALTA,RESUELTO,,"No se detectó patrón ""DISTRITO DE"" en el nombre | Validado por PMI: RIO NEGRO"
650.0,B3,"VIVIENDA, CONSTRUCCION Y SANEAMIENTO","OPMI DEL MINISTERIO DE VIVIENDA, CONSTRUCCION Y SANEAMIENTO",2337784.0,,PROYECTO DE INVERSION,"INSTALACION DEL SISTEMA DE AGUA POTABLE Y SANEAMIENTO EN EL CENTRO POBLADO SAN JOSE , DISTRITO DE MARIANO NICOLAS VALCARCEL - CAMANA - AREQUIPA",SANEAMIENTO,SANEAMIENTO,SANEAMIENTO RURAL,28482206,11350,0,800004.0,16941125.0,11294083.05,220648.0,Cartera_260824-123814.xlsx,040203,,040203,,,EXTRAIDO_DESDE_NOMBRE,ALTA,RESUELTO,040203,Coincidencia exacta y única por nombre
651.0,E,"VIVIENDA, CONSTRUCCION Y SANEAMIENTO","OPMI DEL MINISTERIO DE VIVIENDA, CONSTRUCCION Y SANEAMIENTO",2281803.0,,PROYECTO DE INVERSION,"CREACION DEL SERVICIO DE AGUA POTABLE Y DISPOSICION DE EXCRETAS DE LA LOCALIDAD DE MIRADOR ALTO ROQUE, DISTRITO DE ALONSO DE ALVARADO, PROVINCIA DE LAMAS, SAN MARTIN",SANEAMIENTO,SANEAMIENTO,SANEAMIENTO RURAL,3718454,50491,190748,1847566.0,1366528.0,453869.0,0.0,Cartera_260824-123814.xlsx,220502,,220502,,,EXTRAIDO_DESDE_NOMBRE,ALTA,RESUELTO,220502,Coincidencia exacta y única por nombre
652.0,B3,"VIVIENDA, CONSTRUCCION Y SANEAMIENTO","OPMI DEL MINISTERIO DE VIVIENDA, CONSTRUCCION Y SANEAMIENTO",2303286.0,,PROYECTO DE INVERSION,"AMPLIACION Y MEJORAMIENTO DEL SERVICIO DE AGUA POTABLE E INSTALACION DE LOS SERVICIOS DE DISPOSICION SANITARIA DE EXCRETAS, ALCANTARILLADO Y TRATAMIENTO DE AGUAS RESIDUALES EN EL CENTRO POBLADO DE SAN FRANCISCO DE CUBARO, DISTRITO MAZAMARI, PROVINCIA SATIPO, DEPARTAMENTO DE JUNIN",SANEAMIENTO,SANEAMIENTO,SANEAMIENTO RURAL,3691377,236841,2623305,991124.0,991124.0,1350000.0,926307.03,Cartera_260824-123814.xlsx,,120604,120604,SI,SI,VALIDADO_PMI_POR_CUI,ALTA,RESUELTO,,"No se detectó patrón ""DISTRITO DE"" en el nombre | Validado por PMI: MAZAMARI"
653.0,E,"VIVIENDA, CONSTRUCCION Y SANEAMIENTO","OPMI DEL MINISTERIO DE VIVIENDA, CONSTRUCCION Y SANEAMIENTO",2251602.0,,PROYECTO DE INVERSION,"INSTALACION DEL SERVICIO DE AGUA POTABLE Y DISPOSICION SANITARIA DE EXCRETAS DEL CENTRO POBLADO DE POTSOTENI , DISTRITO DE PANGOA - SATIPO - JUNIN",SANEAMIENTO,SANEAMIENTO,SANEAMIENTO RURAL,8863381,180348,111787,1689535.0,1356259.0,782059.0,0.0,Cartera_260824-123814.xlsx,120606,,120606,,,EXTRAIDO_DESDE_NOMBRE,ALTA,RESUELTO,120606,Coincidencia exacta y única por nombre
654.0,E,"VIVIENDA, CONSTRUCCION Y SANEAMIENTO","OPMI DEL MINISTERIO DE VIVIENDA, CONSTRUCCION Y SANEAMIENTO",2251689.0,,PROYECTO DE INVERSION,"AMPLIACION Y MEJORAMIENTO DEL SERVICIO DE AGUA POTABLE Y DISPOSICION SANITARIA DE EXCRETAS DEL CENTRO POBLADO SANTA ROSA DE OCOPA , DISTRITO DE RIO TAMBO - SATIPO - JUNIN",SANEAMIENTO,SANEAMIENTO,SANEAMIENTO RURAL,3699998,50724,102500,1095288.0,1300000.0,1253986.0,0.0,Cartera_260824-123814.xlsx,120608,,120608,,,EXTRAIDO_DESDE_NOMBRE,ALTA,RESUELTO,120608,Coincidencia exacta y única por nombre
655.0,E,"VIVIENDA, CONSTRUCCION Y SANEAMIENTO","OPMI DEL MINISTERIO DE VIVIENDA, CONSTRUCCION Y SANEAMIENTO",2202905.0,,PROYECTO DE INVERSION,"MEJORAMIENTO Y AMPLIACIÓN DEL SERVICIO DE AGUA POTABLE Y DISPOSICIÓN SANITARIA DE EXCRETAS EN LA COMUNIDAD NATIVA DE BUENOS AIRES, DISTRITO DE RÍO TAMBO, PROVINCIA DE SATIPO, DEPARTAMENTO DE JUNÍN",SANEAMIENTO,SANEAMIENTO,SANEAMIENTO RURAL,1580260,53584,8000,245985.0,800000.0,480691.0,0.0,Cartera_260824-123814.xlsx,120608,,120608,,,EXTRAIDO_DESDE_NOMBRE,ALTA,RESUELTO,120608,Coincidencia exacta y única por nombre
656.0,E,"VIVIENDA, CONSTRUCCION Y SANEAMIENTO","OPMI DEL MINISTERIO DE VIVIENDA, CONSTRUCCION Y SANEAMIENTO",2235598.0,,PROYECTO DE INVERSION,"INSTALACION DEL SERVICIO DE AGUA POTABLE Y SANEAMIENTO DEL CENTRO POBLADO LLOQUE YUPANQUI , DISTRITO DE TAMBO GRANDE - PIURA - PIURA",SANEAMIENTO,SANEAMIENTO,SANEAMIENTO RURAL,4182301,23194,0,0.0,207955.0,1247732.0,1663642.0,Cartera_260824-123814.xlsx,200114,,200114,,,EXTRAIDO_DESDE_NOMBRE,ALTA,RESUELTO,200114,Coincidencia exacta y única por nombre
657.0,E,"VIVIENDA, CONSTRUCCION Y SANEAMIENTO","OPMI DEL MINISTERIO DE VIVIENDA, CONSTRUCCION Y SANEAMIENTO",2412955.0,,PROYECTO DE INVERSION,"AMPLIACION DE LOS SISTEMAS DE AGUA POTABLE Y ALCANTARILLADO EN NUEVAS HABILITACIONES PARTES ALTAS DE HUAYCAN II, SECTORES 150, 151, 152, 153, 154  DISTRITO DE ATE - PROVINCIA DE LIMA - DEPARTAMENTO DE LIMA",SANEAMIENTO,SANEAMIENTO,SANEAMIENTO URBANO,138924600,8519720,1731689,1731689.0,3566215.0,5622895.0,6259852.0,Cartera_260824-123814.xlsx,150103,,150103,,,EXTRAIDO_DESDE_NOMBRE,ALTA,RESUELTO,150103,Coincidencia exacta y única por nombre
658.0,E,"VIVIENDA, CONSTRUCCION Y SANEAMIENTO","OPMI DEL MINISTERIO DE VIVIENDA, CONSTRUCCION Y SANEAMIENTO",2251113.0,,PROYECTO DE INVERSION,"INSTALACION DEL SERVICIO DE AGUA POTABLE Y DISPOSICION SANITARIA DE EXCRETAS EN EL CENTRO POBLADO MIRAFLORES , DISTRITO DE PICHANAQUI - CHANCHAMAYO - JUNIN",SANEAMIENTO,SANEAMIENTO,SANEAMIENTO RURAL,4148398,16973,78000,78000.0,130000.0,1200000.0,1800000.0,Cartera_260824-123814.xlsx,120303,,120303,,,EXTRAIDO_DESDE_NOMBRE,ALTA,RESUELTO,120303,Coincidencia exacta y única por nombre
659.0,D,"VIVIENDA, CONSTRUCCION Y SANEAMIENTO","OPMI DEL MINISTERIO DE VIVIENDA, CONSTRUCCION Y SANEAMIENTO",2283443.0,,PROYECTO DE INVERSION,AMPLIACIÓN Y MEJORAMIENTO DE LOS SISTEMAS DE AGUA POTABLE Y ALCANTARILLADO DEL SECTOR 206 - CERRO LA MILLA - DISTRITO DE SAN MARTÍN DE PORRES.,SANEAMIENTO,SANEAMIENTO URBANO,SANEAMIENTO,188917174,0,0,0.0,4000000.0,4000000.0,4000000.0,Cartera_260824-123814.xlsx,,150135,150135,SI,SI,VALIDADO_PMI_POR_CUI,ALTA,RESUELTO,,Distrito SAN MARTIN DE PORRES. no encontrado en GPKG | Validado por PMI: SAN MARTIN DE PORRES
660.0,D,"VIVIENDA, CONSTRUCCION Y SANEAMIENTO","OPMI DEL MINISTERIO DE VIVIENDA, CONSTRUCCION Y SANEAMIENTO",2694737.0,,PROYECTO DE INVERSION, MEJORAMIENTO Y AMPLIACIÓN DE LOS SERVICIOS DE AGUA POTABLE Y SANEAMIENTO BAJO LOS PRINCIPIOS DE ECONOMÍA CIRCULAR EN LAS CUENCAS DE LURÍN Y TITICACA ,SANEAMIENTO,SANEAMIENTO,SANEAMIENTO URBANO,178545570,0,0,,16806000.0,18049585.0,25876159.0,Cartera_260824-123814.xlsx,,150122,,SI,NO,VALIDADO_PMI_POR_CUI,BAJA,REVISAR_CONFLICTO,,"No se detectó patrón ""DISTRITO DE"" en el nombre | Distrito PMI (MIRAFLORES) no encontrado en nombre de inversión"
661.0,D,"VIVIENDA, CONSTRUCCION Y SANEAMIENTO","OPMI DEL MINISTERIO DE VIVIENDA, CONSTRUCCION Y SANEAMIENTO",2611402.0,,PROYECTO DE INVERSION,MEJORAMIENTO Y AMPLIACION DEL SERVICIO DE AGUA POTABLE RURAL Y CREACION DEL SERVICIO DE ALCANTARILLADO U OTRAS FORMAS DE DISPOSICION SANITARIA DE EXCRETAS EN EL CENTRO POBLADO DE VISTA ALEGRE ALTO DISTRITO DE HUALGAYOC DE LA PROVINCIA DE HUALGAYOC DEL DEPARTAMENTO DE CAJAMARCA,SANEAMIENTO,SANEAMIENTO,SANEAMIENTO RURAL,5932460,98000,42001,42000.0,2900000.0,2892460.0,0.0,Cartera_260824-123814.xlsx,,060703,060703,SI,SI,VALIDADO_PMI_POR_CUI,ALTA,RESUELTO,,Distrito HUALGAYOC DE no encontrado en GPKG | Validado por PMI: HUALGAYOC
662.0,E,"VIVIENDA, CONSTRUCCION Y SANEAMIENTO","OPMI DEL MINISTERIO DE VIVIENDA, CONSTRUCCION Y SANEAMIENTO",2522539.0,,PROYECTO DE INVERSION,MEJORAMIENTO Y AMPLIACION DE LOS SERVICIOS DE AGUA POTABLE Y SANEAMIENTO  EN LA COMUNIDAD CAMPESINA DE YURAJHUANCA DEL DISTRITO DE SIMON BOLIVAR - PROVINCIA DE PASCO - DEPARTAMENTO DE PASCO,SANEAMIENTO,SANEAMIENTO,SANEAMIENTO RURAL,3621733,261880,0,0.0,2351897.0,932956.0,75000.0,Cartera_260824-123814.xlsx,190109,,190109,,,EXTRAIDO_DESDE_NOMBRE,ALTA,RESUELTO,190109,Coincidencia exacta y única por nombre
663.0,E,"VIVIENDA, CONSTRUCCION Y SANEAMIENTO","OPMI DEL MINISTERIO DE VIVIENDA, CONSTRUCCION Y SANEAMIENTO",2494218.0,,PROYECTO DE INVERSION,MEJORAMIENTO Y AMPLIACION DE LOS SERVICIOS DE AGUA POTABLE Y SANEAMIENTO EN LA COMUNIDAD CAMPESINA DE QUIULACOCHA DEL DISTRITO DE SIMON BOLIVAR - PROVINCIA DE PASCO - DEPARTAMENTO DE PASCO,SANEAMIENTO,SANEAMIENTO,SANEAMIENTO RURAL,7791151,246872,120600,120600.0,250000.0,2212492.0,4912481.0,Cartera_260824-123814.xlsx,190109,,190109,,,EXTRAIDO_DESDE_NOMBRE,ALTA,RESUELTO,190109,Coincidencia exacta y única por nombre
664.0,E,"VIVIENDA, CONSTRUCCION Y SANEAMIENTO","OPMI DEL MINISTERIO DE VIVIENDA, CONSTRUCCION Y SANEAMIENTO",2474075.0,21755.0,PROYECTO DE INVERSION,CREACION DE LOS SERVICIOS DE AGUA POTABLE Y DISPOSICIÓN SANITARIA DE EXCRETAS EN LA LOCALIDAD DE MORO SAMA (PUERTO GRAU) DEL DISTRITO DE SAMA - PROVINCIA DE TACNA - DEPARTAMENTO DE TACNA,SANEAMIENTO,SANEAMIENTO,SANEAMIENTO RURAL,3570336,286026,0,114694.0,1150635.0,1150365.0,868616.0,Cartera_260824-123814.xlsx,230109,,230109,,,EXTRAIDO_DESDE_NOMBRE,ALTA,RESUELTO,230109,Coincidencia exacta y única por nombre
665.0,E,"VIVIENDA, CONSTRUCCION Y SANEAMIENTO","OPMI DEL MINISTERIO DE VIVIENDA, CONSTRUCCION Y SANEAMIENTO",2523870.0,,PROYECTO DE INVERSION,"MEJORAMIENTO Y AMPLIACION DE LOS SERVICIOS DE AGUA POTABLE, ALCANTARILLADO Y TRATAMIENTO DE AGUAS RESIDUALES EN EL CERCADO SAYÁN, ASOCIACIONES DE VIVIENDA VILLA EL SOL, CRUZ DEL JIRON PORTACHUELO Y TRABAJANDO POR EL FUTURO DE PORTACHUELO 4 LOCALIDADES DEL DISTRITO DE SAYAN - PROVINCIA DE HUAURA - DEPARTAMENTO DE LIMA",SANEAMIENTO,SANEAMIENTO,SANEAMIENTO URBANO,23421873,1822582,1588326,1625459.0,5000000.0,10000000.0,4973832.0,Cartera_260824-123814.xlsx,150811,,150811,,,EXTRAIDO_DESDE_NOMBRE,ALTA,RESUELTO,150811,Coincidencia exacta y única por nombre
666.0,E,"VIVIENDA, CONSTRUCCION Y SANEAMIENTO","OPMI DEL MINISTERIO DE VIVIENDA, CONSTRUCCION Y SANEAMIENTO",2544208.0,,PROYECTO DE INVERSION,MEJORAMIENTO Y AMPLIACION DEL SERVICIO DE AGUA POTABLE Y DISPOSICIÓN SANITARIA DE EXCRETAS EN LA ISLA TAQUILE  DISTRITO DE AMANTANI - PROVINCIA DE PUNO - DEPARTAMENTO DE PUNO,SANEAMIENTO,SANEAMIENTO,SANEAMIENTO RURAL,24869667,627882,0,420000.0,200000.0,232103.0,23053390.0,Cartera_260824-123814.xlsx,210103,,210103,,,EXTRAIDO_DESDE_NOMBRE,ALTA,RESUELTO,210103,Coincidencia exacta y única por nombre
667.0,Z,"VIVIENDA, CONSTRUCCION Y SANEAMIENTO","OPMI DEL MINISTERIO DE VIVIENDA, CONSTRUCCION Y SANEAMIENTO",2497921.0,,PROYECTO DE INVERSION,AMPLIACION DEL SISTEMA SCADA EN LOS SERVICIOS DE AGUA Y SANEAMIENTO 6 DISTRITOS DE LA PROVINCIA DE CUSCO - DEPARTAMENTO DE CUSCO,SANEAMIENTO,SANEAMIENTO,SANEAMIENTO URBANO,19420544,1559181,277266,277266.0,4000000.0,8000000.0,5584097.0,Cartera_260824-123814.xlsx,,,,NO,NO,FALLIDO,BAJA,REVISAR_CONFLICTO,,Múltiples distritos detectados en el nombre | Datos PMI no cruzaron con GPKG (- TODOS - - - TODOS -)
668.0,E,"VIVIENDA, CONSTRUCCION Y SANEAMIENTO","OPMI DEL MINISTERIO DE VIVIENDA, CONSTRUCCION Y SANEAMIENTO",2318958.0,,PROYECTO DE INVERSION,"AMPLIACION Y MEJORAMIENTO DEL SERVICIO DE AGUA POTABLE Y SANEAMIENTO DE LA LOCALIDAD DE PAMPA MIRAFLORES , DISTRITO DE SANTA ROSA - LA MAR - AYACUCHO",SANEAMIENTO,SANEAMIENTO,SANEAMIENTO RURAL,7222490,199321,0,0.0,250000.0,4565060.0,2208109.0,Cartera_260824-123814.xlsx,,050507,050507,SI,SI,VALIDADO_PMI_POR_CUI,ALTA,RESUELTO,"050507, 220304, 060812, 021510, 210504, 210808, 010610, 140114, 030710, 150139",Distrito SANTA ROSA es ambiguo y no se extrajo provincia | Validado por PMI: SANTA ROSA
669.0,E,"VIVIENDA, CONSTRUCCION Y SANEAMIENTO","OPMI DEL MINISTERIO DE VIVIENDA, CONSTRUCCION Y SANEAMIENTO",2307899.0,,PROYECTO DE INVERSION,"AMPLIACION Y MEJORAMIENTO DEL SERVICIO DE AGUA POTABLE E INSTALACION DEL SANEAMIENTO BASICO DE LA LOCALIDAD DE ALTO DE LA CRUZ , DISTRITO DE LA ARENA - PIURA - PIURA",SANEAMIENTO,SANEAMIENTO,SANEAMIENTO RURAL,7189523,18942,0,0.0,250000.0,4660878.0,2259703.0,Cartera_260824-123814.xlsx,200109,,200109,,,EXTRAIDO_DESDE_NOMBRE,ALTA,RESUELTO,200109,Coincidencia exacta y única por nombre
670.0,E,"VIVIENDA, CONSTRUCCION Y SANEAMIENTO","OPMI DEL MINISTERIO DE VIVIENDA, CONSTRUCCION Y SANEAMIENTO",2412246.0,99.0,PROYECTO DE INVERSION,"MEJORAMIENTO Y AMPLIACION DE LOS SERVICIOS DE AGUA POTABLE, ALCANTARILLADO Y PTAR  EN LA COMUNIDAD CAMPESINA DE SANTA ANA DE PACOYAN DEL DISTRITO DE SIMON BOLIVAR - PROVINCIA DE PASCO - DEPARTAMENTO DE PASCO",SANEAMIENTO,SANEAMIENTO,SANEAMIENTO RURAL,3661571,195974,0,0.0,956350.0,1256325.0,1252922.0,Cartera_260824-123814.xlsx,190109,,190109,,,EXTRAIDO_DESDE_NOMBRE,ALTA,RESUELTO,190109,Coincidencia exacta y única por nombre
671.0,E,"VIVIENDA, CONSTRUCCION Y SANEAMIENTO","OPMI DEL MINISTERIO DE VIVIENDA, CONSTRUCCION Y SANEAMIENTO",2534241.0,,PROYECTO DE INVERSION,CREACION DEL SERVICIO DE AGUA POTABLE Y DISPOSICIÓN SANITARIA DE EXCRETAS EN LA CC.NN. SANTA ROSA DE SERJALI DEL DISTRITO DE SEPAHUA - PROVINCIA DE ATALAYA - DEPARTAMENTO DE UCAYALI,SANEAMIENTO,SANEAMIENTO,SANEAMIENTO RURAL,4952203,20567,14890,401312.0,250000.0,1359097.0,2921227.0,Cartera_260824-123814.xlsx,250202,,250202,,,EXTRAIDO_DESDE_NOMBRE,ALTA,RESUELTO,250202,Coincidencia exacta y única por nombre
672.0,Z,"VIVIENDA, CONSTRUCCION Y SANEAMIENTO","OPMI DEL MINISTERIO DE VIVIENDA, CONSTRUCCION Y SANEAMIENTO",2532358.0,41503.0,PROYECTO DE INVERSION,MEJORAMIENTO Y AMPLIACION DEL SERVICIO DE AGUA POTABLE Y SANEAMIENTO DEL CENTRO POBLADO PALO BLANCO DEL DISTRITO DE MOTUPE - PROVINCIA DE LAMBAYEQUE - DEPARTAMENTO DE LAMBAYEQUE,SANEAMIENTO,SANEAMIENTO,SANEAMIENTO RURAL,6352953,274147,3325947,3325947.0,2752858.09,0.0,0.0,Cartera_260824-123814.xlsx,140307,,140307,,,EXTRAIDO_DESDE_NOMBRE,ALTA,RESUELTO,140307,Coincidencia exacta y única por nombre
673.0,E,"VIVIENDA, CONSTRUCCION Y SANEAMIENTO","OPMI DEL MINISTERIO DE VIVIENDA, CONSTRUCCION Y SANEAMIENTO",2486188.0,,PROYECTO DE INVERSION,MEJORAMIENTO Y AMPLIACION DEL SERVICIO DE AGUA POTABLE Y DISPOSICIÓN SANITARIA DE EXCRETAS EN EL CENTRO POBLADO LA ESTANCIA DEL DISTRITO DE OLMOS - PROVINCIA DE LAMBAYEQUE - DEPARTAMENTO DE LAMBAYEQUE,SANEAMIENTO,SANEAMIENTO,SANEAMIENTO RURAL,11615713,327204,0,0.0,500000.0,10723509.0,65000.0,Cartera_260824-123814.xlsx,140308,,140308,,,EXTRAIDO_DESDE_NOMBRE,ALTA,RESUELTO,140308,Coincidencia exacta y única por nombre
674.0,E,"VIVIENDA, CONSTRUCCION Y SANEAMIENTO","OPMI DEL MINISTERIO DE VIVIENDA, CONSTRUCCION Y SANEAMIENTO",2447183.0,41116.0,PROYECTO DE INVERSION,CREACION DEL SERVICIOS DE AGUA POTABLE Y DISPOSICIÓN SANITARIA DE EXCRETAS EN LA LOCALIDAD  DE COPACABANA DEL DISTRITO DE MORONA - PROVINCIA DE DATEM DEL MARAÑON - DEPARTAMENTO DE LORETO,SANEAMIENTO,SANEAMIENTO,SANEAMIENTO RURAL,1292143,11000,0,0.0,640571.0,640571.71,0.0,Cartera_260824-123814.xlsx,160704,,160704,,,EXTRAIDO_DESDE_NOMBRE,ALTA,RESUELTO,160704,Coincidencia exacta y única por nombre
675.0,E,"VIVIENDA, CONSTRUCCION Y SANEAMIENTO","OPMI DEL MINISTERIO DE VIVIENDA, CONSTRUCCION Y SANEAMIENTO",2538809.0,,PROYECTO DE INVERSION,CREACION DEL SERVICIO DE AGUA POTABLE Y DISPOSICIÓN SANITARIA DE EXCRETAS EN LA COMUNIDAD NATIVA SAN MIGUEL DEL DISTRITO DE PARINARI - PROVINCIA DE LORETO - DEPARTAMENTO DE LORETO,SANEAMIENTO,SANEAMIENTO,SANEAMIENTO RURAL,2696893,133358,1750,191647.0,100000.0,1541727.0,730161.0,Cartera_260824-123814.xlsx,160302,,160302,,,EXTRAIDO_DESDE_NOMBRE,ALTA,RESUELTO,160302,Coincidencia exacta y única por nombre
676.0,E,"VIVIENDA, CONSTRUCCION Y SANEAMIENTO","OPMI DEL MINISTERIO DE VIVIENDA, CONSTRUCCION Y SANEAMIENTO",2450141.0,41144.0,PROYECTO DE INVERSION,CREACION DEL SERVICIO DE AGUA POTABLE Y DISPOSICIÓN SANITARIA DE EXCRETAS EN LA COMUNIDAD NATIVA DE NUEVA VIDA DEL DISTRITO DE MORONA - PROVINCIA DE DATEM DEL MARAÑON - DEPARTAMENTO DE LORETO,SANEAMIENTO,SANEAMIENTO,SANEAMIENTO RURAL,1110703,19000,0,0.0,545851.0,545851.99,0.0,Cartera_260824-123814.xlsx,160704,,160704,,,EXTRAIDO_DESDE_NOMBRE,ALTA,RESUELTO,160704,Coincidencia exacta y única por nombre
677.0,E,"VIVIENDA, CONSTRUCCION Y SANEAMIENTO","OPMI DEL MINISTERIO DE VIVIENDA, CONSTRUCCION Y SANEAMIENTO",2538871.0,,PROYECTO DE INVERSION,CREACION DEL SERVICIO DE AGUA POTABLE Y DISPOSICION SANITARIA DE EXCRETAS EN LA COMUNIDAD NATIVA DE SALASHCA DEL DISTRITO DE PASTAZA - PROVINCIA DE DATEM DEL MARAÑON - DEPARTAMENTO DE LORETO,SANEAMIENTO,SANEAMIENTO,SANEAMIENTO RURAL,1935964,1750,0,0.0,250000.0,1257239.0,426975.0,Cartera_260824-123814.xlsx,160705,,160705,,,EXTRAIDO_DESDE_NOMBRE,ALTA,RESUELTO,160705,Coincidencia exacta y única por nombre
678.0,E,"VIVIENDA, CONSTRUCCION Y SANEAMIENTO","OPMI DEL MINISTERIO DE VIVIENDA, CONSTRUCCION Y SANEAMIENTO",2484146.0,,PROYECTO DE INVERSION,"MEJORAMIENTO Y AMPLIACION DEL SERVICIO DE AGUA POTABLE Y DISPOSICIÓN SANITARIA DE EXCRETAS, EN EL CASERÍO VIRGEN DEL CARMEN DEL DISTRITO DE OLMOS - PROVINCIA DE LAMBAYEQUE - DEPARTAMENTO DE LAMBAYEQUE",SANEAMIENTO,SANEAMIENTO,SANEAMIENTO RURAL,3207790,294357,0,0.0,150000.0,1300000.0,1463433.0,Cartera_260824-123814.xlsx,140308,,140308,,,EXTRAIDO_DESDE_NOMBRE,ALTA,RESUELTO,140308,Coincidencia exacta y única por nombre
679.0,E,"VIVIENDA, CONSTRUCCION Y SANEAMIENTO","OPMI DEL MINISTERIO DE VIVIENDA, CONSTRUCCION Y SANEAMIENTO",2485365.0,,PROYECTO DE INVERSION,MEJORAMIENTO Y AMPLIACION DEL SERVICIO DE AGUA POTABLE Y DISPOSICIÓN SANITARIA DE EXCRETAS EN EL CASERÍO EL CARDO DEL DISTRITO DE OLMOS - PROVINCIA DE LAMBAYEQUE - DEPARTAMENTO DE LAMBAYEQUE,SANEAMIENTO,SANEAMIENTO,SANEAMIENTO RURAL,3662268,14128,0,0.0,250000.0,1094442.0,2303698.0,Cartera_260824-123814.xlsx,140308,,140308,,,EXTRAIDO_DESDE_NOMBRE,ALTA,RESUELTO,140308,Coincidencia exacta y única por nombre
680.0,E,"VIVIENDA, CONSTRUCCION Y SANEAMIENTO","OPMI DEL MINISTERIO DE VIVIENDA, CONSTRUCCION Y SANEAMIENTO",2484008.0,,PROYECTO DE INVERSION,MEJORAMIENTO Y AMPLIACION DEL SERVICIO DE AGUA POTABLE Y DISPOSICION SANITARIA DE EXCRETAS EN EL CASERIO SEÑOR DE LOS MILAGROS DEL DISTRITO DE OLMOS - PROVINCIA DE LAMBAYEQUE - DEPARTAMENTO DE LAMBAYEQUE,SANEAMIENTO,SANEAMIENTO,SANEAMIENTO RURAL,3328545,4783,0,0.0,250000.0,997129.0,2076633.0,Cartera_260824-123814.xlsx,140308,,140308,,,EXTRAIDO_DESDE_NOMBRE,ALTA,RESUELTO,140308,Coincidencia exacta y única por nombre
680.0,A,"VIVIENDA, CONSTRUCCION Y SANEAMIENTO","OPMI DEL MINISTERIO DE VIVIENDA, CONSTRUCCION Y SANEAMIENTO",2038578.0,,PROYECTO DE INVERSION,SISTEMA DE AGUA Y ALCANTARILLADO DEL CENTRO  POBLADO DE MACABI BAJO,SANEAMIENTO,SANEAMIENTO,SANEAMIENTO URBANO,5470039,4987489,482452,6501.0,0.0,0.0,0.0,Cartera_260824-123814.xlsx,,130205,,SI,NO,VALIDADO_PMI_POR_CUI,BAJA,REVISAR_CONFLICTO,,"No se detectó patrón ""DISTRITO DE"" en el nombre | Distrito PMI (PAIJAN) no encontrado en nombre de inversión"
681.0,E,"VIVIENDA, CONSTRUCCION Y SANEAMIENTO","OPMI DEL MINISTERIO DE VIVIENDA, CONSTRUCCION Y SANEAMIENTO",2472208.0,,PROYECTO DE INVERSION,"MEJORAMIENTO Y AMPLIACION DEL SERVICIO DE AGUA POTABLE Y DISPOSICIÓN SANITARIA DE EXCRETAS, EN EL CASERÍO ANEXO SANTA ROSA DEL DISTRITO DE OLMOS - PROVINCIA DE LAMBAYEQUE - DEPARTAMENTO DE LAMBAYEQUE",SANEAMIENTO,SANEAMIENTO,SANEAMIENTO RURAL,3497823,1776,0,0.0,250000.0,1048814.0,2197233.0,Cartera_260824-123814.xlsx,140308,,140308,,,EXTRAIDO_DESDE_NOMBRE,ALTA,RESUELTO,140308,Coincidencia exacta y única por nombre
682.0,E,"VIVIENDA, CONSTRUCCION Y SANEAMIENTO","OPMI DEL MINISTERIO DE VIVIENDA, CONSTRUCCION Y SANEAMIENTO",2484044.0,,PROYECTO DE INVERSION,"MEJORAMIENTO Y AMPLIACION DEL SERVICIO DE AGUA POTABLE Y DISPOSICIÓN SANITARIA DE EXCRETAS, EN EL CASERÍO DE TIERRA RAJADA DEL DISTRITO DE OLMOS - PROVINCIA DE LAMBAYEQUE - DEPARTAMENTO DE LAMBAYEQUE",SANEAMIENTO,SANEAMIENTO,SANEAMIENTO RURAL,3294939,12638,0,0.0,250000.0,984690.0,2047611.0,Cartera_260824-123814.xlsx,140308,,140308,,,EXTRAIDO_DESDE_NOMBRE,ALTA,RESUELTO,140308,Coincidencia exacta y única por nombre
683.0,E,"VIVIENDA, CONSTRUCCION Y SANEAMIENTO","OPMI DEL MINISTERIO DE VIVIENDA, CONSTRUCCION Y SANEAMIENTO",2486654.0,,PROYECTO DE INVERSION,MEJORAMIENTO Y AMPLIACION DEL SERVICIO DE AGUA POTABLE Y DISPOSICIÓN SANITARIA DE EXCRETAS EN EL CASERÍO CERRO TEODORO DEL DISTRITO DE OLMOS - PROVINCIA DE LAMBAYEQUE - DEPARTAMENTO DE LAMBAYEQUE,SANEAMIENTO,SANEAMIENTO,SANEAMIENTO RURAL,3120361,7952,0,0.0,250000.0,933723.0,1928685.0,Cartera_260824-123814.xlsx,140308,,140308,,,EXTRAIDO_DESDE_NOMBRE,ALTA,RESUELTO,140308,Coincidencia exacta y única por nombre
684.0,E,"VIVIENDA, CONSTRUCCION Y SANEAMIENTO","OPMI DEL MINISTERIO DE VIVIENDA, CONSTRUCCION Y SANEAMIENTO",2485638.0,,PROYECTO DE INVERSION,MEJORAMIENTO Y AMPLIACION DEL SERVICIO DE AGUA POTABLE Y DISPOSICIÓN SANITARIA DE EXCRETAS EN EL CASERÍO CHUNCAR DEL DISTRITO DE OLMOS - PROVINCIA DE LAMBAYEQUE - DEPARTAMENTO DE LAMBAYEQUE,SANEAMIENTO,SANEAMIENTO,SANEAMIENTO RURAL,2964872,14972,0,0.0,250000.0,884970.0,1814930.0,Cartera_260824-123814.xlsx,140308,,140308,,,EXTRAIDO_DESDE_NOMBRE,ALTA,RESUELTO,140308,Coincidencia exacta y única por nombre
685.0,E,"VIVIENDA, CONSTRUCCION Y SANEAMIENTO","OPMI DEL MINISTERIO DE VIVIENDA, CONSTRUCCION Y SANEAMIENTO",2485848.0,,PROYECTO DE INVERSION,MEJORAMIENTO Y AMPLIACION DEL SERVICIO DE AGUA POTABLE Y DISPOSICIÓN SANITARIA DE EXCRETAS EN LOS CASERÍOS LAS POZAS Y EL SAUCE DEL DISTRITO DE OLMOS - PROVINCIA DE LAMBAYEQUE - DEPARTAMENTO DE LAMBAYEQUE,SANEAMIENTO,SANEAMIENTO,SANEAMIENTO RURAL,3627193,22474,0,0.0,250000.0,1081416.0,2273303.0,Cartera_260824-123814.xlsx,140308,,140308,,,EXTRAIDO_DESDE_NOMBRE,ALTA,RESUELTO,140308,Coincidencia exacta y única por nombre
686.0,E,"VIVIENDA, CONSTRUCCION Y SANEAMIENTO","OPMI DEL MINISTERIO DE VIVIENDA, CONSTRUCCION Y SANEAMIENTO",2484196.0,,PROYECTO DE INVERSION,MEJORAMIENTO Y AMPLIACION DEL SERVICIO DE AGUA POTABLE Y DISPOSICIÓN SANITARIA DE EXCRETAS EN EL CASERÍO LAUCHA GRANDE DEL DISTRITO DE OLMOS - PROVINCIA DE LAMBAYEQUE - DEPARTAMENTO DE LAMBAYEQUE,SANEAMIENTO,SANEAMIENTO,SANEAMIENTO RURAL,2925791,3829,0,0.0,250000.0,876589.0,1795373.0,Cartera_260824-123814.xlsx,140308,,140308,,,EXTRAIDO_DESDE_NOMBRE,ALTA,RESUELTO,140308,Coincidencia exacta y única por nombre
687.0,E,"VIVIENDA, CONSTRUCCION Y SANEAMIENTO","OPMI DEL MINISTERIO DE VIVIENDA, CONSTRUCCION Y SANEAMIENTO",2483708.0,,PROYECTO DE INVERSION,MEJORAMIENTO Y AMPLIACION DEL SERVICIO DE AGUA POTABLE Y DISPOSICIÓN SANITARIA DE EXCRETAS EN EL CASERÍO ALICLA DEL DISTRITO DE OLMOS - PROVINCIA DE LAMBAYEQUE - DEPARTAMENTO DE LAMBAYEQUE,SANEAMIENTO,SANEAMIENTO,SANEAMIENTO RURAL,1924639,14972,0,0.0,250000.0,572900.0,1101739.0,Cartera_260824-123814.xlsx,140308,,140308,,,EXTRAIDO_DESDE_NOMBRE,ALTA,RESUELTO,140308,Coincidencia exacta y única por nombre
688.0,E,"VIVIENDA, CONSTRUCCION Y SANEAMIENTO","OPMI DEL MINISTERIO DE VIVIENDA, CONSTRUCCION Y SANEAMIENTO",2485643.0,,PROYECTO DE INVERSION,MEJORAMIENTO Y AMPLIACION DEL SERVICIO DE AGUA POTABLE Y DISPOSICIÓN SANITARIA DE EXCRETAS EN EL CASERIO ALTO DE ROQUE DEL DISTRITO DE OLMOS - PROVINCIA DE LAMBAYEQUE - DEPARTAMENTO DE LAMBAYEQUE,SANEAMIENTO,SANEAMIENTO,SANEAMIENTO RURAL,3203914,14972,0,0.0,250000.0,956683.0,1982259.0,Cartera_260824-123814.xlsx,140308,,140308,,,EXTRAIDO_DESDE_NOMBRE,ALTA,RESUELTO,140308,Coincidencia exacta y única por nombre
689.0,E,"VIVIENDA, CONSTRUCCION Y SANEAMIENTO","OPMI DEL MINISTERIO DE VIVIENDA, CONSTRUCCION Y SANEAMIENTO",2484188.0,,PROYECTO DE INVERSION,"MEJORAMIENTO Y AMPLIACION DEL SERVICIO DE AGUA POTABLE Y DISPOSICIÓN SANITARIA DE EXCRETAS, EN LOS CASERÍOS DE LAUCHA CHICA Y CHOLOPE DEL DISTRITO DE OLMOS - PROVINCIA DE LAMBAYEQUE - DEPARTAMENTO DE LAMBAYEQUE",SANEAMIENTO,SANEAMIENTO,SANEAMIENTO RURAL,3685776,14972,0,0.0,250000.0,1101241.0,2319563.0,Cartera_260824-123814.xlsx,140308,,140308,,,EXTRAIDO_DESDE_NOMBRE,ALTA,RESUELTO,140308,Coincidencia exacta y única por nombre
690.0,E,"VIVIENDA, CONSTRUCCION Y SANEAMIENTO","OPMI DEL MINISTERIO DE VIVIENDA, CONSTRUCCION Y SANEAMIENTO",2472215.0,,PROYECTO DE INVERSION,"MEJORAMIENTO Y AMPLIACION DEL SERVICIO DE AGUA POTABLE Y DISPOSICIÓN SANITARIA DE EXCRETAS, EN EL CASERÍO LOS TABLONES DEL DISTRITO DE OLMOS - PROVINCIA DE LAMBAYEQUE - DEPARTAMENTO DE LAMBAYEQUE",SANEAMIENTO,SANEAMIENTO,SANEAMIENTO RURAL,2081505,7952,0,0.0,250000.0,622066.0,1201487.0,Cartera_260824-123814.xlsx,140308,,140308,,,EXTRAIDO_DESDE_NOMBRE,ALTA,RESUELTO,140308,Coincidencia exacta y única por nombre
691.0,E,"VIVIENDA, CONSTRUCCION Y SANEAMIENTO","OPMI DEL MINISTERIO DE VIVIENDA, CONSTRUCCION Y SANEAMIENTO",2489761.0,,PROYECTO DE INVERSION,MEJORAMIENTO Y AMPLIACION DEL SERVICIO DE AGUA POTABLE Y DISPOSICIÓN SANITARIA DE EXCRETAS EN EL CASERÍO CRUZ DE CHALPON DEL DISTRITO DE OLMOS - PROVINCIA DE LAMBAYEQUE - DEPARTAMENTO DE LAMBAYEQUE,SANEAMIENTO,SANEAMIENTO,SANEAMIENTO RURAL,1792036,14972,0,0.0,250000.0,533119.0,993945.0,Cartera_260824-123814.xlsx,140308,,140308,,,EXTRAIDO_DESDE_NOMBRE,ALTA,RESUELTO,140308,Coincidencia exacta y única por nombre
692.0,E,"VIVIENDA, CONSTRUCCION Y SANEAMIENTO","OPMI DEL MINISTERIO DE VIVIENDA, CONSTRUCCION Y SANEAMIENTO",2235701.0,,PROYECTO DE INVERSION,"AMPLIACION Y MEJORAMIENTO DEL SERVICIO DE AGUA POTABLE Y SANEAMIENTO DEL CENTRO POBLADO DE CHOPTALOMA, DISTRITO DE JULCAN , PROVINCIA DE JULCAN - LA LIBERTAD",SANEAMIENTO,SANEAMIENTO,SANEAMIENTO RURAL,4296494,45703,20000,1098467.0,66200.0,2732654.0,0.0,Cartera_260824-123814.xlsx,130501,,130501,,,EXTRAIDO_DESDE_NOMBRE,ALTA,RESUELTO,130501,Coincidencia resuelta usando provincia JULCAN
693.0,Z,"VIVIENDA, CONSTRUCCION Y SANEAMIENTO","OPMI DEL MINISTERIO DE VIVIENDA, CONSTRUCCION Y SANEAMIENTO",2301610.0,,PROYECTO DE INVERSION,"MEJORAMIENTO Y AMPLIACION DE LOS SERVICIOS DE AGUA POTABLE Y DISPOSICION SANITARIA DE EXCRETAS DE LA LOCALIDAD DE HUAMA , DISTRITO DE LAMAY - CALCA - CUSCO",SANEAMIENTO,SANEAMIENTO,SANEAMIENTO RURAL,8349429,96703,267605,267605.0,4073127.0,0.0,0.0,Cartera_260824-123814.xlsx,080403,,080403,,,EXTRAIDO_DESDE_NOMBRE,ALTA,RESUELTO,080403,Coincidencia exacta y única por nombre
694.0,E,"VIVIENDA, CONSTRUCCION Y SANEAMIENTO","OPMI DEL MINISTERIO DE VIVIENDA, CONSTRUCCION Y SANEAMIENTO",2538890.0,,PROYECTO DE INVERSION,CREACION DEL SERVICIO DE AGUA POTABLE Y DISPOSICION SANITARIA DE EXCRETAS EN LA COMUNIDAD NATIVA DE LA CURVA DEL DISTRITO DE PASTAZA - PROVINCIA DE DATEM DEL MARAÑON - DEPARTAMENTO DE LORETO,SANEAMIENTO,SANEAMIENTO,SANEAMIENTO RURAL,1887771,1167,0,0.0,250000.0,1226293.0,410311.0,Cartera_260824-123814.xlsx,160705,,160705,,,EXTRAIDO_DESDE_NOMBRE,ALTA,RESUELTO,160705,Coincidencia exacta y única por nombre
695.0,E,"VIVIENDA, CONSTRUCCION Y SANEAMIENTO","OPMI DEL MINISTERIO DE VIVIENDA, CONSTRUCCION Y SANEAMIENTO",2282083.0,,PROYECTO DE INVERSION,"MEJORAMIENTO Y AMPLIACIÓN DEL SERVICIO DE AGUA POTABLE Y SANEAMIENTO BÁSICO EN EL CENTRO POBLADO JERILLO, DISTRITO DE JEPELACIO, PROVINCIA DE MOYOBAMBA, DEPARTAMENTO DE SAN MARTÍN",SANEAMIENTO,SANEAMIENTO,SANEAMIENTO RURAL,9498871,25187,20000,139499.0,510100.0,2849661.0,5974424.0,Cartera_260824-123814.xlsx,220104,,220104,,,EXTRAIDO_DESDE_NOMBRE,ALTA,RESUELTO,220104,Coincidencia exacta y única por nombre
696.0,E,"VIVIENDA, CONSTRUCCION Y SANEAMIENTO","OPMI DEL MINISTERIO DE VIVIENDA, CONSTRUCCION Y SANEAMIENTO",2263778.0,,PROYECTO DE INVERSION,"AMPLIACION Y MEJORAMIENTO DEL SERVICIO DE AGUA POTABLE E INSTALACION DEL SANEAMIENTO DE LA LOCALIDAD DE PAMPA DE LOS SILVA , DISTRITO DE LA ARENA - PIURA - PIURA",SANEAMIENTO,SANEAMIENTO,SANEAMIENTO RURAL,3163323,19680,0,0.0,500000.0,1250860.0,1392783.0,Cartera_260824-123814.xlsx,200109,,200109,,,EXTRAIDO_DESDE_NOMBRE,ALTA,RESUELTO,200109,Coincidencia exacta y única por nombre
697.0,E,"VIVIENDA, CONSTRUCCION Y SANEAMIENTO","OPMI DEL MINISTERIO DE VIVIENDA, CONSTRUCCION Y SANEAMIENTO",2235654.0,,PROYECTO DE INVERSION,"AMPLIACION Y MEJORAMIENTO DEL SERVICIO DE AGUA POTABLE Y SANEAMIENTO EN EL CENTRO POBLADO CHONZA LAGUNA , DISTRITO DE COPALLIN - BAGUA - AMAZONAS",SANEAMIENTO,SANEAMIENTO,SANEAMIENTO RURAL,5069017,85230,30000,20000.0,311349.0,1443271.0,2951056.0,Cartera_260824-123814.xlsx,010203,,010203,,,EXTRAIDO_DESDE_NOMBRE,ALTA,RESUELTO,010203,Coincidencia exacta y única por nombre
697.0,A,"VIVIENDA, CONSTRUCCION Y SANEAMIENTO","OPMI DEL MINISTERIO DE VIVIENDA, CONSTRUCCION Y SANEAMIENTO",2180920.0,,PROYECTO DE INVERSION,"INSTALACION, MEJORAMIENTO DE LOS SERVICIOS DE AGUA POTABLE Y SANEAMIENTO BASICO EN EL CENTRO POBLADO DE HUANZAPAMPA, DISTRITO DE YANAS - DOS DE MAYO - HUANUCO",SANEAMIENTO,SANEAMIENTO,SANEAMIENTO RURAL,7542516,83500,1120598,1000000.0,0.0,0.0,0.0,Cartera_260824-123814.xlsx,100323,,100323,,,EXTRAIDO_DESDE_NOMBRE,ALTA,RESUELTO,100323,Coincidencia exacta y única por nombre
698.0,E,"VIVIENDA, CONSTRUCCION Y SANEAMIENTO","OPMI DEL MINISTERIO DE VIVIENDA, CONSTRUCCION Y SANEAMIENTO",2264141.0,,PROYECTO DE INVERSION,"MEJORAMIENTO Y AMPLIACION DE LOS SERVICIOS DE AGUA POTABLE Y SANEAMIENTO DEL CENTRO POBLADO DE PUERTO LUZ , DISTRITO DE MADRE DE DIOS - MANU - MADRE DE DIOS",SANEAMIENTO,SANEAMIENTO,SANEAMIENTO RURAL,5251217,104604,508048,20000.0,1538540.0,2857464.0,242561.0,Cartera_260824-123814.xlsx,170203,,170203,,,EXTRAIDO_DESDE_NOMBRE,ALTA,RESUELTO,170203,Coincidencia exacta y única por nombre
699.0,E,"VIVIENDA, CONSTRUCCION Y SANEAMIENTO","OPMI DEL MINISTERIO DE VIVIENDA, CONSTRUCCION Y SANEAMIENTO",2308373.0,,PROYECTO DE INVERSION,"AMPLIACION Y MEJORAMIENTO DEL SERVICIO DE AGUA POTABLE E INSTALACION DEL SERVICIO DE SANEAMIENTO DEL CENTRO POBLADO VALLE GRANDE , DISTRITO DE ELIAS SOPLIN VARGAS - RIOJA - SAN MARTIN",SANEAMIENTO,SANEAMIENTO,SANEAMIENTO RURAL,4534735,50243,20000,20000.0,510000.0,1305224.0,2465281.0,Cartera_260824-123814.xlsx,220803,,220803,,,EXTRAIDO_DESDE_NOMBRE,ALTA,RESUELTO,220803,Coincidencia exacta y única por nombre
700.0,E,"VIVIENDA, CONSTRUCCION Y SANEAMIENTO","OPMI DEL MINISTERIO DE VIVIENDA, CONSTRUCCION Y SANEAMIENTO",2258947.0,,PROYECTO DE INVERSION,"INSTALACION DE LOS SERVICIOS DE AGUA POTABLE Y DISPOSICION SANITARIA DE EXCRETAS EN EL CASERIO YANACACA GRANDE , DISTRITO DE BUENA VISTA ALTA - PROVINCIA DE CASMA - ANCASH",SANEAMIENTO,SANEAMIENTO,SANEAMIENTO RURAL,2065657,19028,0,0.0,961000.0,1085629.0,0.0,Cartera_260824-123814.xlsx,020802,,020802,,,EXTRAIDO_DESDE_NOMBRE,ALTA,RESUELTO,020802,Coincidencia exacta y única por nombre
701.0,E,"VIVIENDA, CONSTRUCCION Y SANEAMIENTO","OPMI DEL MINISTERIO DE VIVIENDA, CONSTRUCCION Y SANEAMIENTO",2285436.0,,PROYECTO DE INVERSION,"AMPLIACION Y MEJORAMIENTO DEL SERVICIO DE AGUA POTABLE Y SANEAMIENTO EN EL CENTRO POBLADO HUMBATE , DISTRITO DE LA PECA - BAGUA - AMAZONAS",SANEAMIENTO,SANEAMIENTO,SANEAMIENTO RURAL,4429641,48750,30000,20000.0,498200.0,1270985.0,2398684.0,Cartera_260824-123814.xlsx,010206,,010206,,,EXTRAIDO_DESDE_NOMBRE,ALTA,RESUELTO,010206,Coincidencia exacta y única por nombre
702.0,E,"VIVIENDA, CONSTRUCCION Y SANEAMIENTO","OPMI DEL MINISTERIO DE VIVIENDA, CONSTRUCCION Y SANEAMIENTO",2307894.0,,PROYECTO DE INVERSION,"INSTALACION DEL SISTEMA DE AGUA POTABLE Y DEL SERVICIO DE SANEAMIENTO BASICO EN LA LOCALIDAD DE YANAJANCA , DISTRITO DE CHOLON - MARANON - HUANUCO",SANEAMIENTO,SANEAMIENTO,SANEAMIENTO RURAL,2515955,20121,31684,73800.0,525798.0,754786.0,1141450.0,Cartera_260824-123814.xlsx,100702,,100702,,,EXTRAIDO_DESDE_NOMBRE,ALTA,RESUELTO,100702,Coincidencia exacta y única por nombre
703.0,E,"VIVIENDA, CONSTRUCCION Y SANEAMIENTO","OPMI DEL MINISTERIO DE VIVIENDA, CONSTRUCCION Y SANEAMIENTO",2301619.0,,PROYECTO DE INVERSION,"AMPLIACION Y MEJORAMIENTO DEL SERVICIO DE AGUA POTABLE E INSTALACION DEL SERVICIO DE SANEAMIENTO DEL CENTRO POBLADO RURAL SANTA ROSA DE MISHOLO , DISTRITO DE POLVORA - TOCACHE - SAN MARTIN",SANEAMIENTO,SANEAMIENTO,SANEAMIENTO RURAL,7898858,50206,20000,133552.0,488822.0,2369657.0,4856621.0,Cartera_260824-123814.xlsx,221003,,221003,,,EXTRAIDO_DESDE_NOMBRE,ALTA,RESUELTO,221003,Coincidencia exacta y única por nombre
704.0,E,"VIVIENDA, CONSTRUCCION Y SANEAMIENTO","OPMI DEL MINISTERIO DE VIVIENDA, CONSTRUCCION Y SANEAMIENTO",2305787.0,,PROYECTO DE INVERSION,"AMPLIACION Y MEJORAMIENTO DEL SERVICIO DE AGUA POTABLE E INSTALACION DEL SANEAMIENTO BASICO DE LA LOCALIDAD DE SAN LUIS DE UNIGAN , DISTRITO DE ENCANADA - CAJAMARCA - CAJAMARCA",SANEAMIENTO,SANEAMIENTO,SANEAMIENTO RURAL,2979375,107441,7700,167053.0,500000.0,800000.0,1404881.0,Cartera_260824-123814.xlsx,060105,,060105,,,EXTRAIDO_DESDE_NOMBRE,ALTA,RESUELTO,060105,Coincidencia exacta y única por nombre
705.0,E,"VIVIENDA, CONSTRUCCION Y SANEAMIENTO","OPMI DEL MINISTERIO DE VIVIENDA, CONSTRUCCION Y SANEAMIENTO",2283803.0,,PROYECTO DE INVERSION,"AMPLIACION Y MEJORAMIENTO DEL SERVICIO DE AGUA POTABLE E INSTALACION DEL SERVICIO DE SANEAMIENTO DEL CENTRO POBLADO RURAL DE NUEVO SAN MARTIN , DISTRITO DE POLVORA - TOCACHE - SAN MARTIN",SANEAMIENTO,SANEAMIENTO,SANEAMIENTO RURAL,5417200,42819,119126,151440.0,1274915.0,3677165.0,270861.0,Cartera_260824-123814.xlsx,221003,,221003,,,EXTRAIDO_DESDE_NOMBRE,ALTA,RESUELTO,221003,Coincidencia exacta y única por nombre
706.0,E,"VIVIENDA, CONSTRUCCION Y SANEAMIENTO","OPMI DEL MINISTERIO DE VIVIENDA, CONSTRUCCION Y SANEAMIENTO",2301715.0,,PROYECTO DE INVERSION,"AMPLIACION Y MEJORAMIENTO DEL SISTEMA DE AGUA POTABLE E INSTALACION DEL SERVICIO DE SANEAMIENTO BASICO DE LA LOCALIDAD DE YAMOS, DISTRITO DE HUACRACHUCO , PROVINCIA DE MARANON - HUANUCO",SANEAMIENTO,SANEAMIENTO,SANEAMIENTO RURAL,5248944,38521,0,0.0,250000.0,1563127.0,3397296.0,Cartera_260824-123814.xlsx,100701,,100701,,,EXTRAIDO_DESDE_NOMBRE,ALTA,RESUELTO,100701,Coincidencia exacta y única por nombre
707.0,E,"VIVIENDA, CONSTRUCCION Y SANEAMIENTO","OPMI DEL MINISTERIO DE VIVIENDA, CONSTRUCCION Y SANEAMIENTO",2200338.0,,PROYECTO DE INVERSION,"INSTALACION DEL SERVICIO DE AGUA POTABLE Y DISPOSICION SANITARIA DE EXCRETAS EN EL CENTRO POBLADO DE PARINARI, DISTRITO DE TENIENTE CESAR LOPEZ ROJAS, PROVINCIA DE ALTO AMAZONAS, DEPARTAMENTO DE LORETO",SANEAMIENTO,SANEAMIENTO,SANEAMIENTO RURAL,3162764,1063,0,0.0,230000.0,790425.0,2141276.0,Cartera_260824-123814.xlsx,160211,,160211,,,EXTRAIDO_DESDE_NOMBRE,ALTA,RESUELTO,160211,Coincidencia exacta y única por nombre
708.0,E,"VIVIENDA, CONSTRUCCION Y SANEAMIENTO","OPMI DEL MINISTERIO DE VIVIENDA, CONSTRUCCION Y SANEAMIENTO",2287088.0,,PROYECTO DE INVERSION,"AMPLIACION Y MEJORAMIENTO DEL SERVICIO DE AGUA POTABLE E INSTALACION DEL SERVICIO DE SANEAMIENTO DEL CENTRO POBLADO RURAL DE BUENOS AIRES , DISTRITO DE POLVORA - TOCACHE - SAN MARTIN",SANEAMIENTO,SANEAMIENTO,SANEAMIENTO RURAL,5170557,45069,123294,152965.0,1548232.0,3165762.0,258529.0,Cartera_260824-123814.xlsx,221003,,221003,,,EXTRAIDO_DESDE_NOMBRE,ALTA,RESUELTO,221003,Coincidencia exacta y única por nombre
709.0,E,"VIVIENDA, CONSTRUCCION Y SANEAMIENTO","OPMI DEL MINISTERIO DE VIVIENDA, CONSTRUCCION Y SANEAMIENTO",2235612.0,,PROYECTO DE INVERSION,"INSTALACION DEL SERVICIO DE AGUA POTABLE Y SANEAMIENTO BASICO EN EL CASERIO SANTA RITA BAJA , DISTRITO DE CHAGLLA - PACHITEA - HUANUCO",SANEAMIENTO,SANEAMIENTO,SANEAMIENTO RURAL,4734490,74795,8000,410845.0,1300000.0,1473896.0,1474954.0,Cartera_260824-123814.xlsx,100802,,100802,,,EXTRAIDO_DESDE_NOMBRE,ALTA,RESUELTO,100802,Coincidencia exacta y única por nombre
710.0,E,"VIVIENDA, CONSTRUCCION Y SANEAMIENTO","OPMI DEL MINISTERIO DE VIVIENDA, CONSTRUCCION Y SANEAMIENTO",2202164.0,,PROYECTO DE INVERSION,"MEJORAMIENTO Y AMPLIACION DEL SERVICIO DE AGUA POTABLE Y DISPOSICION DE EXCRETAS DE LA LOCALIDAD PROGRESO , DISTRITO DE ZAPATERO - LAMAS - SAN MARTIN",SANEAMIENTO,SANEAMIENTO,SANEAMIENTO RURAL,3681235,47733,0,993619.0,15000.0,2624883.0,0.0,Cartera_260824-123814.xlsx,220511,,220511,,,EXTRAIDO_DESDE_NOMBRE,ALTA,RESUELTO,220511,Coincidencia exacta y única por nombre
711.0,E,"VIVIENDA, CONSTRUCCION Y SANEAMIENTO","OPMI DEL MINISTERIO DE VIVIENDA, CONSTRUCCION Y SANEAMIENTO",2305526.0,,PROYECTO DE INVERSION,"MEJORAMIENTO Y AMPLIACION DE LOS SERVICIOS DE AGUA POTABLE Y SANEAMIENTO DEL CENTRO POBLADO DE BAJO COLORADO (PLAYA OCULTA) , DISTRITO DE MADRE DE DIOS - MANU - MADRE DE DIOS",SANEAMIENTO,SANEAMIENTO,SANEAMIENTO RURAL,4939629,59846,20000,20000.0,1145937.0,3178073.0,231782.0,Cartera_260824-123814.xlsx,170203,,170203,,,EXTRAIDO_DESDE_NOMBRE,ALTA,RESUELTO,170203,Coincidencia exacta y única por nombre
712.0,E,"VIVIENDA, CONSTRUCCION Y SANEAMIENTO","OPMI DEL MINISTERIO DE VIVIENDA, CONSTRUCCION Y SANEAMIENTO",2289942.0,,PROYECTO DE INVERSION,"AMPLIACION Y MEJORAMIENTO DEL SISTEMA DE AGUA POTABLE E INSTALACION DEL SERVICIO DE SANEAMIENTO BASICO EN LA LOCALIDAD DE BELLA ALTA , DISTRITO DE MARIANO DAMASO BERAUN - LEONCIO PRADO - HUANUCO",SANEAMIENTO,SANEAMIENTO,SANEAMIENTO RURAL,3303647,22032,90000,90000.0,650000.0,973000.0,1511173.0,Cartera_260824-123814.xlsx,100606,,100606,,,EXTRAIDO_DESDE_NOMBRE,ALTA,RESUELTO,100606,Coincidencia exacta y única por nombre
713.0,E,"VIVIENDA, CONSTRUCCION Y SANEAMIENTO","OPMI DEL MINISTERIO DE VIVIENDA, CONSTRUCCION Y SANEAMIENTO",2268242.0,,PROYECTO DE INVERSION,"MEJORAMIENTO Y AMPLIACION DEL SERVICIO DE AGUA POTABLE Y SANEAMIENTO BASICO EN EL CASERIO CASERIO HUASCAR , DISTRITO DE LUYANDO - LEONCIO PRADO - HUANUCO",SANEAMIENTO,SANEAMIENTO,SANEAMIENTO RURAL,2743551,23914,73800,73800.0,850396.0,986325.0,765855.0,Cartera_260824-123814.xlsx,100605,,100605,,,EXTRAIDO_DESDE_NOMBRE,ALTA,RESUELTO,100605,Coincidencia exacta y única por nombre
714.0,E,"VIVIENDA, CONSTRUCCION Y SANEAMIENTO","OPMI DEL MINISTERIO DE VIVIENDA, CONSTRUCCION Y SANEAMIENTO",2276196.0,,PROYECTO DE INVERSION,"INSTALACION DEL SERVICIO DE AGUA POTABLE Y SANEAMIENTO DEL CENTRO POBLADO RURAL DE LA FLORIDA , DISTRITO DE POLVORA - TOCACHE - SAN MARTIN",SANEAMIENTO,SANEAMIENTO,SANEAMIENTO RURAL,4653953,52319,20000,20000.0,410500.0,1396185.0,2774949.0,Cartera_260824-123814.xlsx,221003,,221003,,,EXTRAIDO_DESDE_NOMBRE,ALTA,RESUELTO,221003,Coincidencia exacta y única por nombre
715.0,E,"VIVIENDA, CONSTRUCCION Y SANEAMIENTO","OPMI DEL MINISTERIO DE VIVIENDA, CONSTRUCCION Y SANEAMIENTO",2301624.0,,PROYECTO DE INVERSION,"AMPLIACION Y MEJORAMIENTO DEL SERVICIO DE AGUA POTABLE Y SANEAMIENTO DEL CENTRO POBLADO HUAGALL , DISTRITO DE CALAMARCA - JULCAN - LA LIBERTAD",SANEAMIENTO,SANEAMIENTO,SANEAMIENTO RURAL,4735156,50075,20000,133463.0,153668.0,257949.0,4140001.0,Cartera_260824-123814.xlsx,130502,,130502,,,EXTRAIDO_DESDE_NOMBRE,ALTA,RESUELTO,130502,Coincidencia exacta y única por nombre
716.0,E,"VIVIENDA, CONSTRUCCION Y SANEAMIENTO","OPMI DEL MINISTERIO DE VIVIENDA, CONSTRUCCION Y SANEAMIENTO",2263918.0,,PROYECTO DE INVERSION,"AMPLIACION Y MEJORAMIENTO DEL SERVICIO DE AGUA POTABLE E INSTALACION DEL SANEAMIENTO BASICO DE LA LOCALIDAD DE LICLIPAMPA , DISTRITO DE SAN BERNARDINO - SAN PABLO - CAJAMARCA",SANEAMIENTO,SANEAMIENTO,SANEAMIENTO RURAL,5974832,43014,128681,128681.0,516200.0,1696988.0,3271744.0,Cartera_260824-123814.xlsx,061202,,061202,,,EXTRAIDO_DESDE_NOMBRE,ALTA,RESUELTO,061202,Coincidencia exacta y única por nombre
717.0,E,"VIVIENDA, CONSTRUCCION Y SANEAMIENTO","OPMI DEL MINISTERIO DE VIVIENDA, CONSTRUCCION Y SANEAMIENTO",2255198.0,,PROYECTO DE INVERSION,"INSTALACION DE LOS SERVICIOS DE AGUA POTABLE Y DISPOSICION SANITARIA DE EXCRETAS EN EL CENTRO POBLADO DE SAN MIGUEL LA COCHA, DISTRITO DE JOSE CRESPO Y CASTILLO - LEONCIO PRADO - HUANUCO",SANEAMIENTO,SANEAMIENTO,SANEAMIENTO RURAL,2461113,20205,10171,73800.0,466278.0,1865112.0,0.0,Cartera_260824-123814.xlsx,,100604,100604,SI,SI,VALIDADO_PMI_POR_CUI,ALTA,RESUELTO,,Distrito JOSE CRESPO no encontrado en GPKG | Validado por PMI: JOSE CRESPO Y CASTILLO
718.0,E,"VIVIENDA, CONSTRUCCION Y SANEAMIENTO","OPMI DEL MINISTERIO DE VIVIENDA, CONSTRUCCION Y SANEAMIENTO",2281005.0,,PROYECTO DE INVERSION,"AMPLIACION Y MEJORAMIENTO DEL SERVICIO DE AGUA POTABLE E INSTALACION DEL SANEAMIENTO BASICO DE LA LOCALIDAD DE CASADEN , DISTRITO DE MAGDALENA - CAJAMARCA - CAJAMARCA",SANEAMIENTO,SANEAMIENTO,SANEAMIENTO RURAL,3187760,22342,0,0.0,10000.0,10000.0,3145418.0,Cartera_260824-123814.xlsx,,060109,060109,SI,SI,VALIDADO_PMI_POR_CUI,ALTA,RESUELTO,"010112, 060109",Distrito MAGDALENA es ambiguo y no se extrajo provincia | Validado por PMI: MAGDALENA
719.0,B2,"VIVIENDA, CONSTRUCCION Y SANEAMIENTO","OPMI DEL MINISTERIO DE VIVIENDA, CONSTRUCCION Y SANEAMIENTO",2306013.0,,PROYECTO DE INVERSION,"AMPLIACION Y MEJORAMIENTO DEL SERVICIO DE AGUA POTABLE E INSTALACION DE LOS SERVICIOS DE DISPOSICION SANITARIA DE EXCRETAS, ALCANTARILLADO Y TRATAMIENTO DE AGUAS RESIDUALES EN EL CENTRO POBLADO DE ULLUYMARCA , DISTRITO DE PAMPA HERMOSA - SATIPO - JUNIN",SANEAMIENTO,SANEAMIENTO,SANEAMIENTO RURAL,6336689,228023,580232,167053.0,6017166.04,0.0,0.0,Cartera_260824-123814.xlsx,,120605,120605,SI,SI,VALIDADO_PMI_POR_CUI,ALTA,RESUELTO,"120605, 160604",Distrito PAMPA HERMOSA es ambiguo y no se extrajo provincia | Validado por PMI: PAMPA HERMOSA
719.0,E,"VIVIENDA, CONSTRUCCION Y SANEAMIENTO","OPMI DEL MINISTERIO DE VIVIENDA, CONSTRUCCION Y SANEAMIENTO",2260525.0,,PROYECTO DE INVERSION,"AMPLIACION Y MEJORAMIENTO DEL SERVICIO DE AGUA POTABLE E INSTALACION DEL SANEAMIENTO BASICO DE LA LOCALIDAD DE HUACAS ALTO , DISTRITO DE LAGUNAS - AYABACA - PIURA",SANEAMIENTO,SANEAMIENTO,SANEAMIENTO RURAL,4711800,69269,20000,20000.0,657823.0,3729118.0,235590.0,Cartera_260824-123814.xlsx,,200204,200204,SI,SI,VALIDADO_PMI_POR_CUI,ALTA,RESUELTO,"140107, 160206, 200204",Distrito LAGUNAS es ambiguo y no se extrajo provincia | Validado por PMI: LAGUNAS
720.0,B1,"VIVIENDA, CONSTRUCCION Y SANEAMIENTO","OPMI DEL MINISTERIO DE VIVIENDA, CONSTRUCCION Y SANEAMIENTO",2338461.0,,PROYECTO DE INVERSION,"MEJORAMIENTO Y AMPLIACIÓN DEL SISTEMA DE AGUA POTABLE Y CREACIÓN DE UNIDADES BÁSICAS DE SANEAMIENTO EN LAS LOCALIDADES DE  OYOCCOCHA, YURACC CANCHA, PISQUIRI, TOCCTO, RURUNMARCA Y CCASANCCA, DISTRITO DE CAJA - ACOBAMBA - HUANCAVELICA",SANEAMIENTO,SANEAMIENTO,SANEAMIENTO RURAL,12395896,100000,6447024,6447024.0,0.0,0.0,0.0,Cartera_260824-123814.xlsx,090204,,090204,,,EXTRAIDO_DESDE_NOMBRE,ALTA,RESUELTO,090204,Coincidencia exacta y única por nombre
720.0,Y,"VIVIENDA, CONSTRUCCION Y SANEAMIENTO","OPMI DEL MINISTERIO DE VIVIENDA, CONSTRUCCION Y SANEAMIENTO",2268480.0,,PROYECTO DE INVERSION,"AMPLIACION Y MEJORAMIENTO DEL SISTEMA DE AGUA POTABLE Y SANEAMIENTO BASICO EN EL CENTRO POBLADO EL DORADO , DISTRITO DE OMIA - RODRIGUEZ DE MENDOZA - AMAZONAS",SANEAMIENTO,SANEAMIENTO,SANEAMIENTO RURAL,3541273,114147,0,1303566.0,0.0,2123560.0,0.0,Cartera_260824-123814.xlsx,010609,,010609,,,EXTRAIDO_DESDE_NOMBRE,ALTA,RESUELTO,010609,Coincidencia exacta y única por nombre
721.0,E,"VIVIENDA, CONSTRUCCION Y SANEAMIENTO","OPMI DEL MINISTERIO DE VIVIENDA, CONSTRUCCION Y SANEAMIENTO",2286905.0,,PROYECTO DE INVERSION,"AMPLIACION Y MEJORAMIENTO DEL SERVICIO DE AGUA POTABLE E INSTALACION DEL SANEAMIENTO BASICO DE LA LOCALIDAD DE LLADEN , DISTRITO DE LLAPA - SAN MIGUEL - CAJAMARCA",SANEAMIENTO,SANEAMIENTO,SANEAMIENTO RURAL,3740318,44841,20000,20000.0,1450326.0,1226985.0,998166.0,Cartera_260824-123814.xlsx,061107,,061107,,,EXTRAIDO_DESDE_NOMBRE,ALTA,RESUELTO,061107,Coincidencia exacta y única por nombre
722.0,E,"VIVIENDA, CONSTRUCCION Y SANEAMIENTO","OPMI DEL MINISTERIO DE VIVIENDA, CONSTRUCCION Y SANEAMIENTO",2293516.0,,PROYECTO DE INVERSION,"AMPLIACION Y MEJORAMIENTO DEL SERVICIO DE AGUA POTABLE E INSTALACION DEL SISTEMA DE SANEAMIENTO BASICO EN LA LOCALIDAD DE MENTUSHARI , DISTRITO DE LLAYLLA - SATIPO - JUNIN",SANEAMIENTO,SANEAMIENTO,SANEAMIENTO RURAL,2857881,29099,2000,90000.0,570000.0,1160000.0,1008782.0,Cartera_260824-123814.xlsx,120603,,120603,,,EXTRAIDO_DESDE_NOMBRE,ALTA,RESUELTO,120603,Coincidencia exacta y única por nombre
723.0,E,"VIVIENDA, CONSTRUCCION Y SANEAMIENTO","OPMI DEL MINISTERIO DE VIVIENDA, CONSTRUCCION Y SANEAMIENTO",2279707.0,,PROYECTO DE INVERSION,"MEJORAMIENTO Y AMPLIACION DEL SERVICIO DE AGUA POTABLE Y SANEAMIENTO EN EL CASERIO DE HUANACAURE , DISTRITO DE CHINCHAO - HUANUCO - HUANUCO",SANEAMIENTO,SANEAMIENTO,SANEAMIENTO RURAL,2984372,3125,2000,90000.0,250000.0,100.0,2641147.0,Cartera_260824-123814.xlsx,100103,,100103,,,EXTRAIDO_DESDE_NOMBRE,ALTA,RESUELTO,100103,Coincidencia exacta y única por nombre
724.0,E,"VIVIENDA, CONSTRUCCION Y SANEAMIENTO","OPMI DEL MINISTERIO DE VIVIENDA, CONSTRUCCION Y SANEAMIENTO",2274336.0,,PROYECTO DE INVERSION,"AMPLIACION Y MEJORAMIENTO DEL SERVICIO DE AGUA POTABLE E INSTALACION DEL SERVICIO DE SANEAMIENTO DEL CENTRO POBLADO DE SOLEDAD , DISTRITO DE PAJARILLO - MARISCAL CACERES - SAN MARTIN",SANEAMIENTO,SANEAMIENTO,SANEAMIENTO RURAL,3489275,45519,20000,1999627.0,114000.0,369786.0,960343.0,Cartera_260824-123814.xlsx,220605,,220605,,,EXTRAIDO_DESDE_NOMBRE,ALTA,RESUELTO,220605,Coincidencia exacta y única por nombre
725.0,E,"VIVIENDA, CONSTRUCCION Y SANEAMIENTO","OPMI DEL MINISTERIO DE VIVIENDA, CONSTRUCCION Y SANEAMIENTO",2293764.0,,PROYECTO DE INVERSION,"AMPLIACION Y MEJORAMIENTO DEL SERVICIO DE AGUA POTABLE E INSTALACION DEL SANEAMIENTO BASICO EN LA LOCALIDAD DE SAN ANTONIO , DISTRITO DE CORTEGANA - CELENDIN - CAJAMARCA",SANEAMIENTO,SANEAMIENTO,SANEAMIENTO RURAL,4805292,46590,20000,131102.0,466200.0,1355582.0,2519134.0,Cartera_260824-123814.xlsx,060303,,060303,,,EXTRAIDO_DESDE_NOMBRE,ALTA,RESUELTO,060303,Coincidencia exacta y única por nombre
726.0,E,"VIVIENDA, CONSTRUCCION Y SANEAMIENTO","OPMI DEL MINISTERIO DE VIVIENDA, CONSTRUCCION Y SANEAMIENTO",2275415.0,,PROYECTO DE INVERSION,"INSTALACION DEL SERVICIO DE AGUA POTABLE Y SANEAMIENTO BASICO EN EL CASERIO DE PUEBLO NUEVO , DISTRITO DE TOURNAVISTA - PUERTO INCA - HUANUCO",SANEAMIENTO,SANEAMIENTO,SANEAMIENTO RURAL,2625152,21814,10695,73800.0,800000.0,829063.0,856592.0,Cartera_260824-123814.xlsx,100904,,100904,,,EXTRAIDO_DESDE_NOMBRE,ALTA,RESUELTO,100904,Coincidencia exacta y única por nombre
727.0,A,"VIVIENDA, CONSTRUCCION Y SANEAMIENTO","OPMI DEL MINISTERIO DE VIVIENDA, CONSTRUCCION Y SANEAMIENTO",2460828.0,,PROYECTO DE INVERSION,"MEJORAMIENTO Y AMPLIACION DEL SISTEMA DE AGUA POTABLE E INSTALACION DEL SISTEMA DE SANEAMIENTO BASICO EN  LAS  LOCALIDADES DE MOLLEPATA ,YUNCAYBAMBA,LORENSAYOCC Y CCACCE DEL  DISTRITO DE HUANCARAY - PROVINCIA DE ANDAHUAYLAS - DEPARTAMENTO DE APURIMAC",SANEAMIENTO,SANEAMIENTO RURAL,SANEAMIENTO,7670784,1342107,2618429,1000000.0,0.0,0.0,0.0,Cartera_260824-123814.xlsx,030205,,030205,,,EXTRAIDO_DESDE_NOMBRE,ALTA,RESUELTO,030205,Coincidencia exacta y única por nombre
727.0,E,"VIVIENDA, CONSTRUCCION Y SANEAMIENTO","OPMI DEL MINISTERIO DE VIVIENDA, CONSTRUCCION Y SANEAMIENTO",2264206.0,,PROYECTO DE INVERSION,"MEJORAMIENTO Y AMPLIACION DEL SERVICIO DE AGUA POTABLE Y SANEAMIENTO EN EL CENTRO POBLADO VILLA RICA, DISTRITO DE PARDO MIGUEL - RIOJA - SAN MARTIN",SANEAMIENTO,SANEAMIENTO,SANEAMIENTO RURAL,4329317,59816,20000,2388262.0,314500.0,1242824.0,137347.0,Cartera_260824-123814.xlsx,220805,,220805,,,EXTRAIDO_DESDE_NOMBRE,ALTA,RESUELTO,220805,Coincidencia exacta y única por nombre
728.0,E,"VIVIENDA, CONSTRUCCION Y SANEAMIENTO","OPMI DEL MINISTERIO DE VIVIENDA, CONSTRUCCION Y SANEAMIENTO",2307926.0,,PROYECTO DE INVERSION,"AMPLIACION Y MEJORAMIENTO DEL SERVICIO DE AGUA POTABLE E INSTALACION DEL SISTEMA DE DISPOSICION SANITARIA DE EXCRETAS, ALCANTARILLADO Y TRATAMIENTO DE AGUAS RESIDUALES EN EL CENTRO POBLADO DE CHALLHUAMAYO , DISTRITO DE LLAYLLA - SATIPO - JUNIN",SANEAMIENTO,SANEAMIENTO,SANEAMIENTO RURAL,3181141,6617,2000,90000.0,1150265.0,1265365.0,668894.0,Cartera_260824-123814.xlsx,120603,,120603,,,EXTRAIDO_DESDE_NOMBRE,ALTA,RESUELTO,120603,Coincidencia exacta y única por nombre
729.0,E,"VIVIENDA, CONSTRUCCION Y SANEAMIENTO","OPMI DEL MINISTERIO DE VIVIENDA, CONSTRUCCION Y SANEAMIENTO",2258910.0,,PROYECTO DE INVERSION,"AMPLIACION Y MEJORAMIENTO DE LOS SERVICIOS DE AGUA POTABLE, ALCANTARILLADO E INSTALACION DEL SERVICIO DE DISPOSICION SANITARIA DE EXCRETAS EN EL CASERIO COCHAS GRANDES , DISTRITO DE SAN JUAN - SIHUAS - ANCASH",SANEAMIENTO,SANEAMIENTO,SANEAMIENTO RURAL,1302521,19528,0,0.0,300000.0,982993.0,0.0,Cartera_260824-123814.xlsx,,021909,021909,SI,SI,VALIDADO_PMI_POR_CUI,ALTA,RESUELTO,"021909, 090410, 050616, 060112",Distrito SAN JUAN es ambiguo y no se extrajo provincia | Validado por PMI: SAN JUAN
730.0,E,"VIVIENDA, CONSTRUCCION Y SANEAMIENTO","OPMI DEL MINISTERIO DE VIVIENDA, CONSTRUCCION Y SANEAMIENTO",2251279.0,,PROYECTO DE INVERSION,"MEJORAMIENTO Y AMPLIACION DEL SERVICIO DE AGUA POTABLE Y SANEAMIENTO EN EL CASERIO DE SANTA ROSA DE UCHUCHACA , DISTRITO DE CHINCHAO - HUANUCO - HUANUCO",SANEAMIENTO,SANEAMIENTO,SANEAMIENTO RURAL,2743338,37690,9113,73800.0,515145.0,2060579.0,0.0,Cartera_260824-123814.xlsx,100103,,100103,,,EXTRAIDO_DESDE_NOMBRE,ALTA,RESUELTO,100103,Coincidencia exacta y única por nombre
731.0,E,"VIVIENDA, CONSTRUCCION Y SANEAMIENTO","OPMI DEL MINISTERIO DE VIVIENDA, CONSTRUCCION Y SANEAMIENTO",2251244.0,,PROYECTO DE INVERSION,"MEJORAMIENTO Y AMPLIACION DEL SERVICIO DE AGUA POTABLE Y SANEAMIENTO BASICO DEL CENTRO POBLADO SUYO , DISTRITO DE LARES - CALCA - CUSCO",SANEAMIENTO,SANEAMIENTO,SANEAMIENTO RURAL,4730222,117471,144144,144144.0,1598635.0,1698325.0,1315791.0,Cartera_260824-123814.xlsx,080404,,080404,,,EXTRAIDO_DESDE_NOMBRE,ALTA,RESUELTO,080404,Coincidencia exacta y única por nombre
731.0,E,"VIVIENDA, CONSTRUCCION Y SANEAMIENTO","OPMI DEL MINISTERIO DE VIVIENDA, CONSTRUCCION Y SANEAMIENTO",2307916.0,,PROYECTO DE INVERSION,"INSTALACION DEL SERVICIO DE AGUA POTABLE Y SANEAMIENTO DE LA LOCALIDAD DE PUERTO MIGUEL , DISTRITO DE FERNANDO LORES - MAYNAS - LORETO",SANEAMIENTO,SANEAMIENTO,SANEAMIENTO RURAL,3708246,53848,0,0.0,250000.0,1096319.0,2308079.0,Cartera_260824-123814.xlsx,160103,,160103,,,EXTRAIDO_DESDE_NOMBRE,ALTA,RESUELTO,160103,Coincidencia exacta y única por nombre
732.0,E,"VIVIENDA, CONSTRUCCION Y SANEAMIENTO","OPMI DEL MINISTERIO DE VIVIENDA, CONSTRUCCION Y SANEAMIENTO",2263629.0,,PROYECTO DE INVERSION,"INSTALACION DE LOS SISTEMAS DE AGUA POTABLE Y SANEAMIENTO PARA EL CENTRO POBLADO DE SAN MIGUEL DE CACAO, DISTRITO DE RAMON CASTILLA , PROVINCIA DE MARISCAL RAMON CASTILLA - LORETO",SANEAMIENTO,SANEAMIENTO,SANEAMIENTO RURAL,4985315,16752,0,238200.0,100000.0,1419109.0,3211254.0,Cartera_260824-123814.xlsx,160401,,160401,,,EXTRAIDO_DESDE_NOMBRE,ALTA,RESUELTO,160401,Coincidencia exacta y única por nombre
733.0,E,"VIVIENDA, CONSTRUCCION Y SANEAMIENTO","OPMI DEL MINISTERIO DE VIVIENDA, CONSTRUCCION Y SANEAMIENTO",2253228.0,,PROYECTO DE INVERSION,"AMPLIACIÓN Y MEJORAMIENTO DEL SERVICIO DE AGUA POTABLE Y CREACIÓN DEL SERVICIO DE SANEAMIENTO EN LA LOCALIDAD PALO BLANCO, DISTRITO DE CHULUCANAS, PROVINCIA DE MORROPÓN, DEPARTAMENTO DE PIURA",SANEAMIENTO,SANEAMIENTO,SANEAMIENTO RURAL,4376168,18495,0,0.0,230000.0,1089418.0,3038255.0,Cartera_260824-123814.xlsx,200401,,200401,,,EXTRAIDO_DESDE_NOMBRE,ALTA,RESUELTO,200401,Coincidencia exacta y única por nombre
734.0,E,"VIVIENDA, CONSTRUCCION Y SANEAMIENTO","OPMI DEL MINISTERIO DE VIVIENDA, CONSTRUCCION Y SANEAMIENTO",2307918.0,,PROYECTO DE INVERSION,"INSTALACION DEL SERVICIO DE AGUA POTABLE Y SANEAMIENTO DE LA LOCALIDAD DE BELLO HORIZONTE , DISTRITO DE MAZAN - MAYNAS - LORETO",SANEAMIENTO,SANEAMIENTO,SANEAMIENTO RURAL,4194174,1350,0,0.0,250000.0,1257847.0,2684977.0,Cartera_260824-123814.xlsx,160106,,160106,,,EXTRAIDO_DESDE_NOMBRE,ALTA,RESUELTO,160106,Coincidencia exacta y única por nombre
735.0,E,"VIVIENDA, CONSTRUCCION Y SANEAMIENTO","OPMI DEL MINISTERIO DE VIVIENDA, CONSTRUCCION Y SANEAMIENTO",2235566.0,,PROYECTO DE INVERSION,"INSTALACION DEL SERVICIO DE AGUA POTABLE Y DISPOSICION SANITARIA DE EXCRETAS EN EL CENTRO POBLADO SAN PEDRO DE SHAURIATO, DISTRITO DE PICHANAQUI - CHANCHAMAYO - JUNIN",SANEAMIENTO,SANEAMIENTO,SANEAMIENTO RURAL,5690440,38837,9000,300000.0,1966661.0,1759635.0,1348120.0,Cartera_260824-123814.xlsx,120303,,120303,,,EXTRAIDO_DESDE_NOMBRE,ALTA,RESUELTO,120303,Coincidencia exacta y única por nombre
736.0,E,"VIVIENDA, CONSTRUCCION Y SANEAMIENTO","OPMI DEL MINISTERIO DE VIVIENDA, CONSTRUCCION Y SANEAMIENTO",2263617.0,,PROYECTO DE INVERSION,"INSTALACIÓN DEL SERVICIO DE AGUA POTABLE Y DISPOSICIÓN SANITARIA DE EXCRETAS EN LA COMUNIDAD NATIVA DE APINIHUA, DISTRITO DE RAYMONDI, PROVINCIA DE ATALAYA, DEPARTAMENTO DE UCAYALI",SANEAMIENTO,SANEAMIENTO,SANEAMIENTO RURAL,3240023,5666,90000,90000.0,250000.0,2836710.0,65190.0,Cartera_260824-123814.xlsx,,,,NO,NO,FALLIDO,BAJA,REVISAR_CONFLICTO,,Distrito RAYMONDI no encontrado en GPKG | Datos PMI no cruzaron con GPKG (RAYMONDI - ATALAYA)
737.0,E,"VIVIENDA, CONSTRUCCION Y SANEAMIENTO","OPMI DEL MINISTERIO DE VIVIENDA, CONSTRUCCION Y SANEAMIENTO",2278984.0,,PROYECTO DE INVERSION,"MEJORAMIENTO Y AMPLIACION DEL SERVICIO DE AGUA POTABLE Y DISPOSICION SANITARIA DE EXCRETAS EN EL CENTRO POBLADO UNION SANTA ROSA , DISTRITO DE PICHANAQUI - CHANCHAMAYO - JUNIN",SANEAMIENTO,SANEAMIENTO,SANEAMIENTO RURAL,5018946,36598,3000,228000.0,1250365.0,1625365.0,1620221.0,Cartera_260824-123814.xlsx,120303,,120303,,,EXTRAIDO_DESDE_NOMBRE,ALTA,RESUELTO,120303,Coincidencia exacta y única por nombre
738.0,E,"VIVIENDA, CONSTRUCCION Y SANEAMIENTO","OPMI DEL MINISTERIO DE VIVIENDA, CONSTRUCCION Y SANEAMIENTO",2251140.0,,PROYECTO DE INVERSION,"AMPLIACION Y MEJORAMIENTO DEL SERVICIO DE AGUA POTABLE E INSTALACION DEL SANEAMIENTO DEL CENTRO POBLADO LA PENITA , DISTRITO DE LANCONES - SULLANA - PIURA",SANEAMIENTO,SANEAMIENTO,SANEAMIENTO RURAL,5717090,165333,0,564859.0,0.0,4986898.0,0.0,Cartera_260824-123814.xlsx,200604,,200604,,,EXTRAIDO_DESDE_NOMBRE,ALTA,RESUELTO,200604,Coincidencia exacta y única por nombre
739.0,E,"VIVIENDA, CONSTRUCCION Y SANEAMIENTO","OPMI DEL MINISTERIO DE VIVIENDA, CONSTRUCCION Y SANEAMIENTO",2235727.0,,PROYECTO DE INVERSION,MEJORAMIENTO Y AMPLIACIÓN DEL SERVICIO DE AGUA POTABLE E INSTALACIÓN DE DISPOSICION SANITARIA DE EXCRETAS EN EL CENTRO POBLADO DE SANTA ROSA DE ALTO ZOTANI DISTRITO DE PERENE- CHANCHAMAYO - JUNIN,SANEAMIENTO,SANEAMIENTO,SANEAMIENTO RURAL,6201973,54834,30000,1783365.0,568525.0,1782340.0,1752070.0,Cartera_260824-123814.xlsx,,120302,120302,SI,SI,VALIDADO_PMI_POR_CUI,ALTA,RESUELTO,,Distrito PERENE- CHANCHAMAYO no encontrado en GPKG | Validado por PMI: PERENE
740.0,E,"VIVIENDA, CONSTRUCCION Y SANEAMIENTO","OPMI DEL MINISTERIO DE VIVIENDA, CONSTRUCCION Y SANEAMIENTO",2269363.0,,PROYECTO DE INVERSION,"INSTALACION DE LOS SISTEMAS DE AGUA POTABLE Y SANEAMIENTO PARA EL CENTRO POBLADO DE PUERTO ALEGRE, DISTRITO DE RAMON CASTILLA , PROVINCIA DE MARISCAL RAMON CASTILLA - LORETO",SANEAMIENTO,SANEAMIENTO,SANEAMIENTO RURAL,4919565,33213,0,0.0,250000.0,1465906.0,3170446.0,Cartera_260824-123814.xlsx,160401,,160401,,,EXTRAIDO_DESDE_NOMBRE,ALTA,RESUELTO,160401,Coincidencia exacta y única por nombre
741.0,E,"VIVIENDA, CONSTRUCCION Y SANEAMIENTO","OPMI DEL MINISTERIO DE VIVIENDA, CONSTRUCCION Y SANEAMIENTO",2251083.0,,PROYECTO DE INVERSION,"AMPLIACION Y MEJORAMIENTO DEL SERVICIO DE AGUA POTABLE E INSTALACION DEL SANEAMIENTO BASICO DE LA LOCALIDAD DE CENTRO SAN PEDRO , DISTRITO DE FRIAS - AYABACA - PIURA",SANEAMIENTO,SANEAMIENTO,SANEAMIENTO RURAL,5073799,45175,20000,1757806.0,1500000.0,1000000.0,538323.0,Cartera_260824-123814.xlsx,200202,,200202,,,EXTRAIDO_DESDE_NOMBRE,ALTA,RESUELTO,200202,Coincidencia exacta y única por nombre
742.0,E,"VIVIENDA, CONSTRUCCION Y SANEAMIENTO","OPMI DEL MINISTERIO DE VIVIENDA, CONSTRUCCION Y SANEAMIENTO",2259193.0,,PROYECTO DE INVERSION,"MEJORAMIENTO Y AMPLIACION DEL SERVICIO DE AGUA POTABLE Y SANEAMIENTO BASICO EN EL CENTRO POBLADO PABLOYACU, DISTRITO DE MOYOBAMBA, PROVINCIA DE MOYOBAMBA, DEPARTAMENTO DE SAN MARTIN",SANEAMIENTO,SANEAMIENTO,SANEAMIENTO RURAL,4524465,59453,20000,20000.0,1737976.0,2268774.0,215064.0,Cartera_260824-123814.xlsx,220101,,220101,,,EXTRAIDO_DESDE_NOMBRE,ALTA,RESUELTO,220101,Coincidencia exacta y única por nombre
743.0,E,"VIVIENDA, CONSTRUCCION Y SANEAMIENTO","OPMI DEL MINISTERIO DE VIVIENDA, CONSTRUCCION Y SANEAMIENTO",2264070.0,,PROYECTO DE INVERSION,"AMPLIACION Y MEJORAMIENTO DEL SERVICIO DE AGUA POTABLE Y SANEAMIENTO DEL CENTRO POBLADO PASHAGON, DISTRITO DE HUAMACHUCO , PROVINCIA DE SANCHEZ CARRION - LA LIBERTAD",SANEAMIENTO,SANEAMIENTO,SANEAMIENTO RURAL,4888237,46448,131006,131006.0,1942025.0,2286399.0,231889.0,Cartera_260824-123814.xlsx,130901,,130901,,,EXTRAIDO_DESDE_NOMBRE,ALTA,RESUELTO,130901,Coincidencia exacta y única por nombre
744.0,E,"VIVIENDA, CONSTRUCCION Y SANEAMIENTO","OPMI DEL MINISTERIO DE VIVIENDA, CONSTRUCCION Y SANEAMIENTO",2412106.0,114.0,PROYECTO DE INVERSION,CREACION DEL SERVICIO DE AGUA POTABLE Y DISPOSICIÓN SANITARIA DE EXCRETAS EN LA COMUNIDAD NATIVA DE PAMPA CAÑO DEL DISTRITO DE NAUTA - PROVINCIA DE LORETO - DEPARTAMENTO DE LORETO,SANEAMIENTO,SANEAMIENTO,SANEAMIENTO RURAL,4432043,353059,54319,54319.0,985623.0,479868.0,0.0,Cartera_260824-123814.xlsx,160301,,160301,,,EXTRAIDO_DESDE_NOMBRE,ALTA,RESUELTO,160301,Coincidencia exacta y única por nombre
745.0,E,"VIVIENDA, CONSTRUCCION Y SANEAMIENTO","OPMI DEL MINISTERIO DE VIVIENDA, CONSTRUCCION Y SANEAMIENTO",2260547.0,,PROYECTO DE INVERSION,"INSTALACION DEL SERVICIO DE AGUA POTABLE Y SANEAMIENTO DE LA LOCALIDAD DE SARGENTO LORES , DISTRITO DE NAPO - MAYNAS - LORETO",SANEAMIENTO,SANEAMIENTO,SANEAMIENTO RURAL,4195852,79749,0,0.0,250000.0,1234831.0,2631272.0,Cartera_260824-123814.xlsx,160107,,160107,,,EXTRAIDO_DESDE_NOMBRE,ALTA,RESUELTO,160107,Coincidencia exacta y única por nombre
746.0,E,"VIVIENDA, CONSTRUCCION Y SANEAMIENTO","OPMI DEL MINISTERIO DE VIVIENDA, CONSTRUCCION Y SANEAMIENTO",2301343.0,,PROYECTO DE INVERSION,"AMPLIACION Y MEJORAMIENTO DEL SERVICIO DE AGUA POTABLE E INSTALACION DE LOS SERVICIOS DE DISPOSICION SANITARIA DE EXCRETAS, ALCANTARILLADO Y TRATAMIENTO DE AGUAS RESIDUALES EN EL CENTRO POBLADO DE PORTILLO ALTO , DISTRITO DE RIO NEGRO - SATIPO - JUNIN",SANEAMIENTO,SANEAMIENTO,SANEAMIENTO RURAL,4977977,22625,0,0.0,250000.0,4556852.0,148500.0,Cartera_260824-123814.xlsx,120607,,120607,,,EXTRAIDO_DESDE_NOMBRE,ALTA,RESUELTO,120607,Coincidencia exacta y única por nombre
747.0,E,"VIVIENDA, CONSTRUCCION Y SANEAMIENTO","OPMI DEL MINISTERIO DE VIVIENDA, CONSTRUCCION Y SANEAMIENTO",2235568.0,,PROYECTO DE INVERSION,"INSTALACION DEL SERVICIO DE AGUA POTABLE Y DISPOSICION SANITARIA DE EXCRETAS EN EL CENTRO POBLADO RIO COLORADO , DISTRITO DE PICHANAQUI - CHANCHAMAYO - JUNIN",SANEAMIENTO,SANEAMIENTO,SANEAMIENTO RURAL,3112149,27226,167150,422998.0,822646.0,967939.0,985654.0,Cartera_260824-123814.xlsx,120303,,120303,,,EXTRAIDO_DESDE_NOMBRE,ALTA,RESUELTO,120303,Coincidencia exacta y única por nombre
748.0,E,"VIVIENDA, CONSTRUCCION Y SANEAMIENTO","OPMI DEL MINISTERIO DE VIVIENDA, CONSTRUCCION Y SANEAMIENTO",2412113.0,341.0,PROYECTO DE INVERSION,CREACION DEL SERVICIO DE AGUA POTABLE Y DISPOSICIÓN SANITARIA DE EXCRETAS EN LA COMUNIDAD NATIVA DE SOLTERITOS DEL DISTRITO DE NAUTA - PROVINCIA DE LORETO - DEPARTAMENTO DE LORETO,SANEAMIENTO,SANEAMIENTO,SANEAMIENTO RURAL,4813186,357548,55186,55186.0,807497.0,538331.33,0.0,Cartera_260824-123814.xlsx,160301,,160301,,,EXTRAIDO_DESDE_NOMBRE,ALTA,RESUELTO,160301,Coincidencia exacta y única por nombre
749.0,E,"VIVIENDA, CONSTRUCCION Y SANEAMIENTO","OPMI DEL MINISTERIO DE VIVIENDA, CONSTRUCCION Y SANEAMIENTO",2280629.0,,PROYECTO DE INVERSION,"MEJORAMIENTO Y AMPLIACIÓN DEL SERVICIO DE AGUA POTABLE Y DISPOSICIÓN SANITARIA DE EXCRETAS EN LA COMUNIDAD NATIVA DE SAPANI, DISTRITO DE RAYMONDI, PROVINCIA DE ATALAYA, DEPARTAMENTO DE UCAYALI",SANEAMIENTO,SANEAMIENTO,SANEAMIENTO RURAL,3784771,55810,116901,580285.0,318526.0,1363351.0,1174630.0,Cartera_260824-123814.xlsx,,,,NO,NO,FALLIDO,BAJA,REVISAR_CONFLICTO,,Distrito RAYMONDI no encontrado en GPKG | Datos PMI no cruzaron con GPKG (RAYMONDI - ATALAYA)
750.0,B3,"VIVIENDA, CONSTRUCCION Y SANEAMIENTO","OPMI DEL MINISTERIO DE VIVIENDA, CONSTRUCCION Y SANEAMIENTO",2301609.0,,PROYECTO DE INVERSION,"INSTALACIÓN DEL SERVICIO DE AGUA POTABLE Y DISPOSICIÓN SANITARIA DE EXCRETAS EN LA COMUNIDAD NATIVA DE QUEMPOREQUISHI, DISTRITO DE RAYMONDI, PROVINCIA DE ATALAYA, DEPARTAMENTO DE UCAYALI",SANEAMIENTO,SANEAMIENTO,SANEAMIENTO RURAL,3705622,76071,2701609,78000.0,436899.0,633504.0,1114094.0,Cartera_260824-123814.xlsx,,,,NO,NO,FALLIDO,BAJA,REVISAR_CONFLICTO,,Distrito RAYMONDI no encontrado en GPKG | Datos PMI no cruzaron con GPKG (RAYMONDI - ATALAYA)
751.0,E,"VIVIENDA, CONSTRUCCION Y SANEAMIENTO","OPMI DEL MINISTERIO DE VIVIENDA, CONSTRUCCION Y SANEAMIENTO",2235729.0,,PROYECTO DE INVERSION,"MEJORAMIENTO Y AMPLIACION DEL SERVICIO DE AGUA POTABLE Y DISPOSICION SANITARIA DE EXCRETAS EN EL CENTRO POBLADO BAJO VILLA VICTORIA EN EL DISTRITO DE RIO NEGRO, PROVINCIA DE SATIPO, REGION JUNIN",SANEAMIENTO,SANEAMIENTO,SANEAMIENTO RURAL,5122148,39091,0,0.0,3010246.0,1931830.0,140981.0,Cartera_260824-123814.xlsx,120607,,120607,,,EXTRAIDO_DESDE_NOMBRE,ALTA,RESUELTO,120607,Coincidencia exacta y única por nombre
752.0,E,"VIVIENDA, CONSTRUCCION Y SANEAMIENTO","OPMI DEL MINISTERIO DE VIVIENDA, CONSTRUCCION Y SANEAMIENTO",2235603.0,,PROYECTO DE INVERSION,"MEJORAMIENTO Y AMPLIACION DEL SERVICIO DE AGUA POTABLE E INSTALACION DEL SANEAMIENTO BASICO DE LA LOCALIDAD DE SAN DIEGO , DISTRITO DE FRIAS - AYABACA - PIURA",SANEAMIENTO,SANEAMIENTO,SANEAMIENTO RURAL,3360185,50887,20000,20000.0,1064523.0,1829947.0,156072.0,Cartera_260824-123814.xlsx,200202,,200202,,,EXTRAIDO_DESDE_NOMBRE,ALTA,RESUELTO,200202,Coincidencia exacta y única por nombre
753.0,E,"VIVIENDA, CONSTRUCCION Y SANEAMIENTO","OPMI DEL MINISTERIO DE VIVIENDA, CONSTRUCCION Y SANEAMIENTO",2200346.0,,PROYECTO DE INVERSION,"INSTALACION DEL SERVICIO DE AGUA POTABLE Y DISPOSICION SANITARIA DE EXCRETAS EN LA COMUNIDAD NATIVA DE TZAVENTENI, DISTRITO DE RAYMONDI, PROVINCIA DE ATALAYA - UCAYALI",SANEAMIENTO,SANEAMIENTO,SANEAMIENTO RURAL,2357668,13578,90000,90000.0,451564.0,1806256.0,0.0,Cartera_260824-123814.xlsx,,,,NO,NO,FALLIDO,BAJA,REVISAR_CONFLICTO,,Distrito RAYMONDI no encontrado en GPKG | Datos PMI no cruzaron con GPKG (RAYMONDI - ATALAYA)
754.0,E,"VIVIENDA, CONSTRUCCION Y SANEAMIENTO","OPMI DEL MINISTERIO DE VIVIENDA, CONSTRUCCION Y SANEAMIENTO",2256728.0,,PROYECTO DE INVERSION,"MEJORAMIENTO Y AMPLIACION DEL SERVICIO DE AGUA POTABLE Y SANEAMIENTO BASICO EN EL CENTRO POBLADO LA LIBERTAD, DISTRITO DE MOYOBAMBA, PROVINCIA DE MOYOBAMBA, DEPARTAMENTO DE SAN MARTIN",SANEAMIENTO,SANEAMIENTO,SANEAMIENTO RURAL,3751780,58391,20000,20000.0,323471.0,1944969.0,1176149.0,Cartera_260824-123814.xlsx,220101,,220101,,,EXTRAIDO_DESDE_NOMBRE,ALTA,RESUELTO,220101,Coincidencia exacta y única por nombre
755.0,E,"VIVIENDA, CONSTRUCCION Y SANEAMIENTO","OPMI DEL MINISTERIO DE VIVIENDA, CONSTRUCCION Y SANEAMIENTO",2202925.0,,PROYECTO DE INVERSION,"AMPLIACION Y MEJORAMIENTO DEL SERVICIO DE AGUA POTABLE E INSTALACION DEL SANEAMIENTO BASICO DE LA LOCALIDAD DE EL HUILCO , DISTRITO DE AYABACA - AYABACA - PIURA",SANEAMIENTO,SANEAMIENTO,SANEAMIENTO RURAL,5861113,45887,130627,130627.0,1501777.0,3669757.0,281478.0,Cartera_260824-123814.xlsx,200201,,200201,,,EXTRAIDO_DESDE_NOMBRE,ALTA,RESUELTO,200201,Coincidencia exacta y única por nombre
756.0,E,"VIVIENDA, CONSTRUCCION Y SANEAMIENTO","OPMI DEL MINISTERIO DE VIVIENDA, CONSTRUCCION Y SANEAMIENTO",2412109.0,93.0,PROYECTO DE INVERSION,CREACION DEL SERVICIO DE AGUA POTABLE Y DISPOSICIÓN SANITARIA DE EXCRETAS EN LA COMUNIDAD NATIVA DE NUEVO MIRAFLORES DEL DISTRITO DE NAUTA - PROVINCIA DE LORETO - DEPARTAMENTO DE LORETO,SANEAMIENTO,SANEAMIENTO,SANEAMIENTO RURAL,1675870,330891,54295,54295.0,1290684.0,0.0,0.0,Cartera_260824-123814.xlsx,160301,,160301,,,EXTRAIDO_DESDE_NOMBRE,ALTA,RESUELTO,160301,Coincidencia exacta y única por nombre
757.0,E,"VIVIENDA, CONSTRUCCION Y SANEAMIENTO","OPMI DEL MINISTERIO DE VIVIENDA, CONSTRUCCION Y SANEAMIENTO",2412104.0,115.0,PROYECTO DE INVERSION,CREACION DEL SERVICIO DE AGUA POTABLE Y DISPOSICIÓN SANITARIA DE EXCRETAS EN LA COMUNIDAD NATIVA DE ALIANZA DEL DISTRITO DE NAUTA - PROVINCIA DE LORETO - DEPARTAMENTO DE LORETO,SANEAMIENTO,SANEAMIENTO,SANEAMIENTO RURAL,4359115,337035,54167,54167.0,985623.0,1426985.0,1555305.0,Cartera_260824-123814.xlsx,160301,,160301,,,EXTRAIDO_DESDE_NOMBRE,ALTA,RESUELTO,160301,Coincidencia exacta y única por nombre
758.0,E,"VIVIENDA, CONSTRUCCION Y SANEAMIENTO","OPMI DEL MINISTERIO DE VIVIENDA, CONSTRUCCION Y SANEAMIENTO",2303342.0,,PROYECTO DE INVERSION,"AMPLIACION Y MEJORAMIENTO DEL SERVICIO DE AGUA POTABLE E INSTALACION DEL SERVICIO DE DISPOSICION SANITARIA DE EXCRETAS EN EL CENTRO POBLADO DE SAN MIGUEL DE MINIARO , DISTRITO DE PANGOA - SATIPO - JUNIN",SANEAMIENTO,SANEAMIENTO,SANEAMIENTO RURAL,4862662,18247,0,0.0,230000.0,1211104.0,3403311.0,Cartera_260824-123814.xlsx,120606,,120606,,,EXTRAIDO_DESDE_NOMBRE,ALTA,RESUELTO,120606,Coincidencia exacta y única por nombre
759.0,B2,"VIVIENDA, CONSTRUCCION Y SANEAMIENTO","OPMI DEL MINISTERIO DE VIVIENDA, CONSTRUCCION Y SANEAMIENTO",2279974.0,,PROYECTO DE INVERSION,"AMPLIACION Y MEJORAMIENTO DEL SERVICIO DE AGUA POTABLE E INSTALACION DEL SANEAMIENTO BASICO DE LA LOCALIDAD DE TAZAJERAS , DISTRITO DE PACAIPAMPA - AYABACA - PIURA",SANEAMIENTO,SANEAMIENTO,SANEAMIENTO RURAL,3577721,97336,991582,622931.0,0.0,0.0,0.0,Cartera_260824-123814.xlsx,200206,,200206,,,EXTRAIDO_DESDE_NOMBRE,ALTA,RESUELTO,200206,Coincidencia exacta y única por nombre
759.0,E,"VIVIENDA, CONSTRUCCION Y SANEAMIENTO","OPMI DEL MINISTERIO DE VIVIENDA, CONSTRUCCION Y SANEAMIENTO",2200345.0,,PROYECTO DE INVERSION,"INSTALACIÓN DEL SERVICIO DE AGUA POTABLE Y DISPOSICIÓN SANITARIA DE EXCRETAS EN LA COMUNIDAD NATIVA DE PITZA, DISTRITO DE RAYMONDI, PROVINCIA DE ATALAYA, DEPARTAMENTO DE UCAYALI",SANEAMIENTO,SANEAMIENTO,SANEAMIENTO RURAL,1643445,26304,0,0.0,310248.0,859842.0,447051.0,Cartera_260824-123814.xlsx,,,,NO,NO,FALLIDO,BAJA,REVISAR_CONFLICTO,,Distrito RAYMONDI no encontrado en GPKG | Datos PMI no cruzaron con GPKG (RAYMONDI - ATALAYA)
760.0,E,"VIVIENDA, CONSTRUCCION Y SANEAMIENTO","OPMI DEL MINISTERIO DE VIVIENDA, CONSTRUCCION Y SANEAMIENTO",2235723.0,,PROYECTO DE INVERSION,"AMPLIACION Y MEJORAMIENTO DEL SERVICIO DE AGUA POTABLE Y DISPOSICION SANITARIA DE EXCRETAS EN EL CENTRO POBLADO SANTA TERESITA , DISTRITO DE PANGOA - SATIPO - JUNIN",SANEAMIENTO,SANEAMIENTO,SANEAMIENTO RURAL,4486009,50666,20000,20000.0,482095.0,1270488.0,2411712.0,Cartera_260824-123814.xlsx,120606,,120606,,,EXTRAIDO_DESDE_NOMBRE,ALTA,RESUELTO,120606,Coincidencia exacta y única por nombre
761.0,E,"VIVIENDA, CONSTRUCCION Y SANEAMIENTO","OPMI DEL MINISTERIO DE VIVIENDA, CONSTRUCCION Y SANEAMIENTO",2255709.0,,PROYECTO DE INVERSION,"INSTALACIÓN DEL SERVICIO DE AGUA POTABLE Y DISPOSICIÓN SANITARIA DE EXCRETAS EN LA COMUNIDAD NATIVA DE MAJONTONI, DISTRITO DE RAYMONDI, PROVINCIA DE ATALAYA, DEPARTAMENTO DE UCAYALI",SANEAMIENTO,SANEAMIENTO,SANEAMIENTO RURAL,2251659,3541,0,0.0,210000.0,2023306.0,14812.0,Cartera_260824-123814.xlsx,,,,NO,NO,FALLIDO,BAJA,REVISAR_CONFLICTO,,Distrito RAYMONDI no encontrado en GPKG | Datos PMI no cruzaron con GPKG (RAYMONDI - ATALAYA)
762.0,B1,"VIVIENDA, CONSTRUCCION Y SANEAMIENTO","OPMI DEL MINISTERIO DE VIVIENDA, CONSTRUCCION Y SANEAMIENTO",2260863.0,,PROYECTO DE INVERSION,"AMPLIACION Y MEJORAMIENTO DEL SERVICIO DE AGUA POTABLE Y DISPOSICION SANITARIA DE EXCRETAS DE LA COMUNIDAD NATIVA DE VALLE SAMARIA, DISTRITO MAZAMARI, PROVINCIA SATIPO, DEPARTAMENTO DE JUNIN",SANEAMIENTO,SANEAMIENTO,SANEAMIENTO RURAL,1548962,123665,1006552,78000.0,269459.0,1077838.0,0.0,Cartera_260824-123814.xlsx,,120604,120604,SI,SI,VALIDADO_PMI_POR_CUI,ALTA,RESUELTO,,"No se detectó patrón ""DISTRITO DE"" en el nombre | Validado por PMI: MAZAMARI"
763.0,E,"VIVIENDA, CONSTRUCCION Y SANEAMIENTO","OPMI DEL MINISTERIO DE VIVIENDA, CONSTRUCCION Y SANEAMIENTO",2251333.0,,PROYECTO DE INVERSION,"AMPLIACION Y MEJORAMIENTO DEL SERVICIO DE AGUA POTABLE Y DISPOSICION SANITARIA DE EXCRETAS EN EL CENTRO POBLADO CACHINGARANI , DISTRITO DE PANGOA - SATIPO - JUNIN",SANEAMIENTO,SANEAMIENTO,SANEAMIENTO RURAL,3393746,50666,20000,20000.0,1109094.0,2044298.0,169688.0,Cartera_260824-123814.xlsx,120606,,120606,,,EXTRAIDO_DESDE_NOMBRE,ALTA,RESUELTO,120606,Coincidencia exacta y única por nombre
764.0,E,"VIVIENDA, CONSTRUCCION Y SANEAMIENTO","OPMI DEL MINISTERIO DE VIVIENDA, CONSTRUCCION Y SANEAMIENTO",2412108.0,94.0,PROYECTO DE INVERSION,CREACION DEL SERVICIO DE AGUA POTABLE Y DISPOSICIÓN SANITARIA DE EXCRETAS EN LA COMUNIDAD NATIVA DE LIBERTAD DE CHOROYACU DEL DISTRITO DE NAUTA - PROVINCIA DE LORETO - DEPARTAMENTO DE LORETO,SANEAMIENTO,SANEAMIENTO,SANEAMIENTO RURAL,1508555,144779,0,424497.0,100000.0,610532.0,228747.0,Cartera_260824-123814.xlsx,160301,,160301,,,EXTRAIDO_DESDE_NOMBRE,ALTA,RESUELTO,160301,Coincidencia exacta y única por nombre
765.0,E,"VIVIENDA, CONSTRUCCION Y SANEAMIENTO","OPMI DEL MINISTERIO DE VIVIENDA, CONSTRUCCION Y SANEAMIENTO",2266404.0,,PROYECTO DE INVERSION,"INSTALACION DEL SERVICIO DE AGUA POTABLE Y SANEAMIENTO DEL CENTRO POBLADO TOPARPA , DISTRITO DE TAMBO GRANDE - PIURA - PIURA",SANEAMIENTO,SANEAMIENTO,SANEAMIENTO RURAL,4674814,21694,0,0.0,525455.0,1503120.0,2624545.0,Cartera_260824-123814.xlsx,200114,,200114,,,EXTRAIDO_DESDE_NOMBRE,ALTA,RESUELTO,200114,Coincidencia exacta y única por nombre
766.0,E,"VIVIENDA, CONSTRUCCION Y SANEAMIENTO","OPMI DEL MINISTERIO DE VIVIENDA, CONSTRUCCION Y SANEAMIENTO",2412054.0,119.0,PROYECTO DE INVERSION,CREACION DEL SERVICIO DE AGUA POTABLE Y DISPOSICIÓN SANITARIA DE EXCRETAS EN LA COMUNIDAD NATIVA DE NUEVO LIMA DEL DISTRITO DE URARINAS - PROVINCIA DE LORETO - DEPARTAMENTO DE LORETO,SANEAMIENTO,SANEAMIENTO,SANEAMIENTO RURAL,721496,88622,49827,197827.0,100000.0,130514.0,204533.03,Cartera_260824-123814.xlsx,160305,,160305,,,EXTRAIDO_DESDE_NOMBRE,ALTA,RESUELTO,160305,Coincidencia exacta y única por nombre
767.0,A,"VIVIENDA, CONSTRUCCION Y SANEAMIENTO","OPMI DEL MINISTERIO DE VIVIENDA, CONSTRUCCION Y SANEAMIENTO",2593855.0,,PROYECTO DE INVERSION,AMPLIACION DEL SERVICIO DE ALCANTARILLADO EN EL AA.HH ALTO MARCAVALLE   DISTRITO DE SANTA ROSA DE SACCO DE LA PROVINCIA DE YAULI DEL DEPARTAMENTO DE JUNIN,SANEAMIENTO,SANEAMIENTO URBANO,SANEAMIENTO,625199,0,625200,625199.0,0.0,0.0,0.0,Cartera_260824-123814.xlsx,,120808,120808,SI,SI,VALIDADO_PMI_POR_CUI,ALTA,RESUELTO,,Distrito SANTA ROSA DE SACCO DE no encontrado en GPKG | Validado por PMI: SANTA ROSA DE SACCO
767.0,E,"VIVIENDA, CONSTRUCCION Y SANEAMIENTO","OPMI DEL MINISTERIO DE VIVIENDA, CONSTRUCCION Y SANEAMIENTO",2254855.0,,PROYECTO DE INVERSION,"INSTALACION DEL SERVICIO DE AGUA POTABLE Y SANEAMIENTO EN EL CENTRO POBLADO ALIANZA PROGRESO , DISTRITO DE RIO SANTIAGO - CONDORCANQUI - AMAZONAS",SANEAMIENTO,SANEAMIENTO,SANEAMIENTO RURAL,2995295,24812,0,0.0,397048.0,1191144.0,1382291.0,Cartera_260824-123814.xlsx,010403,,010403,,,EXTRAIDO_DESDE_NOMBRE,ALTA,RESUELTO,010403,Coincidencia exacta y única por nombre
768.0,E,"VIVIENDA, CONSTRUCCION Y SANEAMIENTO","OPMI DEL MINISTERIO DE VIVIENDA, CONSTRUCCION Y SANEAMIENTO",2286250.0,,PROYECTO DE INVERSION,"MEJORAMIENTO Y AMPLIACION DEL SISTEMA DE SANEAMIENTO BASICO Y TRATAMIENTO DE AGUAS RESIDUALES DE LA CIUDAD DE HUARI, DISTRITO DE HUARI, PROVINCIA DE HUARI - ANCASH",SANEAMIENTO,SANEAMIENTO,SANEAMIENTO URBANO,39183820,0,0,,15000000.0,24183820.0,0.0,Cartera_260824-123814.xlsx,021001,,021001,,,EXTRAIDO_DESDE_NOMBRE,ALTA,RESUELTO,021001,Coincidencia exacta y única por nombre
769.0,E,"VIVIENDA, CONSTRUCCION Y SANEAMIENTO","OPMI DEL MINISTERIO DE VIVIENDA, CONSTRUCCION Y SANEAMIENTO",2590437.0,,PROYECTO DE INVERSION,MEJORAMIENTO Y AMPLIACION DE LOS SERVICIOS DE AGUA POTABLE Y ALCANTARILLADO EN LOS DISTRITOS DE CHIMBOTE Y NUEVO CHIMBOTE DE LA  PROVINCIA DE SANTA - DEPARTAMENTO DE ANCASH,SANEAMIENTO,SANEAMIENTO,SANEAMIENTO URBANO,1164150539,11034012,0,,500000.0,1000000.0,1000000.0,Cartera_260824-123814.xlsx,,150122,,SI,NO,VALIDADO_PMI_POR_CUI,BAJA,REVISAR_CONFLICTO,,Múltiples distritos detectados en el nombre | Distrito PMI (MIRAFLORES) no encontrado en nombre de inversión
773.0,F,"VIVIENDA, CONSTRUCCION Y SANEAMIENTO","OPMI DEL MINISTERIO DE VIVIENDA, CONSTRUCCION Y SANEAMIENTO",2700390.0,,PROYECTO DE INVERSION,"MEJORAMIENTO Y AMPLIACION DE LA RED DE SERVICIO(S)  DE AGUA POTABLE RURAL Y  DE ALCANTARILLADO U OTRAS FORMAS DE DISPOSICIÓN SANITARIA DE EXCRETAS EN 4 SISTEMAS DE AGUA POTABLE Y/O  SISTEMA DE ALCANTARILLADO U OTRAS FORMAS DE DISPOSICIÓN SANITARIA   DE CENTRO POBLADO EL TINGO SECTOR 3, EL TINGO HUECO GRANDE, EL TINGO, LAS AGUILAS DISTRITO  HUALGAYOC PROVINCIA DE HUALGAYOC DEPARTAMENTO DE CAJAMARCA",SANEAMIENTO,SANEAMIENTO,SANEAMIENTO RURAL,16323144,0,0,,0.0,0.0,7384318.0,Cartera_260824-123814.xlsx,,150122,,SI,NO,VALIDADO_PMI_POR_CUI,BAJA,REVISAR_CONFLICTO,,"No se detectó patrón ""DISTRITO DE"" en el nombre | Distrito PMI (MIRAFLORES) no encontrado en nombre de inversión"
774.0,F,"VIVIENDA, CONSTRUCCION Y SANEAMIENTO","OPMI DEL MINISTERIO DE VIVIENDA, CONSTRUCCION Y SANEAMIENTO",2671439.0,,PROYECTO DE INVERSION,MEJORAMIENTO Y AMPLIACION DEL SERVICIO DE AGUA POTABLE RURAL Y MEJORAMIENTO Y AMPLIACION DEL SERVICIO DE ALCANTARILLADO U OTRAS FORMAS DE DISPOSICIÓN SANITARIA DE EXCRETAS EN EL CENTRO POBLADO CONCHACOLLO   DISTRITO DE CHAMACA DE LA PROVINCIA DE CHUMBIVILCAS DEL DEPARTAMENTO DE CUSCO,SANEAMIENTO,SANEAMIENTO,SANEAMIENTO RURAL,6997654,0,0,,0.0,6117396.0,880258.0,Cartera_260824-123814.xlsx,,080703,080703,SI,SI,VALIDADO_PMI_POR_CUI,ALTA,RESUELTO,,Distrito CHAMACA DE no encontrado en GPKG | Validado por PMI: CHAMACA
775.0,F,"VIVIENDA, CONSTRUCCION Y SANEAMIENTO","OPMI DEL MINISTERIO DE VIVIENDA, CONSTRUCCION Y SANEAMIENTO",2663252.0,,PROYECTO DE INVERSION,MEJORAMIENTO DEL SERVICIO DE AGUA POTABLE RURAL Y CREACION DEL SERVICIO DE ALCANTARILLADO U OTRAS FORMAS DE DISPOSICIÓN SANITARIA DE EXCRETAS EN CASERIO PILANCONES   DISTRITO DE HUALGAYOC DE LA PROVINCIA DE HUALGAYOC DEL DEPARTAMENTO DE CAJAMARCA,SANEAMIENTO,SANEAMIENTO,SANEAMIENTO RURAL,4930851,0,0,,0.0,0.0,3654879.0,Cartera_260824-123814.xlsx,,150122,,SI,NO,VALIDADO_PMI_POR_CUI,BAJA,REVISAR_CONFLICTO,,Distrito HUALGAYOC DE no encontrado en GPKG | Distrito PMI (MIRAFLORES) no encontrado en nombre de inversión
776.0,F,"VIVIENDA, CONSTRUCCION Y SANEAMIENTO","OPMI DEL MINISTERIO DE VIVIENDA, CONSTRUCCION Y SANEAMIENTO",2706743.0,,PROYECTO DE INVERSION,"MEJORAMIENTO Y AMPLIACION DEL SERVICIO DE TRATAMIENTO DE AGUAS RESIDUALES PARA DISPOSICIÓN FINAL Y MEJORAMIENTO DEL SERVICIO DE ALCANTARILLADO EN SERVICIO DE TRATAMIENTO DE AGUAS RESIDUALES PARA DISPOSICION FINAL , SERVICIO DE ALCANTARILLADO   DISTRITOS DE JULIACA, SAN MIGUEL DE LA PROVINCIA DE SAN ROMAN DEL DEPARTAMENTO DE PUNO",SANEAMIENTO,SANEAMIENTO,SANEAMIENTO URBANO,897855044,0,0,,16000000.0,50000000.0,100000000.0,Cartera_260824-123814.xlsx,,150122,,SI,NO,VALIDADO_PMI_POR_CUI,BAJA,REVISAR_CONFLICTO,,Múltiples distritos detectados en el nombre | Distrito PMI (MIRAFLORES) no encontrado en nombre de inversión
777.0,A,"VIVIENDA, CONSTRUCCION Y SANEAMIENTO","OPMI DEL MINISTERIO DE VIVIENDA, CONSTRUCCION Y SANEAMIENTO",2286606.0,,PROYECTO DE INVERSION,"INSTALACION DEL SISTEMA DE AGUA POTABLE Y SANEAMIENTO BASICO EN LA LOCALIDAD SOLEDAD - SACHAVACA, DISTRITO DE MONZON - HUAMALIES - HUANUCO",SANEAMIENTO,SANEAMIENTO,SANEAMIENTO RURAL,2444470,2346138,0,10000.0,98331.39,0.0,0.0,Cartera_260824-123814.xlsx,100507,,100507,,,EXTRAIDO_DESDE_NOMBRE,ALTA,RESUELTO,100507,Coincidencia exacta y única por nombre
778.0,A,"VIVIENDA, CONSTRUCCION Y SANEAMIENTO","OPMI DEL MINISTERIO DE VIVIENDA, CONSTRUCCION Y SANEAMIENTO",2311139.0,,PROYECTO DE INVERSION,"MEJORAMIENTO Y AMPLIACION DEL SERVICIO DE AGUA POTABLE Y SANEAMIENTO EN EL CENTRO POBLADO PERLA DE DAGUAS, DISTRITO DE NUEVA CAJAMARCA, PROVINCIA DE RIOJA, DEPARTAMENTO DE SAN MARTIN",SANEAMIENTO,SANEAMIENTO,SANEAMIENTO RURAL,3852764,3765586,58212,58212.0,28966.0,0.0,0.0,Cartera_260824-123814.xlsx,220804,,220804,,,EXTRAIDO_DESDE_NOMBRE,ALTA,RESUELTO,220804,Coincidencia exacta y única por nombre
779.0,F,"VIVIENDA, CONSTRUCCION Y SANEAMIENTO","OPMI DEL MINISTERIO DE VIVIENDA, CONSTRUCCION Y SANEAMIENTO",2656700.0,,PROYECTO DE INVERSION,MEJORAMIENTO DEL SERVICIO DE AGUA POTABLE URBANO EN LA ZONA NORTE DE LA CIUDAD DE CAJAMARCA   DISTRITO DE CAJAMARCA DE LA PROVINCIA DE CAJAMARCA DEL DEPARTAMENTO DE CAJAMARCA,SANEAMIENTO,SANEAMIENTO URBANO,SANEAMIENTO,11944384,0,82457,988049.0,8699460.95,3080008.66,0.0,Cartera_260824-123814.xlsx,,060101,060101,SI,SI,VALIDADO_PMI_POR_CUI,ALTA,RESUELTO,,Distrito CAJAMARCA DE no encontrado en GPKG | Validado por PMI: CAJAMARCA
780.0,F,"VIVIENDA, CONSTRUCCION Y SANEAMIENTO","OPMI DEL MINISTERIO DE VIVIENDA, CONSTRUCCION Y SANEAMIENTO",2656903.0,,PROYECTO DE INVERSION,MEJORAMIENTO DEL SERVICIO DE AGUA POTABLE URBANO EN LA ZONA ESTE DE LA CIUDAD DE CAJAMARCA   DISTRITO DE CAJAMARCA DE LA PROVINCIA DE CAJAMARCA DEL DEPARTAMENTO DE CAJAMARCA,SANEAMIENTO,SANEAMIENTO URBANO,SANEAMIENTO,16403503,0,0,1384451.0,8917074.56,4717526.63,0.0,Cartera_260824-123814.xlsx,,060101,060101,SI,SI,VALIDADO_PMI_POR_CUI,ALTA,RESUELTO,,Distrito CAJAMARCA DE no encontrado en GPKG | Validado por PMI: CAJAMARCA
781.0,D,"VIVIENDA, CONSTRUCCION Y SANEAMIENTO","OPMI DEL MINISTERIO DE VIVIENDA, CONSTRUCCION Y SANEAMIENTO",2702568.0,,INVERSIONES IOARR,"CONSTRUCCION DE LINEA DE CONDUCCION; EN EL(LA) R-1 CATA CATAS A CÁMARA DE REPARTO COSTA AZUL Y EMPALME EN PP.JJ. 18 DE MAYO  DISTRITO DE ILO, PROVINCIA ILO, DEPARTAMENTO MOQUEGUA",SANEAMIENTO,SANEAMIENTO URBANO,SANEAMIENTO,15537364,0,0,15537364.0,690031.0,0.0,0.0,Cartera_260824-123814.xlsx,180301,,180301,,,EXTRAIDO_DESDE_NOMBRE,ALTA,RESUELTO,180301,Coincidencia exacta y única por nombre
782.0,C,"VIVIENDA, CONSTRUCCION Y SANEAMIENTO","OPMI DEL MINISTERIO DE VIVIENDA, CONSTRUCCION Y SANEAMIENTO",2086631.0,,PROYECTO DE INVERSION,MEDIDAS DE RAPIDO IMPACTO DE EMAPA HUACHO CIUDAD DE HUACHO,SANEAMIENTO,SANEAMIENTO,SANEAMIENTO URBANO,73402251,16206233,983161,0.0,0.0,0.0,7282014.24,Cartera_260824-123814.xlsx,,,,NO,NO,FALLIDO,BAJA,REVISAR_CONFLICTO,,"No se detectó patrón ""DISTRITO DE"" en el nombre | Datos PMI no cruzaron con GPKG (- TODOS - - HUAURA)"
783.0,E,"VIVIENDA, CONSTRUCCION Y SANEAMIENTO","OPMI DEL MINISTERIO DE VIVIENDA, CONSTRUCCION Y SANEAMIENTO",2201831.0,,PROYECTO DE INVERSION,"AMPLIACION Y MEJORAMIENTO DEL SERVICIO DE AGUA POTABLE E INSTALACION DEL SISTEMA DE SANEAMIENTO BASICO DE LA LOCALIDAD DE AYANCOCHA ALTA , DISTRITO DE SAN RAFAEL - AMBO - HUANUCO",SANEAMIENTO,SANEAMIENTO,SANEAMIENTO RURAL,4388351,78232,393946,393946.0,2299819.0,1616354.0,0.0,Cartera_260824-123814.xlsx,,100207,100207,SI,SI,VALIDADO_PMI_POR_CUI,ALTA,RESUELTO,"220206, 100207",Distrito SAN RAFAEL es ambiguo y no se extrajo provincia | Validado por PMI: SAN RAFAEL
784.0,E,"VIVIENDA, CONSTRUCCION Y SANEAMIENTO","OPMI DEL MINISTERIO DE VIVIENDA, CONSTRUCCION Y SANEAMIENTO",2273336.0,,PROYECTO DE INVERSION,"MEJORAMIENTO Y AMPLIACION DEL SERVICIO DE AGUA POTABLE Y SANEAMIENTO BASICO DEL CENTRO POBLADO PACCHA , DISTRITO DE VINCHOS - HUAMANGA - AYACUCHO",SANEAMIENTO,SANEAMIENTO,SANEAMIENTO RURAL,5743609,54689,443046,443046.0,1330433.0,3915441.0,0.0,Cartera_260824-123814.xlsx,050114,,050114,,,EXTRAIDO_DESDE_NOMBRE,ALTA,RESUELTO,050114,Coincidencia exacta y única por nombre
785.0,A,"VIVIENDA, CONSTRUCCION Y SANEAMIENTO","OPMI DEL MINISTERIO DE VIVIENDA, CONSTRUCCION Y SANEAMIENTO",2454786.0,,PROYECTO DE INVERSION,"MEJORAMIENTO Y AMPLIACION DE LOS SERVICIOS DE AGUA POTABLE Y ALCANTARILLADO E INSTALACIÓN DE LA PLANTA DE TRATAMIENTO DE AGUA PARA LAS ASOCIACIONES CERRO BAUL, ALTO YACANGO, CERRO MEJIA, VILLA YACANGO Y ALTO MARAVILLAS DEL CENTRO POBLADO DE YACANGO DEL DISTRITO DE TORATA - PROVINCIA DE MARISCAL NIETO - DEPARTAMENTO DE MOQUEGUA",SANEAMIENTO,SANEAMIENTO,SANEAMIENTO RURAL,3482906,1918834,0,0.0,5000.0,5000.0,0.0,Cartera_260824-123814.xlsx,180106,,180106,,,EXTRAIDO_DESDE_NOMBRE,ALTA,RESUELTO,180106,Coincidencia exacta y única por nombre
787.0,A,"VIVIENDA, CONSTRUCCION Y SANEAMIENTO","OPMI DEL MINISTERIO DE VIVIENDA, CONSTRUCCION Y SANEAMIENTO",2526696.0,,INVERSIONES IOARR,"ADQUISICION DE TUBERIA; EN EL(LA) JR 20 DE ABRIL CUADRA 7, 8 Y 9 Y JR JUNIN CUADRA 7 Y 8 EN LA LOCALIDAD MOYOBAMBA, DISTRITO DE MOYOBAMBA, PROVINCIA MOYOBAMBA, DEPARTAMENTO SAN MARTIN",SANEAMIENTO,SANEAMIENTO URBANO,SANEAMIENTO,376369,0,0,376369.0,0.0,0.0,0.0,Cartera_260824-123814.xlsx,220101,,220101,,,EXTRAIDO_DESDE_NOMBRE,ALTA,RESUELTO,220101,Coincidencia exacta y única por nombre
790.0,E,"VIVIENDA, CONSTRUCCION Y SANEAMIENTO","OPMI DEL MINISTERIO DE VIVIENDA, CONSTRUCCION Y SANEAMIENTO",2202923.0,,PROYECTO DE INVERSION,"AMPLIACION Y MEJORAMIENTO DEL SERVICIO DE AGUA POTABLE Y SANEAMIENTO EN EL CENTRO POBLADO KUSU CHICO , DISTRITO DE EL CENEPA - CONDORCANQUI - AMAZONAS",SANEAMIENTO,SANEAMIENTO,SANEAMIENTO RURAL,5522099,134427,20000,20000.0,322185.0,5045487.0,0.0,Cartera_260824-123814.xlsx,010402,,010402,,,EXTRAIDO_DESDE_NOMBRE,ALTA,RESUELTO,010402,Coincidencia exacta y única por nombre
895.0,E,"VIVIENDA, CONSTRUCCION Y SANEAMIENTO","OPMI DEL MINISTERIO DE VIVIENDA, CONSTRUCCION Y SANEAMIENTO",2264128.0,,PROYECTO DE INVERSION,"AMPLIACION Y MEJORAMIENTO DEL SISTEMA DE AGUA POTABLE E INSTALACION DEL SERVICIO DE SANEAMIENTO BASICO DE LA LOCALIDAD DE EL PORVENIR, DISTRITO DE HUACRACHUCO , PROVINCIA DE MARANON - HUANUCO",SANEAMIENTO,SANEAMIENTO,SANEAMIENTO RURAL,3352036,5990,81190,81190.0,250000.0,946808.0,1068048.0,Cartera_260824-123814.xlsx,100701,,100701,,,EXTRAIDO_DESDE_NOMBRE,ALTA,RESUELTO,100701,Coincidencia exacta y única por nombre
898.0,E,"VIVIENDA, CONSTRUCCION Y SANEAMIENTO","OPMI DEL MINISTERIO DE VIVIENDA, CONSTRUCCION Y SANEAMIENTO",2251228.0,,PROYECTO DE INVERSION,"MEJORAMIENTO Y AMPLIACIÓN DEL SERVICIO DE AGUA POTABLE E INSTALACIÓN DE ALCANTARILLADO DEL CENTRO POBLADO DE MAYAS (EL ALTO), DISTRITO DE CONCHUCOS, PROVINCIA DE PALLASCA, DEPARTAMENTO DE ANCASH",SANEAMIENTO,SANEAMIENTO,SANEAMIENTO RURAL,10521453,112376,180358,180358.0,5969694.0,4259026.0,0.0,Cartera_260824-123814.xlsx,021503,,021503,,,EXTRAIDO_DESDE_NOMBRE,ALTA,RESUELTO,021503,Coincidencia exacta y única por nombre
908.0,E,"VIVIENDA, CONSTRUCCION Y SANEAMIENTO","OPMI DEL MINISTERIO DE VIVIENDA, CONSTRUCCION Y SANEAMIENTO",2256070.0,,PROYECTO DE INVERSION,"AMPLIACION Y MEJORAMIENTO DEL SERVICIO DE AGUA POTABLE Y SANEAMIENTO DEL CENTRO POBLADO DE VAQUERIA, DISTRITO DE HUAMACHUCO , PROVINCIA DE SANCHEZ CARRION - LA LIBERTAD",SANEAMIENTO,SANEAMIENTO,SANEAMIENTO RURAL,8593362,57635,20000,20000.0,1266741.0,7248985.0,0.0,Cartera_260824-123814.xlsx,130901,,130901,,,EXTRAIDO_DESDE_NOMBRE,ALTA,RESUELTO,130901,Coincidencia exacta y única por nombre
952.0,E,"VIVIENDA, CONSTRUCCION Y SANEAMIENTO","OPMI DEL MINISTERIO DE VIVIENDA, CONSTRUCCION Y SANEAMIENTO",2235533.0,,PROYECTO DE INVERSION,"INSTALACION DEL SERVICIO DE AGUA POTABLE Y SANEAMIENTO BASICO EN LA LOCALIDAD DE ALTO CHILAC N 08 , DISTRITO DE HUASMIN - CELENDIN - CAJAMARCA",SANEAMIENTO,SANEAMIENTO,SANEAMIENTO RURAL,3637301,138587,26509,26509.0,955578.0,2516628.0,0.0,Cartera_260824-123814.xlsx,060304,,060304,,,EXTRAIDO_DESDE_NOMBRE,ALTA,RESUELTO,060304,Coincidencia exacta y única por nombre
957.0,E,"VIVIENDA, CONSTRUCCION Y SANEAMIENTO","OPMI DEL MINISTERIO DE VIVIENDA, CONSTRUCCION Y SANEAMIENTO",2235604.0,,PROYECTO DE INVERSION,"AMPLIACION Y MEJORAMIENTO DEL SERVICIO DE AGUA POTABLE E INSTALACION DEL SANEAMIENTO BASICO DE LA LOCALIDAD DE PEDREGAL DE MATALACAS, DISTRITO DE PACAIPAMPA - AYABACA - PIURA",SANEAMIENTO,SANEAMIENTO,SANEAMIENTO RURAL,4694591,52237,454977,454977.0,1678405.0,2508972.0,0.0,Cartera_260824-123814.xlsx,200206,,200206,,,EXTRAIDO_DESDE_NOMBRE,ALTA,RESUELTO,200206,Coincidencia exacta y única por nombre
979.0,E,"VIVIENDA, CONSTRUCCION Y SANEAMIENTO","OPMI DEL MINISTERIO DE VIVIENDA, CONSTRUCCION Y SANEAMIENTO",2276144.0,,PROYECTO DE INVERSION,"MEJORAMIENTO Y AMPLIACION DEL SERVICIO DE AGUA POTABLE E INSTALACION DEL SERVICIO DE ALCANTARILLADO EN EL CENTRO POBLADO VALPARAISO , DISTRITO DE BAJO BIAVO - BELLAVISTA - SAN MARTIN",SANEAMIENTO,SANEAMIENTO,SANEAMIENTO RURAL,5367421,70063,20000,20000.0,1638037.0,3639321.0,0.0,Cartera_260824-123814.xlsx,220203,,220203,,,EXTRAIDO_DESDE_NOMBRE,ALTA,RESUELTO,220203,Coincidencia exacta y única por nombre
986.0,Y,"VIVIENDA, CONSTRUCCION Y SANEAMIENTO","OPMI DEL MINISTERIO DE VIVIENDA, CONSTRUCCION Y SANEAMIENTO",2196728.0,,PROYECTO DE INVERSION,"MEJORAMIENTO Y AMPLIACION DEL SERVICIO DE AGUA POTABLE Y SANEAMIENTO BASICO EN LA LOCALIDAD DE MACUACO , DISTRITO DE OYOTUN - CHICLAYO - LAMBAYEQUE",SANEAMIENTO,SANEAMIENTO,SANEAMIENTO RURAL,9203773,40271,20000,20000.0,0.0,0.0,0.0,Cartera_260824-123814.xlsx,140110,,140110,,,EXTRAIDO_DESDE_NOMBRE,ALTA,RESUELTO,140110,Coincidencia exacta y única por nombre
995.0,E,"VIVIENDA, CONSTRUCCION Y SANEAMIENTO","OPMI DEL MINISTERIO DE VIVIENDA, CONSTRUCCION Y SANEAMIENTO",2305789.0,,PROYECTO DE INVERSION,"MEJORAMIENTO Y AMPLIACION DE LOS SERVICIOS DE AGUA POTABLE Y DISPOSICION SANITARIA DE EXCRETAS DE LA LOCALIDAD DE CHALLHUANI ALTO , DISTRITO DE ANCO_HUALLO - CHINCHEROS - APURIMAC",SANEAMIENTO,SANEAMIENTO,SANEAMIENTO RURAL,5331700,86925,360713,360713.0,4792002.0,92060.0,0.0,Cartera_260824-123814.xlsx,,030602,030602,SI,SI,VALIDADO_PMI_POR_CUI,ALTA,RESUELTO,,"No se detectó patrón ""DISTRITO DE"" en el nombre | Validado por PMI: ANCO_HUALLO"
1007.0,E,"VIVIENDA, CONSTRUCCION Y SANEAMIENTO","OPMI DEL MINISTERIO DE VIVIENDA, CONSTRUCCION Y SANEAMIENTO",2259053.0,,PROYECTO DE INVERSION,"AMPLIACION Y MEJORAMIENTO DEL SERVICIO DE AGUA POTABLE E INSTALACION DEL SANEAMIENTO EN LA LOCALIDAD DE EL PALMO ALTO, DISTRITO DE QUEROCOTILLO - CUTERVO - CAJAMARCA",SANEAMIENTO,SANEAMIENTO,SANEAMIENTO RURAL,3414288,43451,20000,20000.0,1119257.0,2231580.0,0.0,Cartera_260824-123814.xlsx,060607,,060607,,,EXTRAIDO_DESDE_NOMBRE,ALTA,RESUELTO,060607,Coincidencia exacta y única por nombre
1013.0,E,"VIVIENDA, CONSTRUCCION Y SANEAMIENTO","OPMI DEL MINISTERIO DE VIVIENDA, CONSTRUCCION Y SANEAMIENTO",2257228.0,,PROYECTO DE INVERSION,"AMPLIACION Y MEJORAMIENTO DEL SERVICIO DE AGUA POTABLE E INSTALACION DE SANEAMIENTO DEL CENTRO POBLADO CASGABAMBA , DISTRITO DE SARIN - SANCHEZ CARRION - LA LIBERTAD",SANEAMIENTO,SANEAMIENTO,SANEAMIENTO RURAL,4531561,47080,384450,384450.0,1175533.0,2924498.0,0.0,Cartera_260824-123814.xlsx,130907,,130907,,,EXTRAIDO_DESDE_NOMBRE,ALTA,RESUELTO,130907,Coincidencia exacta y única por nombre
1032.0,E,"VIVIENDA, CONSTRUCCION Y SANEAMIENTO","OPMI DEL MINISTERIO DE VIVIENDA, CONSTRUCCION Y SANEAMIENTO",2375732.0,,PROYECTO DE INVERSION,"AMPLIACION Y MEJORAMIENTO DE LOS SERVICIOS DE AGUA POTABLE Y ALCANTARILLADO SANITARIO DE LA CIUDAD DE MAZUKO, DISTRITO DE INAMBARI - PROVINCIA DE TAMBOPATA - DEPARTAMENTO MADRE DE DIOS",SANEAMIENTO,SANEAMIENTO,SANEAMIENTO URBANO,35966014,489912,0,429397.0,0.0,0.0,0.0,Cartera_260824-123814.xlsx,170102,,170102,,,EXTRAIDO_DESDE_NOMBRE,ALTA,RESUELTO,170102,Coincidencia exacta y única por nombre
1046.0,E,"VIVIENDA, CONSTRUCCION Y SANEAMIENTO","OPMI DEL MINISTERIO DE VIVIENDA, CONSTRUCCION Y SANEAMIENTO",2202908.0,,PROYECTO DE INVERSION,"MEJORAMIENTO Y AMPLIACIÓN DEL SERVICIO DE AGUA POTABLE Y DISPOSICIÓN SANITARIA DE EXCRETAS EN LA COMUNIDAD NATIVA DE OVIRI, DISTRITO DE RÍO TAMBO, PROVINCIA DE SATIPO, DEPARTAMENTO DE JUNÍN",SANEAMIENTO,SANEAMIENTO,SANEAMIENTO RURAL,5750067,53834,20000,20000.0,2618751.0,3057482.0,0.0,Cartera_260824-123814.xlsx,120608,,120608,,,EXTRAIDO_DESDE_NOMBRE,ALTA,RESUELTO,120608,Coincidencia exacta y única por nombre
1070.0,E,"VIVIENDA, CONSTRUCCION Y SANEAMIENTO","OPMI DEL MINISTERIO DE VIVIENDA, CONSTRUCCION Y SANEAMIENTO",2329710.0,,PROYECTO DE INVERSION,"MEJORAMIENTO Y AMPLIACION DE LOS SERVICIOS DE AGUA POTABLE Y DISPOSICION SANITARIA DE EXCRETAS DE LA LOCALIDAD DE BOMBOM , DISTRITO DE CHALLABAMBA - PAUCARTAMBO - CUSCO",SANEAMIENTO,SANEAMIENTO,SANEAMIENTO RURAL,3109851,121585,362783,362783.0,2625483.0,0.0,0.0,Cartera_260824-123814.xlsx,081103,,081103,,,EXTRAIDO_DESDE_NOMBRE,ALTA,RESUELTO,081103,Coincidencia exacta y única por nombre
1081.0,E,"VIVIENDA, CONSTRUCCION Y SANEAMIENTO","OPMI DEL MINISTERIO DE VIVIENDA, CONSTRUCCION Y SANEAMIENTO",2265601.0,,PROYECTO DE INVERSION,"MEJORAMIENTO Y AMPLIACION DEL SERVICIO DE AGUA POTABLE Y SANEAMIENTO BASICO DE LA CC.NN DE SEMPAYA , DISTRITO DE TAHUANIA - ATALAYA - UCAYALI",SANEAMIENTO,SANEAMIENTO,SANEAMIENTO RURAL,4939151,69391,20000,20000.0,1568068.0,3281692.0,0.0,Cartera_260824-123814.xlsx,250203,,250203,,,EXTRAIDO_DESDE_NOMBRE,ALTA,RESUELTO,250203,Coincidencia exacta y única por nombre
1084.0,E,"VIVIENDA, CONSTRUCCION Y SANEAMIENTO","OPMI DEL MINISTERIO DE VIVIENDA, CONSTRUCCION Y SANEAMIENTO",2245653.0,,PROYECTO DE INVERSION,"MEJORAMIENTO Y AMPLIACION DEL SERVICIO DE AGUA POTABLE Y SANEAMIENTO BASICO DE LA CC.NN DE TUPAC AMARU , DISTRITO DE TAHUANIA - ATALAYA - UCAYALI",SANEAMIENTO,SANEAMIENTO,SANEAMIENTO RURAL,4158452,74232,20000,20000.0,1340917.0,2723304.0,0.0,Cartera_260824-123814.xlsx,250203,,250203,,,EXTRAIDO_DESDE_NOMBRE,ALTA,RESUELTO,250203,Coincidencia exacta y única por nombre
1089.0,E,"VIVIENDA, CONSTRUCCION Y SANEAMIENTO","OPMI DEL MINISTERIO DE VIVIENDA, CONSTRUCCION Y SANEAMIENTO",2254117.0,,PROYECTO DE INVERSION,"AMPLIACION Y MEJORAMIENTO DE LOS SERVICIOS DE AGUA POTABLE Y SANEAMIENTO BÁSICO DEL CENTRO POBLADO  DE YANATILE, DISTRITO SANTA TERESA, PROVINCIA DE LA CONVENCIÓN, DEPARTAMENTO CUSCO",SANEAMIENTO,SANEAMIENTO,SANEAMIENTO RURAL,3531000,169189,195890,195890.0,3056920.0,109001.0,0.0,Cartera_260824-123814.xlsx,,080908,080908,SI,SI,VALIDADO_PMI_POR_CUI,ALTA,RESUELTO,,"No se detectó patrón ""DISTRITO DE"" en el nombre | Validado por PMI: SANTA TERESA"
1196.0,E,"VIVIENDA, CONSTRUCCION Y SANEAMIENTO","OPMI DEL MINISTERIO DE VIVIENDA, CONSTRUCCION Y SANEAMIENTO",2268511.0,,PROYECTO DE INVERSION,"MEJORAMIENTO Y AMPLIACION DEL SERVICIO DE AGUA POTABLE Y SANEAMIENTO BASICO EN EL CASERIO HONOLULU , DISTRITO DE MARIANO DAMASO BERAUN - LEONCIO PRADO - HUANUCO",SANEAMIENTO,SANEAMIENTO,SANEAMIENTO RURAL,3164039,26492,0,90000.0,0.0,0.0,0.0,Cartera_260824-123814.xlsx,100606,,100606,,,EXTRAIDO_DESDE_NOMBRE,ALTA,RESUELTO,100606,Coincidencia exacta y única por nombre
,A,"VIVIENDA, CONSTRUCCION Y SANEAMIENTO","OPMI DEL MINISTERIO DE VIVIENDA, CONSTRUCCION Y SANEAMIENTO",2269265.0,,PROYECTO DE INVERSION,"INSTALACION DEL SERVICIO DE AGUA POTABLE Y SANEAMIENTO EN EL CENTRO POBLADO DE EL GUINEAL, DISTRITO DE JEPELACIO, PROVINCIA DE MOYOBAMBA, DEPARTAMENTO DE SAN MARTIN",SANEAMIENTO,SANEAMIENTO RURAL,SANEAMIENTO,3182114,1311676,24000,72000.0,0.0,1798439.0,0.0,Cartera_260824-123814.xlsx,220104,,220104,,,EXTRAIDO_DESDE_NOMBRE,ALTA,RESUELTO,220104,Coincidencia exacta y única por nombre
,A,"VIVIENDA, CONSTRUCCION Y SANEAMIENTO","OPMI DEL MINISTERIO DE VIVIENDA, CONSTRUCCION Y SANEAMIENTO",2546995.0,,PROYECTO DE INVERSION,MEJORAMIENTO Y AMPLIACION DE REDES DE AGUA POTABLE Y ALCANTARILLADO EN EL CERCADO DE LA CIUDAD DE ICA (CUADRANTE: AV. CUTERVO - AV. J.J.  ELIAS - AV. ARENALES - AV. F. L. ARRECHUA - RIO ICA)  DISTRITO DE ICA - PROVINCIA DE ICA - DEPARTAMENTO DE ICA,SANEAMIENTO,SANEAMIENTO URBANO,SANEAMIENTO,2316602,2150903,165699,165699.0,0.0,0.0,0.0,Cartera_260824-123814.xlsx,110101,,110101,,,EXTRAIDO_DESDE_NOMBRE,ALTA,RESUELTO,110101,Coincidencia exacta y única por nombre
,Z,"VIVIENDA, CONSTRUCCION Y SANEAMIENTO","OPMI DEL MINISTERIO DE VIVIENDA, CONSTRUCCION Y SANEAMIENTO",2620553.0,,INVERSIONES IOARR,"RENOVACION DE RED DE ALCANTARILLADO Y BUZON; EN EL(LA) SISTEMA DE ALCANTARILLADO EN LA AV. RAMIRO PRIALE ENTRE JR. SANTA ROSA DE LIMA Y AV. LAS BEGONIAS  DISTRITO DE PAITA, PROVINCIA PAITA, DEPARTAMENTO PIURA",SANEAMIENTO,SANEAMIENTO URBANO,SANEAMIENTO,3664295,3009366,26289,654929.0,0.0,0.0,0.0,Cartera_260824-123814.xlsx,200501,,200501,,,EXTRAIDO_DESDE_NOMBRE,ALTA,RESUELTO,200501,Coincidencia exacta y única por nombre
,E,"VIVIENDA, CONSTRUCCION Y SANEAMIENTO","OPMI DEL MINISTERIO DE VIVIENDA, CONSTRUCCION Y SANEAMIENTO",2257003.0,,PROYECTO DE INVERSION,"AMPLIACION Y MEJORAMIENTO DEL SERVICIO DE AGUA POTABLE E INSTALACION DEL SANEAMIENTO DEL CENTRO POBLADO DURAN , DISTRITO DE LANCONES - SULLANA - PIURA",SANEAMIENTO,SANEAMIENTO RURAL,SANEAMIENTO,5693605,164099,258781,258781.0,2710269.0,1560085.0,1000371.0,Cartera_260824-123814.xlsx,200604,,200604,,,EXTRAIDO_DESDE_NOMBRE,ALTA,RESUELTO,200604,Coincidencia exacta y única por nombre
,A,"VIVIENDA, CONSTRUCCION Y SANEAMIENTO","OPMI DEL MINISTERIO DE VIVIENDA, CONSTRUCCION Y SANEAMIENTO",2651576.0,,INVERSIONES IOARR,"CONSTRUCCION DE ESTACION DE BOMBEO DE AGUA Y RESERVORIO; EN EL(LA) SISTEMA DE AGUA POTABLE DE LA LOCALIDAD DE LOS ÓRGANOS Y MÁNCORA  DISTRITO DE MANCORA, PROVINCIA TALARA, DEPARTAMENTO PIURA",SANEAMIENTO,SANEAMIENTO URBANO,SANEAMIENTO,16391119,5438220,12747961,10952899.0,0.0,0.0,0.0,Cartera_260824-123814.xlsx,200706,,200706,,,EXTRAIDO_DESDE_NOMBRE,ALTA,RESUELTO,200706,Coincidencia exacta y única por nombre
,D,"VIVIENDA, CONSTRUCCION Y SANEAMIENTO","OPMI DEL MINISTERIO DE VIVIENDA, CONSTRUCCION Y SANEAMIENTO",2656637.0,,INVERSIONES IOARR,"ADQUISICION DE EQUIPO DE BOMBEO; EN EL(LA) SISTEMA DE ALCANTARILLADO DE LA EBAR EL CORTIJO AH. MIGUEL CORTES DISTRITO DE CASTILLA, PROVINCIA PIURA, DEPARTAMENTO PIURA",SANEAMIENTO,SANEAMIENTO URBANO,SANEAMIENTO,4130000,0,4130000,4130000.0,0.0,0.0,0.0,Cartera_260824-123814.xlsx,200104,,200104,,,EXTRAIDO_DESDE_NOMBRE,ALTA,RESUELTO,200104,Coincidencia exacta y única por nombre
,B0,"VIVIENDA, CONSTRUCCION Y SANEAMIENTO","OPMI DEL MINISTERIO DE VIVIENDA, CONSTRUCCION Y SANEAMIENTO",2707542.0,,PROYECTO DE INVERSION,MEJORAMIENTO DEL SERVICIO DE AGUA POTABLE URBANO EN RESERVORIO ATARJEA DEL SISTEMA DE ABASTECIMIENTO DE AGUA POTABLE DEL SECTOR ATARJEA  DE CENTRO POBLADO BARRANCA DISTRITO DE BARRANCA DE LA PROVINCIA DE BARRANCA DEL DEPARTAMENTO DE LIMA,SANEAMIENTO,SANEAMIENTO URBANO,SANEAMIENTO,3477220,0,3477221,3477220.0,0.0,0.0,0.0,Cartera_260824-123814.xlsx,,150201,150201,SI,SI,VALIDADO_PMI_POR_CUI,ALTA,RESUELTO,,Distrito BARRANCA DE no encontrado en GPKG | Validado por PMI: BARRANCA
,B0,"VIVIENDA, CONSTRUCCION Y SANEAMIENTO","OPMI DEL MINISTERIO DE VIVIENDA, CONSTRUCCION Y SANEAMIENTO",2542484.0,,PROYECTO DE INVERSION,MEJORAMIENTO Y AMPLIACION DE LAS REDES DE ALCANTARILLADO EN LA PROLONGACION GRAU DEL DISTRITO DE PARCONA - PROVINCIA DE ICA - DEPARTAMENTO DE ICA,SANEAMIENTO,SANEAMIENTO URBANO,SANEAMIENTO,2082881,0,2082881,2082881.0,0.0,0.0,0.0,Cartera_260824-123814.xlsx,110106,,110106,,,EXTRAIDO_DESDE_NOMBRE,ALTA,RESUELTO,110106,Coincidencia exacta y única por nombre
,Z,"VIVIENDA, CONSTRUCCION Y SANEAMIENTO","OPMI DEL MINISTERIO DE VIVIENDA, CONSTRUCCION Y SANEAMIENTO",2285885.0,,PROYECTO DE INVERSION,"MEJORAMIENTO Y AMPLIACION DE LOS SERVICIOS DE AGUA POTABLE Y DISPOSICION SANITARIA DE EXCRETAS DE LA LOCALIDAD DE CHIMPAYANAMA , DISTRITO DE OCONGATE - QUISPICANCHI - CUSCO",SANEAMIENTO,SANEAMIENTO RURAL,SANEAMIENTO,10637586,240947,90147,90147.0,4923185.0,0.0,0.0,Cartera_260824-123814.xlsx,081210,,081210,,,EXTRAIDO_DESDE_NOMBRE,ALTA,RESUELTO,081210,Coincidencia exacta y única por nombre
,B1,"VIVIENDA, CONSTRUCCION Y SANEAMIENTO","OPMI DEL MINISTERIO DE VIVIENDA, CONSTRUCCION Y SANEAMIENTO",2190201.0,,PROYECTO DE INVERSION,"MEJORAMIENTO Y AMPLIACION DE LOS SERVICIOS DE AGUA POTABLE Y DESAGÜE EN LA CIUDAD DE MACUSANI, DISTRITO DE MACUSANI, PROVINCIA DE CARABAYA - PUNO",SANEAMIENTO,SANEAMIENTO URBANO,SANEAMIENTO,43272666,32244723,6063236,1063236.0,9969724.0,0.0,0.0,Cartera_260824-123814.xlsx,210301,,210301,,,EXTRAIDO_DESDE_NOMBRE,ALTA,RESUELTO,210301,Coincidencia exacta y única por nombre
,F,"VIVIENDA, CONSTRUCCION Y SANEAMIENTO","OPMI DEL MINISTERIO DE VIVIENDA, CONSTRUCCION Y SANEAMIENTO",2650341.0,,INVERSIONES IOARR,"RENOVACION DE VALVULA DE CONTROL Y GRIFO CONTRA INCENDIO; CONSTRUCCION DE CÁMARA DE VÁLVULAS; EN EL(LA) SISTEMA DE AGUA POTABLE  REDES DE DISTRIBUCION  DISTRITO DE HUANUCO, PROVINCIA HUANUCO, DEPARTAMENTO HUANUCO",SANEAMIENTO,SANEAMIENTO URBANO,SANEAMIENTO,706528,0,0,706527.0,0.0,0.0,0.0,Cartera_260824-123814.xlsx,100101,,100101,,,EXTRAIDO_DESDE_NOMBRE,ALTA,RESUELTO,100101,Coincidencia exacta y única por nombre
,A,"VIVIENDA, CONSTRUCCION Y SANEAMIENTO","OPMI DEL MINISTERIO DE VIVIENDA, CONSTRUCCION Y SANEAMIENTO",2330786.0,,PROYECTO DE INVERSION,"MEJORAMIENTO Y AMPLIACION DEL SERVICIO DE AGUA POTABLE E INSTALACIÓN DE UNIDADES BÁSICAS DE SANEAMIENTO EN EL CASERIO DE TAHONA ALTA, DISTRITO DE HUALGAYOC - HUALGAYOC - CAJAMARCA",SANEAMIENTO,SANEAMIENTO RURAL,SANEAMIENTO,4241624,3467579,9000,774044.0,0.0,0.0,0.0,Cartera_260824-123814.xlsx,060703,,060703,,,EXTRAIDO_DESDE_NOMBRE,ALTA,RESUELTO,060703,Coincidencia exacta y única por nombre
,B1,"VIVIENDA, CONSTRUCCION Y SANEAMIENTO","OPMI DEL MINISTERIO DE VIVIENDA, CONSTRUCCION Y SANEAMIENTO",2472850.0,,INVERSIONES IOARR,"CONSTRUCCION DE LÍNEA DE CONDUCCIÓN; EN EL(LA) PTAP BILLINGHURTS Y SISTEMA DE AGUA POTABLE EL TRIUNFO EN LA LOCALIDAD TRIUNFO, DISTRITO DE LAS PIEDRAS, PROVINCIA TAMBOPATA, DEPARTAMENTO MADRE DE DIOS",SANEAMIENTO,SANEAMIENTO URBANO,SANEAMIENTO,3034297,1524667,1440048,1421048.0,19377.0,0.0,0.0,Cartera_260824-123814.xlsx,170103,,170103,,,EXTRAIDO_DESDE_NOMBRE,ALTA,RESUELTO,170103,Coincidencia exacta y única por nombre
,A,"VIVIENDA, CONSTRUCCION Y SANEAMIENTO","OPMI DEL MINISTERIO DE VIVIENDA, CONSTRUCCION Y SANEAMIENTO",2589176.0,,INVERSIONES IOARR,"REPARACION DE LINEA DE CONDUCCION; EN EL(LA) SECTOR DE ALTO ILO, CHALACA,NYLON SAN PEDRO Y ARENAL,  DISTRITO DE ILO, PROVINCIA ILO, DEPARTAMENTO MOQUEGUA",SANEAMIENTO,SANEAMIENTO URBANO,SANEAMIENTO,2770405,2448317,357283,322088.0,0.0,0.0,0.0,Cartera_260824-123814.xlsx,180301,,180301,,,EXTRAIDO_DESDE_NOMBRE,ALTA,RESUELTO,180301,Coincidencia exacta y única por nombre
,A,"VIVIENDA, CONSTRUCCION Y SANEAMIENTO","OPMI DEL MINISTERIO DE VIVIENDA, CONSTRUCCION Y SANEAMIENTO",2202464.0,,PROYECTO DE INVERSION,"INSTALACION DE LOS SERVICIOS DE AGUA POTABLE, DISPOSICIÓN SANITARIA DE EXCRETAS Y DE AGUAS GRISES DE LA COMUNIDAD NATIVA DE COCHA VERDE, DISTRITO DE IMAZA, PROVINCIA DE BAGUA, DEPARTAMENTO DE AMAZONAS",SANEAMIENTO,SANEAMIENTO RURAL,SANEAMIENTO,2825665,1249244,3665,28261.0,0.0,83055.0,1465105.0,Cartera_260824-123814.xlsx,010205,,010205,,,EXTRAIDO_DESDE_NOMBRE,ALTA,RESUELTO,010205,Coincidencia exacta y única por nombre
,A,"VIVIENDA, CONSTRUCCION Y SANEAMIENTO","OPMI DEL MINISTERIO DE VIVIENDA, CONSTRUCCION Y SANEAMIENTO",2556742.0,,PROYECTO DE INVERSION,"MEJORAMIENTO Y AMPLIACION DE LA CÁMARAS DE BOMBEO NUEVA ESPERANZA I Y SAN JOAQUÍN EN LA URB. SAN JOAQUÍN,  DISTRITO DE ICA - PROVINCIA DE ICA - DEPARTAMENTO DE ICA",SANEAMIENTO,SANEAMIENTO URBANO,SANEAMIENTO,3016801,0,0,608950.0,0.0,0.0,0.0,Cartera_260824-123814.xlsx,110101,,110101,,,EXTRAIDO_DESDE_NOMBRE,ALTA,RESUELTO,110101,Coincidencia exacta y única por nombre
,B1,"VIVIENDA, CONSTRUCCION Y SANEAMIENTO","OPMI DEL MINISTERIO DE VIVIENDA, CONSTRUCCION Y SANEAMIENTO",2678427.0,,INVERSIONES IOARR,"ADQUISICION DE SISTEMA SCADA; EN EL(LA) ÁMBITO DE LA EPS SEDALIB S.A.-  DISTRITO DE TRUJILLO, PROVINCIA TRUJILLO, DEPARTAMENTO LA LIBERTAD",SANEAMIENTO,SANEAMIENTO URBANO,SANEAMIENTO,4396500,0,4396500,4396500.0,0.0,0.0,0.0,Cartera_260824-123814.xlsx,130101,,130101,,,EXTRAIDO_DESDE_NOMBRE,ALTA,RESUELTO,130101,Coincidencia exacta y única por nombre
,B2,"VIVIENDA, CONSTRUCCION Y SANEAMIENTO","OPMI DEL MINISTERIO DE VIVIENDA, CONSTRUCCION Y SANEAMIENTO",2168156.0,,PROYECTO DE INVERSION,"AMPLIACION Y MEJORAMIENTO DEL SISTEMA DE AGUA E INSTALACION DE UNIDADES BASICAS DE SANEAMIENTO DE LA LOCALIDAD DE CCORIPAMPA , DISTRITO DE CURAHUASI - ABANCAY - APURIMAC",SANEAMIENTO,SANEAMIENTO RURAL,SANEAMIENTO,2096522,1374930,24750,45220.0,0.0,676372.0,0.0,Cartera_260824-123814.xlsx,030104,,030104,,,EXTRAIDO_DESDE_NOMBRE,ALTA,RESUELTO,030104,Coincidencia exacta y única por nombre
,B0,"VIVIENDA, CONSTRUCCION Y SANEAMIENTO","OPMI DEL MINISTERIO DE VIVIENDA, CONSTRUCCION Y SANEAMIENTO",2461093.0,,INVERSIONES IOARR,"CONSTRUCCION DE POZO; EN EL(LA) CAPTACIÓN DE AGUA SUBTERRÁNEA SECTOR LA ATARJEA DISTRITO DE BARRANCA, PROVINCIA BARRANCA, DEPARTAMENTO LIMA",SANEAMIENTO,SANEAMIENTO URBANO,SANEAMIENTO,1206987,341121,865866,865866.0,0.0,0.0,0.0,Cartera_260824-123814.xlsx,,150201,150201,SI,SI,VALIDADO_PMI_POR_CUI,ALTA,RESUELTO,"160701, 150201",Distrito BARRANCA es ambiguo y no se extrajo provincia | Validado por PMI: BARRANCA
,B1,"VIVIENDA, CONSTRUCCION Y SANEAMIENTO","OPMI DEL MINISTERIO DE VIVIENDA, CONSTRUCCION Y SANEAMIENTO",2189368.0,,PROYECTO DE INVERSION,"REHABILITACION Y MEJORAMIENTO DE LAS REDES DE AGUA POTABLE, ALCANTARILLADO Y CONEXIONES DOMICILIARIAS DEL AGRUPAMIENTO CESAR VALLEJO, DISTRITO Y PROVINCIA DE ILO, REGION MOQUEGUA",SANEAMIENTO,SANEAMIENTO URBANO,SANEAMIENTO,3717207,0,0,3209842.0,55235.0,0.0,0.0,Cartera_260824-123814.xlsx,,180301,180301,SI,SI,VALIDADO_PMI_POR_CUI,ALTA,RESUELTO,,"No se detectó patrón ""DISTRITO DE"" en el nombre | Validado por PMI: ILO"
,F,"VIVIENDA, CONSTRUCCION Y SANEAMIENTO","OPMI DEL MINISTERIO DE VIVIENDA, CONSTRUCCION Y SANEAMIENTO",2733989.0,,INVERSIONES IOARR,"RENOVACION DE RED PRIMARIA Y RED SECUNDARIA; ADQUISICION DE EQUIPOS ELECTROMECANICOS Y SISTEMA DE CONDUCCION; ADEMÁS DE OTROS ACTIVOS EN EL(LA) CAPTACION PUENTE VIEJO  DISTRITO DE TUMBES, PROVINCIA TUMBES, DEPARTAMENTO TUMBES",SANEAMIENTO,SANEAMIENTO URBANO,SANEAMIENTO,2977000,0,0,262000.0,2715000.0,0.0,0.0,Cartera_260824-123814.xlsx,240101,,240101,,,EXTRAIDO_DESDE_NOMBRE,ALTA,RESUELTO,240101,Coincidencia exacta y única por nombre
,E,"VIVIENDA, CONSTRUCCION Y SANEAMIENTO","OPMI DEL MINISTERIO DE VIVIENDA, CONSTRUCCION Y SANEAMIENTO",2516067.0,9265.0,PROYECTO DE INVERSION,CREACION DEL SISTEMA SCADA  PARA EL SISTEMA DE DISTRIBUCION DEL SERVICIO DE AGUA POTABLE  DE SEDAPAR S.A. EN 18 DISTRITOS DE LA PROVINCIA DE AREQUIPA - DEPARTAMENTO DE AREQUIPA,SANEAMIENTO,SANEAMIENTO URBANO,SANEAMIENTO,42532164,3664932,378363,378363.0,100000.0,15355547.0,23033321.0,Cartera_260824-123814.xlsx,,,,NO,NO,FALLIDO,BAJA,REVISAR_CONFLICTO,,Múltiples distritos detectados en el nombre | Datos PMI no cruzaron con GPKG (- TODOS - - AREQUIPA)
,B3,"VIVIENDA, CONSTRUCCION Y SANEAMIENTO","OPMI DEL MINISTERIO DE VIVIENDA, CONSTRUCCION Y SANEAMIENTO",2307905.0,,PROYECTO DE INVERSION,"MEJORAMIENTO Y AMPLIACION DEL SERVICIO DE AGUA POTABLE E INSTALACION DEL SANEAMIENTO EN LA LOCALIDAD DE GRAMALOTILLO , DISTRITO DE SANTA CRUZ - CUTERVO - CAJAMARCA",SANEAMIENTO,SANEAMIENTO RURAL,SANEAMIENTO,4171769,28468,28210,28468.0,0.0,1525235.0,2589599.0,Cartera_260824-123814.xlsx,,060611,060611,SI,SI,VALIDADO_PMI_POR_CUI,ALTA,RESUELTO,"021208, 060611, 061301, 110404, 160210",Distrito SANTA CRUZ es ambiguo y no se extrajo provincia | Validado por PMI: SANTA CRUZ
,A,"VIVIENDA, CONSTRUCCION Y SANEAMIENTO","OPMI DEL MINISTERIO DE VIVIENDA, CONSTRUCCION Y SANEAMIENTO",2235801.0,,PROYECTO DE INVERSION,"INSTALACION DE LOS SERVICIOS DE AGUA POTABLE, DISPOSICION SANITARIA DE EXCRETAS Y DE AGUAS GRISES EN LA COMUNIDAD NATIVA DE KUSU KUNCHIN, DISTRITO DE IMAZA, PROVINCIA DE BAGUA, DEPARTAMENTO DE AMAZONAS",SANEAMIENTO,SANEAMIENTO RURAL,SANEAMIENTO,9410202,7864797,26059,56722.0,0.0,1488684.0,0.0,Cartera_260824-123814.xlsx,010205,,010205,,,EXTRAIDO_DESDE_NOMBRE,ALTA,RESUELTO,010205,Coincidencia exacta y única por nombre
,A,"VIVIENDA, CONSTRUCCION Y SANEAMIENTO","OPMI DEL MINISTERIO DE VIVIENDA, CONSTRUCCION Y SANEAMIENTO",2289969.0,,PROYECTO DE INVERSION,"MEJORAMIENTO Y AMPLIACION DEL SERVICIO DE AGUA POTABLE E INSTALACION DEL SANEAMIENTO EN LA LOCALIDAD DE CADMALCA ALTO, DISTRITO DE LAJAS - CHOTA - CAJAMARCA",SANEAMIENTO,SANEAMIENTO RURAL,SANEAMIENTO,5968669,5771480,43794,43794.0,0.0,153395.0,0.0,Cartera_260824-123814.xlsx,060410,,060410,,,EXTRAIDO_DESDE_NOMBRE,ALTA,RESUELTO,060410,Coincidencia exacta y única por nombre
,B3,"VIVIENDA, CONSTRUCCION Y SANEAMIENTO","OPMI DEL MINISTERIO DE VIVIENDA, CONSTRUCCION Y SANEAMIENTO",2274713.0,,PROYECTO DE INVERSION,"MEJORAMIENTO Y AMPLIACION DEL SERVICIO DE AGUA POTABLE Y SANEAMIENTO BASICO EN EL CENTRO POBLADO DE COARITA , DISTRITO DE PARATIA - LAMPA - PUNO",SANEAMIENTO,SANEAMIENTO RURAL,SANEAMIENTO,8051736,22358,30323,30323.0,0.0,5599339.0,2399717.0,Cartera_260824-123814.xlsx,210707,,210707,,,EXTRAIDO_DESDE_NOMBRE,ALTA,RESUELTO,210707,Coincidencia exacta y única por nombre
,A,"VIVIENDA, CONSTRUCCION Y SANEAMIENTO","OPMI DEL MINISTERIO DE VIVIENDA, CONSTRUCCION Y SANEAMIENTO",2553270.0,,PROYECTO DE INVERSION,MEJORAMIENTO Y AMPLIACION DEL COLECTOR PRINCIPAL DE 800MM DE LA AV. SIETE  DISTRITO DE LOS AQUIJES - PROVINCIA DE ICA - DEPARTAMENTO DE ICA,SANEAMIENTO,SANEAMIENTO URBANO,SANEAMIENTO,2262190,0,0,1356733.0,0.0,0.0,0.0,Cartera_260824-123814.xlsx,110103,,110103,,,EXTRAIDO_DESDE_NOMBRE,ALTA,RESUELTO,110103,Coincidencia exacta y única por nombre
,B1,"VIVIENDA, CONSTRUCCION Y SANEAMIENTO","OPMI DEL MINISTERIO DE VIVIENDA, CONSTRUCCION Y SANEAMIENTO",2601955.0,,PROYECTO DE INVERSION,MEJORAMIENTO Y AMPLIACION DEL SERVICIO DE AGUA POTABLE RURAL Y MEJORAMIENTO Y AMPLIACION DEL SERVICIO DE ALCANTARILLADO U OTRAS FORMAS DE DISPOSICIÓN SANITARIA DE EXCRETAS EN LA LOCALIDAD DE RODEO   DISTRITO DE PUTIS DE LA PROVINCIA DE HUANTA DEL DEPARTAMENTO DE AYACUCHO,SANEAMIENTO,SANEAMIENTO RURAL,SANEAMIENTO,3930189,0,2583120,2719558.0,1210631.0,0.0,0.0,Cartera_260824-123814.xlsx,,050413,050413,SI,SI,VALIDADO_PMI_POR_CUI,ALTA,RESUELTO,,Distrito PUTIS DE no encontrado en GPKG | Validado por PMI: PUTIS
,D,"VIVIENDA, CONSTRUCCION Y SANEAMIENTO","OPMI DEL MINISTERIO DE VIVIENDA, CONSTRUCCION Y SANEAMIENTO",2555270.0,,INVERSIONES IOARR,"CONSTRUCCION DE CERCO PERIMETRICO; EN EL(LA) EMPRESA PRESTADORA DE SERVICIOS DE AGUA POTABLE Y ALCANTARILLADO DE BAGUA.  DISTRITO DE BAGUA, PROVINCIA BAGUA, DEPARTAMENTO AMAZONAS",SANEAMIENTO,SANEAMIENTO URBANO,SANEAMIENTO,1240347,0,0,1240347.0,0.0,0.0,0.0,Cartera_260824-123814.xlsx,010201,,010201,,,EXTRAIDO_DESDE_NOMBRE,ALTA,RESUELTO,010201,Coincidencia exacta y única por nombre
,F,"VIVIENDA, CONSTRUCCION Y SANEAMIENTO","OPMI DEL MINISTERIO DE VIVIENDA, CONSTRUCCION Y SANEAMIENTO",2726034.0,,INVERSIONES IOARR,"REMODELACION DE GALERIA FILTRANTE; EN EL(LA) CAPTACION SUBTERRANEA DEL RIO PISCO, GALERIA FILTRANTE ALBERTO TOGUCHI,  DISTRITO DE HUMAY, PROVINCIA PISCO, DEPARTAMENTO ICA",SANEAMIENTO,SANEAMIENTO URBANO,SANEAMIENTO,6315693,0,0,376444.0,5939249.0,0.0,0.0,Cartera_260824-123814.xlsx,110503,,110503,,,EXTRAIDO_DESDE_NOMBRE,ALTA,RESUELTO,110503,Coincidencia exacta y única por nombre
,E,"VIVIENDA, CONSTRUCCION Y SANEAMIENTO","OPMI DEL MINISTERIO DE VIVIENDA, CONSTRUCCION Y SANEAMIENTO",2307910.0,,PROYECTO DE INVERSION,"MEJORAMIENTO Y AMPLIACION DEL SERVICIO DE AGUA POTABLE Y SANEAMIENTO BASICO DEL CENTRO POBLADO DE RUKUS , DISTRITO DE CHUPA - AZANGARO - PUNO",SANEAMIENTO,SANEAMIENTO RURAL,SANEAMIENTO,6508160,313280,219619,219619.0,239619.0,50000.0,2832821.0,Cartera_260824-123814.xlsx,210206,,210206,,,EXTRAIDO_DESDE_NOMBRE,ALTA,RESUELTO,210206,Coincidencia exacta y única por nombre
,A,"VIVIENDA, CONSTRUCCION Y SANEAMIENTO","OPMI DEL MINISTERIO DE VIVIENDA, CONSTRUCCION Y SANEAMIENTO",2235895.0,,PROYECTO DE INVERSION,"MEJORAMIENTO Y AMPLIACION DEL SERVICIO DE AGUA POTABLE E INSTALACION DE LA DISPOSICION SANITARIA DE EXCRETAS Y DE AGUAS GRISES EN LA COMUNIDAD NATIVA DE ALTO SHIMUTAS, DISTRITO DE IMAZA, PROVINCIA DE BAGUA, DEPARTAMENTO DE AMAZONAS",SANEAMIENTO,SANEAMIENTO RURAL,SANEAMIENTO,10614512,8959113,32281,70457.0,0.0,1584942.0,0.0,Cartera_260824-123814.xlsx,010205,,010205,,,EXTRAIDO_DESDE_NOMBRE,ALTA,RESUELTO,010205,Coincidencia exacta y única por nombre
,E,"VIVIENDA, CONSTRUCCION Y SANEAMIENTO","OPMI DEL MINISTERIO DE VIVIENDA, CONSTRUCCION Y SANEAMIENTO",2403509.0,,PROYECTO DE INVERSION,MEJORAMIENTO Y AMPLIACION DE LOS SISTEMAS DE AGUA POTABLE Y ALCANTARILLADO DEL ESQUEMA PUCUSANA  DISTRITO DE PUCUSANA - PROVINCIA DE LIMA - DEPARTAMENTO DE LIMA,SANEAMIENTO,SANEAMIENTO URBANO,SANEAMIENTO,401605214,0,80000,259000.0,1211000.0,277827721.0,100640393.0,Cartera_260824-123814.xlsx,150124,,150124,,,EXTRAIDO_DESDE_NOMBRE,ALTA,RESUELTO,150124,Coincidencia exacta y única por nombre
,A,"VIVIENDA, CONSTRUCCION Y SANEAMIENTO","OPMI DEL MINISTERIO DE VIVIENDA, CONSTRUCCION Y SANEAMIENTO",2235802.0,,PROYECTO DE INVERSION,"INSTALACION DE LOS SERVICIOS DE AGUA POTABLE, DISPOSICION SANITARIA DE EXCRETAS Y DE AGUAS GRISES EN LA COMUNIDAD NATIVA DE SUKUTIN, DISTRITO DE IMAZA, PROVINCIA DE BAGUA, DEPARTAMENTO DE AMAZONAS",SANEAMIENTO,SANEAMIENTO RURAL,SANEAMIENTO,10183396,8491778,28230,61465.0,0.0,1630153.0,0.0,Cartera_260824-123814.xlsx,010205,,010205,,,EXTRAIDO_DESDE_NOMBRE,ALTA,RESUELTO,010205,Coincidencia exacta y única por nombre
,A,"VIVIENDA, CONSTRUCCION Y SANEAMIENTO","OPMI DEL MINISTERIO DE VIVIENDA, CONSTRUCCION Y SANEAMIENTO",2394369.0,,PROYECTO DE INVERSION,"MEJORAMIENTO Y AMPLIACION DEL SISTEMA DE AGUA POTABLE Y ALCANTARILLADO SANITARIO DE LOS SECTORES MOLINOPATA BAJA, SANTA ROSA, VALLE REAL, RINCONCITO ABANQUINO Y AMANCAES DEL DISTRITO DE ABANCAY - PROVINCIA DE ABANCAY - DEPARTAMENTO DE APURIMAC",SANEAMIENTO,SANEAMIENTO URBANO,SANEAMIENTO,22726563,21613249,1103784,1103784.0,9530.0,0.0,0.0,Cartera_260824-123814.xlsx,030101,,030101,,,EXTRAIDO_DESDE_NOMBRE,ALTA,RESUELTO,030101,Coincidencia exacta y única por nombre
,A,"VIVIENDA, CONSTRUCCION Y SANEAMIENTO","OPMI DEL MINISTERIO DE VIVIENDA, CONSTRUCCION Y SANEAMIENTO",2330637.0,,PROYECTO DE INVERSION,"MEJORAMIENTO Y AMPLIACIÓN DEL SERVICIO DE AGUA POTABLE Y SANEAMIENTO EN LA CC.NN PAICHE PLAYA DISTRITO DE EL TIGRE, PROVINCIA DE LORETO, REGIÓN DE LORETO",SANEAMIENTO,SANEAMIENTO RURAL,SANEAMIENTO,2578464,2502724,54620,54620.0,0.0,21120.0,0.0,Cartera_260824-123814.xlsx,,160303,160303,SI,SI,VALIDADO_PMI_POR_CUI,ALTA,RESUELTO,,Distrito EL TIGRE no encontrado en GPKG | Validado por PMI: TIGRE
,B2,"VIVIENDA, CONSTRUCCION Y SANEAMIENTO","OPMI DEL MINISTERIO DE VIVIENDA, CONSTRUCCION Y SANEAMIENTO",2168151.0,,PROYECTO DE INVERSION,"AMPLIACION Y MEJORAMIENTO DEL SISTEMA DE AGUA E INSTALACION DE UNIDADES BASICAS DE SANEAMIENTO DE LA LOCALIDAD DE ASMAYACU , DISTRITO DE CURAHUASI - ABANCAY - APURIMAC",SANEAMIENTO,SANEAMIENTO RURAL,SANEAMIENTO,2804347,1539980,24750,45220.0,0.0,1219148.0,0.0,Cartera_260824-123814.xlsx,030104,,030104,,,EXTRAIDO_DESDE_NOMBRE,ALTA,RESUELTO,030104,Coincidencia exacta y única por nombre
,A,"VIVIENDA, CONSTRUCCION Y SANEAMIENTO","OPMI DEL MINISTERIO DE VIVIENDA, CONSTRUCCION Y SANEAMIENTO",2278252.0,,PROYECTO DE INVERSION,AMPLIACION DEL SISTEMA DE ALCANTARILLADO 4 DISTRITOS DE LA PROVINCIA DE CUSCO - DEPARTAMENTO DE CUSCO,SANEAMIENTO,SANEAMIENTO URBANO,SANEAMIENTO,26212618,22340703,604311,1524460.0,336780.0,0.0,0.0,Cartera_260824-123814.xlsx,,,,NO,NO,FALLIDO,BAJA,REVISAR_CONFLICTO,,Múltiples distritos detectados en el nombre | Datos PMI no cruzaron con GPKG (- TODOS - - CUSCO)
,E,"VIVIENDA, CONSTRUCCION Y SANEAMIENTO","OPMI DEL MINISTERIO DE VIVIENDA, CONSTRUCCION Y SANEAMIENTO",2300357.0,,PROYECTO DE INVERSION,"MEJORAMIENTO Y AMPLIACION DEL SERVICIO DE AGUA POTABLE Y ALCANTARILLADO DEL CENTRO POBLADO DE MACHUPICCHU, DISTRITO DE MACHUPICCHU - URUBAMBA - CUSCO",SANEAMIENTO,SANEAMIENTO URBANO,SANEAMIENTO,23295064,2694923,0,0.0,1000000.0,5000000.0,9850141.0,Cartera_260824-123814.xlsx,081304,,081304,,,EXTRAIDO_DESDE_NOMBRE,ALTA,RESUELTO,081304,Coincidencia exacta y única por nombre
,D,"VIVIENDA, CONSTRUCCION Y SANEAMIENTO","OPMI DEL MINISTERIO DE VIVIENDA, CONSTRUCCION Y SANEAMIENTO",2712712.0,,INVERSIONES IOARR,"ADQUISICION DE EQUIPO ELECTROMECANICO DE ESTACION Y TABLEROS DE DISTRIBUCIÓN DE BAJA TENSIÓN ; RENOVACION DE POZO; EN EL(LA) POZO CAJUCA III  DISTRITO DE NASCA, PROVINCIA NASCA, DEPARTAMENTO ICA",SANEAMIENTO,SANEAMIENTO URBANO,SANEAMIENTO,300998,0,0,300998.0,0.0,0.0,0.0,Cartera_260824-123814.xlsx,110301,,110301,,,EXTRAIDO_DESDE_NOMBRE,ALTA,RESUELTO,110301,Coincidencia exacta y única por nombre
,A,"VIVIENDA, CONSTRUCCION Y SANEAMIENTO","OPMI DEL MINISTERIO DE VIVIENDA, CONSTRUCCION Y SANEAMIENTO",2202570.0,,PROYECTO DE INVERSION,"MEJORAMIENTO Y AMPLIACION DEL SERVICIO DE AGUA POTABLE E INSTALACIÓN DE LA DISPOSICIÓN SANITARIA DE EXCRETAS Y DE AGUAS GRISES EN LA COMUNIDAD NATIVA DE CENTRO WAWIK, DISTRITO DE IMAZA, PROVINCIA DE BAGUA, DEPARTAMENTO DE AMAZONAS",SANEAMIENTO,SANEAMIENTO RURAL,SANEAMIENTO,3923641,1631020,29929,24000.0,0.0,2268621.0,0.0,Cartera_260824-123814.xlsx,010205,,010205,,,EXTRAIDO_DESDE_NOMBRE,ALTA,RESUELTO,010205,Coincidencia exacta y única por nombre
,A,"VIVIENDA, CONSTRUCCION Y SANEAMIENTO","OPMI DEL MINISTERIO DE VIVIENDA, CONSTRUCCION Y SANEAMIENTO",2574054.0,,INVERSIONES IOARR,"ADQUISICION DE EQUIPO ELECTROMECANICO DE ESTACION Y TABLEROS DE DISTRIBUCIÓN DE BAJA TENSIÓN ; RENOVACION DE POZO; EN EL(LA) POZO DE PRODUCCIÓN DE AGUA LAS CASUARINAS,  DISTRITO DE ICA, PROVINCIA ICA, DEPARTAMENTO ICA",SANEAMIENTO,SANEAMIENTO URBANO,SANEAMIENTO,341000,0,341000,341000.0,0.0,0.0,0.0,Cartera_260824-123814.xlsx,110101,,110101,,,EXTRAIDO_DESDE_NOMBRE,ALTA,RESUELTO,110101,Coincidencia exacta y única por nombre
,E,"VIVIENDA, CONSTRUCCION Y SANEAMIENTO","OPMI DEL MINISTERIO DE VIVIENDA, CONSTRUCCION Y SANEAMIENTO",2282902.0,,PROYECTO DE INVERSION,"MEJORAMIENTO Y AMPLIACIÓN DE LOS SERVICIOS DE AGUA POTABLE Y SANEAMIENTO DE LA COMUNIDAD NATIVA DE YOMIBATO, DISTRITO DE FITZCARRALD, PROVINCIA DE MANU - MADRE DE DIOS",SANEAMIENTO,SANEAMIENTO RURAL,SANEAMIENTO,3027219,177208,10400,10400.0,0.0,2077952.0,761660.0,Cartera_260824-123814.xlsx,170202,,170202,,,EXTRAIDO_DESDE_NOMBRE,ALTA,RESUELTO,170202,Coincidencia exacta y única por nombre
,A,"VIVIENDA, CONSTRUCCION Y SANEAMIENTO","OPMI DEL MINISTERIO DE VIVIENDA, CONSTRUCCION Y SANEAMIENTO",2645646.0,,INVERSIONES IOARR,"CONSTRUCCION DE TUBERIA Y BUZON; EN EL(LA) SISTEMA DE ALCANTARILLADO EN LA AV. GRAU HASTA LA EBAR 02  DISTRITO DE MANCORA, PROVINCIA TALARA, DEPARTAMENTO PIURA",SANEAMIENTO,SANEAMIENTO URBANO,SANEAMIENTO,4626114,1913249,2410562,2712865.0,0.0,0.0,0.0,Cartera_260824-123814.xlsx,200706,,200706,,,EXTRAIDO_DESDE_NOMBRE,ALTA,RESUELTO,200706,Coincidencia exacta y única por nombre
,E,"VIVIENDA, CONSTRUCCION Y SANEAMIENTO","OPMI DEL MINISTERIO DE VIVIENDA, CONSTRUCCION Y SANEAMIENTO",2200858.0,,PROYECTO DE INVERSION,"AMPLIACION Y MEJORAMIENTO DEL SERVICIO DE AGUA POTABLE E INSTALACION DE DISPOSICION SANITARIA DE EXCRETAS EN EL CENTRO POBLADO DE SANGAMAYOC , DISTRITO DE BARRANQUITA - LAMAS - SAN MARTIN",SANEAMIENTO,SANEAMIENTO RURAL,SANEAMIENTO,6288627,226718,113491,113491.0,5948418.0,0.0,0.0,Cartera_260824-123814.xlsx,220503,,220503,,,EXTRAIDO_DESDE_NOMBRE,ALTA,RESUELTO,220503,Coincidencia exacta y única por nombre
,A,"VIVIENDA, CONSTRUCCION Y SANEAMIENTO","OPMI DEL MINISTERIO DE VIVIENDA, CONSTRUCCION Y SANEAMIENTO",2572498.0,,INVERSIONES IOARR,"ADQUISICION DE EQUIPO ELECTROMECANICO DE ESTACION Y TABLEROS DE DISTRIBUCIÓN DE BAJA TENSIÓN ; RENOVACION DE POZO; EN EL(LA) POZO DE PRODUCCION DE AGUA SANTA MARIA,  DISTRITO DE ICA, PROVINCIA ICA, DEPARTAMENTO ICA",SANEAMIENTO,SANEAMIENTO URBANO,SANEAMIENTO,355300,0,355300,355300.0,0.0,0.0,0.0,Cartera_260824-123814.xlsx,110101,,110101,,,EXTRAIDO_DESDE_NOMBRE,ALTA,RESUELTO,110101,Coincidencia exacta y única por nombre
,A,"VIVIENDA, CONSTRUCCION Y SANEAMIENTO","OPMI DEL MINISTERIO DE VIVIENDA, CONSTRUCCION Y SANEAMIENTO",2235418.0,,PROYECTO DE INVERSION,"MEJORAMIENTO Y AMPLIACION DEL SERVICIO DE AGUA POTABLE E INSTALACIÓN DE LA DISPOSICIÓN SANITARIA DE EXCRETAS Y DE AGUAS GRISES EN LA COMUNIDAD NATIVA DE NUEVO BELÉN, DISTRITO DE IMAZA, PROVINCIA DE BAGUA, DEPARTAMENTO DE AMAZONAS",SANEAMIENTO,SANEAMIENTO RURAL,SANEAMIENTO,5384518,2960733,72000,72000.0,0.0,2351785.0,0.0,Cartera_260824-123814.xlsx,010205,,010205,,,EXTRAIDO_DESDE_NOMBRE,ALTA,RESUELTO,010205,Coincidencia exacta y única por nombre
,A,"VIVIENDA, CONSTRUCCION Y SANEAMIENTO","OPMI DEL MINISTERIO DE VIVIENDA, CONSTRUCCION Y SANEAMIENTO",2593620.0,,INVERSIONES IOARR,"RENOVACION DE RED DE DISTRIBUCION Y RED DE ALCANTARILLADO; EN EL(LA) SISTEMA DE AGUA POTABLE Y ALCANTARILLADO CALLE UGARTE CDRA. DIEZ ENTRE LA CALLE CALLAO Y CALLE PIURA DISTRITO DE SULLANA, PROVINCIA SULLANA, DEPARTAMENTO PIURA",SANEAMIENTO,SANEAMIENTO URBANO,SANEAMIENTO,412251,327511,50297,50297.0,34443.0,0.0,0.0,Cartera_260824-123814.xlsx,200601,,200601,,,EXTRAIDO_DESDE_NOMBRE,ALTA,RESUELTO,200601,Coincidencia exacta y única por nombre
,Z,"VIVIENDA, CONSTRUCCION Y SANEAMIENTO","OPMI DEL MINISTERIO DE VIVIENDA, CONSTRUCCION Y SANEAMIENTO",2705267.0,,INVERSIONES IOARR,"CONSTRUCCION DE LINEA DE IMPULSION, ESTACION DE BOMBEO DE DESAGÜE Y ; ADQUISICION DE ESTACION DE BOMBEO DE DESAGÜE; EN EL(LA) SISTEMA DE ALCANTARILLADO DE LAS ESTACIONES DE BOMBEO DE AGUA RESIDUALES CENTRO VERANIEGO, ESTACIONES DE BOMBEO DE AGUA RESIDUALES N° 01 Y N° 02  DISTRITO DE MANCORA  DISTRITO DE MANCORA, PROVINCIA TALARA, DEPARTAMENTO PIURA",SANEAMIENTO,SANEAMIENTO URBANO,SANEAMIENTO,3549503,319092,3693419,3230412.0,0.0,0.0,0.0,Cartera_260824-123814.xlsx,,200706,200706,SI,SI,VALIDADO_PMI_POR_CUI,ALTA,RESUELTO,,Distrito MANCORA  DISTRITO DE MANCORA no encontrado en GPKG | Validado por PMI: MANCORA
,A,"VIVIENDA, CONSTRUCCION Y SANEAMIENTO","OPMI DEL MINISTERIO DE VIVIENDA, CONSTRUCCION Y SANEAMIENTO",2572573.0,,INVERSIONES IOARR,"ADQUISICION DE EQUIPO ELECTROMECANICO DE ESTACION Y TABLEROS DE DISTRIBUCIÓN DE BAJA TENSIÓN ; RENOVACION DE POZO; EN EL(LA) POZO DE PRODUCCIÓN DE AGUA MARGEN IZQUIERDA VISTA ALEGRE,  DISTRITO DE PARCONA, PROVINCIA ICA, DEPARTAMENTO ICA",SANEAMIENTO,SANEAMIENTO URBANO,SANEAMIENTO,384000,0,384000,384000.0,0.0,0.0,0.0,Cartera_260824-123814.xlsx,110106,,110106,,,EXTRAIDO_DESDE_NOMBRE,ALTA,RESUELTO,110106,Coincidencia exacta y única por nombre
,A,"VIVIENDA, CONSTRUCCION Y SANEAMIENTO","OPMI DEL MINISTERIO DE VIVIENDA, CONSTRUCCION Y SANEAMIENTO",2235419.0,,PROYECTO DE INVERSION,"MEJORAMIENTO Y AMPLIACION DEL SERVICIO DE AGUA POTABLE E INSTALACION DE LA DISPOSICION SANITARIA DE EXCRETAS Y DE AGUAS GRISES EN LA COMUNIDAD NATIVA DE WAWAIM, DISTRITO DE IMAZA, PROVINCIA DE BAGUA, DEPARTAMENTO DE AMAZONAS",SANEAMIENTO,SANEAMIENTO RURAL,SANEAMIENTO,4772780,4658830,81073,81073.0,0.0,32878.0,0.0,Cartera_260824-123814.xlsx,010205,,010205,,,EXTRAIDO_DESDE_NOMBRE,ALTA,RESUELTO,010205,Coincidencia exacta y única por nombre
,A,"VIVIENDA, CONSTRUCCION Y SANEAMIENTO","OPMI DEL MINISTERIO DE VIVIENDA, CONSTRUCCION Y SANEAMIENTO",2400943.0,,PROYECTO DE INVERSION,"INSTALACION DEL SERVICIO DE AGUA POTABLE Y SANEAMIENTO EN EL CENTRO POBLADO DE NUEVO SAN MARTIN, DISTRITO DE NAUTA , PROVINCIA DE LORETO - LORETO",SANEAMIENTO,SANEAMIENTO RURAL,SANEAMIENTO,3447651,3289056,8000,8000.0,0.0,150595.0,0.0,Cartera_260824-123814.xlsx,160301,,160301,,,EXTRAIDO_DESDE_NOMBRE,ALTA,RESUELTO,160301,Coincidencia exacta y única por nombre
,A,"VIVIENDA, CONSTRUCCION Y SANEAMIENTO","OPMI DEL MINISTERIO DE VIVIENDA, CONSTRUCCION Y SANEAMIENTO",2202569.0,,PROYECTO DE INVERSION,"INSTALACION DE LOS SERVICIOS DE AGUA POTABLE, DISPOSICIÓN SANITARIA DE EXCRETAS Y DE AGUAS GRISES EN LA COMUNIDAD NATIVA DE TSAG ENTSA, DISTRITO DE IMAZA, PROVINCIA DE BAGUA, DEPARTAMENTO DE AMAZONAS",SANEAMIENTO,SANEAMIENTO RURAL,SANEAMIENTO,3281681,1125481,0,72000.0,0.0,2084200.0,0.0,Cartera_260824-123814.xlsx,010205,,010205,,,EXTRAIDO_DESDE_NOMBRE,ALTA,RESUELTO,010205,Coincidencia exacta y única por nombre
,B1,"VIVIENDA, CONSTRUCCION Y SANEAMIENTO","OPMI DEL MINISTERIO DE VIVIENDA, CONSTRUCCION Y SANEAMIENTO",2225348.0,,PROYECTO DE INVERSION,"MEJORAMIENTO DEL SISTEMA DE AGUA POTABLE Y ALCANTARILLADO EN SAN MARTIN DE PANGOA, DISTRITO DE PANGOA -SATIPO-JUNIN",SANEAMIENTO,SANEAMIENTO URBANO,SANEAMIENTO,85308836,67844168,4954332,1931681.0,15532987.0,0.0,0.0,Cartera_260824-123814.xlsx,120606,,120606,,,EXTRAIDO_DESDE_NOMBRE,ALTA,RESUELTO,120606,Coincidencia exacta y única por nombre
1.0,B1,FONAFE,ORGANO ENCARGADO DE ELABORAR EL PMI DEL SERVICIO DE AGUA POTABLE Y ALCANTARILLADO DELIMA S.A. - SEDAPAL,2403508.0,,PROYECTO DE INVERSION,AMPLIACION Y MEJORAMIENTO DE LOS SISTEMAS DE AGUA POTABLE Y ALCANTARILLADO DEL ESQUEMA SANTA MARIA DE HUACHIPA EN EL DISTRITO DE LURIGANCHO - CHOSICA,SANEAMIENTO,SANEAMIENTO,SANEAMIENTO URBANO,50086672,42054440,3094866,22342544.0,4937366.0,0.0,0.0,Cartera_260824-124021.xlsx,150118,,150118,,,EXTRAIDO_DESDE_NOMBRE,ALTA,RESUELTO,150118,Coincidencia exacta y única por nombre
2.0,A,FONAFE,ORGANO ENCARGADO DE ELABORAR EL PMI DEL SERVICIO DE AGUA POTABLE Y ALCANTARILLADO DELIMA S.A. - SEDAPAL,2031100.0,,PROYECTO DE INVERSION,AMPLIACIÓN Y MEJORAMIENTO DEL SISTEMA DE AGUA POTABLE Y ALCANTARILLADO PARA EL ESQUEMA SANTA ROSA Y ANCÓN DISTRITOS DE SANTA ROSA Y ANCÓN.,SANEAMIENTO,SANEAMIENTO,SANEAMIENTO URBANO,127423045,122613937,4809108,4809108.0,0.0,0.0,0.0,Cartera_260824-124021.xlsx,,,,NO,NO,FALLIDO,BAJA,REVISAR_CONFLICTO,,Múltiples distritos detectados en el nombre | Datos PMI no cruzaron con GPKG (- TODOS - - LIMA)
2.0,A,FONAFE,ORGANO ENCARGADO DE ELABORAR EL PMI DEL SERVICIO DE AGUA POTABLE Y ALCANTARILLADO DELIMA S.A. - SEDAPAL,2286612.0,,PROYECTO DE INVERSION,"MEJORAMIENTO Y AMPLIACION DE LOS SISTEMAS DE AGUA POTABLE Y ALCANTARILLADO EN LOS SECTORES 348, 349 Y 351 - COLLIQUE - EN LOS DISTRITOS DE COMAS Y CARABAYLLO DE LA  PROVINCIA DE LIMA - DEPARTAMENTO DE LIMA",SANEAMIENTO,SANEAMIENTO,SANEAMIENTO URBANO,195269999,178810116,16411184,36166719.0,48699.0,0.0,0.0,Cartera_260824-124021.xlsx,,,,NO,NO,FALLIDO,BAJA,REVISAR_CONFLICTO,,Múltiples distritos detectados en el nombre | Datos PMI no cruzaron con GPKG (- TODOS - - LIMA)
3.0,B1,FONAFE,ORGANO ENCARGADO DE ELABORAR EL PMI DEL SERVICIO DE AGUA POTABLE Y ALCANTARILLADO DELIMA S.A. - SEDAPAL,2390678.0,,PROYECTO DE INVERSION,INSTALACION DEL SISTEMA DE AGUA POTABLE EN A. H. PROY. INTEGRAL LOS JARDINES VILLA SANTA CLARITA - SECTOR VILLA SANTA CLARITA - DISTRITO SAN JUAN DE LURIGANCHO,SANEAMIENTO,SANEAMIENTO,SANEAMIENTO URBANO,8755696,1255683,1297282,1297282.0,6202731.0,0.0,0.0,Cartera_260824-124021.xlsx,,150132,150132,SI,SI,VALIDADO_PMI_POR_CUI,ALTA,RESUELTO,,"No se detectó patrón ""DISTRITO DE"" en el nombre | Validado por PMI: SAN JUAN DE LURIGANCHO"
4.0,B2,FONAFE,ORGANO ENCARGADO DE ELABORAR EL PMI DEL SERVICIO DE AGUA POTABLE Y ALCANTARILLADO DELIMA S.A. - SEDAPAL,2404452.0,,PROYECTO DE INVERSION,AMPLIACION Y MEJORAMIENTO DEL SISTEMA DE AGUA POTABLE Y ALCANTARILLADO DEL ESQUEMA CIENEGUILLA,SANEAMIENTO,SANEAMIENTO,SANEAMIENTO URBANO,173182883,116011325,33623753,33623753.0,20356140.0,3191665.0,0.0,Cartera_260824-124021.xlsx,,150109,150109,SI,SI,VALIDADO_PMI_POR_CUI,ALTA,RESUELTO,,"No se detectó patrón ""DISTRITO DE"" en el nombre | Validado por PMI: CIENEGUILLA"
5.0,B2,FONAFE,ORGANO ENCARGADO DE ELABORAR EL PMI DEL SERVICIO DE AGUA POTABLE Y ALCANTARILLADO DELIMA S.A. - SEDAPAL,2403505.0,,PROYECTO DE INVERSION,MEJORAMIENTO Y AMPLIACION DEL SISTEMA DE AGUA POTABLE Y ALCANTARILLADO DEL ESQUEMA CERRO LAS ANIMAS Y ANEXOS DEL  DISTRITO DE PUENTE PIEDRA - PROVINCIA DE LIMA - DEPARTAMENTO DE LIMA,SANEAMIENTO,SANEAMIENTO,SANEAMIENTO URBANO,93061865,7576452,1206702,1206702.0,804470.0,83474241.0,0.0,Cartera_260824-124021.xlsx,150125,,150125,,,EXTRAIDO_DESDE_NOMBRE,ALTA,RESUELTO,150125,Coincidencia exacta y única por nombre
6.0,C,FONAFE,ORGANO ENCARGADO DE ELABORAR EL PMI DEL SERVICIO DE AGUA POTABLE Y ALCANTARILLADO DELIMA S.A. - SEDAPAL,2305241.0,,PROYECTO DE INVERSION,"AMPLIACIÓN Y MEJORAMIENTO DE LOS SISTEMAS DE AGUA POTABLE Y ALCANTARILLADO DE LOS SECTORES 311-313-330-310-312-314-300-307-319-324 Y 301 - NUEVA RINCONADA - DISTRITOS DE SAN JUAN DE MIRAFLORES, VILLA MARÍA DEL TRIUNFO Y VILLA EL SALVADOR",SANEAMIENTO,SANEAMIENTO,SANEAMIENTO URBANO,1754976269,1103714415,179167287,179167287.0,105910391.0,0.0,0.0,Cartera_260824-124021.xlsx,,,,NO,NO,FALLIDO,BAJA,REVISAR_CONFLICTO,,Múltiples distritos detectados en el nombre | Datos PMI no cruzaron con GPKG (- TODOS - - LIMA)
7.0,C,FONAFE,ORGANO ENCARGADO DE ELABORAR EL PMI DEL SERVICIO DE AGUA POTABLE Y ALCANTARILLADO DELIMA S.A. - SEDAPAL,2423031.0,,PROYECTO DE INVERSION,"ESQUEMA CAJAMARQUILLA, NIEVERIA Y CERRO CAMOTE - AMPLIACIÓN DE LOS SISTEMAS DE AGUA POTABLE Y ALCANTARILLADO DE LOS SECTORES 129, 130, 131, 132, 133, 134 Y 135 - DISTRITO LURIGANCHO Y SAN ANTONIO DE HUAROCHIRI",SANEAMIENTO,SANEAMIENTO,SANEAMIENTO URBANO,1217873969,606321041,58005894,58005894.0,260132770.0,281466107.0,8460082.0,Cartera_260824-124021.xlsx,,,,NO,NO,FALLIDO,BAJA,REVISAR_CONFLICTO,,"No se detectó patrón ""DISTRITO DE"" en el nombre | Datos PMI no cruzaron con GPKG (- TODOS - - - TODOS -)"
8.0,A,FONAFE,ORGANO ENCARGADO DE ELABORAR EL PMI DEL SERVICIO DE AGUA POTABLE Y ALCANTARILLADO DELIMA S.A. - SEDAPAL,2305264.0,,PROYECTO DE INVERSION,INSTALACION  DE LOS SISTEMAS DE AGUA POTABLE Y ALCANTARILLADO PARA LOS PUEBLOS DE LA MARGEN DERECHA E IZQUIERDA DEL PRIMER SECTOR  DE CIENEGUILLA-DISTRITO CIENEGUILLA,SANEAMIENTO,SANEAMIENTO,SANEAMIENTO URBANO,80166149,78092341,2073808,157079.0,0.0,0.0,0.0,Cartera_260824-124021.xlsx,,150109,150109,SI,SI,VALIDADO_PMI_POR_CUI,ALTA,RESUELTO,,"No se detectó patrón ""DISTRITO DE"" en el nombre | Validado por PMI: CIENEGUILLA"
8.0,C,FONAFE,ORGANO ENCARGADO DE ELABORAR EL PMI DEL SERVICIO DE AGUA POTABLE Y ALCANTARILLADO DELIMA S.A. - SEDAPAL,2031099.0,,PROYECTO DE INVERSION,"AMPLIACION Y MEJORAMIENTO DEL SISTEMA DE AGUA POTABLE Y ALCANTARILLADO ESQUEMA 7MO, 9NO Y 10MO SECTOR DE VILLA EL SALVADOR-CODIMUVES",SANEAMIENTO,SANEAMIENTO,SANEAMIENTO URBANO,99937291,1952176,1108591,1108591.0,1277772.0,30267290.0,59255102.0,Cartera_260824-124021.xlsx,,150142,150142,SI,SI,VALIDADO_PMI_POR_CUI,ALTA,RESUELTO,,"No se detectó patrón ""DISTRITO DE"" en el nombre | Validado por PMI: VILLA EL SALVADOR"
9.0,A,FONAFE,ORGANO ENCARGADO DE ELABORAR EL PMI DEL SERVICIO DE AGUA POTABLE Y ALCANTARILLADO DELIMA S.A. - SEDAPAL,2403501.0,,PROYECTO DE INVERSION,MEJORAMIENTO Y AMPLIACION DE LOS SISTEMAS DE AGUA POTABLE Y ALCANTARILLADO PARA EL A. H. INCAHUASI - PAMPA DE COMAS -  DISTRITO DE COMAS - PROVINCIA DE LIMA - DEPARTAMENTO DE LIMA,SANEAMIENTO,SANEAMIENTO,SANEAMIENTO URBANO,100161388,85182706,1208414,120012.0,0.0,0.0,0.0,Cartera_260824-124021.xlsx,150110,,150110,,,EXTRAIDO_DESDE_NOMBRE,ALTA,RESUELTO,150110,Coincidencia resuelta usando provincia LIMA
9.0,C,FONAFE,ORGANO ENCARGADO DE ELABORAR EL PMI DEL SERVICIO DE AGUA POTABLE Y ALCANTARILLADO DELIMA S.A. - SEDAPAL,2494306.0,104656.0,INVERSIONES IOARR,"CONSTRUCCION DE COLECTOR PRIMARIO; EN EL(LA) TRAMO DEL COLECTOR CIRCUNVALACIÓN DESDE LA AV. SANTIAGO DE SURCO CON AV. LOS PROCERES DISTRITO SANTIAGO DE SURCO HASTA LA AV. SANTA ROSA CON AV. SANTA TERESA  DISTRITO DE CHORRILLOS, PROVINCIA LIMA, DEPARTAMENTO LIMA",SANEAMIENTO,SANEAMIENTO,SANEAMIENTO URBANO,728470826,2240487,125566257,125566257.0,174088125.0,79428725.0,137055584.0,Cartera_260824-124021.xlsx,150108,,150108,,,EXTRAIDO_DESDE_NOMBRE,ALTA,RESUELTO,150108,Coincidencia exacta y única por nombre
10.0,C,FONAFE,ORGANO ENCARGADO DE ELABORAR EL PMI DEL SERVICIO DE AGUA POTABLE Y ALCANTARILLADO DELIMA S.A. - SEDAPAL,2414007.0,10727.0,PROYECTO DE INVERSION,AMPLIACION DE REDES SECUNDARIAS Y CONEXIONES DOMICILIARIAS DE AGUA POTABLE Y ALCANTARILLADO PARA LA ASOCIACIÓN SAN JUAN BAUTISTA DE MUSA 4TA ETAPA Y 5TA ETAPA  DISTRITO DE LA MOLINA - PROVINCIA DE LIMA - DEPARTAMENTO DE LIMA,SANEAMIENTO,SANEAMIENTO,SANEAMIENTO URBANO,1009994,208841,0,0.0,0.0,0.0,0.0,Cartera_260824-124021.xlsx,150114,,150114,,,EXTRAIDO_DESDE_NOMBRE,ALTA,RESUELTO,150114,Coincidencia exacta y única por nombre
11.0,D,FONAFE,ORGANO ENCARGADO DE ELABORAR EL PMI DEL SERVICIO DE AGUA POTABLE Y ALCANTARILLADO DELIMA S.A. - SEDAPAL,2389329.0,,PROYECTO DE INVERSION,"MEJORAMIENTO Y AMPLIACION DE LOS SISTEMAS DE AGUA POTABLE Y ALCANTARILLADO  PARA EL ESQUEMA LOS CHANCAS - LA ENCALADA,  DISTRITO DE SANTA ANITA - PROVINCIA DE LIMA - DEPARTAMENTO DE LIMA;  DISTRITO DE EL AGUSTINO - PROVINCIA DE LIMA - DEPARTAMENTO DE LIMA",SANEAMIENTO,SANEAMIENTO,SANEAMIENTO URBANO,140855228,3530276,0,0.0,47560300.0,72889100.0,16875552.0,Cartera_260824-124021.xlsx,150137,,150137,,,EXTRAIDO_DESDE_NOMBRE,ALTA,RESUELTO,150137,Coincidencia exacta y única por nombre
12.0,B2,FONAFE,ORGANO ENCARGADO DE ELABORAR EL PMI DEL SERVICIO DE AGUA POTABLE Y ALCANTARILLADO DELIMA S.A. - SEDAPAL,2168014.0,,PROYECTO DE INVERSION,"AMPLIACION DE LAS FUENTES DE AGUA  PARA EL ABASTECIMIENTO DE AGUA POTABLE AL DISTRITO DE LA MOLINA, Y PARTE DE LOS DISTRITOS DE SANTA ANITA Y ATE",SANEAMIENTO,SANEAMIENTO,SANEAMIENTO URBANO,41569815,1871494,0,,3544772.0,36153549.0,0.0,Cartera_260824-124021.xlsx,,,,NO,NO,FALLIDO,BAJA,REVISAR_CONFLICTO,,Múltiples distritos detectados en el nombre | Datos PMI no cruzaron con GPKG ( - )
13.0,B1,FONAFE,ORGANO ENCARGADO DE ELABORAR EL PMI DEL SERVICIO DE AGUA POTABLE Y ALCANTARILLADO DELIMA S.A. - SEDAPAL,2413128.0,,PROYECTO DE INVERSION,CREACION DE CAPTACIÓN POR GALERÍAS FILTRANTES DE LA FUENTE DE AGUA DEL RÍO RÍMAC EN LOS DISTRITOS DE CHACLACAYO Y LURIGANCHO DE LA  PROVINCIA DE LIMA - DEPARTAMENTO DE LIMA,SANEAMIENTO,SANEAMIENTO,SANEAMIENTO URBANO,28709352,1280192,0,,27429160.0,0.0,0.0,Cartera_260824-124021.xlsx,,,,NO,NO,FALLIDO,BAJA,REVISAR_CONFLICTO,,Múltiples distritos detectados en el nombre | Datos PMI no cruzaron con GPKG ( - )
14.0,B2,FONAFE,ORGANO ENCARGADO DE ELABORAR EL PMI DEL SERVICIO DE AGUA POTABLE Y ALCANTARILLADO DELIMA S.A. - SEDAPAL,2503197.0,,INVERSIONES IOARR,"RENOVACION DE LÍNEA DE IMPULSIÓN; EN EL(LA) TRAMO COMPRENDIDO DE LA CÁMARA DE REBOMBEO CR-306 AL RESERVORIO R-11C  DISTRITO DE SAN JUAN DE MIRAFLORES, PROVINCIA LIMA, DEPARTAMENTO LIMA",SANEAMIENTO,SANEAMIENTO,SANEAMIENTO URBANO,3012045,127090,0,,1659186.0,1225769.0,0.0,Cartera_260824-124021.xlsx,150133,,150133,,,EXTRAIDO_DESDE_NOMBRE,ALTA,RESUELTO,150133,Coincidencia exacta y única por nombre
15.0,D,FONAFE,ORGANO ENCARGADO DE ELABORAR EL PMI DEL SERVICIO DE AGUA POTABLE Y ALCANTARILLADO DELIMA S.A. - SEDAPAL,2466927.0,45415.0,PROYECTO DE INVERSION,MEJORAMIENTO DEL SISTEMA DE REGULACIÓN DE LOS SECTORES ABASTECIDOS POR LOS RESERVORIOS DE GRAN CAPACIDAD LA MENACHO Y VICENTELO EN EL  DISTRITO DE EL AGUSTINO - PROVINCIA DE LIMA - DEPARTAMENTO DE LIMA,SANEAMIENTO,SANEAMIENTO,SANEAMIENTO URBANO,667706499,5054020,0,0.0,76009929.0,92010832.0,224320381.0,Cartera_260824-124021.xlsx,150111,,150111,,,EXTRAIDO_DESDE_NOMBRE,ALTA,RESUELTO,150111,Coincidencia exacta y única por nombre
16.0,B2,FONAFE,ORGANO ENCARGADO DE ELABORAR EL PMI DEL SERVICIO DE AGUA POTABLE Y ALCANTARILLADO DELIMA S.A. - SEDAPAL,2436433.0,,INVERSIONES IOARR,"RENOVACIÓN DE PANTALLAS; EN EL(LA) CAUCE DEL RÍO RIMAC EN LA LOCALIDAD EL AGUSTINO, DISTRITO DE EL AGUSTINO, PROVINCIA LIMA, DEPARTAMENTO LIMA",SANEAMIENTO,SANEAMIENTO,SANEAMIENTO URBANO,50888991,2113427,0,,5183414.0,43592150.0,0.0,Cartera_260824-124021.xlsx,150111,,150111,,,EXTRAIDO_DESDE_NOMBRE,ALTA,RESUELTO,150111,Coincidencia exacta y única por nombre
17.0,B2,FONAFE,ORGANO ENCARGADO DE ELABORAR EL PMI DEL SERVICIO DE AGUA POTABLE Y ALCANTARILLADO DELIMA S.A. - SEDAPAL,2522916.0,,INVERSIONES IOARR,"RENOVACION DE RED SECUNDARIA Y CONEXIONES DOMICILIARIAS; EN EL(LA) SISTEMA DE AGUA POTABLE Y ALCANTARILLADO DEL A.A.H.H.  SANTA ROSA DE MIRONES ALTO  DISTRITO DE LIMA, PROVINCIA LIMA, DEPARTAMENTO LIMA",SANEAMIENTO,SANEAMIENTO,SANEAMIENTO URBANO,6931912,570052,0,,1907394.0,4454466.0,0.0,Cartera_260824-124021.xlsx,150101,,150101,,,EXTRAIDO_DESDE_NOMBRE,ALTA,RESUELTO,150101,Coincidencia exacta y única por nombre
18.0,C,FONAFE,ORGANO ENCARGADO DE ELABORAR EL PMI DEL SERVICIO DE AGUA POTABLE Y ALCANTARILLADO DELIMA S.A. - SEDAPAL,2409966.0,,PROYECTO DE INVERSION,MEJORAMIENTO Y AMPLIACION DE LOS SISTEMAS DE AGUA POTABLE Y ALCANTARILLADO  DISTRITO DE LURIN - PROVINCIA DE LIMA - DEPARTAMENTO DE LIMA,SANEAMIENTO,SANEAMIENTO,SANEAMIENTO URBANO,732476398,18477170,45657329,45657329.0,109577556.0,109577559.0,9131463.0,Cartera_260824-124021.xlsx,150119,,150119,,,EXTRAIDO_DESDE_NOMBRE,ALTA,RESUELTO,150119,Coincidencia exacta y única por nombre
19.0,E,FONAFE,ORGANO ENCARGADO DE ELABORAR EL PMI DEL SERVICIO DE AGUA POTABLE Y ALCANTARILLADO DELIMA S.A. - SEDAPAL,2423757.0,4547.0,INVERSIONES IOARR,"RENOVACIÓN DE EMISOR; EN EL(LA) EMISOR VENECIA EN LA LOCALIDAD VILLA EL SALVADOR, DISTRITO DE VILLA EL SALVADOR, PROVINCIA LIMA, DEPARTAMENTO LIMA",SANEAMIENTO,SANEAMIENTO,SANEAMIENTO URBANO,39138625,1630212,2474950,2474950.0,1060693.0,0.0,0.0,Cartera_260824-124021.xlsx,150142,,150142,,,EXTRAIDO_DESDE_NOMBRE,ALTA,RESUELTO,150142,Coincidencia exacta y única por nombre
20.0,B3,FONAFE,ORGANO ENCARGADO DE ELABORAR EL PMI DEL SERVICIO DE AGUA POTABLE Y ALCANTARILLADO DELIMA S.A. - SEDAPAL,2280305.0,,PROYECTO DE INVERSION,"CREACION DE NUEVA PLANTA DE TRATAMIENTO DE LOS EFLUENTES DE LOS DECANTADORES DE LAS PLANTAS DE TRATAMIENTO N° 1 Y N° 2, LA ATARJEA DEL DISTRITO DE EL AGUSTINO - PROVINCIA DE LIMA - DEPARTAMENTO DE LIMA",SANEAMIENTO,SANEAMIENTO,SANEAMIENTO URBANO,80689638,1405838,0,,4875222.0,49994011.0,24414567.0,Cartera_260824-124021.xlsx,150111,,150111,,,EXTRAIDO_DESDE_NOMBRE,ALTA,RESUELTO,150111,Coincidencia exacta y única por nombre
21.0,B2,FONAFE,ORGANO ENCARGADO DE ELABORAR EL PMI DEL SERVICIO DE AGUA POTABLE Y ALCANTARILLADO DELIMA S.A. - SEDAPAL,2395479.0,,INVERSIONES IOARR,"RENOVACIÓN DE PTAR Y TANQUES DIGESTORES DE LODO O AGUAS RESIDUALES; EN EL(LA) PLANTA DE TRATAMIENTO DE AGUAS RESIDUALES EN EL JOCKEY  DISTRITO DE SANTIAGO DE SURCO, PROVINCIA LIMA, DEPARTAMENTO LIMA",SANEAMIENTO,SANEAMIENTO,SANEAMIENTO URBANO,17463612,1275014,0,,4035312.0,12153286.0,0.0,Cartera_260824-124021.xlsx,150140,,150140,,,EXTRAIDO_DESDE_NOMBRE,ALTA,RESUELTO,150140,Coincidencia exacta y única por nombre
22.0,F,FONAFE,ORGANO ENCARGADO DE ELABORAR EL PMI DEL SERVICIO DE AGUA POTABLE Y ALCANTARILLADO DELIMA S.A. - SEDAPAL,2577501.0,,INVERSIONES IOARR,"REPARACION DE ESTACION DE BOMBEO DE DESAGÜE; EN EL(LA) CD-65 DEL  DISTRITO DE CHORRILLOS, PROVINCIA LIMA, DEPARTAMENTO LIMA",SANEAMIENTO,SANEAMIENTO,SANEAMIENTO URBANO,7983422,212507,0,0.0,394657.0,7376258.0,0.0,Cartera_260824-124021.xlsx,150108,,150108,,,EXTRAIDO_DESDE_NOMBRE,ALTA,RESUELTO,150108,Coincidencia exacta y única por nombre
23.0,B1,FONAFE,ORGANO ENCARGADO DE ELABORAR EL PMI DEL SERVICIO DE AGUA POTABLE Y ALCANTARILLADO DELIMA S.A. - SEDAPAL,2576452.0,,INVERSIONES IOARR,"CONSTRUCCION DE SISTEMA DE BOMBEO; EN EL(LA) PTAR VENTANILLA PARA LA ADECUADA DISPOSICION FINAL DE SUS EFLUENTES -  DISTRITO DE VENTANILLA, PROVINCIA CONSTITUCIONAL DEL CALLAO, DEPARTAMENTO CALLAO",SANEAMIENTO,SANEAMIENTO,SANEAMIENTO URBANO,29257579,1578467,27662861,27662860.0,16251.0,0.0,0.0,Cartera_260824-124021.xlsx,070106,,070106,,,EXTRAIDO_DESDE_NOMBRE,ALTA,RESUELTO,070106,Coincidencia exacta y única por nombre
24.0,D,FONAFE,ORGANO ENCARGADO DE ELABORAR EL PMI DEL SERVICIO DE AGUA POTABLE Y ALCANTARILLADO DELIMA S.A. - SEDAPAL,2531528.0,101948.0,INVERSIONES IOARR,"ADQUISICION DE SISTEMA SCADA; EN EL(LA) COP LA ATARJEA DE SEDAPAL -  DISTRITO DE EL AGUSTINO, PROVINCIA LIMA, DEPARTAMENTO LIMA",SANEAMIENTO,SANEAMIENTO,SANEAMIENTO URBANO,27737590,0,12224404,12224404.0,15513186.0,0.0,0.0,Cartera_260824-124021.xlsx,150111,,150111,,,EXTRAIDO_DESDE_NOMBRE,ALTA,RESUELTO,150111,Coincidencia exacta y única por nombre
25.0,B3,FONAFE,ORGANO ENCARGADO DE ELABORAR EL PMI DEL SERVICIO DE AGUA POTABLE Y ALCANTARILLADO DELIMA S.A. - SEDAPAL,2481690.0,,INVERSIONES IOARR,"RENOVACION DE ESTACION DE BOMBEO DE DESAGÜE; EN EL(LA) CD-040, CD-042, CD-044, CD-053, CD-058, CD-067, CD-083, CD-089 DE LA ADMINISTRACIÓN DEL CENTRO DE SERVICIOS DE LA GERENCIA DE SERVICIOS NORTE EN EL  DISTRITO DE CALLAO, PROVINCIA PROVINCIA CONSTITUCIONAL DEL CALLAO, DEPARTAMENTO CALLAO",SANEAMIENTO,SANEAMIENTO,SANEAMIENTO URBANO,74194304,1419872,0,,3566522.0,57645044.0,11562866.0,Cartera_260824-124021.xlsx,070101,,070101,,,EXTRAIDO_DESDE_NOMBRE,ALTA,RESUELTO,070101,Coincidencia exacta y única por nombre
26.0,E,FONAFE,ORGANO ENCARGADO DE ELABORAR EL PMI DEL SERVICIO DE AGUA POTABLE Y ALCANTARILLADO DELIMA S.A. - SEDAPAL,2361412.0,,PROYECTO DE INVERSION,CREACION DE LA PLANTA N° 03 DEL SISTEMA DE PRODUCCIÓN DE AGUA POTABLE DE LA ATARJEA EL AGUSTINO - DISTRITO DE EL AGUSTINO - PROVINCIA DE LIMA - DEPARTAMENTO DE LIMA,SANEAMIENTO,SANEAMIENTO,SANEAMIENTO URBANO,83085872,0,1908158,1908158.0,81177714.0,0.0,0.0,Cartera_260824-124021.xlsx,150111,,150111,,,EXTRAIDO_DESDE_NOMBRE,ALTA,RESUELTO,150111,Coincidencia exacta y única por nombre
27.0,F,FONAFE,ORGANO ENCARGADO DE ELABORAR EL PMI DEL SERVICIO DE AGUA POTABLE Y ALCANTARILLADO DELIMA S.A. - SEDAPAL,2611775.0,224010.0,PROYECTO DE INVERSION,"CREACION DEL SERVICIO DE AGUA POTABLE URBANO EN FUENTE DE AGUA POR EXTRACCION Y RECARGA ARTIFICIAL , INDUCIDA EN EL VALLE DEL RIO RIMAC,   DISTRITOS DE LURIGANCHO, CHACLACAYO DE LA PROVINCIA DE LIMA DEL DEPARTAMENTO DE LIMA",SANEAMIENTO,SANEAMIENTO,SANEAMIENTO URBANO,611764644,0,4593204,4593204.0,19597440.0,25371886.0,183060899.0,Cartera_260824-124021.xlsx,,,,NO,NO,FALLIDO,BAJA,REVISAR_CONFLICTO,,Múltiples distritos detectados en el nombre | Datos PMI no cruzaron con GPKG (- TODOS - - - TODOS -)
28.0,E,FONAFE,ORGANO ENCARGADO DE ELABORAR EL PMI DEL SERVICIO DE AGUA POTABLE Y ALCANTARILLADO DELIMA S.A. - SEDAPAL,2413676.0,,PROYECTO DE INVERSION,"AMPLIACION DE LOS SISTEMAS DE AGUA POTABLE Y ALCANTARILLADO DEL ESQUEMA QUEBRADA DE MANCHAY - 2DA ETAPA  DISTRITO DE PACHACAMAC,  DISTRITO DE VILLA MARIA DEL TRIUNFO, DISTRITO DE LA MOLINA - PROVINCIA DE LIMA - DEPARTAMENTO DE LIMA",SANEAMIENTO,SANEAMIENTO,SANEAMIENTO URBANO,323272545,11049214,15283515,15283515.0,0.0,1.0,0.0,Cartera_260824-124021.xlsx,150123,,150123,,,EXTRAIDO_DESDE_NOMBRE,ALTA,RESUELTO,150123,Coincidencia exacta y única por nombre
29.0,F,FONAFE,ORGANO ENCARGADO DE ELABORAR EL PMI DEL SERVICIO DE AGUA POTABLE Y ALCANTARILLADO DELIMA S.A. - SEDAPAL,2662711.0,295204.0,PROYECTO DE INVERSION,"CREACION DEL SERVICIO DE AGUA POTABLE URBANO EN FUENTE DE AGUA POR GALERÍAS FILTRANTES , EN EL VALLE DEL RÍO LURÍN   DISTRITOS DE LURIN, CIENEGUILLA DE LA PROVINCIA DE LIMA DEL DEPARTAMENTO DE LIMA",SANEAMIENTO,SANEAMIENTO,SANEAMIENTO URBANO,24651151,0,493372,493372.0,1149628.0,0.0,0.0,Cartera_260824-124021.xlsx,,,,NO,NO,FALLIDO,BAJA,REVISAR_CONFLICTO,,Múltiples distritos detectados en el nombre | Datos PMI no cruzaron con GPKG (- TODOS - - - TODOS -)
30.0,E,FONAFE,ORGANO ENCARGADO DE ELABORAR EL PMI DEL SERVICIO DE AGUA POTABLE Y ALCANTARILLADO DELIMA S.A. - SEDAPAL,2413129.0,6292.0,PROYECTO DE INVERSION,CREACION DEL SERVICIO DE AGUA POTABLE URBANO EN FUENTE POR GALERIAS FILTRANTES VALLE RIO CHILLON   DISTRITO DE CARABAYLLO DE LA PROVINCIA DE LIMA DEL DEPARTAMENTO DE LIMA,SANEAMIENTO,SANEAMIENTO,SANEAMIENTO URBANO,35054079,435146,1015342,1015342.0,0.0,1.0,0.0,Cartera_260824-124021.xlsx,,150106,150106,SI,SI,VALIDADO_PMI_POR_CUI,ALTA,RESUELTO,,Distrito CARABAYLLO DE no encontrado en GPKG | Validado por PMI: CARABAYLLO
31.0,E,FONAFE,ORGANO ENCARGADO DE ELABORAR EL PMI DEL SERVICIO DE AGUA POTABLE Y ALCANTARILLADO DELIMA S.A. - SEDAPAL,2395022.0,,PROYECTO DE INVERSION,"MEJORAMIENTO Y AMPLIACION DE LOS COLECTORES PRIMARIOS EN EL AREA DE DRENAJE DE LOS COLECTORES COMAS Y CHILLÓN, DISTRITOS: CARABAYLLO, COMAS, LOS OLIVOS, SAN MARTIN DE PORRES E INDEPENDENCIA , 5 DISTRITOS DE LA PROVINCIA DE LIMA - DEPARTAMENTO DE LIMA",SANEAMIENTO,SANEAMIENTO,SANEAMIENTO URBANO,389722963,8089514,0,969597.0,1.0,1.0,1.0,Cartera_260824-124021.xlsx,,,,NO,NO,FALLIDO,BAJA,REVISAR_CONFLICTO,,Múltiples distritos detectados en el nombre | Datos PMI no cruzaron con GPKG (- TODOS - - LIMA)
32.0,E,FONAFE,ORGANO ENCARGADO DE ELABORAR EL PMI DEL SERVICIO DE AGUA POTABLE Y ALCANTARILLADO DELIMA S.A. - SEDAPAL,2395956.0,,PROYECTO DE INVERSION,MEJORAMIENTO DE LOS SISTEMAS DE AGUA POTABLE Y ALCANTARILLADO EN SECTORES DEL  DISTRITO DE LINCE - PROVINCIA DE LIMA - DEPARTAMENTO DE LIMA,SANEAMIENTO,SANEAMIENTO,SANEAMIENTO URBANO,79012899,2276967,496662,496662.0,0.0,1.0,0.0,Cartera_260824-124021.xlsx,150116,,150116,,,EXTRAIDO_DESDE_NOMBRE,ALTA,RESUELTO,150116,Coincidencia exacta y única por nombre
35.0,C,FONAFE,ORGANO ENCARGADO DE ELABORAR EL PMI DEL SERVICIO DE AGUA POTABLE Y ALCANTARILLADO DELIMA S.A. - SEDAPAL,2453404.0,,INVERSIONES IOARR,"CONSTRUCCION DE POZO DE MONITOREO; EN EL(LA) SECTOR HIDRÁULICO B, DISTRITO LURIN, DISTRITO PACHACAMAC Y DISTRITO DE CIENEGUILLA, PROVINCIA LIMA, DEPARTAMENTO LIMA",SANEAMIENTO,SANEAMIENTO,SANEAMIENTO URBANO,27585194,1234282,0,2184668.0,0.0,0.0,0.0,Cartera_260824-124021.xlsx,150109,,150109,,,EXTRAIDO_DESDE_NOMBRE,ALTA,RESUELTO,150109,Coincidencia exacta y única por nombre
44.0,B0,FONAFE,ORGANO ENCARGADO DE ELABORAR EL PMI DEL SERVICIO DE AGUA POTABLE Y ALCANTARILLADO DELIMA S.A. - SEDAPAL,2395593.0,,INVERSIONES IOARR,"RENOVACIÓN DE COLECTOR SECUNDARIO; EN EL(LA) URBANIZACIÓN LA FLORIDA DEL  DISTRITO DE RIMAC, PROVINCIA LIMA, DEPARTAMENTO LIMA",SANEAMIENTO,SANEAMIENTO,SANEAMIENTO URBANO,8033310,7502310,531000,531000.0,0.0,0.0,0.0,Cartera_260824-124021.xlsx,150128,,150128,,,EXTRAIDO_DESDE_NOMBRE,ALTA,RESUELTO,150128,Coincidencia exacta y única por nombre
45.0,B0,FONAFE,ORGANO ENCARGADO DE ELABORAR EL PMI DEL SERVICIO DE AGUA POTABLE Y ALCANTARILLADO DELIMA S.A. - SEDAPAL,2395582.0,,INVERSIONES IOARR,"RENOVACIÓN DE COLECTOR SECUNDARIO; EN EL(LA) URBANIZACIÓN AMA KELLA DEL  DISTRITO DE SAN MARTIN DE PORRES, PROVINCIA LIMA, DEPARTAMENTO LIMA",SANEAMIENTO,SANEAMIENTO,SANEAMIENTO URBANO,8132363,2881363,5251000,5251000.0,0.0,0.0,0.0,Cartera_260824-124021.xlsx,150135,,150135,,,EXTRAIDO_DESDE_NOMBRE,ALTA,RESUELTO,150135,Coincidencia exacta y única por nombre
,B3,FONAFE,ORGANO ENCARGADO DE ELABORAR EL PMI DEL SERVICIO DE AGUA POTABLE Y ALCANTARILLADO DELIMA S.A. - SEDAPAL,2323912.0,,PROYECTO DE INVERSION,"CREACION DEL NUEVO LABORATORIO DE CALIDAD DE AGUA DE SEDAPAL , LA ATARJEA, EL AGUSTINO, LIMA. DISTRITO DE EL AGUSTINO - PROVINCIA DE LIMA - REGIÓN LIMA",SANEAMIENTO,SANEAMIENTO URBANO,SANEAMIENTO,36132816,896834,0,0.0,4926266.0,24655727.0,5653990.0,Cartera_260824-124021.xlsx,150111,,150111,,,EXTRAIDO_DESDE_NOMBRE,ALTA,RESUELTO,150111,Coincidencia exacta y única por nombre
