CODIGO_UNICO,ORIGEN_CLASIFICACION,CRITERIO_INCLUSION,CODIGO_SNIP,NOMBRE_INVERSION,TIPO_INVERSION,NIVEL,SECTOR,ENTIDAD,NOMBRE_OPMI,NOMBRE_UF,NOMBRE_UEI,SEC_EJEC,NOMBRE_UEP,FUNCION,PROGRAMA,SUBPROGRAMA,DES_TIPOLOGIA,ESTADO,SITUACION,FECHA_REGISTRO,FECHA_VIABILIDAD,MARCO,MONTO_VIABLE,COSTO_ACTUALIZADO,CTRL_CONCURR,MONTO_LAUDO,MONTO_FIANZA,SALDO_EJECUTAR,REGISTRADO_PMI,PMI_ANIO_1,PMI_ANIO_2,PMI_ANIO_3,PMI_ANIO_4,PRIMER_DEVENGADO,ULTIMO_DEVENGADO,DEVEN_ACUMUL_ANIO_ANT,DEV_ANIO_ACTUAL,PIA_ANIO_ACTUAL,PIM_ANIO_ACTUAL,CERTIF_ANIO_ACTUAL,COMPROM_ANUAL_ANIO_ACTUAL,EXPEDIENTE_TECNICO,MONTO_ET_F8,TIENE_F8,ETAPA_F8,TIENE_F12B,TIENE_AVAN_FISICO,AVANCE_FISICO,AVANCE_EJECUCION,ULT_FEC_DECLA_ESTIM,FEC_INI_EJECUCION,FEC_FIN_EJECUCION,FEC_INI_EJEC_FISICA,FEC_FIN_EJEC_FISICA,INFORME_CIERRE,TIENE_F9,FEC_REG_F9,ETAPA_F9,DEPARTAMENTO,PROVINCIA,DISTRITO,UBIGEO,LATITUD,LONGITUD,ALTERNATIVA,DES_MODALIDAD,IND_IOARR_EMERG,NUM_HABITANTES_BENEF,ANIO_PROCESO,LATITUD_MEF,LONGITUD_MEF,ALTERNATIVA_MEF,FUENTE_COORDENADA,TIPO_COORDENADA,URL_FUENTE_COORDENADA,OBSERVACION_COORDENADA,ESTADO_ENRIQUECIMIENTO
2235909,OFICIAL_SANEAMIENTO,Clasificado oficialmente por el MEF en la función SANEAMIENTO,292850,"INSTALACION DEL SISTEMA AGUA POTABLE Y SANEAMIENTO EN LAS COMUNIDADES DE SAN MIGUEL DE PIÑUTANI, LACOTUYO CHOCONAPI Y LA PARCIALIDAD DE SAN PEDRO DE MOROCOLLO DEL DISTRITO DE ILAVE, PROVINCIA DE EL COLLAO - PUNO",PIP MENOR (SNIP),GL,GOBIERNOS LOCALES,MUNICIPALIDAD PROVINCIAL DE EL COLLAO,OPMI DE LA MUNICIPALIDAD PROVINCIAL DE EL COLLAO,UF DE LA MUNICIPALIDAD PROVINCIAL DE EL COLLAO,UEI DE LA MUNICIPALIDAD PROVINCIAL DE EL COLLAO,301640,MUNICIPALIDAD PROVINCIAL EL COLLAO - ILAVE,SANEAMIENTO,SANEAMIENTO,SANEAMIENTO RURAL,,ACTIVO,VIABLE,2014-04-22 00:00:00,2014-07-24 00:00:00,SNIP,711115.25,993814.36,0.0,0.0,0.0,17704.11,NO,,,,,201512,202412,976110.25,0.0,,0,,,SI,993814.36,SI,Ejecución física (C),SI,NO,,0.0,2024-09-15 18:22:01,2015-08-15 00:00:00,2025-01-06 00:00:00,2015-08-15 00:00:00,2025-01-06 00:00:00,NO,NO,,,PUNO,EL COLLAO,ILAVE,210501,-16.2344765,-69.6749664,CONSTRUCCIÓN DE UN SISTEMA DE AGUA POTABLE POR GRAVEDAD INSTALACIÓN DE BAÑOS CON ARRASTRE HIDRÁULICO CON BLOQUE BLOQUETAS  TALLER Y PROMOCIÓN DE EDUCACIÓN SANITARIA IMPLEMENTACIÓN Y CAPACITACIÓN TÉCNICA DE LA JASS,ADMINISTRACIÓN DIRECTA,NO,562,2026,0.0,0.0,CONSTRUCCIÓN DE UN SISTEMA DE AGUA POTABLE POR GRAVEDAD INSTALACIÓN DE BAÑOS CON ARRASTRE HIDRÁULICO CON BLOQUE BLOQUETAS  TALLER Y PROMOCIÓN DE EDUCACIÓN SANITARIA IMPLEMENTACIÓN Y CAPACITACIÓN TÉCNICA DE LA JASS,OPENSTREETMAP_NOMINATIM,APROXIMADA_DISTRITO,https://nominatim.openstreetmap.org,Coordenada referencial del distrito ILAVE. No representa la ubicación exacta de la infraestructura.,COMPLETADO_APROXIMADO
2209723,OFICIAL_SANEAMIENTO,Clasificado oficialmente por el MEF en la función SANEAMIENTO,212368,"INSTALACION DEL SISTEMA FAMILIAR DE TRATAMIENTO DE AGUAS RESIDUALES EN LAS COMUNIDADES Y PARCIALIDADES DE LA ZONA JORGE BASADRE Y ZONA LAGO, DISTRITO DE HUANCANE, PROVINCIA DE HUANCANE - PUNO",PIP MAYOR (SNIP),GL,GOBIERNOS LOCALES,MUNICIPALIDAD PROVINCIAL DE HUANCANE,OPMI DE LA MUNICIPALIDAD PROVINCIAL DE HUANCANE,UF DE LA MUNICIPALIDAD PROVINCIAL DE HUANCANE,UEI DE LA MUNICIPALIDAD PROVINCIAL DE HUANCANE,301645,MUNICIPALIDAD PROVINCIAL DE HUANCANE,SANEAMIENTO,SANEAMIENTO,SANEAMIENTO RURAL,,ACTIVO,VIABLE,2012-04-18 00:00:00,2014-11-28 00:00:00,SNIP,8435227.0,17801554.91,0.0,0.0,0.0,92338.94,NO,,,,,201310,201912,17709215.97,0.0,,0,,,SI,17801554.91,SI,Ejecución física (C),SI,SI,99.47,99.48,2020-12-02 12:32:42,2017-05-29 00:00:00,2019-08-10 00:00:00,2018-12-14 00:00:00,2019-08-10 00:00:00,NO,NO,,,PUNO,HUANCANE,HUANCANE,210601,-15.1842883,-69.8235022,Se plantea solucionar el tratamiento de aguas residuales con la Instalación de baños dignos con sistema Biodigestores de material noble en las Zonas Jorge Basadre y Lago en un número igual a 1875 unidades 1875 Biodigestores Capacidad 600 lts    Capacitación en educación sanitaria a los pobladores de la Comunidades y Parcialidades de las Zonas Jorge Basadre y Lago en adecuadas prácticas de higiene y el valor del agua y capacitación a los beneficiarios en el manejo adecuado del sistema de Saneamiento,ADMINISTRACIÓN INDIRECTA - POR CONTRATA,NO,5202,2026,0.0,0.0,Se plantea solucionar el tratamiento de aguas residuales con la Instalación de baños dignos con sistema Biodigestores de material noble en las Zonas Jorge Basadre y Lago en un número igual a 1875 unidades 1875 Biodigestores Capacidad 600 lts    Capacitación en educación sanitaria a los pobladores de la Comunidades y Parcialidades de las Zonas Jorge Basadre y Lago en adecuadas prácticas de higiene y el valor del agua y capacitación a los beneficiarios en el manejo adecuado del sistema de Saneamiento,OPENSTREETMAP_NOMINATIM,APROXIMADA_DISTRITO,https://nominatim.openstreetmap.org,Coordenada referencial del distrito HUANCANE. No representa la ubicación exacta de la infraestructura.,COMPLETADO_APROXIMADO
2305251,OFICIAL_SANEAMIENTO,Clasificado oficialmente por el MEF en la función SANEAMIENTO,344060,"MEJORAMIENTO DEL SERVICIO DE AGUA POTABLE Y DISPOSICION DE EXCRETAS , EN LA COMUNIDAD CAMPESINA DE CAPULLANI, PROVINCIA DE PUNO - PUNO",PIP MENOR (SNIP),GL,GOBIERNOS LOCALES,MUNICIPALIDAD PROVINCIAL DE PUNO,OPMI DE LA MUNICIPALIDAD PROVINCIAL DE PUNO,UF DE LA MUNICIPALIDAD PROVINCIAL DE PUNO,UEI DE LA MUNICIPALIDAD PROVINCIAL DE PUNO,301593,MUNICIPALIDAD PROVINCIAL DE PUNO,SANEAMIENTO,SANEAMIENTO,SANEAMIENTO RURAL,,ACTIVO,VIABLE,2015-12-21 00:00:00,2015-12-30 00:00:00,SNIP,867169.62,3256630.14,0.0,0.0,0.0,3256630.14,NO,,,,,,,0.0,0.0,,0,,,SI,3109524.4,SI,Expediente técnico (B),SI,NO,,0.0,,,,,,NO,NO,,,PUNO,PUNO,PUNO,210101,-15.8407499,-70.0284053,MEJORAMIENTO DEL SERVICIO DE AGUA POTABLE Y DISPOSICION DE EXCRETAS EN LA COMUNIDAD CAMPESINA DE CAPULLANI DISTRITO DE PUNO PROVINCIA DE PUNO  PUNO,ADMINISTRACIÓN DIRECTA,NO,234,2026,0.0,0.0,MEJORAMIENTO DEL SERVICIO DE AGUA POTABLE Y DISPOSICION DE EXCRETAS EN LA COMUNIDAD CAMPESINA DE CAPULLANI DISTRITO DE PUNO PROVINCIA DE PUNO  PUNO,OPENSTREETMAP_NOMINATIM,APROXIMADA_DISTRITO,https://nominatim.openstreetmap.org,Coordenada referencial del distrito PUNO. No representa la ubicación exacta de la infraestructura.,COMPLETADO_APROXIMADO
2318821,OFICIAL_SANEAMIENTO,Clasificado oficialmente por el MEF en la función SANEAMIENTO,355813,"MEJORAMIENTO, AMPLIACION DEL SERVICIO DE AGUA POTABLE Y SANEAMIENTO EN LOS SECTORES DE ANGOSTURA, APHARUYO Y QUEÑUANI, DISTRITO DE ANTAUTA - MELGAR - PUNO",PIP MAYOR (SNIP),GL,GOBIERNOS LOCALES,MUNICIPALIDAD DISTRITAL DE ANTAUTA,OPMI DE LA MUNICIPALIDAD DISTRITAL DE ANTAUTA,UF DE LA MUNICIPALIDAD DISTRITAL DE ANTAUTA,UEI DE LA MUNICIPALIDAD DISTRITAL DE ANTAUTA,301664,MUNICIPALIDAD DISTRITAL DE ANTAUTA,SANEAMIENTO,SANEAMIENTO,SANEAMIENTO RURAL,,ACTIVO,VIABLE,2016-04-28 00:00:00,2016-06-06 00:00:00,SNIP,1800586.0,2514109.0,0.0,0.0,0.0,3009.98,NO,,,,,201703,201807,2511099.02,0.0,,0,,,SI,2514109.0,SI,Ejecución física (C),NO,NO,,,,2017-08-17 00:00:00,2018-02-14 00:00:00,2017-08-17 00:00:00,2018-02-14 00:00:00,NO,NO,,,PUNO,MELGAR,ANTAUTA,210802,-14.2997287,-70.2919047,SISTEMA DE AGUA POTABLE CONSISTE EN MEJORAMIENTO YO CONSTRUCCION DE 17 CAPTACIONES DE LADERA DE CONCRETO ARMADO DE LO CUAL 3 CAPTACIONES SISTEMA ANGOSTURA 5 CAPTACIONES SISTEMA APHARUYO Y 9 CAPTACIONES SISTEMA QUEÑUANI CON CAUDALES MÁXIMOS DIARIOS DE LOS SISTEMAS INSTALACION DE 1323 ML DE LINEA DE CONDUCCION CON TUBERIA PVC SAP C10 D1 D1 12 Y D2 01 CAMARA DE REUNION DE CONCRETO SIMPLE fc140 kgcm2 MEJORAMIENTO YO CONSTRUCCION DE 9 RESERVORIOS DE ALMACENAMIENTO DE CONCRETO ARMADO CON CAPACIDAD DE 4 M3 1 UNIDAD 20 M3 2 UNIDAD Y 10 M3 6 UNIDAD CONSTRUCCION DE 3 CASETAS DE VALVULAS DE CONCRETO INSTALACION DE 18230 ML DE LINEA DE ADUCCION Y DISTRIBUCION DE LO CUAL LINEA DE ADUCCION CON TUBERIA PVC SAP C10 D2 EN 2300 TUBERIA PVC SAP C10 D1  EN 4800M LINEA DE DISTRIBUCION TUBERIA PVC SAP C10 D1 EN 5330M TUBERIA PVC SAP C10 D34 EN 5800M ADEMAS SE CONSTRUIRAN 8 CAJAS DE VALVULAS DE CONTROL 10 CAJAS DE VALVULA DE PURGA Y 6 CAJAS DE VALVULA DE AIRE TAMBIEN SE INSTALARAN 110 LAVADEROS MULTIUSOS CONEXIONES DOMICILIARIAS SISTEMA DE DISPOSICION DE EXCRETAS UBS CONSISTE EN LA CONSTRUCCION DE 110 CASETAS SANITARIAS O UBS DE ARRASTRE HIDRAULICO CON BIODIGESTORES AUTOLIMPIABLE DE POLIETILENO DE 600 LITROS CON MURO DE LADRILLO PANDERETA DE ARCILLA DE SOGA CM 15 X 15CM PULIDO CON CEMENTO CON COBERTURA DE TECHO DE CALAMINA GALVANIZADA PUERTA Y VENTANAS METALICAS INCLUYE INODORO LAVADEROS Y DUCHA LECHO DISECADO DE LODOS Y POZA PERCOLADOR CAPACITACIÓN EN GESTION ADMINISTRATIVA OPERATIVA Y EN EDUCACIÓN SANITARIA SE DESARROLLARAN TALLERES EN GESTION DE SERVICIOS DE SANEAMIENTO JASS Y MEJORA EFICIENTEMENTE DE LA GESTION DE OPERACIÓN Y MANTENIMIENTO FINANCIERA Y ADMINISTRATIVA TALLERES EN ADUCACION SANITARIA Y MANEJO ADECUADO DE HABITOS DE HIGIENE,ADMINISTRACIÓN DIRECTA,NO,509,2026,0.0,0.0,SISTEMA DE AGUA POTABLE CONSISTE EN MEJORAMIENTO YO CONSTRUCCION DE 17 CAPTACIONES DE LADERA DE CONCRETO ARMADO DE LO CUAL 3 CAPTACIONES SISTEMA ANGOSTURA 5 CAPTACIONES SISTEMA APHARUYO Y 9 CAPTACIONES SISTEMA QUEÑUANI CON CAUDALES MÁXIMOS DIARIOS DE LOS SISTEMAS INSTALACION DE 1323 ML DE LINEA DE CONDUCCION CON TUBERIA PVC SAP C10 D1 D1 12 Y D2 01 CAMARA DE REUNION DE CONCRETO SIMPLE fc140 kgcm2 MEJORAMIENTO YO CONSTRUCCION DE 9 RESERVORIOS DE ALMACENAMIENTO DE CONCRETO ARMADO CON CAPACIDAD DE 4 M3 1 UNIDAD 20 M3 2 UNIDAD Y 10 M3 6 UNIDAD CONSTRUCCION DE 3 CASETAS DE VALVULAS DE CONCRETO INSTALACION DE 18230 ML DE LINEA DE ADUCCION Y DISTRIBUCION DE LO CUAL LINEA DE ADUCCION CON TUBERIA PVC SAP C10 D2 EN 2300 TUBERIA PVC SAP C10 D1  EN 4800M LINEA DE DISTRIBUCION TUBERIA PVC SAP C10 D1 EN 5330M TUBERIA PVC SAP C10 D34 EN 5800M ADEMAS SE CONSTRUIRAN 8 CAJAS DE VALVULAS DE CONTROL 10 CAJAS DE VALVULA DE PURGA Y 6 CAJAS DE VALVULA DE AIRE TAMBIEN SE INSTALARAN 110 LAVADEROS MULTIUSOS CONEXIONES DOMICILIARIAS SISTEMA DE DISPOSICION DE EXCRETAS UBS CONSISTE EN LA CONSTRUCCION DE 110 CASETAS SANITARIAS O UBS DE ARRASTRE HIDRAULICO CON BIODIGESTORES AUTOLIMPIABLE DE POLIETILENO DE 600 LITROS CON MURO DE LADRILLO PANDERETA DE ARCILLA DE SOGA CM 15 X 15CM PULIDO CON CEMENTO CON COBERTURA DE TECHO DE CALAMINA GALVANIZADA PUERTA Y VENTANAS METALICAS INCLUYE INODORO LAVADEROS Y DUCHA LECHO DISECADO DE LODOS Y POZA PERCOLADOR CAPACITACIÓN EN GESTION ADMINISTRATIVA OPERATIVA Y EN EDUCACIÓN SANITARIA SE DESARROLLARAN TALLERES EN GESTION DE SERVICIOS DE SANEAMIENTO JASS Y MEJORA EFICIENTEMENTE DE LA GESTION DE OPERACIÓN Y MANTENIMIENTO FINANCIERA Y ADMINISTRATIVA TALLERES EN ADUCACION SANITARIA Y MANEJO ADECUADO DE HABITOS DE HIGIENE,OPENSTREETMAP_NOMINATIM,APROXIMADA_DISTRITO,https://nominatim.openstreetmap.org,Coordenada referencial del distrito ANTAUTA. No representa la ubicación exacta de la infraestructura.,COMPLETADO_APROXIMADO
2342822,OFICIAL_SANEAMIENTO,Clasificado oficialmente por el MEF en la función SANEAMIENTO,381528,"CREACION DEL SERVICIO DE AGUA POTABLE Y SANEAMIENTO RURAL EN LAS COMUNIDADES DE SAN JOSÉ DE QUESCA Y ALTO SAN MIGUEL ANEXO MEJANI, DISTRITO DE ARAPA - AZANGARO - PUNO",PIP MAYOR (SNIP),GL,GOBIERNOS LOCALES,MUNICIPALIDAD DISTRITAL DE ARAPA,OPMI DE LA MUNICIPALIDAD DISTRITAL DE ARAPA,UF DE LA MUNICIPALIDAD DISTRITAL DE ARAPA,UEI DE LA MUNICIPALIDAD DISTRITAL DE ARAPA,301610,MUNICIPALIDAD DISTRITAL DE ARAPA,SANEAMIENTO,SANEAMIENTO,SANEAMIENTO RURAL,,ACTIVO,VIABLE,2017-03-17 00:00:00,2017-03-19 00:00:00,SNIP,3996112.0,6610186.72,0.0,0.0,0.0,6562461.72,SI,0.0,800000.0,800000.0,800000.0,202105,202512,47725.0,0.0,,0,,,SI,6610186.72,SI,Ejecución física (C),SI,NO,,0.0,2026-08-14 10:33:50,2024-11-06 00:00:00,2037-07-31 00:00:00,2028-03-03 00:00:00,2028-10-31 00:00:00,NO,NO,,,PUNO,AZANGARO,ARAPA,210203,-15.1391169,-70.1095722,EL PROYECTO CONTEMPLA LA CONSTRUCCIÓN DE 02 CÁMARAS DE CAPTACIONES DE CONCRETO ARMADO DE 210KGCM TIPO LADERA DE MANANTIAL PARA LOS SISTEMAS POR GRAVEDAD DE HUAYLLACUNCA Y FAUCHINTAYOJ KUCHO INSTALACIÓN DE 28161 METROS DE LÍNEA DE CONDUCCIÓN 02 UNIDADES DE RESERVORIO 9M Y 2M INSTALACIÓN DE 18170 METROS LINEALES DE LÍNEA DE ADUCCIÓN 2867416 METROS LINEALES DE RED DE DISTRIBUCIÓN 1000 UNIDADES DE CÁMARA ROMPE PRESIÓN 55 METROS LINEALES DE PASE AÉREO 08 UNIDADES 04 UNIDADES DE CRUCE DE RIACHUELO INSTALACIÓN DE VÁLVULA DE CONTROL DE 2 1 12 1 Y 34 07 VÁLVULAS DE PURGA 1330 METROS DE CONEXIONES DOMICILIARIAS 133 UNIDADES DE PILETAS CONSTRUCCIÓN DE 133 UNIDADES BÁSICAS DE SANEAMIENTO CON BIODIGESTOR DE 600 LITROS Y ZANJA DE INFILTRACIÓN DE 3 METROS CON TUBERÍA CRIBADA DE 2 EVENTOS DE CAPACITACIÓN A CONSUMIDORES Y CAPACITACIÓN A OPERADORES,ADMINISTRACIÓN INDIRECTA - POR CONTRATA,NO,470,2026,0.0,0.0,EL PROYECTO CONTEMPLA LA CONSTRUCCIÓN DE 02 CÁMARAS DE CAPTACIONES DE CONCRETO ARMADO DE 210KGCM TIPO LADERA DE MANANTIAL PARA LOS SISTEMAS POR GRAVEDAD DE HUAYLLACUNCA Y FAUCHINTAYOJ KUCHO INSTALACIÓN DE 28161 METROS DE LÍNEA DE CONDUCCIÓN 02 UNIDADES DE RESERVORIO 9M Y 2M INSTALACIÓN DE 18170 METROS LINEALES DE LÍNEA DE ADUCCIÓN 2867416 METROS LINEALES DE RED DE DISTRIBUCIÓN 1000 UNIDADES DE CÁMARA ROMPE PRESIÓN 55 METROS LINEALES DE PASE AÉREO 08 UNIDADES 04 UNIDADES DE CRUCE DE RIACHUELO INSTALACIÓN DE VÁLVULA DE CONTROL DE 2 1 12 1 Y 34 07 VÁLVULAS DE PURGA 1330 METROS DE CONEXIONES DOMICILIARIAS 133 UNIDADES DE PILETAS CONSTRUCCIÓN DE 133 UNIDADES BÁSICAS DE SANEAMIENTO CON BIODIGESTOR DE 600 LITROS Y ZANJA DE INFILTRACIÓN DE 3 METROS CON TUBERÍA CRIBADA DE 2 EVENTOS DE CAPACITACIÓN A CONSUMIDORES Y CAPACITACIÓN A OPERADORES,OPENSTREETMAP_NOMINATIM,APROXIMADA_DISTRITO,https://nominatim.openstreetmap.org,Coordenada referencial del distrito ARAPA. No representa la ubicación exacta de la infraestructura.,COMPLETADO_APROXIMADO
2309742,OFICIAL_SANEAMIENTO,Clasificado oficialmente por el MEF en la función SANEAMIENTO,330569,"MEJORAMIENTO DE LOS SERVICIOS  DE AGUA POTABLE Y TRATAMIENTO DE  EXCRETAS EN LA PARCIALIDAD  CENTRAL  ACCOPATA, DISTRITO DE CARACOTO - SAN ROMAN - PUNO",PIP MAYOR (SNIP),GL,GOBIERNOS LOCALES,MUNICIPALIDAD DISTRITAL DE CARACOTO,OPMI DE LA MUNICIPALIDAD DISTRITAL DE CARACOTO,UF DE LA MUNICIPALIDAD DISTRITAL DE CARACOTO,UEI DE LA MUNICIPALIDAD DISTRITAL DE CARACOTO,301684,MUNICIPALIDAD DISTRITAL DE CARACOTO,SANEAMIENTO,SANEAMIENTO,SANEAMIENTO RURAL,,ACTIVO,VIABLE,2015-08-16 00:00:00,2015-11-02 00:00:00,SNIP,3383618.0,3738602.62,0.0,0.0,0.0,348392.19,NO,,,,,201612,202112,3390210.43,0.0,,0,,,SI,3419422.61,SI,Ejecución física (C),SI,SI,100.0,99.81,2021-08-04 09:48:49,2015-12-28 00:00:00,2023-07-15 00:00:00,2020-01-15 00:00:00,2021-06-12 00:00:00,NO,NO,,,PUNO,SAN ROMAN,CARACOTO,211104,-15.5678983,-70.1024942,INSTALACIÓN DE SISTEMA DE AGUA POTABLE A TRAVÉS DE SISTEMA DE CAPTACIÓN DE POZOS ANILLADOS SUBTERRÁNEOS CON FILTROS Y SISTEMA DE IMPULSIÓN A TANQUE ELEVADO CON ELECTRO BOMBAS ACCIONADO POR ENERGIA CONVENCIONAL CON CONEXIÓN A SSHH Y DUCHAS COCINA EN EL ÁMBITO DEL PROYECTO Y UN SISTEMA DE TRATAMIENTO DE EXCRETAS CON LA TECNOLOGIA DE BAÑOS ECOLOGICOS CONSISTENTE TASA TURCA CON SEPARADORES DE ORIN EXCRETAS Y DUCHAS CON CAMARAS DE PERCOLACION ERMETICO COMPLEMENTADO CON UN PROGRAMA DE CAPACITACIÓN Y ACCIÓN DE MITIGACIÓN AMBIENTAL GESTION DE RIESGOS,ADMINISTRACIÓN INDIRECTA - POR CONTRATA,NO,630,2026,0.0,0.0,INSTALACIÓN DE SISTEMA DE AGUA POTABLE A TRAVÉS DE SISTEMA DE CAPTACIÓN DE POZOS ANILLADOS SUBTERRÁNEOS CON FILTROS Y SISTEMA DE IMPULSIÓN A TANQUE ELEVADO CON ELECTRO BOMBAS ACCIONADO POR ENERGIA CONVENCIONAL CON CONEXIÓN A SSHH Y DUCHAS COCINA EN EL ÁMBITO DEL PROYECTO Y UN SISTEMA DE TRATAMIENTO DE EXCRETAS CON LA TECNOLOGIA DE BAÑOS ECOLOGICOS CONSISTENTE TASA TURCA CON SEPARADORES DE ORIN EXCRETAS Y DUCHAS CON CAMARAS DE PERCOLACION ERMETICO COMPLEMENTADO CON UN PROGRAMA DE CAPACITACIÓN Y ACCIÓN DE MITIGACIÓN AMBIENTAL GESTION DE RIESGOS,OPENSTREETMAP_NOMINATIM,APROXIMADA_DISTRITO,https://nominatim.openstreetmap.org,Coordenada referencial del distrito CARACOTO. No representa la ubicación exacta de la infraestructura.,COMPLETADO_APROXIMADO
2245681,OFICIAL_SANEAMIENTO,Clasificado oficialmente por el MEF en la función SANEAMIENTO,298431,"INSTALACION Y AMPLIACIÓN DEL SISTEMA DE SANEAMIENTO BÁSICO EN LAS COMUNIDADES DE CÉSAR VALLEJO, SAPAPUJIO, POTONI CANGALLI, JILA CAJAMARCA, JILA INAMPO, ANTAPARADA Y COLLPAPAMPA-VILUYO, DISTRITO DE POTONI - AZANGARO - PUNO",PIP MAYOR (SNIP),GL,GOBIERNOS LOCALES,MUNICIPALIDAD DISTRITAL DE POTONI,OPMI DE LA MUNICIPALIDAD DISTRITAL DE POTONI,UF DE LA MUNICIPALIDAD DISTRITAL DE POTONI,UEI DE LA MUNICIPALIDAD DISTRITAL DE POTONI,301616,MUNICIPALIDAD DISTRITAL DE POTONI,SANEAMIENTO,SANEAMIENTO,SANEAMIENTO RURAL,,ACTIVO,VIABLE,2014-06-25 00:00:00,2014-08-18 00:00:00,SNIP,6677527.0,7883344.88,0.0,0.0,0.0,406992.09,NO,,,,,201810,202012,7476352.79,0.0,,0,,,SI,7883344.88,SI,Ejecución física (C),SI,SI,87.32,88.02,2021-10-06 13:47:06,2017-01-02 00:00:00,2022-01-15 00:00:00,2018-11-01 00:00:00,2020-01-10 00:00:00,NO,NO,,,PUNO,AZANGARO,POTONI,210209,-14.3899129,-70.104701,COMPONENTE 1 Existencia de infraestructura del sistema de agua potable Acción Construcción sistema de agua potable por gravedad  COMPONENTE 2 Existe un sistema de evacuación de aguas servidas y excretas Acción Instalación de servicios higiénicos con arrastre hidráulico  COMPONENTE 3 Adecuado nivel de educación sanitaria y ambiental de la población Acción Programas de capacitación sanitaria y ambiental sobre adecuadas prácticas de higiene Conformación organización y capacitación de las JASS  COMPONENTE 4 Mitigación de impacto ambiental  MIA,ADMINISTRACIÓN INDIRECTA - POR CONTRATA,NO,2125,2026,0.0,0.0,COMPONENTE 1 Existencia de infraestructura del sistema de agua potable Acción Construcción sistema de agua potable por gravedad  COMPONENTE 2 Existe un sistema de evacuación de aguas servidas y excretas Acción Instalación de servicios higiénicos con arrastre hidráulico  COMPONENTE 3 Adecuado nivel de educación sanitaria y ambiental de la población Acción Programas de capacitación sanitaria y ambiental sobre adecuadas prácticas de higiene Conformación organización y capacitación de las JASS  COMPONENTE 4 Mitigación de impacto ambiental  MIA,OPENSTREETMAP_NOMINATIM,APROXIMADA_DISTRITO,https://nominatim.openstreetmap.org,Coordenada referencial del distrito POTONI. No representa la ubicación exacta de la infraestructura.,COMPLETADO_APROXIMADO
2300632,OFICIAL_SANEAMIENTO,Clasificado oficialmente por el MEF en la función SANEAMIENTO,337686,"MEJORAMIENTO Y AMPLIACION DEL SISTEMA DE AGUA POTABLE Y DISPOSICION DE EXCRETAS EN LOS SECTORES DE PHOQUERA GRANDE Y CHICHIHUAYA, DISTRITO DE QUIACA - SANDIA - PUNO",PIP MAYOR (SNIP),GL,GOBIERNOS LOCALES,MUNICIPALIDAD DISTRITAL DE QUIACA,OPMI DE LA MUNICIPALIDAD DISTRITAL DE QUIACA,UF DE LA MUNICIPALIDAD DISTRITAL DE QUIACA,UEI DE LA MUNICIPALIDAD DISTRITAL DE QUIACA,301690,MUNICIPALIDAD DISTRITAL DE QUIACA,SANEAMIENTO,SANEAMIENTO,SANEAMIENTO RURAL,,ACTIVO,VIABLE,2015-10-16 00:00:00,2016-03-08 00:00:00,SNIP,3313797.0,3396799.73,0.0,0.0,0.0,99023.18,NO,,,,,201610,201812,3297776.55,0.0,,0,,,SI,3396799.73,SI,Aprobación de consistencia o modificaciones antes de la aprobación del ET o ET (A),SI,NO,,,,,,,,NO,NO,,,PUNO,SANDIA,QUIACA,211206,-14.4222714,-69.3450165,PARA LA INFRAESTRUCTURA DE AGUA POTABLE INSTALACIÓN DE UNA CÁMARA DE CAPTACIÓN SE REALIZARA 3 CAPTACIONES 02 EN EL SECTOR DE PHOQUERA GRANDE MEDIANTE UNA ESTRUCTURA DE CONCRETO ARMADO ESTAS CAPTACIONES ES DIRECTAMENTE CON AGUA DE MANANTIAL UNA LÍNEA DE IMPULSIÓN PARA CADA UNA DE LAS CAPTACIONES SE CONSTRUIRÁ 02 PASES AÉREOS ESTOS SERÁN EN EL SECTOR DE PHOQUERA GRANDE Y UNA UNIDAD PARA EL SECTOR CHICHIHUAYA DEBIDO A LO CRÍTICO DE LA ZONA DOS UNIDADES DE RESERVORIO DE VOLUMEN 13 M3 EN EL SECTOR DE PHOQUERA GRANDE Y 01 RESERVORIO DE 09 M3 PARA CHICHIHUAYA PARA LA INFRAESTRUCTURA DE DISPOSICIÓN DE EXCRETAS INSTALACIÓN DE 155 BAÑOS CASETA Y BIODIGESTORES PARA CADA FAMILIA Y PARA 02 PARA INSTITUCIONES EDUCATIVAS PARA EL PROGRAMA DE EDUCACIÓN Y SENSIBILIZACIÓN 4 TALLERES PARA LA JASS EN CUANTO A CAPACITACIÓN TÉCNICA Y ADMINISTRATIVA 2 TALLERES PARA LA LOS USUARIOS ACERCA DE LA PRÁCTICA DE HIGIENE Y CONOCIMIENTO DE OPERACIÓN Y MANTENIMIENTO DE LAS UNIDADES BÁSICAS DE SANEAMIENTO,ADMINISTRACIÓN INDIRECTA - POR CONTRATA,NO,814,2026,0.0,0.0,PARA LA INFRAESTRUCTURA DE AGUA POTABLE INSTALACIÓN DE UNA CÁMARA DE CAPTACIÓN SE REALIZARA 3 CAPTACIONES 02 EN EL SECTOR DE PHOQUERA GRANDE MEDIANTE UNA ESTRUCTURA DE CONCRETO ARMADO ESTAS CAPTACIONES ES DIRECTAMENTE CON AGUA DE MANANTIAL UNA LÍNEA DE IMPULSIÓN PARA CADA UNA DE LAS CAPTACIONES SE CONSTRUIRÁ 02 PASES AÉREOS ESTOS SERÁN EN EL SECTOR DE PHOQUERA GRANDE Y UNA UNIDAD PARA EL SECTOR CHICHIHUAYA DEBIDO A LO CRÍTICO DE LA ZONA DOS UNIDADES DE RESERVORIO DE VOLUMEN 13 M3 EN EL SECTOR DE PHOQUERA GRANDE Y 01 RESERVORIO DE 09 M3 PARA CHICHIHUAYA PARA LA INFRAESTRUCTURA DE DISPOSICIÓN DE EXCRETAS INSTALACIÓN DE 155 BAÑOS CASETA Y BIODIGESTORES PARA CADA FAMILIA Y PARA 02 PARA INSTITUCIONES EDUCATIVAS PARA EL PROGRAMA DE EDUCACIÓN Y SENSIBILIZACIÓN 4 TALLERES PARA LA JASS EN CUANTO A CAPACITACIÓN TÉCNICA Y ADMINISTRATIVA 2 TALLERES PARA LA LOS USUARIOS ACERCA DE LA PRÁCTICA DE HIGIENE Y CONOCIMIENTO DE OPERACIÓN Y MANTENIMIENTO DE LAS UNIDADES BÁSICAS DE SANEAMIENTO,OPENSTREETMAP_NOMINATIM,APROXIMADA_DISTRITO,https://nominatim.openstreetmap.org,Coordenada referencial del distrito QUIACA. No representa la ubicación exacta de la infraestructura.,COMPLETADO_APROXIMADO
2242919,OFICIAL_SANEAMIENTO,Clasificado oficialmente por el MEF en la función SANEAMIENTO,287442,"AMPLIACION, MEJORAMIENTO DEL SERVICIO DE AGUA POTABLE Y DISPOSICIÓN SANITARIA DE EXCRETAS EN PAMPA MUNI DE C.P. MUNI, DISTRITO DE PUSI - HUANCANE - PUNO",PIP MAYOR (SNIP),GL,GOBIERNOS LOCALES,MUNICIPALIDAD DISTRITAL DE TARACO,OPMI DE LA MUNICIPALIDAD DISTRITAL DE PUSI-PUNO,UF DE LA MUNICIPALIDAD DISTRITAL DE PUSI-PUNO,UEI DE LA MUNICIPALIDAD DISTRITAL DE PUSI-PUNO,301649,MUNICIPALIDAD DISTRITAL DE PUSI,SANEAMIENTO,SANEAMIENTO,SANEAMIENTO RURAL,,ACTIVO,VIABLE,2014-02-17 00:00:00,2014-05-20 00:00:00,SNIP,3793624.0,4328092.79,0.0,0.0,0.0,378983.85,NO,,,,,201612,201712,3949108.94,0.0,,0,,,SI,4087141.21,SI,Expediente técnico (B),NO,NO,,,,,,,,NO,NO,,,PUNO,HUANCANE,PUSI,210605,-15.4418571,-69.9293619,Mejoramiento y Ampliación de sistema de agua potable por gravedad que comprende captaciones cámaras de rompe presión cámara de reunión  línea de conducción reservorio y su sistema de potabilización de agua caseta de válvulas red distribución Válvulas de Control Válvulas de Purga válvulas de aire Conexiones Domiciliarias y piletas Tipo Bateas Disposicion de excretas que comprende Instalación de 285 Unidades de Básicas de Saneamiento UBS con vio digestor taza sanitaria prefabricada una ducha muro de ladrillo mecanizado caravista ventana de madera Puerta de Madera con tablero rebajado cobertura de teja de acero galvanizado y pintada También se contempla las Campañas de Educación Sanitaria que consistirán en las diversas acciones de Promoción Capacitación y Educación Sanitaria,ADMINISTRACIÓN INDIRECTA - POR CONTRATA,NO,1568,2026,0.0,0.0,Mejoramiento y Ampliación de sistema de agua potable por gravedad que comprende captaciones cámaras de rompe presión cámara de reunión  línea de conducción reservorio y su sistema de potabilización de agua caseta de válvulas red distribución Válvulas de Control Válvulas de Purga válvulas de aire Conexiones Domiciliarias y piletas Tipo Bateas Disposicion de excretas que comprende Instalación de 285 Unidades de Básicas de Saneamiento UBS con vio digestor taza sanitaria prefabricada una ducha muro de ladrillo mecanizado caravista ventana de madera Puerta de Madera con tablero rebajado cobertura de teja de acero galvanizado y pintada También se contempla las Campañas de Educación Sanitaria que consistirán en las diversas acciones de Promoción Capacitación y Educación Sanitaria,OPENSTREETMAP_NOMINATIM,APROXIMADA_DISTRITO,https://nominatim.openstreetmap.org,Coordenada referencial del distrito PUSI. No representa la ubicación exacta de la infraestructura.,COMPLETADO_APROXIMADO
2309761,OFICIAL_SANEAMIENTO,Clasificado oficialmente por el MEF en la función SANEAMIENTO,331084,"MEJORAMIENTO DE LOS SERVICIOS  DE AGUA POTABLE Y TRATAMIENTO DE  EXCRETAS EN LA  COMUNIDAD  DE COLLANA SEGUNDA Y  COLLANA CHILLORA, DISTRITO DE CARACOTO - SAN ROMAN - PUNO",PIP MAYOR (SNIP),GL,GOBIERNOS LOCALES,MUNICIPALIDAD DISTRITAL DE CARACOTO,OPMI DE LA MUNICIPALIDAD DISTRITAL DE CARACOTO,UF DE LA MUNICIPALIDAD DISTRITAL DE CARACOTO,UEI DE LA MUNICIPALIDAD DISTRITAL DE CARACOTO,301684,MUNICIPALIDAD DISTRITAL DE CARACOTO,SANEAMIENTO,SANEAMIENTO,SANEAMIENTO RURAL,,ACTIVO,VIABLE,2015-08-16 00:00:00,2015-11-05 00:00:00,SNIP,5535082.0,4679798.65,0.0,0.0,0.0,3006.13,NO,,,,,201612,202112,4676792.52,0.0,,0,,,SI,4679798.65,SI,Ejecución física (C),SI,SI,100.0,100.0,2021-09-29 11:59:33,2015-11-23 00:00:00,2022-02-22 00:00:00,2020-01-08 00:00:00,2021-05-24 00:00:00,NO,NO,,,PUNO,SAN ROMAN,CARACOTO,211104,-15.5678983,-70.1024942,MEJORAMIENTO DE LOS SERVICIOS DE AGUA POTABLE Y TRATAMIENTO DE EXCRETAS EN LAS COMUNIDADES DE COLLANA CHILLORA COLLANA SEGUNDA Y SECTOR MITIPAMPA CON EL  SIGUIENTE DETALLE INSTALACIÓN DE SISTEMA DE AGUA POTABLE A TRAVÉS DE SISTEMA DE CAPTACIÓN DE POZOS ANILLADOS SUBTERRÁNEOS CON FILTROS Y SISTEMA DE IMPULSIÓN A TANQUE ELEVADO CON ELECTRO BOMBAS  ACCIONADO POR ENERGIA  RENOBABLE  CON CONEXIÓN A  SSHH Y DUCHAS COCINA EN EL ÁMBITO DEL PROYECTO Y UN SISTEMA DE TRATAMIENTO  DE  EXCRETAS  CON LA TECNOLOGIA DE BAÑOS ECOLOGICOS  CONSISTENTE TASA TURCA  CON SEPARADORES DE  ORIN EXCRETAS  Y DUCHAS  CON CAMARAS DE PERCOLACION ERMETICO  COMPLEMENTADO CON UN PROGRAMA DE CAPACITACIÓN Y ACCIÓN DE MITIGACIÓN AMBIENTAL Y  GESTION DE RIESGOS,ADMINISTRACIÓN INDIRECTA - POR CONTRATA,NO,1062,2026,0.0,0.0,MEJORAMIENTO DE LOS SERVICIOS DE AGUA POTABLE Y TRATAMIENTO DE EXCRETAS EN LAS COMUNIDADES DE COLLANA CHILLORA COLLANA SEGUNDA Y SECTOR MITIPAMPA CON EL  SIGUIENTE DETALLE INSTALACIÓN DE SISTEMA DE AGUA POTABLE A TRAVÉS DE SISTEMA DE CAPTACIÓN DE POZOS ANILLADOS SUBTERRÁNEOS CON FILTROS Y SISTEMA DE IMPULSIÓN A TANQUE ELEVADO CON ELECTRO BOMBAS  ACCIONADO POR ENERGIA  RENOBABLE  CON CONEXIÓN A  SSHH Y DUCHAS COCINA EN EL ÁMBITO DEL PROYECTO Y UN SISTEMA DE TRATAMIENTO  DE  EXCRETAS  CON LA TECNOLOGIA DE BAÑOS ECOLOGICOS  CONSISTENTE TASA TURCA  CON SEPARADORES DE  ORIN EXCRETAS  Y DUCHAS  CON CAMARAS DE PERCOLACION ERMETICO  COMPLEMENTADO CON UN PROGRAMA DE CAPACITACIÓN Y ACCIÓN DE MITIGACIÓN AMBIENTAL Y  GESTION DE RIESGOS,OPENSTREETMAP_NOMINATIM,APROXIMADA_DISTRITO,https://nominatim.openstreetmap.org,Coordenada referencial del distrito CARACOTO. No representa la ubicación exacta de la infraestructura.,COMPLETADO_APROXIMADO
2069742,HISTORICO_SALUD_Y_SANEAMIENTO,Proyecto histórico de agua/saneamiento registrado bajo la antigua función SALUD Y SANEAMIENTO,72601,"REHABILITACION Y MEJORAMIENTO DEL SISTEMA DE AGUA EN LOS CENTROS POBLADOS  JAPISSE  Y SUCUNI, DISTRITO DE CONIMA - MOHO - PUNO",PIP MAYOR (SNIP),GL,GOBIERNOS LOCALES,MUNICIPALIDAD DISTRITAL DE CONIMA,OPMI DE LA MUNICIPALIDAD DISTRITAL DE CONIMA,UF DE LA MUNICIPALIDAD DISTRITAL DE CONIMA,UEI DE LA MUNICIPALIDAD DISTRITAL DE CONIMA,301673,MUNICIPALIDAD DISTRITAL DE CONIMA,SALUD Y SANEAMIENTO,SANEAMIENTO,SANEAMIENTO GENERAL,,ACTIVO,VIABLE,2007-12-28 00:00:00,2008-01-10 00:00:00,SNIP,2002615.0,2466416.0,0.0,0.0,0.0,-0.14,NO,,,,,201209,201805,2466416.14,0.0,,0,,,SI,2466416.0,SI,Ejecución física (C),SI,NO,,,,2021-09-28 00:00:00,2021-10-29 00:00:00,2021-09-28 00:00:00,2021-10-29 00:00:00,NO,SI,2021-10-12 16:00:49,Pendiente de liquidación,PUNO,MOHO,CONIMA,210902,-15.4576993,-69.4380307,COMPRENDE DE LOS SIGUIENTES COMPONENTES POZA DE CAPTACION LINEA DE CAPTACION LINEA DE CONDUCCIONCAMARAS ROMPE PRESION RESERVORIO DE AGUA CONEXIONES DOMICILIARIAS Y TUBERIAS DE DISTRIBUCION PRIMARIA Y SECUNDARIA,,NO,2888,2026,0.0,0.0,COMPRENDE DE LOS SIGUIENTES COMPONENTES POZA DE CAPTACION LINEA DE CAPTACION LINEA DE CONDUCCIONCAMARAS ROMPE PRESION RESERVORIO DE AGUA CONEXIONES DOMICILIARIAS Y TUBERIAS DE DISTRIBUCION PRIMARIA Y SECUNDARIA,OPENSTREETMAP_NOMINATIM,APROXIMADA_DISTRITO,https://nominatim.openstreetmap.org,Coordenada referencial del distrito CONIMA. No representa la ubicación exacta de la infraestructura.,COMPLETADO_APROXIMADO
2202943,OFICIAL_SANEAMIENTO,Clasificado oficialmente por el MEF en la función SANEAMIENTO,298840,"AMPLIACIÓN Y MEJORAMIENTO DEL SERVICIO DE AGUA POTABLE Y ALCANTARILLADO EN EL CENTRO POBLADO DE SAN ANTON, DISTRITO DE PARATIA, PROVINCIA DE LAMPA, DEPARTAMENTO DE PUNO",PIP MAYOR (SNIP),GN,"VIVIENDA, CONSTRUCCION Y SANEAMIENTO","MINISTERIO DE VIVIENDA, CONSTRUCCION Y SANEAMIENTO","OPMI DEL MINISTERIO DE VIVIENDA, CONSTRUCCION Y SANEAMIENTO","UF DE LA MINISTERIO DE VIVIENDA, CONSTRUCCION Y SANEAMIENTO",UEI DE LA MUNICIPALIDAD DISTRITAL DE PARATIA,1443,PROGRAMA NACIONAL DE SANEAMIENTO RURAL,SANEAMIENTO,SANEAMIENTO,SANEAMIENTO RURAL,,ACTIVO,VIABLE,2014-07-02 00:00:00,2014-10-14 00:00:00,SNIP,4693630.0,4735595.29,0.0,15895.0,0.0,4629014.26,NO,,,,,201504,202303,106581.03,0.0,,0,,,SI,4520944.5,SI,Ejecución física (C),SI,NO,,0.0,,2021-04-01 00:00:00,2024-11-01 00:00:00,2021-04-01 00:00:00,2024-11-01 00:00:00,NO,NO,,,PUNO,LAMPA,PARATIA,210707,-15.453907,-70.5993792,EL SISTEMA DE AGUA POTABLE Se propone la Construcción de un sistema de manantial tipo ladera desde donde se conducirá al reservorio apoyado proyectado Tendrán los siguientes componentes Para la captación Construcción de 02 captación subterránea de un manantial tipo ladera Para la  conducción Instalación  de 364120 m línea de conducción Para el almacenamiento Construcción de 01 reservorio apoyado de 8 m3  y el mejoramiento del reservorio existente 18 m3 Para la distribución Instalación  de 61645  m de línea de aducción y de 222721 m red de distribución de agua Instalación de 163 conexiones domiciliarias Cambio de130 Conexiones de agua domiciliario 23 Conexiones nuevas de agua domiciliario Cambio de 3 Conexiones a instituciones educativas Cambio 01 Conexiones a centros de salud Cambio de 4 Conexiones a instituciones sociales y 02 Conexiones a instituciones sociales Instalación de 176 lavaderos  153 Lavaderos domiciliarios 9 Lavadero a instituciones educativas 02 Lavadero a centro de salud y 12 Lavaderos a Instituciones públicas SISTEMA DE DISPOSICIÓN SANITARIA Se propone la Instalación de baños de ladrillos y cemento Instalación de 179 Casetas de Unidades Básicas de Saneamiento 153 a domicilios 12 para instituciones educativas 4 UBS por cada IE 2 para el centro de salud 2 UBS por cada CS y 12 a instituciones sociales 2 UBS por cada IS se contará con los siguientes componentes Inodoro ducha y lavatorio RED DE ALCANTARILLADO La instalación de 59616 de tubería PVCUF DN 200 mm S25 para la  red de alcantarillado convencional y la construcción de 12 buzones tipo I y II PLANTA DE TRATAMIENTO DE AGUAS RESIDUALES Se propone el mejoramiento de la  Cámara de Rejas Limpieza y Tarrajeo el mejoramiento de Desarenador Limpieza y Tarrajeo la construcción de Lagunas Secundarias y la Línea de descarga final La  ubicación de la PTAR  se encuentra a una distancia de mas de 500 metros de la casa mas alejada del centro de la localidad EDUCACION SANITARIA Se propone la realización de un Programa de Educación Sanitaria sobre el buen uso del agua y de los servicios a una población de 633 habitantes MEJORA DE LA GESTION DEL SERVICIO Se propone  la realización de un Programa de Capacitación en Gestión Operación y Mantenimiento a la JASS y el Programa de Fortalecimiento Municipal  Fortalecimiento del área de servicios de saneamiento básico y ambiental rural de la Municipalidad Distrital,ADMINISTRACIÓN INDIRECTA - POR CONTRATA,NO,657,2026,0.0,0.0,EL SISTEMA DE AGUA POTABLE Se propone la Construcción de un sistema de manantial tipo ladera desde donde se conducirá al reservorio apoyado proyectado Tendrán los siguientes componentes Para la captación Construcción de 02 captación subterránea de un manantial tipo ladera Para la  conducción Instalación  de 364120 m línea de conducción Para el almacenamiento Construcción de 01 reservorio apoyado de 8 m3  y el mejoramiento del reservorio existente 18 m3 Para la distribución Instalación  de 61645  m de línea de aducción y de 222721 m red de distribución de agua Instalación de 163 conexiones domiciliarias Cambio de130 Conexiones de agua domiciliario 23 Conexiones nuevas de agua domiciliario Cambio de 3 Conexiones a instituciones educativas Cambio 01 Conexiones a centros de salud Cambio de 4 Conexiones a instituciones sociales y 02 Conexiones a instituciones sociales Instalación de 176 lavaderos  153 Lavaderos domiciliarios 9 Lavadero a instituciones educativas 02 Lavadero a centro de salud y 12 Lavaderos a Instituciones públicas SISTEMA DE DISPOSICIÓN SANITARIA Se propone la Instalación de baños de ladrillos y cemento Instalación de 179 Casetas de Unidades Básicas de Saneamiento 153 a domicilios 12 para instituciones educativas 4 UBS por cada IE 2 para el centro de salud 2 UBS por cada CS y 12 a instituciones sociales 2 UBS por cada IS se contará con los siguientes componentes Inodoro ducha y lavatorio RED DE ALCANTARILLADO La instalación de 59616 de tubería PVCUF DN 200 mm S25 para la  red de alcantarillado convencional y la construcción de 12 buzones tipo I y II PLANTA DE TRATAMIENTO DE AGUAS RESIDUALES Se propone el mejoramiento de la  Cámara de Rejas Limpieza y Tarrajeo el mejoramiento de Desarenador Limpieza y Tarrajeo la construcción de Lagunas Secundarias y la Línea de descarga final La  ubicación de la PTAR  se encuentra a una distancia de mas de 500 metros de la casa mas alejada del centro de la localidad EDUCACION SANITARIA Se propone la realización de un Programa de Educación Sanitaria sobre el buen uso del agua y de los servicios a una población de 633 habitantes MEJORA DE LA GESTION DEL SERVICIO Se propone  la realización de un Programa de Capacitación en Gestión Operación y Mantenimiento a la JASS y el Programa de Fortalecimiento Municipal  Fortalecimiento del área de servicios de saneamiento básico y ambiental rural de la Municipalidad Distrital,OPENSTREETMAP_NOMINATIM,APROXIMADA_DISTRITO,https://nominatim.openstreetmap.org,Coordenada referencial del distrito PARATIA. No representa la ubicación exacta de la infraestructura.,COMPLETADO_APROXIMADO
2187527,OFICIAL_SANEAMIENTO,Clasificado oficialmente por el MEF en la función SANEAMIENTO,254522,"MEJORAMIENTO Y AMPLIACION DE LOS SISTEMAS DE AGUA POTABLE Y DISPOSICION SANITARIA DE EXCRETAS DE LA COMUNIDAD CAMPESINA JILA ( RETIRO, INAMPO Y CENTRAL), DISTRITO ASILLO, AZANGARO, PUNO.",PIP MAYOR (SNIP),GR,GOBIERNOS REGIONALES,GOBIERNO REGIONAL PUNO,OPMI DEL GOBIERNO REGIONAL PUNO,UF DE LA GOBIERNO REGIONAL PUNO,UEI DEL PROGRAMA NACIONAL DE SANEAMIENTO RURAL,1443,PROGRAMA NACIONAL DE SANEAMIENTO RURAL,SANEAMIENTO,SANEAMIENTO,SANEAMIENTO RURAL,,ACTIVO,VIABLE,2013-03-25 00:00:00,2013-07-22 00:00:00,SNIP,5413521.0,5516940.8,0.0,0.0,0.0,75919.5,SI,30000.0,30000.0,25389.5,0.0,201402,202608,5411551.3,20480.0,30000.0,29470,29470.0,29470.0,SI,6351327.77,SI,Ejecución física (C),SI,SI,98.09,98.09,2026-02-11 11:02:35,2015-08-01 00:00:00,2028-08-01 00:00:00,2015-08-01 00:00:00,2028-08-01 00:00:00,NO,NO,,,PUNO,AZANGARO,ASILLO,210204,-14.7272398,-70.3567731,PRIMER SISTEMA   CONSTRUCCIÓN DE  UNA 01 CAPTACIONES DE AGUA FUENTE DE TIPO LADERA INSTALACIÓN DE LÍNEAS DE CONDUCCIÓN CON TUB PVC Ø63 MM C10 UNA LONGITUD DE 38404ML CONSTRUCCIÓN DE RESERVORIO APOYADO R01AP DE 2000 M3 INSTALACIÓN DE LÍNEA DE ADUCCIÓN CON TUB PVC Ø63 MM C10 UNA LONGITUD DE 3919ML INSTALACIÓN DE REDES DE DISTRIBUCIÓN CON TUB PVC Ø48 MM C10 UNA LONGITUD DE 1173395ML INSTALACIÓN DE CONEXIONES INTRADOMICILIARIAS 115 UNIDADES IMPLEMENTACIÓN DEL SISTEMA DE DESINFECCIÓN    SEGUNDO SISTEMA  CONSTRUCCIÓN DE  UNA 01 CAPTACIONES DE AGUA FUENTE DE TIPO LADERA INSTALACIÓN DE LÍNEAS DE CONDUCCIÓN CON TUB PVC Ø63 MM C10 UNA LONGITUD DE 63326ML CONSTRUCCIÓN DE RESERVORIO APOYADO R01AP DE 2500 M3 INSTALACIÓN DE LÍNEA DE ADUCCIÓN CON TUB PVC Ø48 MM C10 UNA LONGITUD DE 16304ML INSTALACIÓN DE REDES DE DISTRIBUCIÓN CON TUB PVC Ø48 MM C10 UNA LONGITUD DE 824847ML INSTALACIÓN DE CONEXIONES INTRADOMICILIARIAS 124 UNIDADES IMPLEMENTACIÓN DEL SISTEMA DE DESINFECCIÓN    IMPLEMENTACIÓN DE 240 UNIDAD BÁSICA DE SANEAMIENTOS TIPO UBS CON BIODIGESTOR Y ZANJA DE INFILTRACIÓN PROGRAMA DE FORTALECIMIENTO Y CAPACITACIÓN DE LA ATM Y JASS IMPLEMENTACIÓN DE UNA EDUCACIÓN SANITARIA EN PRÁCTICAS DE HIGIENE IMPLEMENTAR UN PROGRAMA DE CAPACITACIÓN PARA OPERACIÓN Y MANTENIMIENTO DE LAS UBS,ADMINISTRACIÓN INDIRECTA - POR CONTRATA,NO,1020,2026,0.0,0.0,PRIMER SISTEMA   CONSTRUCCIÓN DE  UNA 01 CAPTACIONES DE AGUA FUENTE DE TIPO LADERA INSTALACIÓN DE LÍNEAS DE CONDUCCIÓN CON TUB PVC Ø63 MM C10 UNA LONGITUD DE 38404ML CONSTRUCCIÓN DE RESERVORIO APOYADO R01AP DE 2000 M3 INSTALACIÓN DE LÍNEA DE ADUCCIÓN CON TUB PVC Ø63 MM C10 UNA LONGITUD DE 3919ML INSTALACIÓN DE REDES DE DISTRIBUCIÓN CON TUB PVC Ø48 MM C10 UNA LONGITUD DE 1173395ML INSTALACIÓN DE CONEXIONES INTRADOMICILIARIAS 115 UNIDADES IMPLEMENTACIÓN DEL SISTEMA DE DESINFECCIÓN    SEGUNDO SISTEMA  CONSTRUCCIÓN DE  UNA 01 CAPTACIONES DE AGUA FUENTE DE TIPO LADERA INSTALACIÓN DE LÍNEAS DE CONDUCCIÓN CON TUB PVC Ø63 MM C10 UNA LONGITUD DE 63326ML CONSTRUCCIÓN DE RESERVORIO APOYADO R01AP DE 2500 M3 INSTALACIÓN DE LÍNEA DE ADUCCIÓN CON TUB PVC Ø48 MM C10 UNA LONGITUD DE 16304ML INSTALACIÓN DE REDES DE DISTRIBUCIÓN CON TUB PVC Ø48 MM C10 UNA LONGITUD DE 824847ML INSTALACIÓN DE CONEXIONES INTRADOMICILIARIAS 124 UNIDADES IMPLEMENTACIÓN DEL SISTEMA DE DESINFECCIÓN    IMPLEMENTACIÓN DE 240 UNIDAD BÁSICA DE SANEAMIENTOS TIPO UBS CON BIODIGESTOR Y ZANJA DE INFILTRACIÓN PROGRAMA DE FORTALECIMIENTO Y CAPACITACIÓN DE LA ATM Y JASS IMPLEMENTACIÓN DE UNA EDUCACIÓN SANITARIA EN PRÁCTICAS DE HIGIENE IMPLEMENTAR UN PROGRAMA DE CAPACITACIÓN PARA OPERACIÓN Y MANTENIMIENTO DE LAS UBS,OPENSTREETMAP_NOMINATIM,APROXIMADA_DISTRITO,https://nominatim.openstreetmap.org,Coordenada referencial del distrito ASILLO. No representa la ubicación exacta de la infraestructura.,COMPLETADO_APROXIMADO
2189462,OFICIAL_SANEAMIENTO,Clasificado oficialmente por el MEF en la función SANEAMIENTO,268174,"INSTALACION Y MEJORAMIENTO DEL SERVICIO DE AGUA POTABLE Y DISPOSICION SANITARIA DE EXCRETAS EN LA PARCIALIDAD CHIPANA, DISTRITO DE KELLUYO - CHUCUITO - PUNO",PIP MAYOR (SNIP),GR,GOBIERNOS REGIONALES,GOBIERNO REGIONAL PUNO,OPMI DEL GOBIERNO REGIONAL PUNO,UF DE LA GOBIERNO REGIONAL PUNO,UEI DEL PROGRAMA NACIONAL DE SANEAMIENTO RURAL,1443,PROGRAMA NACIONAL DE SANEAMIENTO RURAL,SANEAMIENTO,SANEAMIENTO,SANEAMIENTO RURAL,,ACTIVO,VIABLE,2013-07-19 00:00:00,2013-12-03 00:00:00,SNIP,3026718.0,2212143.17,0.0,0.0,0.0,0.52,NO,,,,,201403,201812,2212142.65,0.0,,0,,,SI,2930679.09,SI,Ejecución física (C),SI,NO,,0.0,,2014-12-16 00:00:00,2018-06-17 00:00:00,2014-12-16 00:00:00,2018-06-17 00:00:00,NO,NO,,,PUNO,CHUCUITO,KELLUYO,210404,-16.7270638,-69.2499805,COMPONENTE 01 ADECUADO SERVICIO DE AGUA POTABLE    CONSTRUCCIÓN DE 02 POZOS DE TIPO CAISSON DE 20 M DE PROFUNDIDAD PARA CAPTAR 057 LPS POR POZO  INSTALACIÓN DE 78 M DE LÍNEA DE IMPULSIÓN  CONSTRUCCIÓN DE 02 RESERVORIOS DE TIPO ELEVADO DE 200 M3DE CAPACIDAD  INSTALACIÓN DE 366848 M DE LÍNEA DE ADUCCIÓN Y DISTRIBUCIÓN  INSTALACIÓN DE 106 CONEXIONES DOMICILIARIAS  IMPLEMENTACIÓN DE UN PROGRAMA DE MITIGACIÓN E IMPACTO AMBIENTAL  COMPONENTE 02 ADECUADO SERVICIO DE DISPOSICIÓN SANITARIA DE EXCRETAS    INSTALACIÓN DE 107 UNIDADES BÁSICAS DE SANEAMIENTO DE TIPO CON ARRASTRE HIDRÁULICO BAÑO CON DUCHA LAVATORIO Y URINARIO  CONSTRUCCIÓN DE 107 BIODIGESTORES DE FIBRA DE VIDRIO DE 600L DE CAPACIDAD  CONSTRUCCIÓN DE 107 ZANJAS DE INFILTRACIÓN DE 5M DE LARGO  COMPONENTE 03 CAPACIDADES DE GESTIÓN ADMINISTRACIÓN OPERACIÓN Y MANTENIMIENTO DE LOS SISTEMAS    CAPACITACIÓN DEL PERSONAL PARA OPERACIÓN Y MANTENIMIENTO DE LOS SISTEMAS DE SANEAMIENTO  CAPACITACIÓN A LOS MIEMBROS DE  LA JASS  COMPONENTE 04 PROGRAMA DE FORTALECIMIENTO DE CAPACIDADES PARA LA POBLACIÓN    CAPACITAR  Y SENSIBILIZAR A LA POBLACIÓN EN HÁBITOS DE HIGIENE USO Y CUIDADO DEL SISTEMA DE AGUA  CAPACITACIÓN A LOS BENEFICIARIOS DEL PROYECTO EN OPERACIÓN Y MANTENIMIENTO DE LAS UNIDADES BÁSICAS DE SANEAMIENTO,ADMINISTRACIÓN INDIRECTA - POR CONTRATA,NO,349,2026,0.0,0.0,COMPONENTE 01 ADECUADO SERVICIO DE AGUA POTABLE    CONSTRUCCIÓN DE 02 POZOS DE TIPO CAISSON DE 20 M DE PROFUNDIDAD PARA CAPTAR 057 LPS POR POZO  INSTALACIÓN DE 78 M DE LÍNEA DE IMPULSIÓN  CONSTRUCCIÓN DE 02 RESERVORIOS DE TIPO ELEVADO DE 200 M3DE CAPACIDAD  INSTALACIÓN DE 366848 M DE LÍNEA DE ADUCCIÓN Y DISTRIBUCIÓN  INSTALACIÓN DE 106 CONEXIONES DOMICILIARIAS  IMPLEMENTACIÓN DE UN PROGRAMA DE MITIGACIÓN E IMPACTO AMBIENTAL  COMPONENTE 02 ADECUADO SERVICIO DE DISPOSICIÓN SANITARIA DE EXCRETAS    INSTALACIÓN DE 107 UNIDADES BÁSICAS DE SANEAMIENTO DE TIPO CON ARRASTRE HIDRÁULICO BAÑO CON DUCHA LAVATORIO Y URINARIO  CONSTRUCCIÓN DE 107 BIODIGESTORES DE FIBRA DE VIDRIO DE 600L DE CAPACIDAD  CONSTRUCCIÓN DE 107 ZANJAS DE INFILTRACIÓN DE 5M DE LARGO  COMPONENTE 03 CAPACIDADES DE GESTIÓN ADMINISTRACIÓN OPERACIÓN Y MANTENIMIENTO DE LOS SISTEMAS    CAPACITACIÓN DEL PERSONAL PARA OPERACIÓN Y MANTENIMIENTO DE LOS SISTEMAS DE SANEAMIENTO  CAPACITACIÓN A LOS MIEMBROS DE  LA JASS  COMPONENTE 04 PROGRAMA DE FORTALECIMIENTO DE CAPACIDADES PARA LA POBLACIÓN    CAPACITAR  Y SENSIBILIZAR A LA POBLACIÓN EN HÁBITOS DE HIGIENE USO Y CUIDADO DEL SISTEMA DE AGUA  CAPACITACIÓN A LOS BENEFICIARIOS DEL PROYECTO EN OPERACIÓN Y MANTENIMIENTO DE LAS UNIDADES BÁSICAS DE SANEAMIENTO,OPENSTREETMAP_NOMINATIM,APROXIMADA_DISTRITO,https://nominatim.openstreetmap.org,Coordenada referencial del distrito KELLUYO. No representa la ubicación exacta de la infraestructura.,COMPLETADO_APROXIMADO
2245273,OFICIAL_SANEAMIENTO,Clasificado oficialmente por el MEF en la función SANEAMIENTO,296879,"MEJORAMIENTO Y AMPLIACION DEL SERVICIO DE AGUA POTABLE Y SANEAMIENTO BASICO INTEGRAL EN LOS SECTORES Y ANEXOS DE LA COMUNIDAD CAMPESINA DE  SAN ANTONIO, DISTRITO DE ROSASPATA - HUANCANE - PUNO",PIP MAYOR (SNIP),GL,GOBIERNOS LOCALES,MUNICIPALIDAD DISTRITAL DE ROSASPATA,OPMI DE LA MUNICIPALIDAD DISTRITAL DE ROSASPATA,UF DE LA MUNICIPALIDAD DISTRITAL DE ROSASPATA,UEI DE LA MUNICIPALIDAD DISTRITAL DE ROSASPATA,301650,MUNICIPALIDAD DISTRITAL DE ROSASPATA,SANEAMIENTO,SANEAMIENTO,SANEAMIENTO RURAL,,ACTIVO,VIABLE,2014-06-09 00:00:00,2014-06-12 00:00:00,SNIP,2632292.0,2702650.66,0.0,0.0,0.0,80703.44,NO,,,,,201510,202407,2621947.22,0.0,,0,,,SI,2702650.66,SI,Aprobación de consistencia o modificaciones antes de la aprobación del ET o ET (A),SI,NO,,0.0,,,,,,NO,NO,,,PUNO,HUANCANE,ROSASPATA,210606,-15.2344658,-69.527323,MEJORAMIENTO Y AMPLIACIÓN DE SISTEMAS DE AGUA POTABLE POR GRAVEDAD QUE COMPRENDE CONSTRUCCIÓN DE CAPTACIONES LÍNEA DE CONDUCCIÓN RESERVORIO Y SU CASETA DE VÁLVULAS VÁLVULAS DE CONTROL VÁLVULAS DE PURGA VÁLVULAS DE AIRE Y SU RED DISTRIBUCIÓN INSTALACIÓN DE SISTEMA DE CLORACIÓN Y CONEXIONES DOMICILIARIAS PILETAS TIPO BATEAS INSTALACIÓN DE 283 UNIDADES DE BÁSICAS DE SANEAMIENTO UBS TIPO BAÑOS DE ARRASTRE HIDRÁULICO CON BIODIGESTOR QUE COMPRENDE INODORO TANQUE BAJO LAVA MANOS UNA DUCHA MURO DE LADRILLO MECANIZADO CARAVISTA VENTANA METALICA PUERTA DE MADERA CON TABLERO REBAJADO COBERTURA DE TEJA DE ACERO GALVANIZADO Y PINTADA Y SISTEMA DE DESAGÜE CON BIODIGESTOR DE 700 LITROS CÁMARA DE LODOS Y POZO DE ABSORCION Y TAMBIÉN SE CONTEMPLA LAS CAMPAÑAS DE EDUCACIÓN SANITARIA QUE CONSISTIRÁN EN LAS DIVERSAS ACCIONES DE PROMOCIÓN CAPACITACIÓN Y EDUCACIÓN SANITARIA,ADMINISTRACIÓN DIRECTA,NO,1196,2026,0.0,0.0,MEJORAMIENTO Y AMPLIACIÓN DE SISTEMAS DE AGUA POTABLE POR GRAVEDAD QUE COMPRENDE CONSTRUCCIÓN DE CAPTACIONES LÍNEA DE CONDUCCIÓN RESERVORIO Y SU CASETA DE VÁLVULAS VÁLVULAS DE CONTROL VÁLVULAS DE PURGA VÁLVULAS DE AIRE Y SU RED DISTRIBUCIÓN INSTALACIÓN DE SISTEMA DE CLORACIÓN Y CONEXIONES DOMICILIARIAS PILETAS TIPO BATEAS INSTALACIÓN DE 283 UNIDADES DE BÁSICAS DE SANEAMIENTO UBS TIPO BAÑOS DE ARRASTRE HIDRÁULICO CON BIODIGESTOR QUE COMPRENDE INODORO TANQUE BAJO LAVA MANOS UNA DUCHA MURO DE LADRILLO MECANIZADO CARAVISTA VENTANA METALICA PUERTA DE MADERA CON TABLERO REBAJADO COBERTURA DE TEJA DE ACERO GALVANIZADO Y PINTADA Y SISTEMA DE DESAGÜE CON BIODIGESTOR DE 700 LITROS CÁMARA DE LODOS Y POZO DE ABSORCION Y TAMBIÉN SE CONTEMPLA LAS CAMPAÑAS DE EDUCACIÓN SANITARIA QUE CONSISTIRÁN EN LAS DIVERSAS ACCIONES DE PROMOCIÓN CAPACITACIÓN Y EDUCACIÓN SANITARIA,OPENSTREETMAP_NOMINATIM,APROXIMADA_DISTRITO,https://nominatim.openstreetmap.org,Coordenada referencial del distrito ROSASPATA. No representa la ubicación exacta de la infraestructura.,COMPLETADO_APROXIMADO
2300647,OFICIAL_SANEAMIENTO,Clasificado oficialmente por el MEF en la función SANEAMIENTO,337739,"MEJORAMIENTO Y AMPLIACION DE LOS SERVICIOS DE AGUA POTABLE Y SANEAMIENTO EN EL CENTRO POBLADO DE MULLA CONTIHUECO HIRPANI Y LA COMUNIDAD DE CORPA MAQUERA DEL DISTRITO DE ILAVE, PROVINCIA DE EL COLLAO - PUNO",PIP MAYOR (SNIP),GL,GOBIERNOS LOCALES,MUNICIPALIDAD PROVINCIAL DE EL COLLAO,OPMI DE LA MUNICIPALIDAD PROVINCIAL DE EL COLLAO,UF DE LA MUNICIPALIDAD PROVINCIAL DE EL COLLAO,UEI DE LA MUNICIPALIDAD PROVINCIAL DE EL COLLAO,301640,MUNICIPALIDAD PROVINCIAL EL COLLAO - ILAVE,SANEAMIENTO,SANEAMIENTO,SANEAMIENTO RURAL,,ACTIVO,VIABLE,2015-10-18 00:00:00,2016-05-19 00:00:00,SNIP,5362745.0,8197766.64,163955.33,0.0,0.0,867303.94,SI,879199.0,0.0,0.0,0.0,201712,202412,7482523.03,0.0,0.0,11895,11894.73,0.0,SI,8197766.64,SI,Ejecución física (C),SI,SI,98.02,95.63,2026-04-22 14:16:14,2021-09-01 00:00:00,2026-12-31 00:00:00,2023-12-15 00:00:00,2024-12-16 00:00:00,NO,NO,,,PUNO,EL COLLAO,ILAVE,210501,-16.2344765,-69.6749664,Consiste en construcción del Sistemas de agua potable mediante 07 captaciones por gravedad 01 cisterna de 23 m3 01 caseta de bombeo 21240 m línea de impulsión 208679 m línea de conducción 01 cámara de reunión 04 reservorios de 5 m3 06 reservorios de 6 m3 04 casetas de válvulas de reservorio 1505104 m de líneas de distribución 80 m de cruce de riachuelo 06 und Cruce aéreo 32 válvulas de control 249 piletas domiciliarias construcción de 249 Letrinas ecológicas de arrastre hidráulico con tanque biodigestor y realizar 03 talleres de capacitación en educación sanitaria para los beneficiarios,ADMINISTRACIÓN DIRECTA,NO,921,2026,0.0,0.0,Consiste en construcción del Sistemas de agua potable mediante 07 captaciones por gravedad 01 cisterna de 23 m3 01 caseta de bombeo 21240 m línea de impulsión 208679 m línea de conducción 01 cámara de reunión 04 reservorios de 5 m3 06 reservorios de 6 m3 04 casetas de válvulas de reservorio 1505104 m de líneas de distribución 80 m de cruce de riachuelo 06 und Cruce aéreo 32 válvulas de control 249 piletas domiciliarias construcción de 249 Letrinas ecológicas de arrastre hidráulico con tanque biodigestor y realizar 03 talleres de capacitación en educación sanitaria para los beneficiarios,OPENSTREETMAP_NOMINATIM,APROXIMADA_DISTRITO,https://nominatim.openstreetmap.org,Coordenada referencial del distrito ILAVE. No representa la ubicación exacta de la infraestructura.,COMPLETADO_APROXIMADO
2305296,OFICIAL_SANEAMIENTO,Clasificado oficialmente por el MEF en la función SANEAMIENTO,344101,"MEJORAMIENTO DEL SISTEMA DE AGUA POTABLE Y SANEAMIENTO BASICO RURAL EN EL CENTRO PABALDO DE CHOQUECHACA DISTRITO YUNGUYO, PROVINCIA DE YUNGUYO - PUNO",PIP MAYOR (SNIP),GL,GOBIERNOS LOCALES,MUNICIPALIDAD PROVINCIAL DE YUNGUYO,OPMI DE LA MUNICIPALIDAD PROVINCIAL DE YUNGUYO,UF DE LA MUNICIPALIDAD PROVINCIAL DE YUNGUYO,UEI DE LA MUNICIPALIDAD PROVINCIAL DE YUNGUYO,301694,MUNICIPALIDAD PROVINCIAL DE YUNGUYO,SANEAMIENTO,SANEAMIENTO,SANEAMIENTO RURAL,,ACTIVO,VIABLE,2015-12-20 00:00:00,2016-02-15 00:00:00,SNIP,3857000.0,7350158.13,0.0,0.0,0.0,426143.29,SI,812715.0,0.0,0.0,0.0,202007,202608,1758064.84,3561350.99,812715.0,5165950,4245577.13,3561350.99,SI,7350158.13,SI,Ejecución física (C),SI,SI,76.9,73.4,2026-08-17 21:04:24,2025-06-16 00:00:00,2026-07-01 00:00:00,2025-12-30 00:00:00,2026-09-09 00:00:00,NO,NO,,,PUNO,YUNGUYO,YUNGUYO,211301,-16.2779543,-69.1199036,COMPONENTE 01 MEJORAMIENTO DEL SERVICIO DE AGUA POTABLE CON LAS SIGUIENTES ACTIVIDADES  CAPTACION  TIPO LADERAund300 CAMARA DE REUNIONund100 LINEA DE CONDUCCIONml170800  CRP T6und200  RESERVORIO DE 25 M3und100  CASETA DE VALVULAund100  RED DE DISTRIBUCIONml1750800  CRP T7und600  VALVULA DE CONTROLund2100  CRUCE RIO 8 MLund500  CRUCE AEREO 15  MLund100  CRUCE CARRETERA 6 MLund3000  COMPONENTE 02 INSTALACION DE UNIDADES BASICAS DE SANEAMIENTO CON LAS SIGUIENTES ACTIVIDADES  CASETA DE U B Sund32900  INSTALACION DE BIODIGESTORESund32900  ZANJAS DE INFILTRACIONglb32900  COMPONENTE 03 CAPACITACION A USUARIOS Y JASS  CAPACITACION A USUARIOS EDUCACION SANITARIA  CAPACITACION A JASS GESTION DEL SERVICIO,ADMINISTRACIÓN DIRECTA,NO,1277,2026,0.0,0.0,COMPONENTE 01 MEJORAMIENTO DEL SERVICIO DE AGUA POTABLE CON LAS SIGUIENTES ACTIVIDADES  CAPTACION  TIPO LADERAund300 CAMARA DE REUNIONund100 LINEA DE CONDUCCIONml170800  CRP T6und200  RESERVORIO DE 25 M3und100  CASETA DE VALVULAund100  RED DE DISTRIBUCIONml1750800  CRP T7und600  VALVULA DE CONTROLund2100  CRUCE RIO 8 MLund500  CRUCE AEREO 15  MLund100  CRUCE CARRETERA 6 MLund3000  COMPONENTE 02 INSTALACION DE UNIDADES BASICAS DE SANEAMIENTO CON LAS SIGUIENTES ACTIVIDADES  CASETA DE U B Sund32900  INSTALACION DE BIODIGESTORESund32900  ZANJAS DE INFILTRACIONglb32900  COMPONENTE 03 CAPACITACION A USUARIOS Y JASS  CAPACITACION A USUARIOS EDUCACION SANITARIA  CAPACITACION A JASS GESTION DEL SERVICIO,OPENSTREETMAP_NOMINATIM,APROXIMADA_DISTRITO,https://nominatim.openstreetmap.org,Coordenada referencial del distrito YUNGUYO. No representa la ubicación exacta de la infraestructura.,COMPLETADO_APROXIMADO
2275299,OFICIAL_SANEAMIENTO,Clasificado oficialmente por el MEF en la función SANEAMIENTO,302278,"MEJORAMIENTO Y AMPLIACIÓN DEL SERVICIO DE AGUA POTABLE E INSTALACIÓN DE SANEAMIENTO BÁSICO EN EL CENTRO POBLADO DE PALCA, DISTRITO DE OLLACHEA, DEPARTAMENTO DE PUNO",PIP MAYOR (SNIP),GN,"VIVIENDA, CONSTRUCCION Y SANEAMIENTO","MINISTERIO DE VIVIENDA, CONSTRUCCION Y SANEAMIENTO","OPMI DEL MINISTERIO DE VIVIENDA, CONSTRUCCION Y SANEAMIENTO","UF DE LA MINISTERIO DE VIVIENDA, CONSTRUCCION Y SANEAMIENTO",UEI DEL PROGRAMA NACIONAL DE SANEAMIENTO RURAL,1443,PROGRAMA NACIONAL DE SANEAMIENTO RURAL,SANEAMIENTO,SANEAMIENTO,SANEAMIENTO RURAL,,ACTIVO,VIABLE,2014-08-27 00:00:00,2015-07-02 00:00:00,SNIP,5650237.0,4664751.84,0.0,5937.03,0.0,403628.56,NO,,,,,201511,202509,4261123.28,0.0,,0,,,SI,4463370.16,SI,Ejecución física (C),SI,SI,99.85,99.85,2022-11-15 23:10:12,2019-06-01 00:00:00,2026-07-11 00:00:00,2019-06-01 00:00:00,2026-07-11 00:00:00,NO,NO,,,PUNO,CARABAYA,OLLACHEA,210308,-13.7940318,-70.4721998,SISTEMA DE AGUA POTABLE  CONSTRUCCION DE CAPTACION TIPO  MANANTIAL DE LADERA    LÍNEA DE CONDUCCION INSTALACIÓN DE 7979 ML CONSTRUCION DE RESERVORIO APOYADO V30 M3  LÍNEA DE ADUCCION INSTALACION DE 13941ML REDES DE DISTRIBUCIÓN DE  AGUA POTABLE INSTALACIÓN DE  250393 ML DE LÍNEAS Y REDES DE DISTRIBUCIÓN DE AGUA POTABLE  CONEXIONES DOMICILIARIAS DE AGUA POTABLE INSTALACIÓN DE 138 CONEXIONES DOMICILIARIAS DE AGUA FAMILIARES 03 CONEXIONES PARA INSTITUCIONES EDUCATIVAS Y 03 CONEXIONES PARA ORGANIZACIONES SOCIALES TOTAL 204 CONEXIONES DOMICILIARIAS DE AGUA                    DISPOSICIÓN SANITARIA DE EXCRETAS  INSTALACIÓN  DE  BAÑOS COMPLETOS PARA  198  VIVIENDAS  6 PARA INSTITUCIONES EDUCATIVAS Y 3 PARA INSTITUCIONES SOCIALES TOTAL 207 BAÑOS LAS CUALES COMPRENDEN LOS SIGUIENTES COMPONENTES CONSTRUCCIÓN DE  BAÑOS COMPLETOS LAVATORIO INODORO Y DUCHA  INSTALACIÓN DE LAVADERO EXTERIOR PARA LAVADO DE ROPA INSTALACIÓN DE TUBERÍAS DE PVC  CONSTRUCCIÓN DE CAJA DE REGISTRO INSTALACION DE REDES DE ALACANTARILLADO BUZONES TIPO I Y PLANTA DE TRATAMIENTO DE AGUAS RESIDUALES            EDUCACIÓN SANITARIA  LOGRAR POSICIONAR EL TEMA DEL AGUA Y SANEAMIENTO RURAL COMO TEMA CENTRAL EN LA AGENDA PÚBLICA NACIONAL Y AL ACCIONAR DEL PNSR APLICANDO UN PLAN DE COMUNICACIÓN CON ACTORES SOCIALES GOBIERNO REGIONAL LOCAL SALUD EDUCACIÓN ETC FAMILIAS  Y COMUNIDAD PARA RELEVAR LA IMPORTANCIA DE LOS SERVICIOS DE AGUA Y SANEAMIENTO EDUCACIÓN SANITARIA Y LA NECESIDAD DE HACER SOSTENIBLE LOS SERVICIOS PRINCIPALMENTE EN LO QUE RESPECTA A LA CUOTA FAMILIAR VALORACIÓN DEL SERVICIO Y HÁBITOS DE EDUCACIÓN SANITARIA  MEJORA EN LA GESTIÓN TÉCNICA Y ADMINISTRATIVA DE LA JASS  EL COMPONENTE SOCIAL PARA LA SOSTENIBILIDAD DEL PROYECTO ESTABLECE PROCESOS QUE BUSCAN APOYAR AL GOBIERNO LOCAL A LA JASS Y POBLACIÓN DE LA LOCALIDAD EN LA FORMACIÓN Y FORTALECIMIENTO DE CAPACIDADES PARA LA ORGANIZACIÓN PLANIFICACIÓN GESTIÓN COMUNITARIA CONSTRUCCIÓN Y SUPERVISIÓN DE LA OBRA ADMINISTRACIÓN OPERACIÓN Y MANTENIMIENTO DE LOS SERVICIOS LAS MISMAS QUE DEBEN DESEMPEÑAR COMO PARTE DEL DESARROLLO DE SUS FUNCIONES Y RESPONSABILIDADES EN AGUA Y SANEAMIENTO,ADMINISTRACIÓN INDIRECTA - POR CONTRATA,NO,845,2026,0.0,0.0,SISTEMA DE AGUA POTABLE  CONSTRUCCION DE CAPTACION TIPO  MANANTIAL DE LADERA    LÍNEA DE CONDUCCION INSTALACIÓN DE 7979 ML CONSTRUCION DE RESERVORIO APOYADO V30 M3  LÍNEA DE ADUCCION INSTALACION DE 13941ML REDES DE DISTRIBUCIÓN DE  AGUA POTABLE INSTALACIÓN DE  250393 ML DE LÍNEAS Y REDES DE DISTRIBUCIÓN DE AGUA POTABLE  CONEXIONES DOMICILIARIAS DE AGUA POTABLE INSTALACIÓN DE 138 CONEXIONES DOMICILIARIAS DE AGUA FAMILIARES 03 CONEXIONES PARA INSTITUCIONES EDUCATIVAS Y 03 CONEXIONES PARA ORGANIZACIONES SOCIALES TOTAL 204 CONEXIONES DOMICILIARIAS DE AGUA                    DISPOSICIÓN SANITARIA DE EXCRETAS  INSTALACIÓN  DE  BAÑOS COMPLETOS PARA  198  VIVIENDAS  6 PARA INSTITUCIONES EDUCATIVAS Y 3 PARA INSTITUCIONES SOCIALES TOTAL 207 BAÑOS LAS CUALES COMPRENDEN LOS SIGUIENTES COMPONENTES CONSTRUCCIÓN DE  BAÑOS COMPLETOS LAVATORIO INODORO Y DUCHA  INSTALACIÓN DE LAVADERO EXTERIOR PARA LAVADO DE ROPA INSTALACIÓN DE TUBERÍAS DE PVC  CONSTRUCCIÓN DE CAJA DE REGISTRO INSTALACION DE REDES DE ALACANTARILLADO BUZONES TIPO I Y PLANTA DE TRATAMIENTO DE AGUAS RESIDUALES            EDUCACIÓN SANITARIA  LOGRAR POSICIONAR EL TEMA DEL AGUA Y SANEAMIENTO RURAL COMO TEMA CENTRAL EN LA AGENDA PÚBLICA NACIONAL Y AL ACCIONAR DEL PNSR APLICANDO UN PLAN DE COMUNICACIÓN CON ACTORES SOCIALES GOBIERNO REGIONAL LOCAL SALUD EDUCACIÓN ETC FAMILIAS  Y COMUNIDAD PARA RELEVAR LA IMPORTANCIA DE LOS SERVICIOS DE AGUA Y SANEAMIENTO EDUCACIÓN SANITARIA Y LA NECESIDAD DE HACER SOSTENIBLE LOS SERVICIOS PRINCIPALMENTE EN LO QUE RESPECTA A LA CUOTA FAMILIAR VALORACIÓN DEL SERVICIO Y HÁBITOS DE EDUCACIÓN SANITARIA  MEJORA EN LA GESTIÓN TÉCNICA Y ADMINISTRATIVA DE LA JASS  EL COMPONENTE SOCIAL PARA LA SOSTENIBILIDAD DEL PROYECTO ESTABLECE PROCESOS QUE BUSCAN APOYAR AL GOBIERNO LOCAL A LA JASS Y POBLACIÓN DE LA LOCALIDAD EN LA FORMACIÓN Y FORTALECIMIENTO DE CAPACIDADES PARA LA ORGANIZACIÓN PLANIFICACIÓN GESTIÓN COMUNITARIA CONSTRUCCIÓN Y SUPERVISIÓN DE LA OBRA ADMINISTRACIÓN OPERACIÓN Y MANTENIMIENTO DE LOS SERVICIOS LAS MISMAS QUE DEBEN DESEMPEÑAR COMO PARTE DEL DESARROLLO DE SUS FUNCIONES Y RESPONSABILIDADES EN AGUA Y SANEAMIENTO,OPENSTREETMAP_NOMINATIM,APROXIMADA_DISTRITO,https://nominatim.openstreetmap.org,Coordenada referencial del distrito OLLACHEA. No representa la ubicación exacta de la infraestructura.,COMPLETADO_APROXIMADO
2310861,OFICIAL_SANEAMIENTO,Clasificado oficialmente por el MEF en la función SANEAMIENTO,340175,"MEJORAMIENTO Y AMPLIACION DEL SERVICIO DE AGUA POTABLE Y CREACION DEL SERVICIO DE DISPOSICION SANITARIA DE EXCRETAS EN EL SECTOR SISIPA DE LA COMUNIDAD CAMPESINA SISIPA CHALLACOLLO, DISTRITO DE POMATA, PROVINCIA DE CHUCUITO, DEPARTAMENTO PUNO",PIP MAYOR (SNIP),GR,GOBIERNOS REGIONALES,GOBIERNO REGIONAL PUNO,OPMI DEL GOBIERNO REGIONAL PUNO,UF DE LA GOBIERNO REGIONAL PUNO,UEI DEL PROGRAMA NACIONAL DE SANEAMIENTO RURAL,1443,PROGRAMA NACIONAL DE SANEAMIENTO RURAL,SANEAMIENTO,SANEAMIENTO,SANEAMIENTO RURAL,,ACTIVO,VIABLE,2015-12-28 00:00:00,2016-03-31 00:00:00,SNIP,2847797.0,3760581.62,0.0,0.0,0.0,394861.07,SI,5000.0,30000.0,30000.0,34861.07,201606,202509,3365720.55,0.0,5000.0,0,0.0,0.0,SI,3559820.6,SI,Ejecución física (C),SI,SI,96.15,88.13,2026-02-16 20:28:01,2016-03-31 00:00:00,2029-02-01 00:00:00,2017-10-27 00:00:00,2019-06-16 00:00:00,NO,NO,,,PUNO,CHUCUITO,POMATA,210406,-16.3694998,-69.2947975,COMPONENTE 01  ADECUADA INFRAESTRUCTURA DE ABASTECIMIENTO DE AGUA POTABLE   ACCIÓN 11 OBRAS PROVISIONALES  SISTEMA 01  ACCIÓN 12 CAPTACIÓN  RESERVORIO V25M3  MANANTIAL CUCUNIUMA  ACCIÓN 13 LÍNEA DE ADUCCIÓN L37353M  ACCIÓN 14 REDES DE DISTRIBUCIÓN L34850M  SISTEMA 02  ACCIÓN 15 CAPTACIÓN  RESERVORIO  MANANTIAL CHIARCAYA II  ACCIÓN 16 LÍNEA DE ADUCCIÓN L2516M  ACCIÓN 17 REDES DE DISTRIBUCIÓN L94346M  SISTEMA 03  ACCIÓN 18 CAPTACIÓN  MANANTIAL CHIARCAYA  ACCIÓN 19 LÍNEA DE CONDUCCIÓN L62800M  ACCIÓN 110RESERVORIO APOYADO PROYECTADO RP02 V1400 M3  ACCIÓN 111LINEA DE ADUCCIÓN L3763M  ACCIÓN 112 REDES DE DISTRIBUCIÓN L336673M  ACCIÓN 113CONEXIONES DOMICILIARIAS  ACCIÓN 114FLETE AGUA POTABLE  ACCIÓN 115MONITOREO AMBIENTAL    COMPONENTE 02   ACCIÓN 21 UNIDAD BÁSICA DE SANEAMIENTO CON COMPOSTERA  ACCIÓN 22 FLETE UBS  ACCIÓN 23 MONITOREO AMBIENTAL    COMPONENTE 03  ADECUADOS NIVELES DE EDUCACION SANITARIA  ACCIÓN 31 PLAN DE COMUNICACIÓN Y EDUCACIÓN SANITARIA FASE INVERSÓN  ACCIÓN 32 PLAN DE COMUNICACIÓN Y EDUCACIÓN SANITARIA FASE POST INVERSION INCORPORACION DE PRACTICAS SANITARIAS    COMPONENTE 04  MEJORA EN LA GESTION TECNICA Y ADMINISTRATIVA DE LA JASS  ACCIÓN 41 PLAN DE CAPACITACIÓN Y FORTALECIMIENTO DE LA JASS Y ATM  FASE INVERSIÓN  ACCIÓN 42 PLAN DE CAPACITACIÓN Y FORTALECIMIENTO DE LA JASS Y ATM  FASE DE POST INVERSION,ADMINISTRACIÓN INDIRECTA - POR CONTRATA,NO,305,2026,0.0,0.0,COMPONENTE 01  ADECUADA INFRAESTRUCTURA DE ABASTECIMIENTO DE AGUA POTABLE   ACCIÓN 11 OBRAS PROVISIONALES  SISTEMA 01  ACCIÓN 12 CAPTACIÓN  RESERVORIO V25M3  MANANTIAL CUCUNIUMA  ACCIÓN 13 LÍNEA DE ADUCCIÓN L37353M  ACCIÓN 14 REDES DE DISTRIBUCIÓN L34850M  SISTEMA 02  ACCIÓN 15 CAPTACIÓN  RESERVORIO  MANANTIAL CHIARCAYA II  ACCIÓN 16 LÍNEA DE ADUCCIÓN L2516M  ACCIÓN 17 REDES DE DISTRIBUCIÓN L94346M  SISTEMA 03  ACCIÓN 18 CAPTACIÓN  MANANTIAL CHIARCAYA  ACCIÓN 19 LÍNEA DE CONDUCCIÓN L62800M  ACCIÓN 110RESERVORIO APOYADO PROYECTADO RP02 V1400 M3  ACCIÓN 111LINEA DE ADUCCIÓN L3763M  ACCIÓN 112 REDES DE DISTRIBUCIÓN L336673M  ACCIÓN 113CONEXIONES DOMICILIARIAS  ACCIÓN 114FLETE AGUA POTABLE  ACCIÓN 115MONITOREO AMBIENTAL    COMPONENTE 02   ACCIÓN 21 UNIDAD BÁSICA DE SANEAMIENTO CON COMPOSTERA  ACCIÓN 22 FLETE UBS  ACCIÓN 23 MONITOREO AMBIENTAL    COMPONENTE 03  ADECUADOS NIVELES DE EDUCACION SANITARIA  ACCIÓN 31 PLAN DE COMUNICACIÓN Y EDUCACIÓN SANITARIA FASE INVERSÓN  ACCIÓN 32 PLAN DE COMUNICACIÓN Y EDUCACIÓN SANITARIA FASE POST INVERSION INCORPORACION DE PRACTICAS SANITARIAS    COMPONENTE 04  MEJORA EN LA GESTION TECNICA Y ADMINISTRATIVA DE LA JASS  ACCIÓN 41 PLAN DE CAPACITACIÓN Y FORTALECIMIENTO DE LA JASS Y ATM  FASE INVERSIÓN  ACCIÓN 42 PLAN DE CAPACITACIÓN Y FORTALECIMIENTO DE LA JASS Y ATM  FASE DE POST INVERSION,OPENSTREETMAP_NOMINATIM,APROXIMADA_DISTRITO,https://nominatim.openstreetmap.org,Coordenada referencial del distrito POMATA. No representa la ubicación exacta de la infraestructura.,COMPLETADO_APROXIMADO
2217277,OFICIAL_SANEAMIENTO,Clasificado oficialmente por el MEF en la función SANEAMIENTO,229943,"AMPLIACION Y  MEJORAMIENTO DEL SISTEMA DE SANEAMIENTO BASICO INTEGRAL EN LA COMUNIDAD DE CUSIPATA, DISTRITO DE CHUCUITO - PUNO - PUNO",PIP MENOR (SNIP),GL,GOBIERNOS LOCALES,MUNICIPALIDAD DISTRITAL DE CHUCUITO,OPMI DE LA MUNICIPALIDAD DISTRITAL DE CHUCUITO,UF DE LA MUNICIPALIDAD DISTRITAL DE CHUCUITO,UEI DE LA MUNICIPALIDAD DISTRITAL DE CHUCUITO,301598,MUNICIPALIDAD DISTRITAL DE CHUCUITO,SANEAMIENTO,SANEAMIENTO,SANEAMIENTO RURAL,,ACTIVO,VIABLE,2012-09-01 00:00:00,2012-10-01 00:00:00,SNIP,813582.06,719605.07,0.0,0.0,0.0,1575.33,NO,,,,,201309,202012,718029.74,0.0,,0,,,SI,719605.07,SI,Ejecución física (C),SI,SI,100.0,99.78,2021-03-11 10:40:31,2013-08-12 00:00:00,2024-12-31 00:00:00,2014-01-02 00:00:00,2014-02-27 00:00:00,NO,NO,,,PUNO,PUNO,CHUCUITO,210106,-16.6336027,-69.3018083,AMPLIACION Y MEJORAMIENTO DEL SISTEMA DE AGUA POTABLE CON EL SISTEMA A PRECION INSTALACION DE 125 LETRINAS CON ARRASTRE HIDRAULICO CON COBERTURA DE CALAMINA Y TALLERES DE EDUCACION SANITARIA  GESTION ADMINISTRATIVA DE AGUA SANEAMIENTO,ADMINISTRACIÓN DIRECTA,NO,505,2026,0.0,0.0,AMPLIACION Y MEJORAMIENTO DEL SISTEMA DE AGUA POTABLE CON EL SISTEMA A PRECION INSTALACION DE 125 LETRINAS CON ARRASTRE HIDRAULICO CON COBERTURA DE CALAMINA Y TALLERES DE EDUCACION SANITARIA  GESTION ADMINISTRATIVA DE AGUA SANEAMIENTO,OPENSTREETMAP_NOMINATIM,APROXIMADA_DISTRITO,https://nominatim.openstreetmap.org,Coordenada referencial del distrito CHUCUITO. No representa la ubicación exacta de la infraestructura.,COMPLETADO_APROXIMADO
2321972,OFICIAL_SANEAMIENTO,Clasificado oficialmente por el MEF en la función SANEAMIENTO,358924,"MEJORAMIENTO DEL ABASTECIMIENTO DE AGUA POTABLE EN LOS BARRIOS Y URBANIZACIONES DE LA ZONA NORTE DE LA CIUDAD DE PUNO, DISTRITO DE PUNO, PROVINCIA DE PUNO-PUNO",PIP MAYOR (SNIP),GN,"VIVIENDA, CONSTRUCCION Y SANEAMIENTO","MINISTERIO DE VIVIENDA, CONSTRUCCION Y SANEAMIENTO",OPMI DE LA MUNICIPALIDAD PROVINCIAL DE PUNO,UF DE LA MUNICIPALIDAD PROVINCIAL DE PUNO,UEI DE LA MUNICIPALIDAD PROVINCIAL DE PUNO,301593,MUNICIPALIDAD PROVINCIAL DE PUNO,SANEAMIENTO,SANEAMIENTO,SANEAMIENTO URBANO,,ACTIVO,VIABLE,2016-05-27 00:00:00,2016-06-14 00:00:00,SNIP,9246386.0,24055187.73,307395.59,105240.57,0.0,14775324.5,NO,,,,,201912,202512,9587258.82,0.0,0.0,0,0.0,0.0,SI,26283892.54,SI,Ejecución física (C),SI,SI,9.96,13.42,2026-06-16 15:54:57,2017-06-10 00:00:00,2035-05-11 00:00:00,2017-06-10 00:00:00,2035-05-11 00:00:00,NO,NO,,,PUNO,PUNO,PUNO,210101,-15.8407499,-70.0284053,CONSISTE EN 1 CONSTRUCCIÓN DE UN TANQUE CISTERNA DE 450 M3 CON LOSA DE PISO EN 8333 M3 COLUMNAS EN 941 M3 VIGAS EN 1192 M3 LOSA DE TECHO EN 4243 M3 MUROS EN 5152 M3 BASE EN 065 M3 TAPA DE INSPECCIÓN EN 076 M3 Y LOSA ALIGERADA EN 417 M3 CON CONCRETO ARMADO FC  210 KGCM2 CON ACERO DE REFUERZO FY4200 KGCM2 Y MUROS DE LADRILLO KK MECANIZADO J2 CM EN 8035 M2 BOMBA VERTICAL DE 109 HP81KWATTS EN 03 UNIDADES REDUCCIÓN CONCÉNTRICA DN 12 X 10 PULG EN 03 UNIDADES REDUCCIÓN EXCÉNTRICA DN 12 X 10 PLG EN 01 UNIDAD MEDIDOR DE CAUDAL ELECTROMAGNÉTICO DN 12 PLG EN 01 UNIDAD EQUIPAMIENTO ESTACIÓN DE BOMBEO EB052 CASETA DE SUBESTACIÓN EN 1613 M2 Y CASA FUERZA EN 3940 M2 CON CONCRETO FC  210 KGCM2 CON ACERO DE REFUERZO FY4200 KGCM2 Y MUROS DE LADRILLO KK MECANIZADO J2 CM SISTEMA DE UTILIZACIÓN EN RED PRIMARIA Y SUBESTACIÓN EN 10 KV PLANTA DE BOMBEO R2 GRUPO ELECTRÓGENO DE 150 KV GUARDIANÍA EN 1673 M2 Y CERCO PERIMÉTRICO Y OBRAS EXTERIORES EN 4954 M2 2 CONSTRUCCIÓN DE LÍNEA DE IMPULSIÓN DE 49900 ML SUMINISTRO E INSTALACIÓN DE TUBERÍA  F F DÚCTIL DN300 MM K9 INCLENCHUFES  3 DESPERDICIO EN 50855 M VÁLVULA MARIPOSA DE 12 EN 07 UNIDADES VÁLVULA FLOTADOR DE 12 EN 04 UNIDADES SUMINISTRO E INSTALACIÓN DE TEE F F DÚCTIL 300 MM X 100 MM VÁLVULA DE PURGA EN 12 UNIDADES SUMINISTRO E INSTALACIÓN DE TEE F F DÚCTIL 300 MM X 75 MM VÁLVULA DE AIRE EN 11 UNIDADES CÁMARA DE VÁLVULA DE AIRE EN 1944 M2 CON LOSA FONDO MUROS Y TAPA DE CONCRETO ARMADO FC210 KGCM2 CON ACERO DE REFUERZO FY4200 KGCM2 Y TAPA METÁLICA CIRCULAR DE INSPECCIÓN D 060 M TUBERÍA DE VENTILACIÓN 3 FG EN 11 UNIDADES CÁMARA DE VÁLVULA DE PURGA EN 2121 M2 CON LOSA FONDO MUROS Y TAPA DE CONCRETO ARMADO FC210 KGCM2 CON ACERO DE REFUERZO FY4200 KGCM2 Y TAPA METÁLICA CIRCULAR DE INSPECCIÓN D060 M EMPALMES EN RESERVORIO R3 CON TUBERÍA DE ACERO SCH G 40X300 EN 8125 M R 2500 CON TUBERÍA DE ACERO SCH G 40X300 MM EN 100 M EMPALME EN R7 CON TUBERÍA DE ACERO SCH G 40X300 MM EN 75 M Y R7 PENAL CON TUBERÍA DE ACERO SCH G 40X300 MM EN 4375 M 3 CONSTRUCCIÓN DE UN RESERVORIO APOYADO DE 2500 M3 CON ZAPATAS DE CONCRETO FC175 KGCM2 EN 1458 M3 LOSA DE FONDO EN 26148 M3 COLUMNAS EN 1193 M3 LOSA MACIZA TECHO EN 11282 M3 Y ARTEZA DE REBOSE EN 011 M3 DE CONCRETO ARMADO FC210 KGCM2 Y MUROS DE CONCRETO ARMADO FC280 KGCM2 EN 13137 M3 CON ACERO DE REFUERZO FY4200 KGCM2 CASETA DE VÁLVULA EN 4584 M2 CASETA DE SUB ESTACIÓN EN 1613 M2 Y CASA FUERZA EN 3940 M2 CON CONCRETO FC210 KGCM2 CON ACERO DE REFUERZO FY4200 KGCM2 Y MURO DE LADRILLO KK MECANIZADO J2 CM 04 VÁLVULAS DE COMPUERTA DE F DÚCTIL BRIDADO DE 300 MM 01 MEDIDOR DE CAUDAL BRIDADO 300 MM Y 01 REGLA GRADUADA  INDICADOR DE NIVELES PRESERVORIO CAJAS DE REBOSE Y LIMPIA CON MUROS Y LOSA FONDO EN 138 M3 Y VIGUETAS Y TAPA REMOVIBLE EN 014 M3 CON CONCRETO FC175 KGCM2 SISTEMA DE UTILIZACIÓN EN RED PRIMARIA Y SUBESTIMACIÓN EN 10 KV PLANTA DE BOMBEO R 2500 GUARDIANÍA EN 1673 M2 Y CERCO PERIMÉTRICO EN 200 ML APROXIMADAMENTE 4 IMPLEMENTACIÓN DE MEDIDAS DE MITIGACIÓN DEL IMPACTO AMBIENTAL 5 CAPACITACIÓN Y EDUCACIÓN SANITARIA,ADMINISTRACIÓN INDIRECTA - POR CONTRATA,NO,25685,2026,0.0,0.0,CONSISTE EN 1 CONSTRUCCIÓN DE UN TANQUE CISTERNA DE 450 M3 CON LOSA DE PISO EN 8333 M3 COLUMNAS EN 941 M3 VIGAS EN 1192 M3 LOSA DE TECHO EN 4243 M3 MUROS EN 5152 M3 BASE EN 065 M3 TAPA DE INSPECCIÓN EN 076 M3 Y LOSA ALIGERADA EN 417 M3 CON CONCRETO ARMADO FC  210 KGCM2 CON ACERO DE REFUERZO FY4200 KGCM2 Y MUROS DE LADRILLO KK MECANIZADO J2 CM EN 8035 M2 BOMBA VERTICAL DE 109 HP81KWATTS EN 03 UNIDADES REDUCCIÓN CONCÉNTRICA DN 12 X 10 PULG EN 03 UNIDADES REDUCCIÓN EXCÉNTRICA DN 12 X 10 PLG EN 01 UNIDAD MEDIDOR DE CAUDAL ELECTROMAGNÉTICO DN 12 PLG EN 01 UNIDAD EQUIPAMIENTO ESTACIÓN DE BOMBEO EB052 CASETA DE SUBESTACIÓN EN 1613 M2 Y CASA FUERZA EN 3940 M2 CON CONCRETO FC  210 KGCM2 CON ACERO DE REFUERZO FY4200 KGCM2 Y MUROS DE LADRILLO KK MECANIZADO J2 CM SISTEMA DE UTILIZACIÓN EN RED PRIMARIA Y SUBESTACIÓN EN 10 KV PLANTA DE BOMBEO R2 GRUPO ELECTRÓGENO DE 150 KV GUARDIANÍA EN 1673 M2 Y CERCO PERIMÉTRICO Y OBRAS EXTERIORES EN 4954 M2 2 CONSTRUCCIÓN DE LÍNEA DE IMPULSIÓN DE 49900 ML SUMINISTRO E INSTALACIÓN DE TUBERÍA  F F DÚCTIL DN300 MM K9 INCLENCHUFES  3 DESPERDICIO EN 50855 M VÁLVULA MARIPOSA DE 12 EN 07 UNIDADES VÁLVULA FLOTADOR DE 12 EN 04 UNIDADES SUMINISTRO E INSTALACIÓN DE TEE F F DÚCTIL 300 MM X 100 MM VÁLVULA DE PURGA EN 12 UNIDADES SUMINISTRO E INSTALACIÓN DE TEE F F DÚCTIL 300 MM X 75 MM VÁLVULA DE AIRE EN 11 UNIDADES CÁMARA DE VÁLVULA DE AIRE EN 1944 M2 CON LOSA FONDO MUROS Y TAPA DE CONCRETO ARMADO FC210 KGCM2 CON ACERO DE REFUERZO FY4200 KGCM2 Y TAPA METÁLICA CIRCULAR DE INSPECCIÓN D 060 M TUBERÍA DE VENTILACIÓN 3 FG EN 11 UNIDADES CÁMARA DE VÁLVULA DE PURGA EN 2121 M2 CON LOSA FONDO MUROS Y TAPA DE CONCRETO ARMADO FC210 KGCM2 CON ACERO DE REFUERZO FY4200 KGCM2 Y TAPA METÁLICA CIRCULAR DE INSPECCIÓN D060 M EMPALMES EN RESERVORIO R3 CON TUBERÍA DE ACERO SCH G 40X300 EN 8125 M R 2500 CON TUBERÍA DE ACERO SCH G 40X300 MM EN 100 M EMPALME EN R7 CON TUBERÍA DE ACERO SCH G 40X300 MM EN 75 M Y R7 PENAL CON TUBERÍA DE ACERO SCH G 40X300 MM EN 4375 M 3 CONSTRUCCIÓN DE UN RESERVORIO APOYADO DE 2500 M3 CON ZAPATAS DE CONCRETO FC175 KGCM2 EN 1458 M3 LOSA DE FONDO EN 26148 M3 COLUMNAS EN 1193 M3 LOSA MACIZA TECHO EN 11282 M3 Y ARTEZA DE REBOSE EN 011 M3 DE CONCRETO ARMADO FC210 KGCM2 Y MUROS DE CONCRETO ARMADO FC280 KGCM2 EN 13137 M3 CON ACERO DE REFUERZO FY4200 KGCM2 CASETA DE VÁLVULA EN 4584 M2 CASETA DE SUB ESTACIÓN EN 1613 M2 Y CASA FUERZA EN 3940 M2 CON CONCRETO FC210 KGCM2 CON ACERO DE REFUERZO FY4200 KGCM2 Y MURO DE LADRILLO KK MECANIZADO J2 CM 04 VÁLVULAS DE COMPUERTA DE F DÚCTIL BRIDADO DE 300 MM 01 MEDIDOR DE CAUDAL BRIDADO 300 MM Y 01 REGLA GRADUADA  INDICADOR DE NIVELES PRESERVORIO CAJAS DE REBOSE Y LIMPIA CON MUROS Y LOSA FONDO EN 138 M3 Y VIGUETAS Y TAPA REMOVIBLE EN 014 M3 CON CONCRETO FC175 KGCM2 SISTEMA DE UTILIZACIÓN EN RED PRIMARIA Y SUBESTIMACIÓN EN 10 KV PLANTA DE BOMBEO R 2500 GUARDIANÍA EN 1673 M2 Y CERCO PERIMÉTRICO EN 200 ML APROXIMADAMENTE 4 IMPLEMENTACIÓN DE MEDIDAS DE MITIGACIÓN DEL IMPACTO AMBIENTAL 5 CAPACITACIÓN Y EDUCACIÓN SANITARIA,OPENSTREETMAP_NOMINATIM,APROXIMADA_DISTRITO,https://nominatim.openstreetmap.org,Coordenada referencial del distrito PUNO. No representa la ubicación exacta de la infraestructura.,COMPLETADO_APROXIMADO
2302960,OFICIAL_SANEAMIENTO,Clasificado oficialmente por el MEF en la función SANEAMIENTO,297024,"MEJORAMIENTO Y AMPLIACION DEL SERVICIO DE AGUA POTABLE Y CREACION DEL SERVICIO DE DISPOSICION SANITARIA DE EXCRETAS EN LA COMUNIDAD CAMPESINA JACHAPAMPA - SECTOR ALTO JACHAPAMPA, DISTRITO DE ZEPITA, PROVINCIA DE CHUCUITO, DEPARTAMENTO DE PUNO",PIP MAYOR (SNIP),GR,GOBIERNOS REGIONALES,GOBIERNO REGIONAL PUNO,OPMI DEL GOBIERNO REGIONAL PUNO,UF DE LA GOBIERNO REGIONAL PUNO,UEI DEL PROGRAMA NACIONAL DE SANEAMIENTO RURAL,1443,PROGRAMA NACIONAL DE SANEAMIENTO RURAL,SANEAMIENTO,SANEAMIENTO,SANEAMIENTO RURAL,,ACTIVO,VIABLE,2014-06-06 00:00:00,2016-06-14 00:00:00,SNIP,3439207.0,6825155.11,0.0,0.0,0.0,528290.63,SI,136099.0,63037.63,0.0,0.0,201610,202607,6162117.48,26108.78,136099.0,134747,134746.78,134746.78,SI,3980877.11,SI,Ejecución física (C),SI,SI,90.0,90.43,2026-05-25 10:06:07,2016-06-14 00:00:00,2027-01-06 00:00:00,2017-10-04 00:00:00,2025-09-30 00:00:00,NO,NO,,,PUNO,CHUCUITO,ZEPITA,210407,-16.4970626,-69.1901129,COMPONENTE 01   ADECUADA INFRAESTRUCTURA DE ABASTECIMIENTO DE AGUA POTABLE ALTERNATIVA ÚNICA  PLANTEÁNDOSE LAS SIGUIENTES ACCIONES  Acción 11 Obras Provisionales  Acción 12 Construcción de Captación Muco Erama Polpera   Acción 13 Estación de Caseta de Bombeo con energía eléctrica  Acción 14 Instalación de línea de Impulsión de 109111 ml  Acción 15 Construcción de reservorio apoyado de V22 m3  Acción 16 Instalación de línea de aducción de 25705 ml   Acción 17 Instalación de red de distribución de 817821 ml   Acción 18 Instalación de 120 conexiones domiciliarias de agua potable  Acción 19 Flete Agua Potable  Acción 110 Monitoreo Ambiental Sistema de Agua Potable    COMPONENTE 02   INFRAESTRUCTURA ADECUADA PARA DISPOSICION SANITARIA DE EXCRETAS Y AGUAS RESIDUALES ALTERNATIVA ÚNICA  Acción 21 Instalación de 121 unidades básicas de saneamiento tipo compostera  Acción 22 Flete de UBS  Acción 23 Monitoreo Ambiental Eliminación de Excretas    COMPONENTE 03   ADECUADOS NIVELES DE EDUCACION SANITARIA  ACCIÓN 31   PLAN DE COMUNICACIÓN Y EDUCACIÓN SANITARIA FASE INVERSIÓN   ACCIÓN 32   PLAN DE COMUNICACIÓN Y EDUCACIÓN SANITARIA FASE POST  INVERSIÓN    COMPONENTE 04   MEJORA EN LA GESTION TECNICA Y ADMINISTRATIVA DE LA JASS Y ATM  ACCIÓN 41   PLAN DE CAPACITACIÓN Y FORTALECIMIENTO DE LA JASS Y ATM  FASE INVERSIÓN   ACCIÓN 42   PLAN DE CAPACITACIÓN Y FORTALECIMIENTO DE LA JASS Y ATM  FASE  POST  INVERSIÓN,ADMINISTRACIÓN INDIRECTA - POR CONTRATA,NO,354,2026,0.0,0.0,COMPONENTE 01   ADECUADA INFRAESTRUCTURA DE ABASTECIMIENTO DE AGUA POTABLE ALTERNATIVA ÚNICA  PLANTEÁNDOSE LAS SIGUIENTES ACCIONES  Acción 11 Obras Provisionales  Acción 12 Construcción de Captación Muco Erama Polpera   Acción 13 Estación de Caseta de Bombeo con energía eléctrica  Acción 14 Instalación de línea de Impulsión de 109111 ml  Acción 15 Construcción de reservorio apoyado de V22 m3  Acción 16 Instalación de línea de aducción de 25705 ml   Acción 17 Instalación de red de distribución de 817821 ml   Acción 18 Instalación de 120 conexiones domiciliarias de agua potable  Acción 19 Flete Agua Potable  Acción 110 Monitoreo Ambiental Sistema de Agua Potable    COMPONENTE 02   INFRAESTRUCTURA ADECUADA PARA DISPOSICION SANITARIA DE EXCRETAS Y AGUAS RESIDUALES ALTERNATIVA ÚNICA  Acción 21 Instalación de 121 unidades básicas de saneamiento tipo compostera  Acción 22 Flete de UBS  Acción 23 Monitoreo Ambiental Eliminación de Excretas    COMPONENTE 03   ADECUADOS NIVELES DE EDUCACION SANITARIA  ACCIÓN 31   PLAN DE COMUNICACIÓN Y EDUCACIÓN SANITARIA FASE INVERSIÓN   ACCIÓN 32   PLAN DE COMUNICACIÓN Y EDUCACIÓN SANITARIA FASE POST  INVERSIÓN    COMPONENTE 04   MEJORA EN LA GESTION TECNICA Y ADMINISTRATIVA DE LA JASS Y ATM  ACCIÓN 41   PLAN DE CAPACITACIÓN Y FORTALECIMIENTO DE LA JASS Y ATM  FASE INVERSIÓN   ACCIÓN 42   PLAN DE CAPACITACIÓN Y FORTALECIMIENTO DE LA JASS Y ATM  FASE  POST  INVERSIÓN,OPENSTREETMAP_NOMINATIM,APROXIMADA_DISTRITO,https://nominatim.openstreetmap.org,Coordenada referencial del distrito ZEPITA. No representa la ubicación exacta de la infraestructura.,COMPLETADO_APROXIMADO
2221010,OFICIAL_SANEAMIENTO,Clasificado oficialmente por el MEF en la función SANEAMIENTO,232433,"INSTALACION DEL SISTEMA  DE AGUA POTABLE Y BAÑOS SANITARIOS EN LA COMUNIDAD DE JURUHUANANI, DISTRITO DE ACORA - PUNO - PUNO",PIP MENOR (SNIP),GL,GOBIERNOS LOCALES,MUNICIPALIDAD DISTRITAL DE ACORA,OPMI DE LA MUNICIPALIDAD DISTRITAL DE ACORA,UF DE LA MUNICIPALIDAD DISTRITAL DE ACORA,UEI DE LA MUNICIPALIDAD DISTRITAL DE ACORA,301594,MUNICIPALIDAD DISTRITAL DE ACORA,SANEAMIENTO,SANEAMIENTO,SANEAMIENTO RURAL,,ACTIVO,VIABLE,2012-09-12 00:00:00,2012-09-28 00:00:00,SNIP,681287.02,719635.42,0.0,0.0,0.0,17999.42,NO,,,,,201504,201611,701636.0,0.0,,0,,,SI,815693.12,SI,Aprobación de consistencia o modificaciones antes de la aprobación del ET o ET (A),SI,NO,,,,,,,,NO,SI,2021-05-14 15:57:47,Pendiente de liquidación,PUNO,PUNO,ACORA,210102,-16.2723754,-69.9035444,IMPLEMENTACIÓN DE INFRAESTRUCTURA DE AGUA POTABLE CON CAPTACION MIXTO Y LA CONSTRUCCION DE 75 BAÑOS CON ARRASTRE HIDRÁULICO Y MEJORA DE LOS NIVELES DE EDUCACION SANITARIA Y GESTION DE SERVICIOS,ADMINISTRACIÓN DIRECTA,NO,375,2026,0.0,0.0,IMPLEMENTACIÓN DE INFRAESTRUCTURA DE AGUA POTABLE CON CAPTACION MIXTO Y LA CONSTRUCCION DE 75 BAÑOS CON ARRASTRE HIDRÁULICO Y MEJORA DE LOS NIVELES DE EDUCACION SANITARIA Y GESTION DE SERVICIOS,OPENSTREETMAP_NOMINATIM,APROXIMADA_DISTRITO,https://nominatim.openstreetmap.org,Coordenada referencial del distrito ACORA. No representa la ubicación exacta de la infraestructura.,COMPLETADO_APROXIMADO
2237532,OFICIAL_SANEAMIENTO,Clasificado oficialmente por el MEF en la función SANEAMIENTO,264154,"AMPLIACION Y MEJORAMIENTO DEL SERVICIO DE SANEAMIENTO BASICO INTEGRAL EN LA LOCALIDAD DE QUILCAPUNCU, DISTRITO DE QUILCAPUNCU - SAN ANTONIO DE PUTINA - PUNO",PIP MAYOR (SNIP),GL,GOBIERNOS LOCALES,MUNICIPALIDAD DISTRITAL DE QUILCAPUNCU,OPMI DE LA MUNICIPALIDAD DISTRITAL DE QUILCAPUNCU,UF DE LA MUNICIPALIDAD DISTRITAL DE QUILCAPUNCU,UEI DE LA MUNICIPALIDAD DISTRITAL DE QUILCAPUNCU,301679,MUNICIPALIDAD DISTRITAL DE QUILCAPUNCU,SANEAMIENTO,SANEAMIENTO,SANEAMIENTO URBANO,,ACTIVO,VIABLE,2013-06-14 00:00:00,2013-07-08 00:00:00,SNIP,6402594.0,10949284.56,0.0,0.0,0.0,53705.53,NO,,,,,201707,201812,10895579.03,0.0,,0,,,SI,7622950.56,SI,Ejecución física (C),SI,NO,,,,2017-09-06 00:00:00,2018-07-03 00:00:00,2017-09-06 00:00:00,2018-07-03 00:00:00,NO,NO,,,PUNO,SAN ANTONIO DE PUTINA,QUILCAPUNCU,211004,-14.8929648,-69.7302897,COMPRENDE MEJORAR Y AMPLIAR EL ABASTECIMIENTO DE AGUA MEDIANTE UN SISTEMA DE CAPTACIÓN DE MANANTIALES CON LA OPTIMIZACIÓN DE LOS RESERVORIOS Y EL TRATAMIENTO DEL AGUA PARA SU POTABILIZACIÓN CON EL MEJORAMIENTO Y AMPLIACIÓN DE LAS REDES DE DISTRIBUCIÓN Y CONEXIONES DOMICILIARIAS DE AGUA POTABLE Y EL DEBIDO MEJORAMIENTO Y AMPLIACIÓN DE INSTALACIONES DEL SERVICIO DE ALCANTARILLADO EN UN 100  DE LA POBLACIÓN CON LA RESPECTIVA INSTALACIÓN DE LA PLANTA DE TRATAMIENTO DE AGUAS RESIDUALES REALIZANDO TALLERES DE EDUCACIÓN SANITARIA Y CAPACITAR A LA YA CONFORMADA JASS A CARGO DE LA OPERACIÓN DE LOS SERVICIOS DE SANEAMIENTO,ADMINISTRACIÓN INDIRECTA - POR CONTRATA,NO,3434,2026,0.0,0.0,COMPRENDE MEJORAR Y AMPLIAR EL ABASTECIMIENTO DE AGUA MEDIANTE UN SISTEMA DE CAPTACIÓN DE MANANTIALES CON LA OPTIMIZACIÓN DE LOS RESERVORIOS Y EL TRATAMIENTO DEL AGUA PARA SU POTABILIZACIÓN CON EL MEJORAMIENTO Y AMPLIACIÓN DE LAS REDES DE DISTRIBUCIÓN Y CONEXIONES DOMICILIARIAS DE AGUA POTABLE Y EL DEBIDO MEJORAMIENTO Y AMPLIACIÓN DE INSTALACIONES DEL SERVICIO DE ALCANTARILLADO EN UN 100  DE LA POBLACIÓN CON LA RESPECTIVA INSTALACIÓN DE LA PLANTA DE TRATAMIENTO DE AGUAS RESIDUALES REALIZANDO TALLERES DE EDUCACIÓN SANITARIA Y CAPACITAR A LA YA CONFORMADA JASS A CARGO DE LA OPERACIÓN DE LOS SERVICIOS DE SANEAMIENTO,OPENSTREETMAP_NOMINATIM,APROXIMADA_DISTRITO,https://nominatim.openstreetmap.org,Coordenada referencial del distrito QUILCAPUNCU. No representa la ubicación exacta de la infraestructura.,COMPLETADO_APROXIMADO
2143120,OFICIAL_SANEAMIENTO,Clasificado oficialmente por el MEF en la función SANEAMIENTO,177094,"MEJORAMIENTO Y REHABILITACION DEL SISTEMA DE AGUA POTABLE Y ALCANTARILLADO DE LA LOCALIDAD DE, PROVINCIA DE SANDIA - PUNO",PIP MAYOR (SNIP),GL,GOBIERNOS LOCALES,MUNICIPALIDAD PROVINCIAL DE SANDIA,OPMI DE LA MUNICIPALIDAD PROVINCIAL DE SANDIA,UNIDAD FORMULADORA,UEI DE LA MUNICIPALIDAD PROVINCIAL DE SANDIA,301685,MUNICIPALIDAD PROVINCIAL DE SANDIA,SANEAMIENTO,SANEAMIENTO,SANEAMIENTO URBANO,,ACTIVO,VIABLE,2011-04-12 00:00:00,2011-04-13 00:00:00,SNIP,8601517.0,10319727.77,0.0,0.0,0.0,13168.59,NO,,,,,201203,202105,10306559.18,0.0,,0,,,SI,8340338.6,SI,Aprobación de consistencia o modificaciones antes de la aprobación del ET o ET (A),SI,NO,,0.0,,,,,,NO,NO,,,PUNO,SANDIA,SANDIA,211201,-14.3113672,-69.4353423,MEJORAMIENTO Y REHABILITACIÓN DEL SISTEMA DE AGUA POTABLE Y ALCANTARILLADO DE LA LOCALIDAD DE SANDIA COMPRENDE LOS SIGUIENTES COMPONENTES CONTINUIDAD DEL SERVICIO DE AGUA POTABLE  INSTALACIÓN DE LÍNEA DE ADUCCIÓN DE 28 ML DE PVC AP CLASE 75 D160MM A LA RED DESDE EL NUEVO RESERVORIO EXISTENTE HASTA LA RED DE DISTRIBUCIÓN  REEMPLAZO DE RED DE DISTRIBUCIÓN EN 8392ML TUBERÍA PVC DN160MM UN TOTAL DE 2837ML TUBERÍA DE PVC DN110MM UN TOTAL DE 239678ML TUBERÍA DE PVC DN90MM UN TOTAL DE 599509ML CON ACCESORIOS Y VÁLVULAS DE CONTROL  CONSTRUCCIÓN DE SALA DE DOSIFICACIÓN EQUIPADO CON ELECTROBOMBA RECIPIENTE GRADUADO UN CLORADOR CON SU BOMBA BUSTER EN LA SUPERFICIE SUPERIOR DEL RESERVORIO EXISTENTE 1017 CONEXIONES DOMICILIARIAS POR EL SISTEMA CONVENCIONAL INCLUYE MEDIDOR Y CAJA DE REGISTRO SE PROYECTA LA INSTALACIÓN DE MEDIDORES DE AGUA POTABLE CON EL FIN DE CONTROLAR EL CONTROL DEL CONSUMO Y EVITAR EL DESPERDICIO  REEMPLAZO TOTAL DE LA RED EXISTENTE DE ALCANTARILLADO LA RED TRABAJARÁ POR GRAVEDAD POR ARRASTRE HIDRÁULICO LA RED DE TUBERÍAS SERÁ DE UPVC NTP 4435 DE 200 MM PARA REDES SECUNDARIAS E INTERCEPTOR Y 250 MM PARA EL EMISOR TODO ELLO POR UNA LONGITUD TOTAL DE 7764 ML INSTALACIÓN DE 1017 CONEXIONES DOMICILIARIAS CONVENCIONALES DE ALCANTARILLADO CON TUBERÍAS DE PVC NPT 4435 160MM S25  LA CONSTRUCCIÓN DE 200 BUZONES DE CONCRETO ARMADO CON PROFUNDIDADES VARIABLES ENTRE 120M HASTA 454M Y DIÁMETRO 120M TODAS CON MARCO DE FIERRO FUNDIDO FF Y TAPA DE CONCRETO ARMADO LA UBICACIÓN DE LOS BUZONES ES TAL COMO SIGUE 153 BUZONES EN LA RED DE RECOLECCIÓN 22 BUZONES EN EL INTERCEPTOR Y 25 BUZONES EN EL EMISOR CONSTRUCCIÓN DE 01 TANQUE SÉPTICO DE 60 M3 DE CONCRETO ARMADO Y CUBIERTO EQUIPAMIENTO CON ACCESORIOS COMPLETO INSTALACIÓN DE TUBERÍAS DE ALCANTARILLADO Y BUZONES EN EL BARRIO 3 DE MAYO DE LA CIUDAD DE SANDIA CONSTRUCCIÓN DE UNA PLANTA DE TRATAMIENTO DE AGUAS SERVIDAS CON LAGUNAS FACULTATIVAS TECNOLOGÍA AERÓBICA EN LA PARTE SUPERIOR DE CADA LAGUNA Y ANAERÓBICA EN LA PARTE INFERIOR EL SISTEMA FUNCIONA POR GRAVEDAD QUE CONSTA DE LOS SIGUIENTES COMPONENTES CÁMARA DE REJAS PARA RETENER MATERIAL INORGÁNICO Y ORGÁNICO DE GRAN TAMAÑO DESARENADOR PARA RETENER LA ARENA ARRASTRADA AL SISTEMA 02 LAGUNAS FACULTATIVAS PARA EL TRATAMIENTO PRIMARIO LAS DIMENSIONES PROMEDIO DE ESTAS UNIDADES ES L8640 M A2400M H150M 02 LAGUNAS SECUNDARIAS PARA EL TRATAMIENTO SECUNDARIO LAS DIMENSIONES PROMEDIO DE ESTAS UNIDADES ES L5400 M A1800M H150M REDES DE DESCARGA FINAL CON TUBERÍAS DE PVC DE 250MM DE DIÁMETRO Y 4000 M DE LONGITUD IMPLANTACIÓN DE PROGRAMAS DE EDUCACIÓN SANITARIA Y CAPACITACIÓN AL PERSONAL TÉCNICO  REALIZAR CAPACITACIONES A LA POBLACIÓN EN GENERAL SOBRE EL BUEN USO DE AGUA POTABLE Y SERVICIOS DE SANEAMIENTO Y BUENAS PRÁCTICAS DE HIGIENE  IMPLEMENTAR EL PADRÓN DE USUARIOS Y LAS TARIFAS POR EL SERVICIO DE AGUA POTABLE  DIFUSIÓN INFORMATIVA MEDIANTE RADIO EL COSTO PARA ESTA ALTERNATIVA ASCIENDE S 860151712 NUEVOS SOLES,,NO,4975,2026,0.0,0.0,MEJORAMIENTO Y REHABILITACIÓN DEL SISTEMA DE AGUA POTABLE Y ALCANTARILLADO DE LA LOCALIDAD DE SANDIA COMPRENDE LOS SIGUIENTES COMPONENTES CONTINUIDAD DEL SERVICIO DE AGUA POTABLE  INSTALACIÓN DE LÍNEA DE ADUCCIÓN DE 28 ML DE PVC AP CLASE 75 D160MM A LA RED DESDE EL NUEVO RESERVORIO EXISTENTE HASTA LA RED DE DISTRIBUCIÓN  REEMPLAZO DE RED DE DISTRIBUCIÓN EN 8392ML TUBERÍA PVC DN160MM UN TOTAL DE 2837ML TUBERÍA DE PVC DN110MM UN TOTAL DE 239678ML TUBERÍA DE PVC DN90MM UN TOTAL DE 599509ML CON ACCESORIOS Y VÁLVULAS DE CONTROL  CONSTRUCCIÓN DE SALA DE DOSIFICACIÓN EQUIPADO CON ELECTROBOMBA RECIPIENTE GRADUADO UN CLORADOR CON SU BOMBA BUSTER EN LA SUPERFICIE SUPERIOR DEL RESERVORIO EXISTENTE 1017 CONEXIONES DOMICILIARIAS POR EL SISTEMA CONVENCIONAL INCLUYE MEDIDOR Y CAJA DE REGISTRO SE PROYECTA LA INSTALACIÓN DE MEDIDORES DE AGUA POTABLE CON EL FIN DE CONTROLAR EL CONTROL DEL CONSUMO Y EVITAR EL DESPERDICIO  REEMPLAZO TOTAL DE LA RED EXISTENTE DE ALCANTARILLADO LA RED TRABAJARÁ POR GRAVEDAD POR ARRASTRE HIDRÁULICO LA RED DE TUBERÍAS SERÁ DE UPVC NTP 4435 DE 200 MM PARA REDES SECUNDARIAS E INTERCEPTOR Y 250 MM PARA EL EMISOR TODO ELLO POR UNA LONGITUD TOTAL DE 7764 ML INSTALACIÓN DE 1017 CONEXIONES DOMICILIARIAS CONVENCIONALES DE ALCANTARILLADO CON TUBERÍAS DE PVC NPT 4435 160MM S25  LA CONSTRUCCIÓN DE 200 BUZONES DE CONCRETO ARMADO CON PROFUNDIDADES VARIABLES ENTRE 120M HASTA 454M Y DIÁMETRO 120M TODAS CON MARCO DE FIERRO FUNDIDO FF Y TAPA DE CONCRETO ARMADO LA UBICACIÓN DE LOS BUZONES ES TAL COMO SIGUE 153 BUZONES EN LA RED DE RECOLECCIÓN 22 BUZONES EN EL INTERCEPTOR Y 25 BUZONES EN EL EMISOR CONSTRUCCIÓN DE 01 TANQUE SÉPTICO DE 60 M3 DE CONCRETO ARMADO Y CUBIERTO EQUIPAMIENTO CON ACCESORIOS COMPLETO INSTALACIÓN DE TUBERÍAS DE ALCANTARILLADO Y BUZONES EN EL BARRIO 3 DE MAYO DE LA CIUDAD DE SANDIA CONSTRUCCIÓN DE UNA PLANTA DE TRATAMIENTO DE AGUAS SERVIDAS CON LAGUNAS FACULTATIVAS TECNOLOGÍA AERÓBICA EN LA PARTE SUPERIOR DE CADA LAGUNA Y ANAERÓBICA EN LA PARTE INFERIOR EL SISTEMA FUNCIONA POR GRAVEDAD QUE CONSTA DE LOS SIGUIENTES COMPONENTES CÁMARA DE REJAS PARA RETENER MATERIAL INORGÁNICO Y ORGÁNICO DE GRAN TAMAÑO DESARENADOR PARA RETENER LA ARENA ARRASTRADA AL SISTEMA 02 LAGUNAS FACULTATIVAS PARA EL TRATAMIENTO PRIMARIO LAS DIMENSIONES PROMEDIO DE ESTAS UNIDADES ES L8640 M A2400M H150M 02 LAGUNAS SECUNDARIAS PARA EL TRATAMIENTO SECUNDARIO LAS DIMENSIONES PROMEDIO DE ESTAS UNIDADES ES L5400 M A1800M H150M REDES DE DESCARGA FINAL CON TUBERÍAS DE PVC DE 250MM DE DIÁMETRO Y 4000 M DE LONGITUD IMPLANTACIÓN DE PROGRAMAS DE EDUCACIÓN SANITARIA Y CAPACITACIÓN AL PERSONAL TÉCNICO  REALIZAR CAPACITACIONES A LA POBLACIÓN EN GENERAL SOBRE EL BUEN USO DE AGUA POTABLE Y SERVICIOS DE SANEAMIENTO Y BUENAS PRÁCTICAS DE HIGIENE  IMPLEMENTAR EL PADRÓN DE USUARIOS Y LAS TARIFAS POR EL SERVICIO DE AGUA POTABLE  DIFUSIÓN INFORMATIVA MEDIANTE RADIO EL COSTO PARA ESTA ALTERNATIVA ASCIENDE S 860151712 NUEVOS SOLES,OPENSTREETMAP_NOMINATIM,APROXIMADA_DISTRITO,https://nominatim.openstreetmap.org,Coordenada referencial del distrito SANDIA. No representa la ubicación exacta de la infraestructura.,COMPLETADO_APROXIMADO
2204269,OFICIAL_SANEAMIENTO,Clasificado oficialmente por el MEF en la función SANEAMIENTO,219072,"AMPLIACION Y MEJORAMIENTO DEL SERVICIO DE AGUA POTABLE  Y DESAGUE EN LA LOCALIDAD DE CAPACHICA Y SECTORES HUAREJON Y TOCTORO, DISTRITO DE CAPACHICA - PUNO - PUNO",PIP MAYOR (SNIP),GL,GOBIERNOS LOCALES,MUNICIPALIDAD DISTRITAL DE CAPACHICA,OPMI DE LA MUNICIPALIDAD DISTRITAL DE CAPACHICA,UF DE LA MUNICIPALIDAD DISTRITAL DE CAPACHICA,,301597,MUNICIPALIDAD DISTRITAL DE CAPACHICA,SANEAMIENTO,SANEAMIENTO,SANEAMIENTO URBANO,,ACTIVO,VIABLE,2012-06-12 00:00:00,2012-06-18 00:00:00,SNIP,4747890.0,6170436.36,0.0,0.0,0.0,24803.31,NO,,,,,201406,201806,6145633.05,0.0,,0,,,SI,6170436.36,SI,Aprobación de consistencia o modificaciones antes de la aprobación del ET o ET (A),NO,NO,,,,,,,,NO,NO,,,PUNO,PUNO,CAPACHICA,210105,-15.6420185,-69.8307928,LA ALTERNATIVA I PLANTEA AMPLIACION Y MEJORAMIENTO DEL SERVICIO DE AGUA POTABLE CAPACHICA INSTALACION Y MEJORAMIENTO DE LÍNEAS DE DISTRIBUCIÓN CON TUBERÍA PVC Y CONEXIONES DOMICILIARIAS AMPLIACIÓN Y MEJORAMIENTO DEL SISTEMA DE DESAGÜE EN CAPACHICA INSTALACIÓN DEL SISTEMA NO CONVENCIONAL DE EXCRETAS Y AGUAS RESIDUALES DOMESTICAS LETRINAS CON SISTEMA DE BIODIGESTOR EN LOS SECTORES HUAREJÓN Y TOCTORO INSTALACIÓN DE UNA PLANTA DE TRATAMIENTO DE AGUAS RESIDUALES EN CAPACHICA Y CURSOS DE CAPACITACIÓN SOBRE EDUCACIÓN SANITARIA Y ADECUADAS PRACTICAS DE HIGIENE,ADMINISTRACIÓN INDIRECTA - POR CONTRATA,NO,1115,2026,0.0,0.0,LA ALTERNATIVA I PLANTEA AMPLIACION Y MEJORAMIENTO DEL SERVICIO DE AGUA POTABLE CAPACHICA INSTALACION Y MEJORAMIENTO DE LÍNEAS DE DISTRIBUCIÓN CON TUBERÍA PVC Y CONEXIONES DOMICILIARIAS AMPLIACIÓN Y MEJORAMIENTO DEL SISTEMA DE DESAGÜE EN CAPACHICA INSTALACIÓN DEL SISTEMA NO CONVENCIONAL DE EXCRETAS Y AGUAS RESIDUALES DOMESTICAS LETRINAS CON SISTEMA DE BIODIGESTOR EN LOS SECTORES HUAREJÓN Y TOCTORO INSTALACIÓN DE UNA PLANTA DE TRATAMIENTO DE AGUAS RESIDUALES EN CAPACHICA Y CURSOS DE CAPACITACIÓN SOBRE EDUCACIÓN SANITARIA Y ADECUADAS PRACTICAS DE HIGIENE,OPENSTREETMAP_NOMINATIM,APROXIMADA_DISTRITO,https://nominatim.openstreetmap.org,Coordenada referencial del distrito CAPACHICA. No representa la ubicación exacta de la infraestructura.,COMPLETADO_APROXIMADO
2195459,OFICIAL_SANEAMIENTO,Clasificado oficialmente por el MEF en la función SANEAMIENTO,274031,"MEJORAMIENTO Y AMPLIACION DEL SISTEMA DE ABASTECIMIENTO DE AGUA POTABLE Y SANEAMIENTO BASICO INTEGRAL DE LAS C.C.  ACCORANI, HUACCOTO Y ALTO TRINAMAYO, DISTRITO DE CHUPA - AZANGARO - PUNO",PIP MAYOR (SNIP),GL,GOBIERNOS LOCALES,MUNICIPALIDAD DISTRITAL DE CHUPA,OPMI DE LA MUNICIPALIDAD DISTRITAL DE CHUPA,UF DE LA MUNICIPALIDAD DISTRITAL DE CHUPA,UEI DE LA MUNICIPALIDAD DISTRITAL DE CHUPA,301613,MUNICIPALIDAD DISTRITAL DE CHUPA,SANEAMIENTO,SANEAMIENTO,SANEAMIENTO RURAL,,ACTIVO,VIABLE,2013-09-17 00:00:00,2013-10-04 00:00:00,SNIP,1620147.0,2274039.37,0.0,0.0,0.0,20742.22,NO,,,,,201412,202109,2253297.15,0.0,,0,,,SI,2162766.76,SI,Ejecución física (C),SI,SI,2.77,2.5,2026-02-05 14:31:17,2016-01-01 00:00:00,2030-05-02 00:00:00,2016-12-01 00:00:00,2022-01-29 00:00:00,NO,NO,,,PUNO,AZANGARO,CHUPA,210206,-15.1059765,-69.9865962,ABASTECIMIENTO DE AGUA  COMPONENTE SISTEMA DE ABASTECIMIENTO DE AGUA POTABLE Y SANEAMIENTO BASICO INTEGRAL DE LA CC ACCORNAI    Captación OQHOKUCHO que tiene un caudal de 050 Ls  Línea de Conducción La línea de conducción será de PVC de 15 C75 con una longitud de 40000 m  Reservorio de 10 m3 capacidad útil de 150 m3  Línea de distribución en una zanja de 050 de ancho y 070m de altura  Cámara rompe presión tipo 6 01 cámaras rompe presión tipo 6 con el fin de entregar presiones entre 5 a 50  Válvulas de Control la construcción de 06 válvulas  Válvulas de Purga Tipo I de 02 válvulas de Purga Tipo I  Válvulas de paso domiciliario de 65 válvulas de paso domiciliario  Cruce de riachuelo 01 und 10 m   Lavaderos domiciliarios 65 und  COMPONENTE SISTEMA DE ABASTECIMIENTO DE AGUA POTABLE Y SANEAMIENTO BASICO INTEGRAL DE LA CC  HUACCOTO    Captación construcción de 05 UND  de Captación de manantial de ladera concentrado de concreto armado cuyas denominaciones son las siguientes  61692HUALLANI que tiene un caudal de 030 Ls  61692MILLONI que tiene un caudal de 040 Ls  61692OQHOKUCHO que tiene un caudal de 010 Ls  61692WISCACHANI que tiene un caudal de 026 Ls  61692CHULLUNQUIANI que tiene un caudal de 010 Ls   61692KATAKATANI que tiene un caudal de 020 Ls   61692CHUKUKANCHA que tiene un caudal de 027 Ls   Línea de Conducción La línea de conducción  será de PVC de 34 C75 con una longitud de 12000 m  Reservorio de 05 m3 02 UND con capacidad útil de 050 m3 cada uno  Caseta de Válvulas de Reservorio  Línea de distribución Se realizará en una zanja de 050 de ancho y 070m de altura   Cámara rompe presión tipo 7 Se proyecta la construcción de 01 cámaras rompe presión tipo 6 con el fin de entregar presiones entre 5 a 50 mca   Válvulas de Control Se proyecta la construcción de 06 válvulas   Válvulas de Purga Tipo Se proyecta la construcción de 02 válvulas   Válvulas de paso domiciliario Se proyecta la construcción de 65 válvulas  Cruce de riachuelo 01 und 08 m   Pase Aéreo 01 und 10 m   Lavaderos domiciliarios 38 und  COMPONENTE SISTEMA DE ABASTECIMIENTO DE AGUA POTABLE Y SANEAMIENTO BASICO INTEGRAL DE LA CC  ALTO TRINIMAYO    Captación Se plantea la construcción de 03 UND  de Captación de manantial de ladera concentrado de concreto armado cuyas denominaciones son las siguientes  61692WAYLLACATAVI2 que tiene un caudal de 050 Ls   61692COLIWAYCO que tiene un caudal de 020 Ls  61692CANTUTANI que tiene un caudal de 010 Ls  Línea de Conducción La línea de conducción será de PVC de 34 C75 con una longitud de 18000 m  Reservorio de 05 y 03 m3 02 UND  Caseta de Válvulas de Reservorio 02 und  Línea de distribución Se realizará el tendido de la red de distribución en una zanja de 050 de ancho y 070m de altura  Cámara rompe presión tipo 7 Se proyecta la construcción de 02 cámaras rompe presión tipo 7 con el fin de entregar presiones entre 5 a 50 mca Válvulas de Control  Válvulas de Purga Tipo I   Se proyecta la construcción de 04 válvulas de Purga Tipo I  Válvulas de paso domiciliario Se proyecta la construcción de 46 válvulas  Cruce de riachuelo 01 und 08 m   Pase Aéreo 02 und 12 m  Cruce riachuelo 02 und 10 m   Lavaderos domiciliarios 46 und  SANEAMIENTO  Construcción de soluciones individuales de saneamiento bajo la denominación de letrinas de arrastre hidráulico construidas con bloquetas 65 Und  ACCORANI 38 Und  HUACCOTO 46 Und  ALTO TRINAMAYO  Unidad Básica de Saneamiento con biodigestor,ADMINISTRACIÓN DIRECTA,NO,422,2026,0.0,0.0,ABASTECIMIENTO DE AGUA  COMPONENTE SISTEMA DE ABASTECIMIENTO DE AGUA POTABLE Y SANEAMIENTO BASICO INTEGRAL DE LA CC ACCORNAI    Captación OQHOKUCHO que tiene un caudal de 050 Ls  Línea de Conducción La línea de conducción será de PVC de 15 C75 con una longitud de 40000 m  Reservorio de 10 m3 capacidad útil de 150 m3  Línea de distribución en una zanja de 050 de ancho y 070m de altura  Cámara rompe presión tipo 6 01 cámaras rompe presión tipo 6 con el fin de entregar presiones entre 5 a 50  Válvulas de Control la construcción de 06 válvulas  Válvulas de Purga Tipo I de 02 válvulas de Purga Tipo I  Válvulas de paso domiciliario de 65 válvulas de paso domiciliario  Cruce de riachuelo 01 und 10 m   Lavaderos domiciliarios 65 und  COMPONENTE SISTEMA DE ABASTECIMIENTO DE AGUA POTABLE Y SANEAMIENTO BASICO INTEGRAL DE LA CC  HUACCOTO    Captación construcción de 05 UND  de Captación de manantial de ladera concentrado de concreto armado cuyas denominaciones son las siguientes  61692HUALLANI que tiene un caudal de 030 Ls  61692MILLONI que tiene un caudal de 040 Ls  61692OQHOKUCHO que tiene un caudal de 010 Ls  61692WISCACHANI que tiene un caudal de 026 Ls  61692CHULLUNQUIANI que tiene un caudal de 010 Ls   61692KATAKATANI que tiene un caudal de 020 Ls   61692CHUKUKANCHA que tiene un caudal de 027 Ls   Línea de Conducción La línea de conducción  será de PVC de 34 C75 con una longitud de 12000 m  Reservorio de 05 m3 02 UND con capacidad útil de 050 m3 cada uno  Caseta de Válvulas de Reservorio  Línea de distribución Se realizará en una zanja de 050 de ancho y 070m de altura   Cámara rompe presión tipo 7 Se proyecta la construcción de 01 cámaras rompe presión tipo 6 con el fin de entregar presiones entre 5 a 50 mca   Válvulas de Control Se proyecta la construcción de 06 válvulas   Válvulas de Purga Tipo Se proyecta la construcción de 02 válvulas   Válvulas de paso domiciliario Se proyecta la construcción de 65 válvulas  Cruce de riachuelo 01 und 08 m   Pase Aéreo 01 und 10 m   Lavaderos domiciliarios 38 und  COMPONENTE SISTEMA DE ABASTECIMIENTO DE AGUA POTABLE Y SANEAMIENTO BASICO INTEGRAL DE LA CC  ALTO TRINIMAYO    Captación Se plantea la construcción de 03 UND  de Captación de manantial de ladera concentrado de concreto armado cuyas denominaciones son las siguientes  61692WAYLLACATAVI2 que tiene un caudal de 050 Ls   61692COLIWAYCO que tiene un caudal de 020 Ls  61692CANTUTANI que tiene un caudal de 010 Ls  Línea de Conducción La línea de conducción será de PVC de 34 C75 con una longitud de 18000 m  Reservorio de 05 y 03 m3 02 UND  Caseta de Válvulas de Reservorio 02 und  Línea de distribución Se realizará el tendido de la red de distribución en una zanja de 050 de ancho y 070m de altura  Cámara rompe presión tipo 7 Se proyecta la construcción de 02 cámaras rompe presión tipo 7 con el fin de entregar presiones entre 5 a 50 mca Válvulas de Control  Válvulas de Purga Tipo I   Se proyecta la construcción de 04 válvulas de Purga Tipo I  Válvulas de paso domiciliario Se proyecta la construcción de 46 válvulas  Cruce de riachuelo 01 und 08 m   Pase Aéreo 02 und 12 m  Cruce riachuelo 02 und 10 m   Lavaderos domiciliarios 46 und  SANEAMIENTO  Construcción de soluciones individuales de saneamiento bajo la denominación de letrinas de arrastre hidráulico construidas con bloquetas 65 Und  ACCORANI 38 Und  HUACCOTO 46 Und  ALTO TRINAMAYO  Unidad Básica de Saneamiento con biodigestor,OPENSTREETMAP_NOMINATIM,APROXIMADA_DISTRITO,https://nominatim.openstreetmap.org,Coordenada referencial del distrito CHUPA. No representa la ubicación exacta de la infraestructura.,COMPLETADO_APROXIMADO
2288715,OFICIAL_SANEAMIENTO,Clasificado oficialmente por el MEF en la función SANEAMIENTO,330367,"MEJORAMIENTO DEL CANAL DE DRENAJE PLUVIAL EN  LA COMUNIDAD DE CHINCHERA , DISTRITO DE CHUCUITO - PUNO - PUNO",PIP MENOR (SNIP),GL,GOBIERNOS LOCALES,MUNICIPALIDAD DISTRITAL DE CHUCUITO,,UNIDAD FORMULADORA,,301598,MUNICIPALIDAD DISTRITAL DE CHUCUITO,SANEAMIENTO,SANEAMIENTO,SANEAMIENTO RURAL,,ACTIVO,VIABLE,2015-08-13 00:00:00,2015-08-16 00:00:00,SNIP,1116020.83,1250727.85,0.0,0.0,0.0,1250727.85,NO,,,,,,,0.0,0.0,,0,,,SI,1250727.85,NO,,NO,NO,,,,,,,,NO,NO,,,PUNO,PUNO,CHUCUITO,210106,-16.6336027,-69.3018083,COMPRENDE EN TRABAJOS PROVISIONALES TRABAJOS PRELIMINARES MOVIMIENTO DE TIERRAS TRANSPORTE DE MATERIALES Y AGREGADOS LIMPIEZA GENERAL DE OBRA KIT DE HERRAMIENTAS Y FLETE TERRESTRE  CONSTRUCCIÓN DE CANAL DE EVACUACIÓN DE AGUAS PLUVIALES DE 700 ML DE CONCRETO ARMADO CON FONDO DE CANAL DE CONCRETO MUROS DE CONCRETO CON TAPA DE CONCRETO ARMADO 180 M DE ANCHO Y 020 M DE ESPESOR Y CAPACITACIÓN,ADMINISTRACIÓN DIRECTA,NO,1280,2026,0.0,0.0,COMPRENDE EN TRABAJOS PROVISIONALES TRABAJOS PRELIMINARES MOVIMIENTO DE TIERRAS TRANSPORTE DE MATERIALES Y AGREGADOS LIMPIEZA GENERAL DE OBRA KIT DE HERRAMIENTAS Y FLETE TERRESTRE  CONSTRUCCIÓN DE CANAL DE EVACUACIÓN DE AGUAS PLUVIALES DE 700 ML DE CONCRETO ARMADO CON FONDO DE CANAL DE CONCRETO MUROS DE CONCRETO CON TAPA DE CONCRETO ARMADO 180 M DE ANCHO Y 020 M DE ESPESOR Y CAPACITACIÓN,OPENSTREETMAP_NOMINATIM,APROXIMADA_DISTRITO,https://nominatim.openstreetmap.org,Coordenada referencial del distrito CHUCUITO. No representa la ubicación exacta de la infraestructura.,COMPLETADO_APROXIMADO
2332959,OFICIAL_SANEAMIENTO,Clasificado oficialmente por el MEF en la función SANEAMIENTO,372257,"CREACION Y MEJORAMIENTO DEL SERVICIO DE AGUA POTABLE Y SANEAMIENTO RURAL EN LA MICROCUENCA AZANGARO II, DISTRITO AZANGARO Y ASILLO, PROVINCIA DE AZANGARO - PUNO",PIP MAYOR (SNIP),GL,GOBIERNOS LOCALES,MUNICIPALIDAD PROVINCIAL DE AZANGARO,OPMI DE LA MUNICIPALIDAD PROVINCIAL DE AZANGARO,UF DE LA MUNICIPALIDAD PROVINCIAL DE AZANGARO,UEI DE LA MUNICIPALIDAD PROVINCIAL DE AZANGARO,301608,MUNICIPALIDAD PROVINCIAL DE AZANGARO,SANEAMIENTO,SANEAMIENTO,SANEAMIENTO RURAL,,ACTIVO,VIABLE,2016-10-24 00:00:00,2016-11-07 00:00:00,SNIP,19660216.0,22642159.81,0.0,0.0,0.0,72323.01,NO,,,,,201904,202212,22569836.8,0.0,,0,,,SI,21145191.75,SI,Ejecución física (C),SI,SI,86.42,85.87,2021-07-23 11:50:58,2019-02-14 00:00:00,2022-08-15 00:00:00,2019-10-10 00:00:00,2021-11-30 00:00:00,NO,NO,,,PUNO,AZANGARO,AZANGARO,210201,-14.8618338,-70.1503339,Construcción de 03 Captaciones 01 captación de concreto armado  de 210 Kgcm2 tipo Galería filtrante largo 2000 m ancho 100 m profundidad de 30m  35m con pendiente de 1000 01 captación de concreto armado de 210 Kgcm2 tipo Galería filtrante Largo 6000m ancho 100m profundidad de 30m  35m con pendiente de 1000 01 captación de concreto armado de 210 Kgcm2 tipo Galería filtrante largo 3000m ancho 100m profundidad de 30m  35m con pendiente de 1000 Construcción de tres 03 reservorios con sus respectivas casetas de válvulas de material de concreto armado fc  210 Kgcm2 01 reservorio de 20 m3 01 de 40 m3 01 de 25 m3 Instalación de líneas de distribución de 9490272 ml tuberías de 34 1 1 12 2 3 Conexiones domiciliarias de 42300 ml con tubería de PVC SAP 12 Construcción de 846 Unidades Básicas de Saneamiento con Biodigestor de 600L y zanja de infiltración de 3m con tubería cribada de 2 eventos de Capacitación a Consumidores y Capacitación  a Operadores,ADMINISTRACIÓN INDIRECTA - POR CONTRATA,NO,3428,2026,0.0,0.0,Construcción de 03 Captaciones 01 captación de concreto armado  de 210 Kgcm2 tipo Galería filtrante largo 2000 m ancho 100 m profundidad de 30m  35m con pendiente de 1000 01 captación de concreto armado de 210 Kgcm2 tipo Galería filtrante Largo 6000m ancho 100m profundidad de 30m  35m con pendiente de 1000 01 captación de concreto armado de 210 Kgcm2 tipo Galería filtrante largo 3000m ancho 100m profundidad de 30m  35m con pendiente de 1000 Construcción de tres 03 reservorios con sus respectivas casetas de válvulas de material de concreto armado fc  210 Kgcm2 01 reservorio de 20 m3 01 de 40 m3 01 de 25 m3 Instalación de líneas de distribución de 9490272 ml tuberías de 34 1 1 12 2 3 Conexiones domiciliarias de 42300 ml con tubería de PVC SAP 12 Construcción de 846 Unidades Básicas de Saneamiento con Biodigestor de 600L y zanja de infiltración de 3m con tubería cribada de 2 eventos de Capacitación a Consumidores y Capacitación  a Operadores,OPENSTREETMAP_NOMINATIM,APROXIMADA_DISTRITO,https://nominatim.openstreetmap.org,Coordenada referencial del distrito AZANGARO. No representa la ubicación exacta de la infraestructura.,COMPLETADO_APROXIMADO
2328494,OFICIAL_SANEAMIENTO,Clasificado oficialmente por el MEF en la función SANEAMIENTO,364845,"CREACION DEL SISTEMA DE CAPTACION Y CONDUCCION PARA EL ABASTECIMIENTO DE AGUAS TERMALES A LA PISCINA MUNICIPAL JOSE SOLORZANO SALAS DEL DISTRITO DE PUTINA, PROVINCIA DE SAN ANTONIO DE PUTINA - PUNO",PIP MENOR (SNIP),GL,GOBIERNOS LOCALES,MUNICIPALIDAD PROVINCIAL DE SAN ANTONIO DE PUTINA,OPMI DE LA MUNICIPALIDAD PROVINCIAL DE SAN ANTONIO DE PUTINA,UF DE LA MUNICIPALIDAD PROVINCIAL DE SAN ANTONIO DE PUTINA,,301676,MUNICIPALIDAD PROVINCIAL DE SAN ANTONIO DE PUTINA,SANEAMIENTO,SANEAMIENTO,SANEAMIENTO URBANO,,ACTIVO,VIABLE,2016-08-15 00:00:00,2016-08-16 00:00:00,SNIP,48893.34,67867.4,0.0,0.0,0.0,67867.4,NO,,,,,,,0.0,0.0,,0,,,SI,67867.4,SI,Aprobación de consistencia o modificaciones antes de la aprobación del ET o ET (A),NO,NO,,,,,,,,NO,NO,,,PUNO,SAN ANTONIO DE PUTINA,PUTINA,211001,-14.7211647,-69.7975441,LA ALTERNATIVA I CONSISTE EN EL CAMBIO DE TUBERIA DE PVC DE 6 EN LA LINEA DE CONDUCCION EN UN TRAMO DE 154M LA CONSTRUCCION DE 06 UNIDADES DE CAMARA DE INSPECCION DE CONCRETO ARMADO Y LA INSTALACION DE 03 UNIDADES DE VALVULAS DE CONTROL,ADMINISTRACIÓN DIRECTA,NO,263880,2026,0.0,0.0,LA ALTERNATIVA I CONSISTE EN EL CAMBIO DE TUBERIA DE PVC DE 6 EN LA LINEA DE CONDUCCION EN UN TRAMO DE 154M LA CONSTRUCCION DE 06 UNIDADES DE CAMARA DE INSPECCION DE CONCRETO ARMADO Y LA INSTALACION DE 03 UNIDADES DE VALVULAS DE CONTROL,OPENSTREETMAP_NOMINATIM,APROXIMADA_DISTRITO,https://nominatim.openstreetmap.org,Coordenada referencial del distrito PUTINA. No representa la ubicación exacta de la infraestructura.,COMPLETADO_APROXIMADO
2311194,OFICIAL_SANEAMIENTO,Clasificado oficialmente por el MEF en la función SANEAMIENTO,348571,"AMPLIACION DEL SISTEMA HIDRAULICO DE PRODUCCION DE AGUA POTABLE DE LA PTAP - AYABACAS DE LA EPS SEDAJULIACA S.A. , CIUDAD DE JULIACA, PROVINCIA DE SAN ROMAN - PUNO",PIP MAYOR (SNIP),GN,"VIVIENDA, CONSTRUCCION Y SANEAMIENTO","MINISTERIO DE VIVIENDA, CONSTRUCCION Y SANEAMIENTO",OPMI DE LA MUNICIPALIDAD PROVINCIAL DE SAN ROMAN,UF DE LA MUNICIPALIDAD PROVINCIAL DE SAN ROMAN,UEI DE LA EPS SEDA JULIACA SA,147,HOSPITAL DE EMERGENCIAS PEDIATRICAS,SANEAMIENTO,SANEAMIENTO,SANEAMIENTO URBANO,,ACTIVO,VIABLE,2016-02-23 00:00:00,2016-03-04 00:00:00,SNIP,3459618.0,3680781.44,0.0,0.0,0.0,833494.44,NO,,,,,201709,202112,2847287.0,0.0,,0,,,SI,3680781.44,SI,Aprobación de consistencia o modificaciones antes de la aprobación del ET o ET (A),SI,NO,,,,,,,,NO,SI,2023-10-13 18:09:54,Pendiente de liquidación,PUNO,SAN ROMAN,JULIACA,211101,-15.4932314,-70.1356177,LA PRESENTE ALTERNATIVA CONTEMPLA LO SIGUIENTE 1 ESTRUCTURAS CONSTRUCCION SEDIMENTADOR DE GRUESOS ESTRUCTURA DE CONCRETO ARMADO CONFORMADA POR MUROS DE CONTENCION DE LOZA MACISA EN 24405 M2 INSTALACION DE 01 UNIDAD DE DEFLECTOR DE ACERO CORRUGADO FY4200 KGCM2 ASIMISNO SE CONTEMPLA LA CONSTRUCCION DE SEDIMENTADOR DE FINOS ESTRUCTURA DE CONCRETO ARMADO CONFORMADA POR 01UNIDAD DEL TIPO CONVENCIONAL DE FLUJO HORIZONTAL QUE RECIBE EL AGUA PROVENIENTE DE LA UNIDAD DE FLOCULACIÓN UNIDAD QUE TIENE UN ÁREA DE SEDIMENTACIÓN APROXIMADA DE 33819 M2 CON 351 METROS DE LARGO POR 975 METROS DE ANCHO Y 390 METROS DE ALTO ADEMAS SE CONTEMPLA 02 UNIDADES DE FLOCULACION DE CONCRETO ARMADO QUE CONTIENE MUROS DE CONTENCION Y 34 MUROS PANTALLA INFRAESTRUCTURA CON UN ÁREA DE FLOCULACION PARA CADA UNIDAD SEDIMENTACIÓN APROXIMADA DE 18455 M2 CON 2866 METROS DE LARGO POR 645 METROS DE ANCHO Y 300 METROS DE ALTO INSTALACION DE 02 UNIDADES DE FILTROS A PRESIÓN DE ESTRUCTURA METALICA POR 02 UNIDADES CUALES TIENEN LOS SIGUIENTES COMPONENTES ALIMENTACIÓN AL FILTRO TUBERÍA DE 8 SCH40 CON ACCESORIOS DE CODO BRIDAS UNIONES VÁLVULA MARIPOSA TIPO WAFER VÁLVULA CHECK DE DOBLE CLAPETA REDUCCIÓN CONCÉNTRICA EXCÉNTRICA CON EL MISMO DIÁMETRO 8 ELECTRO BOMBA CENTRÍFUGA DE 65 LTSEG Y ALTURA DE 20M CON UN TABLERO DE MANDO Y CONTROL ELÉCTRICO LÍNEA DE SALIDA DE AGUA DE LAVADO EL AGUA DE LIMPIEZA DE FILTRO SE EVACUA POR UNA TUBERÍA 10 250MM EN UN PROCESO DE RETRO LAVADO EN LA CUAL SE REQUIERE UNA COMPRESORA PARA QUE DICHA LIMPIEZA SE EFECTÚA CUENTA CON ACCESORIOS CODO BRIDAS VÁLVULA MARIPOSA TIPO WAFER SCH40 Y UNA TRANSICIÓN DE FF A PVC TODA TRAMA CUENTA CON ANCLAJES DE 175 KGCM2 LÍNEA DE NEUMÁTICA TUBERÍA QUE CONDUCE AIRE COMPRIMIDA A CADA FILTRO PARA LA LIMPIEZA DE ESTOS EL DIÁMETRO DE TUBERÍA ES DE 6 150MM TIPO SSCH40 CUENTA CON ACCESORIOS TEE VÁLVULA MARIPOSA TIPO WAFER BRIDAS DEL MISMO DIÁMETRO CUENTA CON ANCLAJES PARA SOPORTE DE TUBOS DE 175KGCM2 TANQUE CISTERNA DE CAPACIDAD 1500 M3 CIMENTACIONES CUENTA CON 14 ZAPATAS AISLADAS DE 150 X 150M CON UN PERALTE DE 050 LA PARRILLA ESTA CONFORMADO POR UN ACERO DE  DE DIÁMETRO EN AMBAS DIRECCIONES PARA SU RESPECTIVA UBICACIÓN DE COLUMNAS CIRCULARES DE UN RADIO DE 020 M TOTAL DE COLUMNAS 14 CON ACEROS DE  CON ESTRIBOS HELICOIDALES TODO EL PERÍMETRO DEL TANQUE ES DE 92 ML CON UN ESPESOR DE MURO DE 025 CON UN PANTALLA DE CA DE 15ML CON ESPESOR 025M CON ACEROS DE  DE DIÁMETRO LOS MUROS DE TANQUE CISTERNA CUENTAN CON ACEROS SUPERIOR A  DE DIÁMETRO EN AMBAS DIRECCIONES Y ACERO INTERIOR DE 38 DE DIÁMETRO EN AMBAS DIRECCIONES EL PISO DEL TANQUE SERÁ DE 020M DE ESPESOR CON ACEROS DE REFUERZO DE Ø  TANTO COMO SUPERIOR E INFERIOR ARMADA EN DOS DIRECCIONES EL CONCRETO SERÁ VACIADO CON ADITIVO IMPERMEABILIZANTE LA PARTE SUPERIOR DEL TANQUE TENDRÁ UNA LOSA DE ESPESOR DE 020 CON ACEROS DE Ø  Y EL SUPERIOR DE Ø 38 EN AMBAS DIRECCIONES CASETA DE EQUIPAMIENTO CIMIENTOS CIMIENTOS CORRIDOS DE 040 M CON ALTURA DE 050M CONFORMADO DE CONCRETO ARMADO MUROS LOS MUROS SON DE 015 CM DE ESPESOR HASTA UNA ALTURA DE 420M LUEGO SE CONTINUARÁ CON LADRILLO KING KONG DE 14X24X09 TECHADO TECHO DE CALAMINA CON TIJERALES DE MADERA OTROS CUENTA CON INSTALACIONES ELÉCTRICA Y PLUVIALES Y PUERTA MÁS VENTANA 2 EQUIPAMIENTO ADQUISICION DE 02 UNIDADES DE BOMBA CENTRIFUGA DE 65 LS H20M 02 UNIDADES DE ELECTROBOMBA CENTRIFUGA HORIZONTAL Q  230 LS H20M 3 CAPACITACION DESARROLLO DE 02 TALLERES ENFOCADOS EN LA OPERATIVIDAD Y MANTENIMIENTO ADECUADO DE LE PRESENTE INFRAESTRUCTURA HIDRAULICA 4 PLAN DE MITIGACION AMBIENTAL DONDE SE MITIGARA EL IMPACTO NEGATIVO DURANTE LA EJECUCION DE LA OBRA Y SE CONSIDERA EL COSTO POR LOS VICIOS OCULTOS NO PREVISTOS DURANTE LA ELABORACION DEL PRESENTA ESTUDIO,ADMINISTRACIÓN INDIRECTA - POR CONTRATA,NO,163217,2026,0.0,0.0,LA PRESENTE ALTERNATIVA CONTEMPLA LO SIGUIENTE 1 ESTRUCTURAS CONSTRUCCION SEDIMENTADOR DE GRUESOS ESTRUCTURA DE CONCRETO ARMADO CONFORMADA POR MUROS DE CONTENCION DE LOZA MACISA EN 24405 M2 INSTALACION DE 01 UNIDAD DE DEFLECTOR DE ACERO CORRUGADO FY4200 KGCM2 ASIMISNO SE CONTEMPLA LA CONSTRUCCION DE SEDIMENTADOR DE FINOS ESTRUCTURA DE CONCRETO ARMADO CONFORMADA POR 01UNIDAD DEL TIPO CONVENCIONAL DE FLUJO HORIZONTAL QUE RECIBE EL AGUA PROVENIENTE DE LA UNIDAD DE FLOCULACIÓN UNIDAD QUE TIENE UN ÁREA DE SEDIMENTACIÓN APROXIMADA DE 33819 M2 CON 351 METROS DE LARGO POR 975 METROS DE ANCHO Y 390 METROS DE ALTO ADEMAS SE CONTEMPLA 02 UNIDADES DE FLOCULACION DE CONCRETO ARMADO QUE CONTIENE MUROS DE CONTENCION Y 34 MUROS PANTALLA INFRAESTRUCTURA CON UN ÁREA DE FLOCULACION PARA CADA UNIDAD SEDIMENTACIÓN APROXIMADA DE 18455 M2 CON 2866 METROS DE LARGO POR 645 METROS DE ANCHO Y 300 METROS DE ALTO INSTALACION DE 02 UNIDADES DE FILTROS A PRESIÓN DE ESTRUCTURA METALICA POR 02 UNIDADES CUALES TIENEN LOS SIGUIENTES COMPONENTES ALIMENTACIÓN AL FILTRO TUBERÍA DE 8 SCH40 CON ACCESORIOS DE CODO BRIDAS UNIONES VÁLVULA MARIPOSA TIPO WAFER VÁLVULA CHECK DE DOBLE CLAPETA REDUCCIÓN CONCÉNTRICA EXCÉNTRICA CON EL MISMO DIÁMETRO 8 ELECTRO BOMBA CENTRÍFUGA DE 65 LTSEG Y ALTURA DE 20M CON UN TABLERO DE MANDO Y CONTROL ELÉCTRICO LÍNEA DE SALIDA DE AGUA DE LAVADO EL AGUA DE LIMPIEZA DE FILTRO SE EVACUA POR UNA TUBERÍA 10 250MM EN UN PROCESO DE RETRO LAVADO EN LA CUAL SE REQUIERE UNA COMPRESORA PARA QUE DICHA LIMPIEZA SE EFECTÚA CUENTA CON ACCESORIOS CODO BRIDAS VÁLVULA MARIPOSA TIPO WAFER SCH40 Y UNA TRANSICIÓN DE FF A PVC TODA TRAMA CUENTA CON ANCLAJES DE 175 KGCM2 LÍNEA DE NEUMÁTICA TUBERÍA QUE CONDUCE AIRE COMPRIMIDA A CADA FILTRO PARA LA LIMPIEZA DE ESTOS EL DIÁMETRO DE TUBERÍA ES DE 6 150MM TIPO SSCH40 CUENTA CON ACCESORIOS TEE VÁLVULA MARIPOSA TIPO WAFER BRIDAS DEL MISMO DIÁMETRO CUENTA CON ANCLAJES PARA SOPORTE DE TUBOS DE 175KGCM2 TANQUE CISTERNA DE CAPACIDAD 1500 M3 CIMENTACIONES CUENTA CON 14 ZAPATAS AISLADAS DE 150 X 150M CON UN PERALTE DE 050 LA PARRILLA ESTA CONFORMADO POR UN ACERO DE  DE DIÁMETRO EN AMBAS DIRECCIONES PARA SU RESPECTIVA UBICACIÓN DE COLUMNAS CIRCULARES DE UN RADIO DE 020 M TOTAL DE COLUMNAS 14 CON ACEROS DE  CON ESTRIBOS HELICOIDALES TODO EL PERÍMETRO DEL TANQUE ES DE 92 ML CON UN ESPESOR DE MURO DE 025 CON UN PANTALLA DE CA DE 15ML CON ESPESOR 025M CON ACEROS DE  DE DIÁMETRO LOS MUROS DE TANQUE CISTERNA CUENTAN CON ACEROS SUPERIOR A  DE DIÁMETRO EN AMBAS DIRECCIONES Y ACERO INTERIOR DE 38 DE DIÁMETRO EN AMBAS DIRECCIONES EL PISO DEL TANQUE SERÁ DE 020M DE ESPESOR CON ACEROS DE REFUERZO DE Ø  TANTO COMO SUPERIOR E INFERIOR ARMADA EN DOS DIRECCIONES EL CONCRETO SERÁ VACIADO CON ADITIVO IMPERMEABILIZANTE LA PARTE SUPERIOR DEL TANQUE TENDRÁ UNA LOSA DE ESPESOR DE 020 CON ACEROS DE Ø  Y EL SUPERIOR DE Ø 38 EN AMBAS DIRECCIONES CASETA DE EQUIPAMIENTO CIMIENTOS CIMIENTOS CORRIDOS DE 040 M CON ALTURA DE 050M CONFORMADO DE CONCRETO ARMADO MUROS LOS MUROS SON DE 015 CM DE ESPESOR HASTA UNA ALTURA DE 420M LUEGO SE CONTINUARÁ CON LADRILLO KING KONG DE 14X24X09 TECHADO TECHO DE CALAMINA CON TIJERALES DE MADERA OTROS CUENTA CON INSTALACIONES ELÉCTRICA Y PLUVIALES Y PUERTA MÁS VENTANA 2 EQUIPAMIENTO ADQUISICION DE 02 UNIDADES DE BOMBA CENTRIFUGA DE 65 LS H20M 02 UNIDADES DE ELECTROBOMBA CENTRIFUGA HORIZONTAL Q  230 LS H20M 3 CAPACITACION DESARROLLO DE 02 TALLERES ENFOCADOS EN LA OPERATIVIDAD Y MANTENIMIENTO ADECUADO DE LE PRESENTE INFRAESTRUCTURA HIDRAULICA 4 PLAN DE MITIGACION AMBIENTAL DONDE SE MITIGARA EL IMPACTO NEGATIVO DURANTE LA EJECUCION DE LA OBRA Y SE CONSIDERA EL COSTO POR LOS VICIOS OCULTOS NO PREVISTOS DURANTE LA ELABORACION DEL PRESENTA ESTUDIO,OPENSTREETMAP_NOMINATIM,APROXIMADA_DISTRITO,https://nominatim.openstreetmap.org,Coordenada referencial del distrito JULIACA. No representa la ubicación exacta de la infraestructura.,COMPLETADO_APROXIMADO
2286748,OFICIAL_SANEAMIENTO,Clasificado oficialmente por el MEF en la función SANEAMIENTO,328667,"MEJORAMIENTO DEL SERVICIO DE AGUA POTABLE E INSTALACION DE SERVICIOS HIGIENICOS EN LAS COMUNIDADES CAMPESINAS CCACCO, CHILLIN, HUARZA, PUCACHUPA Y QUEÑUANI BAJO, DISTRITO DE PUCARA - LAMPA - PUNO",PIP MAYOR (SNIP),GL,GOBIERNOS LOCALES,MUNICIPALIDAD DISTRITAL DE PUCARA - PUNO,OPMI DE LA MUNICIPALIDAD DISTRITAL DE PUCARA - PUNO,UF DE LA MUNICIPALIDAD DISTRITAL DE PUCARA - PUNO,,301660,MUNICIPALIDAD DISTRITAL DE PUCARA,SANEAMIENTO,SANEAMIENTO,SANEAMIENTO RURAL,,ACTIVO,VIABLE,2015-07-21 00:00:00,2015-07-22 00:00:00,SNIP,4601132.0,5167771.42,0.0,0.0,0.0,4684212.42,NO,,,,,202112,202212,483559.0,0.0,,0,,,SI,4306840.98,SI,Aprobación de consistencia o modificaciones antes de la aprobación del ET o ET (A),NO,NO,,,,,,,,NO,NO,,,PUNO,LAMPA,PUCARA,210708,-15.068859,-70.4496726,Construcción de 5 Captaciones Tipo C1 La línea de conducción será de aproximadamente 170700 ml de  tubería NTP 399002 C  10 ø 265mm ø 33mm así como tubería  NTP 399002 C75 ø 48mm respectivamente03 unidades de 5 m3 01 unidad de 8m3 y 01 unidad de 9m3 408 instalaciones domiciliarias nuevas obras complemetarias de funcionamiento hidraulico instalacion de 408 servicio higienicos con sistema de arrastre hidraulico y sistema de tratamiento con biodigestores y zanjas de infiltracion promocion y capacitacion a la poblacion y JASS mitigacion del impacto ambiental,ADMINISTRACIÓN INDIRECTA - POR CONTRATA,NO,1632,2026,0.0,0.0,Construcción de 5 Captaciones Tipo C1 La línea de conducción será de aproximadamente 170700 ml de  tubería NTP 399002 C  10 ø 265mm ø 33mm así como tubería  NTP 399002 C75 ø 48mm respectivamente03 unidades de 5 m3 01 unidad de 8m3 y 01 unidad de 9m3 408 instalaciones domiciliarias nuevas obras complemetarias de funcionamiento hidraulico instalacion de 408 servicio higienicos con sistema de arrastre hidraulico y sistema de tratamiento con biodigestores y zanjas de infiltracion promocion y capacitacion a la poblacion y JASS mitigacion del impacto ambiental,OPENSTREETMAP_NOMINATIM,APROXIMADA_DISTRITO,https://nominatim.openstreetmap.org,Coordenada referencial del distrito PUCARA. No representa la ubicación exacta de la infraestructura.,COMPLETADO_APROXIMADO
2037351,HISTORICO_SALUD_Y_SANEAMIENTO,Proyecto histórico de agua/saneamiento registrado bajo la antigua función SALUD Y SANEAMIENTO,36345,"MEJORAMIENTO DEL SISTEMA DE ABASTECIMIENTO DE AGUA MEDIANTE PERFORACION DE POZOS DE LA ZONA MEDIA DISTRITO DE ILAVE, PROVINCIA DE EL COLLAO - PUNO",PIP MAYOR (SNIP),GL,GOBIERNOS LOCALES,MUNICIPALIDAD PROVINCIAL DE EL COLLAO,OPMI DE LA MUNICIPALIDAD PROVINCIAL DE EL COLLAO,UF DE LA MUNICIPALIDAD PROVINCIAL DE EL COLLAO,UEI DE LA MUNICIPALIDAD PROVINCIAL DE EL COLLAO,301640,MUNICIPALIDAD PROVINCIAL EL COLLAO - ILAVE,SALUD Y SANEAMIENTO,SANEAMIENTO,SANEAMIENTO GENERAL,,ACTIVO,VIABLE,2006-07-31 00:00:00,2006-08-29 00:00:00,SNIP,1864773.0,1864773.0,0.0,0.0,0.0,-41376.63,NO,,,,,200704,201112,1906149.63,0.0,,0,,,NO,0.0,SI,Aprobación de consistencia o modificaciones antes de la aprobación del ET o ET (A),NO,NO,,,,,,,,NO,SI,2019-11-29 21:30:09,Pendiente de liquidación,PUNO,EL COLLAO,ILAVE,210501,-16.2344765,-69.6749664,Construcción de infraestructura de agua potable mediante la perforación de pozos artesanales familiares con bombas manuales de tipo aspirante  impelente de simple efecto para abastecimiento de agua para consumo humano en las comunidades de zona media del distrito de Ilave,,NO,12185,2026,0.0,0.0,Construcción de infraestructura de agua potable mediante la perforación de pozos artesanales familiares con bombas manuales de tipo aspirante  impelente de simple efecto para abastecimiento de agua para consumo humano en las comunidades de zona media del distrito de Ilave,OPENSTREETMAP_NOMINATIM,APROXIMADA_DISTRITO,https://nominatim.openstreetmap.org,Coordenada referencial del distrito ILAVE. No representa la ubicación exacta de la infraestructura.,COMPLETADO_APROXIMADO
2082657,HISTORICO_SALUD_Y_SANEAMIENTO,Proyecto histórico de agua/saneamiento registrado bajo la antigua función SALUD Y SANEAMIENTO,80105,"INSTALACION DEL SISTEMA DE AGUA POTABLE   EN LAS URBANIZACIONES ASOCIACIÓN PRO VIVIENDA SEÑOR DE HUAYNAROQUE, SAN MATEO Y AEROPUERTO II, III ETAPA Y ANEXOS SECTOR NOR OESTE, DE LA CIUDAD DE JULIACA, PROVINCIA DE SAN ROMAN - PUNO",PIP MAYOR (SNIP),GL,GOBIERNOS LOCALES,MUNICIPALIDAD PROVINCIAL DE SAN ROMAN,OPMI DE LA MUNICIPALIDAD PROVINCIAL DE SAN ROMAN,UF DE LA MUNICIPALIDAD PROVINCIAL DE SAN ROMAN,UEI DE LA MUNICIPALIDAD PROVINCIAL DE SAN ROMAN,301681,MUNICIPALIDAD PROVINCIAL DE SAN ROMAN - JULIACA,SALUD Y SANEAMIENTO,SANEAMIENTO,SANEAMIENTO GENERAL,,ACTIVO,VIABLE,2008-03-27 00:00:00,2010-03-12 00:00:00,SNIP,2400910.0,2920430.38,0.0,0.0,0.0,1486510.43,NO,,,,,201112,201708,1433919.95,0.0,,0,,,SI,1915181.62,SI,Aprobación de consistencia o modificaciones antes de la aprobación del ET o ET (A),NO,NO,,,,,,,,NO,SI,2023-10-23 07:30:37,Pendiente de liquidación,PUNO,SAN ROMAN,JULIACA,211101,-15.4932314,-70.1356177,CONSIDERANDO COMO PUNTO DE ALIMENTACIÓN LA INTERSECCIÓN ENTRE LAS AV INDEPENDENCIA Y AV CIRCUNVALACIÓN NORTE SE INSTALARA UNA LÍNEA DE ADUCCIÓN CON TUBERÍA PVC SAP Ø  8 Y Ø 6 EN 6744 M POSTERIORMENTE SE REALIZARÁ EL TENDIDO DE REDES DE DISTRIBUCIÓN CON TUBERÍA PVC SAP Ø 6 Ø 4 Y Ø 3 EN 9706 M CON SUS RESPECTIVOS ACCESORIOS CRUCES TEES TAPONES GRIFOS CONTRA INCENDIOS ETC SE INSTALARÁ TAMBIÉN 890 CONEXIONES DOMICILIARIAS CON TUBERÍA PVC SAP Ø 12 FINALMENTE SE REALIZARAN TALLERES DE CAPACITACIÓN Y SENSIBILIZACIÓN EN EDUCACIÓN SANITARIA Y AMBIENTAL,,NO,6419,2026,0.0,0.0,CONSIDERANDO COMO PUNTO DE ALIMENTACIÓN LA INTERSECCIÓN ENTRE LAS AV INDEPENDENCIA Y AV CIRCUNVALACIÓN NORTE SE INSTALARA UNA LÍNEA DE ADUCCIÓN CON TUBERÍA PVC SAP Ø  8 Y Ø 6 EN 6744 M POSTERIORMENTE SE REALIZARÁ EL TENDIDO DE REDES DE DISTRIBUCIÓN CON TUBERÍA PVC SAP Ø 6 Ø 4 Y Ø 3 EN 9706 M CON SUS RESPECTIVOS ACCESORIOS CRUCES TEES TAPONES GRIFOS CONTRA INCENDIOS ETC SE INSTALARÁ TAMBIÉN 890 CONEXIONES DOMICILIARIAS CON TUBERÍA PVC SAP Ø 12 FINALMENTE SE REALIZARAN TALLERES DE CAPACITACIÓN Y SENSIBILIZACIÓN EN EDUCACIÓN SANITARIA Y AMBIENTAL,OPENSTREETMAP_NOMINATIM,APROXIMADA_DISTRITO,https://nominatim.openstreetmap.org,Coordenada referencial del distrito JULIACA. No representa la ubicación exacta de la infraestructura.,COMPLETADO_APROXIMADO
2183860,OFICIAL_SANEAMIENTO,Clasificado oficialmente por el MEF en la función SANEAMIENTO,253797,"MEJORAMIENTO Y AMPLIACIÓN DE LOS SERVICIOS DE AGUA POTABLE Y DISPOSICIÓN SANITARIA DE EXCRETAS DEL CENTRO  POBLADO JAYU JAYU, DISTRITO DE ACORA, PUNO - PUNO.",PIP MAYOR (SNIP),GR,GOBIERNOS REGIONALES,GOBIERNO REGIONAL PUNO,OPMI DEL GOBIERNO REGIONAL PUNO,UF DE LA GOBIERNO REGIONAL PUNO,UEI DEL PROGRAMA NACIONAL DE SANEAMIENTO RURAL,1443,PROGRAMA NACIONAL DE SANEAMIENTO RURAL,SANEAMIENTO,SANEAMIENTO,SANEAMIENTO RURAL,,ACTIVO,VIABLE,2013-03-18 00:00:00,2013-07-03 00:00:00,SNIP,8560315.0,8266244.09,0.0,0.0,0.0,1748798.21,SI,0.0,30000.0,110000.0,108798.21,201403,202412,6517445.88,0.0,,0,,,SI,8266244.09,SI,Ejecución física (C),SI,SI,78.8,78.6,2026-02-17 10:01:14,2014-07-01 00:00:00,2029-02-01 00:00:00,2014-07-01 00:00:00,2029-02-01 00:00:00,NO,NO,,,PUNO,PUNO,ACORA,210102,-16.2723754,-69.9035444,COMPONENTE 1  SISTEMA I CONSTRUCCIÓN DE UNA 01 NUEVA ESTRUCTURA DE CAPTACIÓN TIPO POZO PERFORADO SIENDO EL NOMBRE DE LA FUENTE MANANTIAL DE LADERA JAYU JAYU 01 PARA 92 VIVIENDAS 91 VIVIENDAS DOMÉSTICAS Y 01 SOCIAL INSTALACIÓN DE LA LÍNEA DE IMPULSIÓN PVC DE LONGITUD DE 34121 ML IMPLEMENTACIÓN DEL SISTEMA DE DESINFECCIÓN EN EL RESERVORIO PROYECTADO CONSTRUCCIÓN DE UN RESERVORIO APOYADO DE 1500 M3 CON CAPACIDAD PARA ABASTECER DE AGUA A TODA LA COMUNIDAD PARA 92 VIVIENDAS INSTALACIÓN DE LA LÍNEA DE ADUCCIÓN PVC DE LONGITUD DE  15368 ML  INSTALACIÓN DE TUBERÍAS PARA LAS REDES DE DISTRIBUCIÓN PVC 518429 ML INSTALACIÓN DE CONEXIONES INTRADOMICILIARIAS INCLUYE LAVADERO Y POZO DE DRENAJE PARA 92 VIVIENDAS HABITADAS INSTALACIÓN DE SIETE 07 VÁLVULAS DE CONTROL UNA 01 VÁLVULAS DE AIRE Y CUATRO 04 VÁLVULAS DE PURGA EN LAS REDES DE DISTRIBUCIÓN  SISTEMA II CONSTRUCCIÓN DE UNA 01 NUEVA ESTRUCTURA DE CAPTACIÓN TIPO POZO PERFORADO SIENDO EL NOMBRE DE LA FUENTE MANANTIAL DE LADERA JAYU JAYU 02 PARA 308 VIVIENDAS 299 VIVIENDAS DOMÉSTICAS 03 ESTATALES Y 06 SOCIALES INSTALACIÓN DE LA LÍNEA DE IMPULSIÓN PVC DE LONGITUD DE 20680 ML IMPLEMENTACIÓN DEL SISTEMA DE DESINFECCIÓN EN EL RESERVORIO PROYECTADO CONSTRUCCIÓN DE UN RESERVORIO ELEVADO DE 5000 M3 CON CAPACIDAD PARA ABASTECER DE AGUA A TODA LA COMUNIDAD PARA 308 VIVIENDAS INSTALACIÓN DE LA LÍNEA DE ADUCCIÓN PVC DE LONGITUD DE  6473 ML  INSTALACIÓN DE TUBERÍAS PARA LAS REDES DE DISTRIBUCIÓN PVC 1119257 ML INSTALACIÓN DE CONEXIONES INTRADOMICILIARIAS INCLUYE LAVADERO Y POZO DE DRENAJE PARA 308 VIVIENDAS HABITADAS INSTALACIÓN DE VEINTIDÓS 22 VÁLVULAS DE CONTROL UNA 01 VÁLVULA DE AIRE Y CUATRO 04 VÁLVULAS DE PURGA EN LAS REDES DE DISTRIBUCIÓN    COMPONENTE 2  IMPLEMENTACIÓN DE  403 UNIDAD BÁSICA DE SANEAMIENTOS TIPO UBS CON BIODIGESTOR Y ZANJA DE INFILTRACIÓN     COMPONENTE 3  PROGRAMA DE FORTALECIMIENTO Y CAPACITACIÓN DE LA ATM Y JASS     COMPONENTE 4  IMPLEMENTACIÓN DE UNA EDUCACIÓN SANITARIA EN PRÁCTICAS DE HIGIENE IMPLEMENTAR UN PROGRAMA DE CAPACITACIÓN PARA OPERACIÓN Y MANTENIMIENTO DE LAS UBS,ADMINISTRACIÓN INDIRECTA - POR CONTRATA,NO,1187,2026,0.0,0.0,COMPONENTE 1  SISTEMA I CONSTRUCCIÓN DE UNA 01 NUEVA ESTRUCTURA DE CAPTACIÓN TIPO POZO PERFORADO SIENDO EL NOMBRE DE LA FUENTE MANANTIAL DE LADERA JAYU JAYU 01 PARA 92 VIVIENDAS 91 VIVIENDAS DOMÉSTICAS Y 01 SOCIAL INSTALACIÓN DE LA LÍNEA DE IMPULSIÓN PVC DE LONGITUD DE 34121 ML IMPLEMENTACIÓN DEL SISTEMA DE DESINFECCIÓN EN EL RESERVORIO PROYECTADO CONSTRUCCIÓN DE UN RESERVORIO APOYADO DE 1500 M3 CON CAPACIDAD PARA ABASTECER DE AGUA A TODA LA COMUNIDAD PARA 92 VIVIENDAS INSTALACIÓN DE LA LÍNEA DE ADUCCIÓN PVC DE LONGITUD DE  15368 ML  INSTALACIÓN DE TUBERÍAS PARA LAS REDES DE DISTRIBUCIÓN PVC 518429 ML INSTALACIÓN DE CONEXIONES INTRADOMICILIARIAS INCLUYE LAVADERO Y POZO DE DRENAJE PARA 92 VIVIENDAS HABITADAS INSTALACIÓN DE SIETE 07 VÁLVULAS DE CONTROL UNA 01 VÁLVULAS DE AIRE Y CUATRO 04 VÁLVULAS DE PURGA EN LAS REDES DE DISTRIBUCIÓN  SISTEMA II CONSTRUCCIÓN DE UNA 01 NUEVA ESTRUCTURA DE CAPTACIÓN TIPO POZO PERFORADO SIENDO EL NOMBRE DE LA FUENTE MANANTIAL DE LADERA JAYU JAYU 02 PARA 308 VIVIENDAS 299 VIVIENDAS DOMÉSTICAS 03 ESTATALES Y 06 SOCIALES INSTALACIÓN DE LA LÍNEA DE IMPULSIÓN PVC DE LONGITUD DE 20680 ML IMPLEMENTACIÓN DEL SISTEMA DE DESINFECCIÓN EN EL RESERVORIO PROYECTADO CONSTRUCCIÓN DE UN RESERVORIO ELEVADO DE 5000 M3 CON CAPACIDAD PARA ABASTECER DE AGUA A TODA LA COMUNIDAD PARA 308 VIVIENDAS INSTALACIÓN DE LA LÍNEA DE ADUCCIÓN PVC DE LONGITUD DE  6473 ML  INSTALACIÓN DE TUBERÍAS PARA LAS REDES DE DISTRIBUCIÓN PVC 1119257 ML INSTALACIÓN DE CONEXIONES INTRADOMICILIARIAS INCLUYE LAVADERO Y POZO DE DRENAJE PARA 308 VIVIENDAS HABITADAS INSTALACIÓN DE VEINTIDÓS 22 VÁLVULAS DE CONTROL UNA 01 VÁLVULA DE AIRE Y CUATRO 04 VÁLVULAS DE PURGA EN LAS REDES DE DISTRIBUCIÓN    COMPONENTE 2  IMPLEMENTACIÓN DE  403 UNIDAD BÁSICA DE SANEAMIENTOS TIPO UBS CON BIODIGESTOR Y ZANJA DE INFILTRACIÓN     COMPONENTE 3  PROGRAMA DE FORTALECIMIENTO Y CAPACITACIÓN DE LA ATM Y JASS     COMPONENTE 4  IMPLEMENTACIÓN DE UNA EDUCACIÓN SANITARIA EN PRÁCTICAS DE HIGIENE IMPLEMENTAR UN PROGRAMA DE CAPACITACIÓN PARA OPERACIÓN Y MANTENIMIENTO DE LAS UBS,OPENSTREETMAP_NOMINATIM,APROXIMADA_DISTRITO,https://nominatim.openstreetmap.org,Coordenada referencial del distrito ACORA. No representa la ubicación exacta de la infraestructura.,COMPLETADO_APROXIMADO
2241761,OFICIAL_SANEAMIENTO,Clasificado oficialmente por el MEF en la función SANEAMIENTO,282772,"AMPLIACION DEL SERVICIO DE AGUA POTABLE  E  INSTALACION DEL SERVICIO DE DISPOSICIÓN SANITARIA DE EXCRETAS EN LA C.C. DE SIALE, DISTRITO DE CAPACHICA - PUNO - PUNO",PIP MAYOR (SNIP),GL,GOBIERNOS LOCALES,MUNICIPALIDAD DISTRITAL DE CAPACHICA,OPMI DE LA MUNICIPALIDAD DISTRITAL DE CAPACHICA,UF DE LA MUNICIPALIDAD DISTRITAL DE CAPACHICA,,301597,MUNICIPALIDAD DISTRITAL DE CAPACHICA,SANEAMIENTO,SANEAMIENTO,SANEAMIENTO RURAL,,ACTIVO,VIABLE,2013-12-15 00:00:00,2014-05-20 00:00:00,SNIP,2140874.0,2996237.75,0.0,0.0,0.0,34883.24,NO,,,,,201507,201809,2961354.51,0.0,,0,,,SI,2996237.75,SI,Aprobación de consistencia o modificaciones antes de la aprobación del ET o ET (A),NO,NO,,,,,,,,NO,NO,,,PUNO,PUNO,CAPACHICA,210105,-15.6420185,-69.8307928,AMPLIACIÓN DEL SERVICIO DE AGUA POTABLE MEDIANTE UN SISTEMA POR BOMBEO PARA EL SECTOR MARCCON CONSISTENTE EN 02 CAPTACIONES LÍNEA DE CONDUCCIÓN DE 192 M CÁMARA Y PLANTA DE BOMBEO INCLUYE LA INSTALACIÓN Y SUMINISTROS DE DISPOSITIVOS DE CONTROL EN LA CÁMARA DE BOMBEO Y TENDRÁ SUMINISTRO E INSTALACIÓN DE PANELES FOTOVOLTAICOS Y ESTRUCTURA DE SOPORTE LÍNEA DE IMPULSIÓN DE 320 M 01 RESERVORIO DE 12 M3 INCLUIDO SU CASETA DE VÁLVULA 427850 M DE REDES DE ADUCCIÓN Y DISTRIBUCIÓN Y 65 CONEXIONES DOMICILIARIAS SE REALIZARA TAMBIÉN UN SISTEMA DE BOMBEO PARA EL SECTOR ALTO AGUARA CONSISTENTE EN 02 CAPTACIONES LÍNEA DE CONDUCCIÓN DE 64 M CÁMARA Y PLANTA DE BOMBEO INCLUYE LA INSTALACIÓN Y SUMINISTROS DE DISPOSITIVOS DE CONTROL EN LA CÁMARA DE BOMBEO Y TENDRÁ SUMINISTRO E INSTALACIÓN DE PANELES FOTOVOLTAICOS Y ESTRUCTURA DE SOPORTE LÍNEA DE IMPULSIÓN DE 373 M 01 RESERVORIO DE  03 M3 INCLUIDO SU CASETA DE VÁLVULA 19760 M DE REDES DE ADUCCIÓN Y DISTRIBUCIÓN Y 20 CONEXIONES DOMICILIARIAS SE REALIZARA TAMBIÉN 02 UNIDADES DE SISTEMAS DE CLORACIÓN POR GOTEO Y CERCOS PERIMÉTRICOS EN RESERVORIOS Y PLANTAS DE BOMBEO 04 UNIDADES INSTALACIÓN DE 240 MÓDULOS DE SERVICIOS HIGIÉNICOS CON UN SISTEMA BIODIGESTOR Y TENDRÁ MUROS DE LADRILLO COBERTURA DE SUS TECHOS DE CALAMINA TRANSPARENTE Y CORREA DE ANCLAJE PISOS DE CEMENTO COLOREADO Y CERÁMICO PUERTAS Y VENTANAS METÁLICAS ASIMISMO SE INSTALARA SU LAVATORIO INODORO Y DUCHA TALLERES DE CAPACITACIÓN SOCIAL A LA POBLACIÓN EN EDUCACIÓN SANITARIA Y EN GESTIÓN ADMINISTRATIVA Y OPERATIVA DEL SERVICIO DE AGUA Y DISPOSICIÓN SANITARIA DE EXCRETAS MITIGACIÓN DE IMPACTO AMBIENTAL,ADMINISTRACIÓN DIRECTA,NO,960,2026,0.0,0.0,AMPLIACIÓN DEL SERVICIO DE AGUA POTABLE MEDIANTE UN SISTEMA POR BOMBEO PARA EL SECTOR MARCCON CONSISTENTE EN 02 CAPTACIONES LÍNEA DE CONDUCCIÓN DE 192 M CÁMARA Y PLANTA DE BOMBEO INCLUYE LA INSTALACIÓN Y SUMINISTROS DE DISPOSITIVOS DE CONTROL EN LA CÁMARA DE BOMBEO Y TENDRÁ SUMINISTRO E INSTALACIÓN DE PANELES FOTOVOLTAICOS Y ESTRUCTURA DE SOPORTE LÍNEA DE IMPULSIÓN DE 320 M 01 RESERVORIO DE 12 M3 INCLUIDO SU CASETA DE VÁLVULA 427850 M DE REDES DE ADUCCIÓN Y DISTRIBUCIÓN Y 65 CONEXIONES DOMICILIARIAS SE REALIZARA TAMBIÉN UN SISTEMA DE BOMBEO PARA EL SECTOR ALTO AGUARA CONSISTENTE EN 02 CAPTACIONES LÍNEA DE CONDUCCIÓN DE 64 M CÁMARA Y PLANTA DE BOMBEO INCLUYE LA INSTALACIÓN Y SUMINISTROS DE DISPOSITIVOS DE CONTROL EN LA CÁMARA DE BOMBEO Y TENDRÁ SUMINISTRO E INSTALACIÓN DE PANELES FOTOVOLTAICOS Y ESTRUCTURA DE SOPORTE LÍNEA DE IMPULSIÓN DE 373 M 01 RESERVORIO DE  03 M3 INCLUIDO SU CASETA DE VÁLVULA 19760 M DE REDES DE ADUCCIÓN Y DISTRIBUCIÓN Y 20 CONEXIONES DOMICILIARIAS SE REALIZARA TAMBIÉN 02 UNIDADES DE SISTEMAS DE CLORACIÓN POR GOTEO Y CERCOS PERIMÉTRICOS EN RESERVORIOS Y PLANTAS DE BOMBEO 04 UNIDADES INSTALACIÓN DE 240 MÓDULOS DE SERVICIOS HIGIÉNICOS CON UN SISTEMA BIODIGESTOR Y TENDRÁ MUROS DE LADRILLO COBERTURA DE SUS TECHOS DE CALAMINA TRANSPARENTE Y CORREA DE ANCLAJE PISOS DE CEMENTO COLOREADO Y CERÁMICO PUERTAS Y VENTANAS METÁLICAS ASIMISMO SE INSTALARA SU LAVATORIO INODORO Y DUCHA TALLERES DE CAPACITACIÓN SOCIAL A LA POBLACIÓN EN EDUCACIÓN SANITARIA Y EN GESTIÓN ADMINISTRATIVA Y OPERATIVA DEL SERVICIO DE AGUA Y DISPOSICIÓN SANITARIA DE EXCRETAS MITIGACIÓN DE IMPACTO AMBIENTAL,OPENSTREETMAP_NOMINATIM,APROXIMADA_DISTRITO,https://nominatim.openstreetmap.org,Coordenada referencial del distrito CAPACHICA. No representa la ubicación exacta de la infraestructura.,COMPLETADO_APROXIMADO
2145648,OFICIAL_SANEAMIENTO,Clasificado oficialmente por el MEF en la función SANEAMIENTO,169071,"AMPLIACION DEL SISTEMA DE AGUA POTABLE PARA LA COMUNIDAD DE KARANA, DISTRITO DE CHUCUITO - PUNO - PUNO",PIP MENOR (SNIP),GL,GOBIERNOS LOCALES,MUNICIPALIDAD DISTRITAL DE CHUCUITO,OPMI DE LA MUNICIPALIDAD DISTRITAL DE CHUCUITO,UF DE LA MUNICIPALIDAD DISTRITAL DE CHUCUITO,UEI DE LA MUNICIPALIDAD DISTRITAL DE CHUCUITO,301598,MUNICIPALIDAD DISTRITAL DE CHUCUITO,SANEAMIENTO,SANEAMIENTO,SANEAMIENTO RURAL,,ACTIVO,VIABLE,2010-11-21 00:00:00,2011-08-06 00:00:00,SNIP,110905.0,213654.61,0.0,0.0,0.0,13568.01,NO,,,,,201109,202112,200086.6,0.0,,0,,,SI,124779.0,SI,Ejecución física (C),SI,SI,78.56,75.34,2021-05-07 21:01:42,2011-08-24 00:00:00,2024-12-31 00:00:00,2020-12-01 00:00:00,2021-01-15 00:00:00,NO,NO,,,PUNO,PUNO,CHUCUITO,210106,-16.6336027,-69.3018083,LA CAPTACIÓN SUMERGIBLE DEL AGUA SE REALIZARA DE 1 POZO MANANTIAL Y CONDUCIDO A UNA CISTERNA DE ALMACENAMIENTO DE 5M3 LUEGO SERÁ BOMBEADO CON BOMBA SUMERGIBLE DE 300 HP CABALLAS DE FUERZA POR LÍNEA DE TUBERÍAS DE 15 DE DIÁMETRO UNA LONGITUD DE 360 ML UN RESERVORIO DE CAP 15M3 AMPLIACIÓN DE RED DE DISTRIBUCIÓN CON TUBERÍAS DE 15   Y  INSTALACIÓN DE 65 PILETAS A DOMICILIO MANTENIMIENTO DE VÁLVULAS DE CONTROL VÁLVULAS DE AIRES Y DE PURGA PARA UNA MEJOR OPERACIÓN DEL SISTEMA PROGRAMAS DE EDUCACIÓN SANITARIASE REALIZARAN PROGRAMAS CON RESPECTO A LA EDUCACIÓN SANITARIA PARA ASÍ PODER INCENTIVAR EL USO RACIONAL DEL AGUA EL PROGRAMA SERÁ ORIENTADO PRINCIPALMENTE A ALUMNOS DE INSTITUCIONES EDUCATIVAS PRIMARIAS Y SECUNDARIAS CONSIDERANDO QUE LOS NIÑOS Y JÓVENES EN EDAD ESCOLAR SON QUIENES MUESTRAN MAYOR PREDISPOSICIÓN A APRENDER Y AYUDAR A CAMBIOS POSITIVOS Y SOSTENIBLES DE LAS ACTITUDES Y COMPORTAMIENTOS QUE IMPLIQUEN EL MEJORAR LAS CONDICIONES DE SALUBRIDAD EN SUS HOGARES,ADMINISTRACIÓN DIRECTA,NO,380,2026,0.0,0.0,LA CAPTACIÓN SUMERGIBLE DEL AGUA SE REALIZARA DE 1 POZO MANANTIAL Y CONDUCIDO A UNA CISTERNA DE ALMACENAMIENTO DE 5M3 LUEGO SERÁ BOMBEADO CON BOMBA SUMERGIBLE DE 300 HP CABALLAS DE FUERZA POR LÍNEA DE TUBERÍAS DE 15 DE DIÁMETRO UNA LONGITUD DE 360 ML UN RESERVORIO DE CAP 15M3 AMPLIACIÓN DE RED DE DISTRIBUCIÓN CON TUBERÍAS DE 15   Y  INSTALACIÓN DE 65 PILETAS A DOMICILIO MANTENIMIENTO DE VÁLVULAS DE CONTROL VÁLVULAS DE AIRES Y DE PURGA PARA UNA MEJOR OPERACIÓN DEL SISTEMA PROGRAMAS DE EDUCACIÓN SANITARIASE REALIZARAN PROGRAMAS CON RESPECTO A LA EDUCACIÓN SANITARIA PARA ASÍ PODER INCENTIVAR EL USO RACIONAL DEL AGUA EL PROGRAMA SERÁ ORIENTADO PRINCIPALMENTE A ALUMNOS DE INSTITUCIONES EDUCATIVAS PRIMARIAS Y SECUNDARIAS CONSIDERANDO QUE LOS NIÑOS Y JÓVENES EN EDAD ESCOLAR SON QUIENES MUESTRAN MAYOR PREDISPOSICIÓN A APRENDER Y AYUDAR A CAMBIOS POSITIVOS Y SOSTENIBLES DE LAS ACTITUDES Y COMPORTAMIENTOS QUE IMPLIQUEN EL MEJORAR LAS CONDICIONES DE SALUBRIDAD EN SUS HOGARES,OPENSTREETMAP_NOMINATIM,APROXIMADA_DISTRITO,https://nominatim.openstreetmap.org,Coordenada referencial del distrito CHUCUITO. No representa la ubicación exacta de la infraestructura.,COMPLETADO_APROXIMADO
2334427,OFICIAL_SANEAMIENTO,Clasificado oficialmente por el MEF en la función SANEAMIENTO,373582,"MEJORAMIENTO Y AMPLIACION DEL SERVICIO DE AGUA POTABLE Y SISTEMA DE ALCANTARILLADO EN LAS LOCALIDADES DE CUYOCUYO Y URA AYLLU EN EL, DISTRITO DE CUYOCUYO - SANDIA - PUNO",PIP MAYOR (SNIP),GL,GOBIERNOS LOCALES,MUNICIPALIDAD DISTRITAL DE CUYOCUYO,OPMI DE LA MUNICIPALIDAD DISTRITAL DE CUYOCUYO,UF DE LA MUNICIPALIDAD DISTRITAL DE CUYOCUYO,UEI DE LA MUNICIPALIDAD DISTRITAL DE CUYOCUYO,301686,MUNICIPALIDAD DISTRITAL DE CUYOCUYO,SANEAMIENTO,SANEAMIENTO,SANEAMIENTO URBANO,,ACTIVO,VIABLE,2016-11-10 00:00:00,2016-11-17 00:00:00,SNIP,11224555.0,12976395.25,0.0,0.0,0.0,12779595.25,SI,0.0,500000.0,0.0,0.0,201906,202212,196800.0,0.0,0.0,0,0.0,0.0,SI,13019595.26,SI,Ejecución física (C),SI,NO,,1.52,2026-08-11 15:07:38,2022-01-01 00:00:00,2027-04-26 00:00:00,2026-06-30 00:00:00,2027-01-26 00:00:00,NO,NO,,,PUNO,SANDIA,CUYOCUYO,211202,-14.4700389,-69.5369258,COMPONENTE 01 SISTEMA DE AGUA POTABLE    CONSTRUCCIÓN DE 2 CÁMARAS DE CAPTACIÓN MEDIANTE UNA ESTRUCTURA DE CONCRETO ARMADO HACIA UNA CÁMARA DE REUNIÓN Y CASETA DE VÁLVULAS Y CERCO PERIMÉTRICO ESTAS CAPTACIONES DE AGUA POR GRAVEDAD  UNA LÍNEA DE CONDUCCIÓN DE 37250 ML CÁMARAS ROMPE PRESIÓN TIPO VI 2 UNID UN RESERVORIO DE 100 M3 CON CÁMARA DE VÁLVULAS Y CERCO PERIMÉTRICO RED DE DISTRIBUCIÓN Y ADUCCIÓN DE 1595236 ML CON CASETAS DE VÁLVULAS DE CONTROL DE 37 UNID14 VÁLVULAS DE PURGA Y 6 VÁLVULAS DE AIRE ADEMÁS 01 CÁMARA ROMPE PRESIÓN DE TIPO VII  CONEXIONES DOMICILIARIAS DE  571 UNIDADES CON SUS RESPECTIVAS CAJAS DE REGISTRO Y VÁLVULAS DE PASO Y MEDIDOR DE AGUA ROTURA Y REPOSICIÓN DE PAVIMENTOS DE 45859 M3   COMPONENTE 02 SISTEMA DE ALCANTARILLADO   INSTALACIÓN DE NUEVO SISTEMA DE ALCANTARILLADO EN LAS ÁREAS DE CUYOCUYO Y URA AYLLU CON UNA RED DE COLECTORES CON TUBERÍA DE PVC DESDE 12 8 DE DIÁMETRO Y CONEXIONES DOMICILIARIAS CON TUBERÍA DE PVC DE 6 EN LA RED HABRÁ CÁMARAS DE INSPECCIÓN DE CONCRETO Y COLECTORES INTERCEPTORES EN CALLES Y JIRONES Y SE TENDRÁ 571 CONEXIONES DOMICILIARIAS DE DESAGÜÉ  COMPONENTE 03PLANTA DE TRATAMIENTO DE AGUAS RESIDUALES   Esta  Planta  de  Tratamiento  se  encarga  de  recibir  todas  las  redes  colectoras  de  las localidades de Cuyocuyo y Ura Ayllu  La Planta de Tratamiento de Aguas Residuales está compuesta de 01 Cámara de Rejas 01 Tanque Imhoff con 02 Cámaras de Sedimentación 02 Lechos de Secados 01 Filtro Biológico  08  Humedales  Artificiales  y  una  Caseta  de  Cloración  con  01  Cámara  de Contacto de Cloro  COMPONENTE 04 PREVENCION DE RIESGOS Y DESASTRES  Elaboración de un plan de prevención de riesgos y desastres en conjunto con los pobladores de las localidades de Cuyocuyo y Ura Ayllu  COMPONENTE 05 MITIGACION DE IMPACTO AMBIENTAL  Elaboración de un plan de mitigación de impacto ambiental en conjunto con l los pobladores  de  las  localidades  de  Cuyocuyo  y  Ura  Ayllu  e  involucrados  del proyecto  COMPONENTE 06 CAPACITACION SOCIAL  Elaboración de un plan de capacitación sanitaria a los pobladores de las  LOCALIDADES de Cuyocuyo y Ura Ayllu  Acciones  de  Promoción  Comprenderán  acciones  orientadas  a  la  sensibilización  de  los usuariosas  para  la  participación  comunitaria  en  el  Proyecto  y  otras  vinculadas  a  la ejecución de la obra al apoyo a la capacitación y gestión de las JASS y a la educación para la higiene A través de 6 talleres,ADMINISTRACIÓN INDIRECTA - POR CONTRATA,NO,2284,2026,0.0,0.0,COMPONENTE 01 SISTEMA DE AGUA POTABLE    CONSTRUCCIÓN DE 2 CÁMARAS DE CAPTACIÓN MEDIANTE UNA ESTRUCTURA DE CONCRETO ARMADO HACIA UNA CÁMARA DE REUNIÓN Y CASETA DE VÁLVULAS Y CERCO PERIMÉTRICO ESTAS CAPTACIONES DE AGUA POR GRAVEDAD  UNA LÍNEA DE CONDUCCIÓN DE 37250 ML CÁMARAS ROMPE PRESIÓN TIPO VI 2 UNID UN RESERVORIO DE 100 M3 CON CÁMARA DE VÁLVULAS Y CERCO PERIMÉTRICO RED DE DISTRIBUCIÓN Y ADUCCIÓN DE 1595236 ML CON CASETAS DE VÁLVULAS DE CONTROL DE 37 UNID14 VÁLVULAS DE PURGA Y 6 VÁLVULAS DE AIRE ADEMÁS 01 CÁMARA ROMPE PRESIÓN DE TIPO VII  CONEXIONES DOMICILIARIAS DE  571 UNIDADES CON SUS RESPECTIVAS CAJAS DE REGISTRO Y VÁLVULAS DE PASO Y MEDIDOR DE AGUA ROTURA Y REPOSICIÓN DE PAVIMENTOS DE 45859 M3   COMPONENTE 02 SISTEMA DE ALCANTARILLADO   INSTALACIÓN DE NUEVO SISTEMA DE ALCANTARILLADO EN LAS ÁREAS DE CUYOCUYO Y URA AYLLU CON UNA RED DE COLECTORES CON TUBERÍA DE PVC DESDE 12 8 DE DIÁMETRO Y CONEXIONES DOMICILIARIAS CON TUBERÍA DE PVC DE 6 EN LA RED HABRÁ CÁMARAS DE INSPECCIÓN DE CONCRETO Y COLECTORES INTERCEPTORES EN CALLES Y JIRONES Y SE TENDRÁ 571 CONEXIONES DOMICILIARIAS DE DESAGÜÉ  COMPONENTE 03PLANTA DE TRATAMIENTO DE AGUAS RESIDUALES   Esta  Planta  de  Tratamiento  se  encarga  de  recibir  todas  las  redes  colectoras  de  las localidades de Cuyocuyo y Ura Ayllu  La Planta de Tratamiento de Aguas Residuales está compuesta de 01 Cámara de Rejas 01 Tanque Imhoff con 02 Cámaras de Sedimentación 02 Lechos de Secados 01 Filtro Biológico  08  Humedales  Artificiales  y  una  Caseta  de  Cloración  con  01  Cámara  de Contacto de Cloro  COMPONENTE 04 PREVENCION DE RIESGOS Y DESASTRES  Elaboración de un plan de prevención de riesgos y desastres en conjunto con los pobladores de las localidades de Cuyocuyo y Ura Ayllu  COMPONENTE 05 MITIGACION DE IMPACTO AMBIENTAL  Elaboración de un plan de mitigación de impacto ambiental en conjunto con l los pobladores  de  las  localidades  de  Cuyocuyo  y  Ura  Ayllu  e  involucrados  del proyecto  COMPONENTE 06 CAPACITACION SOCIAL  Elaboración de un plan de capacitación sanitaria a los pobladores de las  LOCALIDADES de Cuyocuyo y Ura Ayllu  Acciones  de  Promoción  Comprenderán  acciones  orientadas  a  la  sensibilización  de  los usuariosas  para  la  participación  comunitaria  en  el  Proyecto  y  otras  vinculadas  a  la ejecución de la obra al apoyo a la capacitación y gestión de las JASS y a la educación para la higiene A través de 6 talleres,OPENSTREETMAP_NOMINATIM,APROXIMADA_DISTRITO,https://nominatim.openstreetmap.org,Coordenada referencial del distrito CUYOCUYO. No representa la ubicación exacta de la infraestructura.,COMPLETADO_APROXIMADO
2285593,OFICIAL_SANEAMIENTO,Clasificado oficialmente por el MEF en la función SANEAMIENTO,327701,"INSTALACION DEL SISTEMA DE AGUA POTABLE Y DISPOSICION SANITARIA DE EXCRETAS EN LAS COMUNIDADES DE FLORIDA, PILIPILINE, TUTURCUYO, ESQUINAPATA Y YUCAJACHI, DISTRITO DE ACHAYA - AZANGARO - PUNO",PROYECTO DE INVERSION,GL,GOBIERNOS LOCALES,MUNICIPALIDAD DISTRITAL DE ACHAYA,OPMI DE LA MUNICIPALIDAD DISTRITAL DE ACHAYA,UF DE LA MUNICIPALIDAD DISTRITAL DE ACHAYA,UEI DE LA MUNICIPALIDAD DISTRITAL DE ACHAYA,301609,MUNICIPALIDAD DISTRITAL DE ACHAYA,SANEAMIENTO,SANEAMIENTO,SANEAMIENTO RURAL,SISTEMA DE SANEAMIENTO RURAL,ACTIVO,VIABLE,2019-02-08 00:00:00,2019-02-08 00:00:00,INVIERTE,8806719.28,9476501.55,0.0,0.0,0.0,0.0,NO,,,,,201709,202507,9476501.55,0.0,,0,,,SI,10546305.67,SI,Ejecución física (C),SI,SI,100.0,100.0,2025-01-29 13:47:59,2020-10-01 00:00:00,2025-12-31 00:00:00,2024-01-18 00:00:00,2024-11-13 00:00:00,NO,SI,2025-11-04 11:04:25,Pendiente de liquidación,PUNO,AZANGARO,ACHAYA,210202,-15.2852382,-70.1614836,SE PLANTEA LA CONSTRUCCIÓN DE UNA CAPTACIÓN DEL RIO AZANGARO TIPO GALERÍAS FILTRANTES CON LECHO DE FILTRACIÓN LA QUE ESTA CONECTADA A UNA CÁMARA DE REUNIÓN TIPO CAISON LA CUAL CUENTA CON UNA CASETA DE BOMBEO DONDE SE ENCUENTRA EL EQUIPAMIENTO DE ELECTRO BOMBEO CON ENERGIA NO CONVENSIONAL ASIMISMO SE PLANTEA UNA PLANTA DE TRATAMIENTO QUE CONSTA DE UN SISTEMA DE FLOCULACIÓN TIPO TUBOFLOCK UN DECANTADOR TRONCO CÓNICO UN SISTEMA DE FILTROS CERRADOS UNA CASETA DE CLORACIÓN UNA CISTERNA DE ALMACENAMIENTO UNA CASETA DE BOMBEO UN SISTEMA DE ABASTECIMIENTO DE ENERGÍA ELÉCTRICA AL PUNTO DE CAPTACIÓN UNA CASETA DE GUARDIANÍA DEBIDO A QUE LA UBICACIÓN DE LA CAPTACIÓN ES LEJANA A LA POBLACIÓN CON SU RESPECTIVO CERCO PERIMÉTRICO CONSTRUCCIÓN DE 399 MÓDULOS DE BAÑO EL MISMO QUE CUENTA CON UN INODORO UN LAVAMANOS UNA DUCHA UN BIO DIGESTOR CON SU CAJA DE REGISTRO Y CAJA DE DESCARGA DE LODOS UN POZO PERCOLADOR PARA EVACUACIÓN DE LÍQUIDOS ESTO UBICADO EN CADA DOMICILIO EDUCACIÓN SANITARIA CAMPAÑA DE CAPACITACIÓN DIRIGIDA A LA POBLACIÓN SOBRE EL VALOR DEL AGUA PROGRAMAR LAS CAMPAÑAS DE CAPACITACIONES DIRIGIDAS A LA POBLACIÓN SOBRE EL VALOR DEL AGUA Y CONCIENTIZAR A LA POBLACIÓN TRATAMIENTO DEL AGUA EN EL HOGAR ALMACENAMIENTO DEL AGUA PROTECCIÓN DE LOS ALIMENTOS HIGIENE PERSONAL CONTROL DE VIGILANCIA DEL AGUA Y MODELOS DE GESTIÓN EN AGUA Y SANEAMIENTO,ADMINISTRACIÓN INDIRECTA - POR CONTRATA,NO,544,2026,0.0,0.0,SE PLANTEA LA CONSTRUCCIÓN DE UNA CAPTACIÓN DEL RIO AZANGARO TIPO GALERÍAS FILTRANTES CON LECHO DE FILTRACIÓN LA QUE ESTA CONECTADA A UNA CÁMARA DE REUNIÓN TIPO CAISON LA CUAL CUENTA CON UNA CASETA DE BOMBEO DONDE SE ENCUENTRA EL EQUIPAMIENTO DE ELECTRO BOMBEO CON ENERGIA NO CONVENSIONAL ASIMISMO SE PLANTEA UNA PLANTA DE TRATAMIENTO QUE CONSTA DE UN SISTEMA DE FLOCULACIÓN TIPO TUBOFLOCK UN DECANTADOR TRONCO CÓNICO UN SISTEMA DE FILTROS CERRADOS UNA CASETA DE CLORACIÓN UNA CISTERNA DE ALMACENAMIENTO UNA CASETA DE BOMBEO UN SISTEMA DE ABASTECIMIENTO DE ENERGÍA ELÉCTRICA AL PUNTO DE CAPTACIÓN UNA CASETA DE GUARDIANÍA DEBIDO A QUE LA UBICACIÓN DE LA CAPTACIÓN ES LEJANA A LA POBLACIÓN CON SU RESPECTIVO CERCO PERIMÉTRICO CONSTRUCCIÓN DE 399 MÓDULOS DE BAÑO EL MISMO QUE CUENTA CON UN INODORO UN LAVAMANOS UNA DUCHA UN BIO DIGESTOR CON SU CAJA DE REGISTRO Y CAJA DE DESCARGA DE LODOS UN POZO PERCOLADOR PARA EVACUACIÓN DE LÍQUIDOS ESTO UBICADO EN CADA DOMICILIO EDUCACIÓN SANITARIA CAMPAÑA DE CAPACITACIÓN DIRIGIDA A LA POBLACIÓN SOBRE EL VALOR DEL AGUA PROGRAMAR LAS CAMPAÑAS DE CAPACITACIONES DIRIGIDAS A LA POBLACIÓN SOBRE EL VALOR DEL AGUA Y CONCIENTIZAR A LA POBLACIÓN TRATAMIENTO DEL AGUA EN EL HOGAR ALMACENAMIENTO DEL AGUA PROTECCIÓN DE LOS ALIMENTOS HIGIENE PERSONAL CONTROL DE VIGILANCIA DEL AGUA Y MODELOS DE GESTIÓN EN AGUA Y SANEAMIENTO,OPENSTREETMAP_NOMINATIM,APROXIMADA_DISTRITO,https://nominatim.openstreetmap.org,Coordenada referencial del distrito ACHAYA. No representa la ubicación exacta de la infraestructura.,COMPLETADO_APROXIMADO
2316900,OFICIAL_SANEAMIENTO,Clasificado oficialmente por el MEF en la función SANEAMIENTO,354148,"MEJORAMIENTO Y AMPLIACION DEL SISTEMA DE AGUA POTABLE Y SANEAMIENTO BASICO EN LAS COMUNIDADES DE JANCHIPO Y COLLPANI, DISTRITO DE CHUPA - AZANGARO - PUNO",PIP MAYOR (SNIP),GL,GOBIERNOS LOCALES,MUNICIPALIDAD DISTRITAL DE CHUPA,OPMI DE LA MUNICIPALIDAD DISTRITAL DE CHUPA,UF DE LA MUNICIPALIDAD DISTRITAL DE CHUPA,UEI DE LA MUNICIPALIDAD DISTRITAL DE CHUPA,301613,MUNICIPALIDAD DISTRITAL DE CHUPA,SANEAMIENTO,SANEAMIENTO,SANEAMIENTO RURAL,,ACTIVO,VIABLE,2016-04-06 00:00:00,2016-04-20 00:00:00,SNIP,6612461.0,5304505.04,0.0,0.0,0.0,5174505.04,SI,2000000.0,0.0,0.0,0.0,201711,202505,130000.0,0.0,,0,,,SI,5248505.04,SI,Ejecución física (C),SI,NO,0.0,2.48,2026-08-21 10:24:55,2017-05-09 00:00:00,2032-05-12 00:00:00,2025-07-21 00:00:00,2025-12-20 00:00:00,NO,NO,,,PUNO,AZANGARO,CHUPA,210206,-15.1059765,-69.9865962,Se plantea el Sistema de 02 captaciones por bombeo en la Comunidad de Collpani y 03 captaciones por gravedad en la comunidad de Janchipo con una estación de bombeo líneas de impulsión y conducción Construcción de 03 Reservorios de 9M3 13M3 y 5M3 respectivamente Construcción de Redes de Distribución y Conexiones domiciliarias  Instalación de 251 UBS de arrastre hidráulico con tanque séptico en la comunidad de Collpani 92 unidades y en la comunidad de Janchipo 159 unidades  realizando 04 talleres de capacitación sobre practica de adecuados hábitos e higiene así como educación sanitaria y capacitar a la unidad de gestión a cargo de la operación de los servicios básico JASS,ADMINISTRACIÓN INDIRECTA - POR CONTRATA,NO,251,2026,0.0,0.0,Se plantea el Sistema de 02 captaciones por bombeo en la Comunidad de Collpani y 03 captaciones por gravedad en la comunidad de Janchipo con una estación de bombeo líneas de impulsión y conducción Construcción de 03 Reservorios de 9M3 13M3 y 5M3 respectivamente Construcción de Redes de Distribución y Conexiones domiciliarias  Instalación de 251 UBS de arrastre hidráulico con tanque séptico en la comunidad de Collpani 92 unidades y en la comunidad de Janchipo 159 unidades  realizando 04 talleres de capacitación sobre practica de adecuados hábitos e higiene así como educación sanitaria y capacitar a la unidad de gestión a cargo de la operación de los servicios básico JASS,OPENSTREETMAP_NOMINATIM,APROXIMADA_DISTRITO,https://nominatim.openstreetmap.org,Coordenada referencial del distrito CHUPA. No representa la ubicación exacta de la infraestructura.,COMPLETADO_APROXIMADO
2265772,OFICIAL_SANEAMIENTO,Clasificado oficialmente por el MEF en la función SANEAMIENTO,317750,"CREACION DEL SERVICIO DE AGUA POTABLE Y SANEAMIENTO RURAL EN LA COMUNIDAD DE ISLA KAMAQUEN Y COMUNIDAD DE KAQUINGORA, DISTRITO DE CALAPUJA - LAMPA - PUNO",PIP MAYOR (SNIP),GL,GOBIERNOS LOCALES,MUNICIPALIDAD DISTRITAL DE NICASIO,OPMI DE LA MUNICIPALIDAD DISTRITAL DE CALAPUJA,UF DE LA MUNICIPALIDAD DISTRITAL DE CALAPUJA,UEI DE LA MUNICIPALIDAD DISTRITAL DE CALAPUJA,301655,MUNICIPALIDAD DISTRITAL DE CALAPUJA,SANEAMIENTO,SANEAMIENTO,SANEAMIENTO RURAL,,ACTIVO,VIABLE,2015-04-11 00:00:00,2015-04-30 00:00:00,SNIP,1570760.0,2095636.15,0.0,0.0,0.0,17643.15,NO,,,,,201807,201912,2077993.0,0.0,,0,,,SI,2095636.15,SI,Ejecución física (C),SI,NO,,101.3,,2018-08-01 00:00:00,2019-01-28 00:00:00,2018-12-13 00:00:00,2019-06-10 00:00:00,NO,NO,,,PUNO,LAMPA,CALAPUJA,210703,-15.3101475,-70.2217662,EL PROYECTO CONTEMPLA EN INSTALAR UNA INFRAESTRUCTURA DE SISTEMA DE AGUA POTABLE CON UNA CAPTACIÓN CON LA LÍNEA DE CONDUCCIÓN DE 367491 ML CON TUBERÍAS PVC SAP C10 RESERVORIOS DE 55M Y 25M RED DISTRIBUCIÓN CON TUBERÍA PVC SAP Y CON CONEXIONES DOMICILIARIAS INSTALACIÓN DE LETRINAS COM ARRASTRE HIDRAULICO SENSIBILIZACIÓN A LA POBLACIÓN CON CAMPAÑAS DE EDUCACIÓN SANITARIA CAPACITACIÓN AL PERSONAL TÉCNICO Y ADMINISTRATIVO,ADMINISTRACIÓN INDIRECTA - POR CONTRATA,NO,315,2026,0.0,0.0,EL PROYECTO CONTEMPLA EN INSTALAR UNA INFRAESTRUCTURA DE SISTEMA DE AGUA POTABLE CON UNA CAPTACIÓN CON LA LÍNEA DE CONDUCCIÓN DE 367491 ML CON TUBERÍAS PVC SAP C10 RESERVORIOS DE 55M Y 25M RED DISTRIBUCIÓN CON TUBERÍA PVC SAP Y CON CONEXIONES DOMICILIARIAS INSTALACIÓN DE LETRINAS COM ARRASTRE HIDRAULICO SENSIBILIZACIÓN A LA POBLACIÓN CON CAMPAÑAS DE EDUCACIÓN SANITARIA CAPACITACIÓN AL PERSONAL TÉCNICO Y ADMINISTRATIVO,OPENSTREETMAP_NOMINATIM,APROXIMADA_DISTRITO,https://nominatim.openstreetmap.org,Coordenada referencial del distrito CALAPUJA. No representa la ubicación exacta de la infraestructura.,COMPLETADO_APROXIMADO
2286944,OFICIAL_SANEAMIENTO,Clasificado oficialmente por el MEF en la función SANEAMIENTO,328827,"MEJORAMIENTO DEL SERVICIO DE AGUA POTABLE E INSTALACION DE SERVICIOS HIGIENICOS EN LAS C.C. CENTRO ANGARA, COLQUEJAHUA Y HUANCARANI CAJOYO, DISTRITO DE PUCARA - LAMPA - PUNO",PIP MAYOR (SNIP),GL,GOBIERNOS LOCALES,MUNICIPALIDAD DISTRITAL DE PUCARA - PUNO,,UNIDAD FORMULADORA DE PROYECTOS,,301660,MUNICIPALIDAD DISTRITAL DE PUCARA,SANEAMIENTO,SANEAMIENTO,SANEAMIENTO RURAL,,ACTIVO,VIABLE,2015-07-22 00:00:00,2015-07-22 00:00:00,SNIP,2882970.0,3000026.1,0.0,0.0,0.0,3000026.1,NO,,,,,,,0.0,0.0,,0,,,SI,3000026.1,NO,,NO,NO,,,,,,,,NO,NO,,,PUNO,LAMPA,PUCARA,210708,-15.068859,-70.4496726,Componente 01 5 captaciones de tipo ladera la línea de conducción será de aproximadamente  615200 ml de tubería NTP 399002 c  10 ø 265mm ø 33mm así como tubería NTP 399002 c75 ø 48mm respectivamente Con obras de funcionamiento hidráulico como cámara rompe presión válvulas de purga siendo el volumen de almacenamiento requerido de 01 unidades de 5 m3 02 unidades de 7m3 la red de distribución estará compuesta por diferentes diámetros de tubería Línea de conducción 6152m red de distribución 41641m se instalarán 205 instalaciones domiciliarias nuevas  Componente 02 construcción de 205 servicios higiénicos sanitarios con arrastre hidráulico construido con bloque de concreto instalación de biodigestores de 600 litros zanjas de infiltración  Componente 03 promoción del servicio capacitación a la JASS y usuarios,ADMINISTRACIÓN INDIRECTA - POR CONTRATA,NO,820,2026,0.0,0.0,Componente 01 5 captaciones de tipo ladera la línea de conducción será de aproximadamente  615200 ml de tubería NTP 399002 c  10 ø 265mm ø 33mm así como tubería NTP 399002 c75 ø 48mm respectivamente Con obras de funcionamiento hidráulico como cámara rompe presión válvulas de purga siendo el volumen de almacenamiento requerido de 01 unidades de 5 m3 02 unidades de 7m3 la red de distribución estará compuesta por diferentes diámetros de tubería Línea de conducción 6152m red de distribución 41641m se instalarán 205 instalaciones domiciliarias nuevas  Componente 02 construcción de 205 servicios higiénicos sanitarios con arrastre hidráulico construido con bloque de concreto instalación de biodigestores de 600 litros zanjas de infiltración  Componente 03 promoción del servicio capacitación a la JASS y usuarios,OPENSTREETMAP_NOMINATIM,APROXIMADA_DISTRITO,https://nominatim.openstreetmap.org,Coordenada referencial del distrito PUCARA. No representa la ubicación exacta de la infraestructura.,COMPLETADO_APROXIMADO
2287456,OFICIAL_SANEAMIENTO,Clasificado oficialmente por el MEF en la función SANEAMIENTO,329275,"AMPLIACION Y MEJORAMIENTO DEL SISTEMA DE AGUA POTABLE Y ALCANTARILLADO EN EL BARRIO RESIDENCIAL PEÑA DORADA Y EL BARRIO MAGISTERIAL ZONA ESTE DEL DISTRITO DE AZÁNGARO, PROVINCIA DE AZANGARO - PUNO",PIP MAYOR (SNIP),GL,GOBIERNOS LOCALES,MUNICIPALIDAD PROVINCIAL DE AZANGARO,OPMI DE LA MUNICIPALIDAD PROVINCIAL DE AZANGARO,UF DE LA MUNICIPALIDAD PROVINCIAL DE AZANGARO,UEI DE LA MPA,301608,MUNICIPALIDAD PROVINCIAL DE AZANGARO,SANEAMIENTO,SANEAMIENTO,SANEAMIENTO URBANO,,ACTIVO,VIABLE,2015-07-26 00:00:00,2015-08-28 00:00:00,SNIP,3763271.0,3756433.6,0.0,0.0,0.0,140289.54,NO,,,,,201708,202003,3616144.06,0.0,,0,,,SI,3707634.49,SI,Aprobación de consistencia o modificaciones antes de la aprobación del ET o ET (A),SI,NO,,,,,,,,NO,NO,,,PUNO,AZANGARO,AZANGARO,210201,-14.8618338,-70.1503339,Instalación de redes matriz con tuberías de PVC SAP C75 de 160mm 110mm y 90mm con una longitud de 969489m lineales redes domiciliarias con tubería PVC C10 de  y conexiones de agua en el sistema de agua potable Construcción de 480 conexiones domiciliarias Instalación de redes colectora de alcantarillado con Tubería PVC SAL de 250mm y construcción de buzones de inspección Construcción 480 conexiones de alcantarillado Desagüe con tubería de PVC SAL de 160mm Eventos de Capacitación a Consumidores y Capacitación a Operadores,ADMINISTRACIÓN DIRECTA,NO,1945,2026,0.0,0.0,Instalación de redes matriz con tuberías de PVC SAP C75 de 160mm 110mm y 90mm con una longitud de 969489m lineales redes domiciliarias con tubería PVC C10 de  y conexiones de agua en el sistema de agua potable Construcción de 480 conexiones domiciliarias Instalación de redes colectora de alcantarillado con Tubería PVC SAL de 250mm y construcción de buzones de inspección Construcción 480 conexiones de alcantarillado Desagüe con tubería de PVC SAL de 160mm Eventos de Capacitación a Consumidores y Capacitación a Operadores,OPENSTREETMAP_NOMINATIM,APROXIMADA_DISTRITO,https://nominatim.openstreetmap.org,Coordenada referencial del distrito AZANGARO. No representa la ubicación exacta de la infraestructura.,COMPLETADO_APROXIMADO
2183992,OFICIAL_SANEAMIENTO,Clasificado oficialmente por el MEF en la función SANEAMIENTO,267992,"AMPLIACION DEL SERVICIO DE AGUA POTABLE Y ALCANTARILLADO EN LA URBANIZACIN TRES DE MAYO DE LA CIUDAD DE JULIACA, PROVINCIA DE SAN ROMAN - PUNO",PIP MENOR (SNIP),GL,GOBIERNOS LOCALES,MUNICIPALIDAD PROVINCIAL DE SAN ROMAN,OPMI DE LA MUNICIPALIDAD PROVINCIAL DE SAN ROMAN,UF DE LA MUNICIPALIDAD PROVINCIAL DE SAN ROMAN,UEI DE LA MUNICIPALIDAD PROVINCIAL DE SAN ROMAN,301681,MUNICIPALIDAD PROVINCIAL DE SAN ROMAN - JULIACA,SANEAMIENTO,SANEAMIENTO,SANEAMIENTO URBANO,,ACTIVO,VIABLE,2013-07-19 00:00:00,2013-08-13 00:00:00,SNIP,263696.36,314138.86,0.0,0.0,0.0,22747.77,NO,,,,,201412,201703,291391.09,0.0,,0,,,SI,314138.86,SI,Aprobación de consistencia o modificaciones antes de la aprobación del ET o ET (A),NO,NO,,,,,,,,NO,SI,2023-10-23 13:23:10,Pendiente de liquidación,PUNO,SAN ROMAN,JULIACA,211101,-15.4932314,-70.1356177,CONSISTE EN 1 SISTEMA DE AGUA POTABLE MEDIANTE LA INSTALACIÓN DE REDES DE DISTRIBUCIÓN Y CONEXIONES DOMICILIARIAS 2 SISTEMA DE ALCANTARILLADO MEDIANTE LA INSTALACIÓN DE RED DE ALCANTARILLADO CONSTRUCCIÓN DE CÁMARAS DE INSPECCIÓN CONEXIONES DOMICILIARIAS,ADMINISTRACIÓN DIRECTA,NO,246,2026,0.0,0.0,CONSISTE EN 1 SISTEMA DE AGUA POTABLE MEDIANTE LA INSTALACIÓN DE REDES DE DISTRIBUCIÓN Y CONEXIONES DOMICILIARIAS 2 SISTEMA DE ALCANTARILLADO MEDIANTE LA INSTALACIÓN DE RED DE ALCANTARILLADO CONSTRUCCIÓN DE CÁMARAS DE INSPECCIÓN CONEXIONES DOMICILIARIAS,OPENSTREETMAP_NOMINATIM,APROXIMADA_DISTRITO,https://nominatim.openstreetmap.org,Coordenada referencial del distrito JULIACA. No representa la ubicación exacta de la infraestructura.,COMPLETADO_APROXIMADO
2309763,OFICIAL_SANEAMIENTO,Clasificado oficialmente por el MEF en la función SANEAMIENTO,331170,"MEJORAMIENTO Y AMPLIACION DEL SERVICIO DE AGUA POTABLE Y SANEAMIENTO BASICO EN LOS SECTORES PORVENIR Y KANTUTANI DE LA COMUNIDAD DE MIRAFLORES DEL CENTRO POBLADO DE YAPURA, DISTRITO DE CAPACHICA - PUNO - PUNO",PIP MAYOR (SNIP),GL,GOBIERNOS LOCALES,MUNICIPALIDAD DISTRITAL DE CAPACHICA,OPMI DE LA MUNICIPALIDAD DISTRITAL DE CAPACHICA,UF DE LA MUNICIPALIDAD DISTRITAL DE CAPACHICA,UEI DE LA MUNICIPALIDAD DISTRITAL DE CAPACHICA,301597,MUNICIPALIDAD DISTRITAL DE CAPACHICA,SANEAMIENTO,SANEAMIENTO,SANEAMIENTO RURAL,,ACTIVO,VIABLE,2015-08-19 00:00:00,2015-10-20 00:00:00,SNIP,2225277.0,2880607.49,0.0,0.0,0.0,2808207.49,NO,,,,,201707,202203,72400.0,0.0,,0,,,SI,2880607.49,SI,Aprobación de consistencia o modificaciones antes de la aprobación del ET o ET (A),SI,NO,,0.0,,,,,,NO,NO,,,PUNO,PUNO,CAPACHICA,210105,-15.6420185,-69.8307928,MEJORAMIENTO Y AMPLIACION DEL SISTEMA DE AGUA POTABLE A TRAVEZ DE UNA CONSTRUCCION DE CAPATACION TIPO LADERA LÍNEA DE CONDUCCIÓN L23ML RESERVORIO 22M3  LÍNEA DE ADUCCIÓN L3200 ML REDES DE DISTRIBUCIÓN L682200 ML VÁLVULA DE PURGA 02 UND VÁLVULA DE CONTROL 03 UND CONEXIONES DOMICILIARIAS 151 UND Y PLAN DE MITIGACION PARA EL SISTEMA DE SANEAMIENTO INSTALACION DE 151 UNIDADES BASICAS DE CON ARRASTRE HIDRÁULICO INSTALACIONES EXTERIORES ESTARÁ COMPUESTO POR UN BIODIGESTOR ROTOPLAS MEJORA DE LOS NIVELES DE EDUCACIÓN SANITARIA Y ADECUADA GESTIÓN DE SERVICIOS DE SANEAMIENTO,ADMINISTRACIÓN INDIRECTA - POR CONTRATA,NO,564,2026,0.0,0.0,MEJORAMIENTO Y AMPLIACION DEL SISTEMA DE AGUA POTABLE A TRAVEZ DE UNA CONSTRUCCION DE CAPATACION TIPO LADERA LÍNEA DE CONDUCCIÓN L23ML RESERVORIO 22M3  LÍNEA DE ADUCCIÓN L3200 ML REDES DE DISTRIBUCIÓN L682200 ML VÁLVULA DE PURGA 02 UND VÁLVULA DE CONTROL 03 UND CONEXIONES DOMICILIARIAS 151 UND Y PLAN DE MITIGACION PARA EL SISTEMA DE SANEAMIENTO INSTALACION DE 151 UNIDADES BASICAS DE CON ARRASTRE HIDRÁULICO INSTALACIONES EXTERIORES ESTARÁ COMPUESTO POR UN BIODIGESTOR ROTOPLAS MEJORA DE LOS NIVELES DE EDUCACIÓN SANITARIA Y ADECUADA GESTIÓN DE SERVICIOS DE SANEAMIENTO,OPENSTREETMAP_NOMINATIM,APROXIMADA_DISTRITO,https://nominatim.openstreetmap.org,Coordenada referencial del distrito CAPACHICA. No representa la ubicación exacta de la infraestructura.,COMPLETADO_APROXIMADO
2330456,OFICIAL_SANEAMIENTO,Clasificado oficialmente por el MEF en la función SANEAMIENTO,368277,"MEJORAMIENTO Y AMPLIACION DEL SERVICIO DE AGUA POTABLE Y SANEAMIENTO BASICO  EN LA PARCIALIDAD DE CENTRAL HUAYLLUMA, DISTRITO DE KELLUYO - CHUCUITO - PUNO",PIP MAYOR (SNIP),GL,GOBIERNOS LOCALES,MUNICIPALIDAD DISTRITAL DE KELLUYO,OPMI DE LA MUNICIPALIDAD DISTRITAL DE KELLUYO,UF DE LA MUNICIPALIDAD DISTRITAL DE KELLUYO,UEI DE LA MUNICIPALIDAD DISTRITAL DE KELLUYO,301636,MUNICIPALIDAD DISTRITAL DE KELLUYO,SANEAMIENTO,SANEAMIENTO,SANEAMIENTO RURAL,,ACTIVO,VIABLE,2016-09-14 00:00:00,2016-11-11 00:00:00,SNIP,1372693.0,1429726.42,0.0,0.0,0.0,1429726.42,NO,,,,,,,0.0,0.0,,0,,,SI,928873.59,SI,Ejecución física (C),SI,NO,,0.0,,2018-08-01 00:00:00,2023-12-31 00:00:00,2018-08-01 00:00:00,2023-12-31 00:00:00,NO,NO,,,PUNO,CHUCUITO,KELLUYO,210404,-16.7270638,-69.2499805,COMPONENTES 1 CONSISTE EN CONSTRUCCIÓN DE 04 UND CAPTACIÓN TIPO LADERA CONSTRUCCIÓN DE 03 UND DE CÁMARA DE REUNIÓN INSTALACIÓN DE TUBERÍA DE  LÍNEA DE CONDUCCIÓN DE TUBERÍA PVC SAP DE UNA LONGITUD DE L 10403 ML 01 UND DE RESERVORIO DE  ALMACENAMIENTO DE 800 M3 INSTALACIONES DE 01 UND DE CASETA DE VÁLVULAS DE RESERVORIO TIPO2 INSTALACIÓN DE  TUBERÍA DE LA RED DE DISTRIBUCIÓN TUBERÍAS DE PVC CLASE 10   CON UNA LONGITUD TOTAL DE L 51468 ML INSTALACIÓN DE 07 UND VÁLVULAS DE CONTROL INSTALACIÓN 06 UND DE VÁLVULAS DE PURGA INSTALACIÓN DE 04 UND DE VÁLVULAS DE AIRE CONSTRUCCIÓN DE 01 UND CRUCE AÉREO DE 25 ML CONSTRUCCIÓN DE CRUCE DE RIO TIPO SIFON EN RIACHUELO DE 95ML CONSTRUCCIÓN DE CRUCE DE CARRETERAS DE 80ML 62 UND DE CONEXIONES DOMICILIARIAS Y 62 UND DE PILETAS Y LAVATORIOS    COMPONENTE 2 INSTALACIÓN DE UBS INSTALACIÓN DE UBS TIPO COMPOSTERA DOBLE CÁMARA Y ECOLÓGICA UN TOTAL DE 62 UND CONSTRUCCIÓN 61 UND DE UBS DOMÉSTICO   Y 01 UND UBS PARA IIEE  CASETA CON MURO DE LADRILLO CON UNA DIMENSIÓN DE 215M X 150M Y TECHOS DE TEJA ANDINA    COMPONENTE 3 CAPACITACIÓN SOCIAL Y MITIGACIÓN AMBIENTAL  CONSISTE EN REALIZAR TALLERES DE CAPACITACIÓN SOCIAL Y MITIGACIÓN AMBIENTAL  PLAN DE COMUNICACIÓN  Y EDUCACIÓN SANITARIA FASE DE INVERSIÓN  CONSISTE EN REALIZAR ACTIVIDADES DE PROMOCIÓN LA ELABORACIÓN DE LÍNEA BASE PRESENTACIÓN DEL PROYECTO RECONOCIMIENTO DEL JASS TALLER DE IMPORTANCIA DE LA ORGANIZACIÓN Y PARTICIPACIÓN CIUDADANA  PLAN DE COMUNICACIÓN Y EDUCACIÓN SANITARIA FASE DE POST INVERSIÓN  CONSISTE EN REALIZAR ACTIVIDADES MEDIANTE TALLERES DE PROMOCIÓN CAPACITACIÓN EN ORGANIZACIÓN Y PARTICIPACIÓN CIUDADANA IMPORTANCIA DEL AGUA HIGIENE Y SALUD HÁBITOS E HIGIENE EN NIÑOS ADULTOS PREVENCIÓN DE ENFERMEDADES DE ORIGEN HÍDRICO CLORACIÓN Y DESINFECCIÓN  PLAN DE CAPACITACIÓN PARA LA GESTIÓN DEL SERVICIO  FASE DE POST INVERSIÓN FORTALECIMIENTO PARA LA GESTIÓN DE SERVICIO   CONSISTE EN REALIZAR ACTIVIDADES  DE PROMOCIÓN CAPACITACIÓN  EN CONSERVACIÓN DE AGUA HÁBITOS DE HIGIENE Y SEGUIMIENTO A LAS FAMILIAS GESTIÓN DE RIESGOS Y ATENCIÓN DE EMERGENCIAS EN EDUCACIÓN PARA LA HIGIENES Y LA SALUD CAMPAÑAS DE SALUD EN INSTITUCIONES EDUCATIVAS Y MEDIDAS DE MITIGACIÓN DE IMPACTO AMBIENTAL,ADMINISTRACIÓN INDIRECTA - POR CONTRATA,NO,401,2026,0.0,0.0,COMPONENTES 1 CONSISTE EN CONSTRUCCIÓN DE 04 UND CAPTACIÓN TIPO LADERA CONSTRUCCIÓN DE 03 UND DE CÁMARA DE REUNIÓN INSTALACIÓN DE TUBERÍA DE  LÍNEA DE CONDUCCIÓN DE TUBERÍA PVC SAP DE UNA LONGITUD DE L 10403 ML 01 UND DE RESERVORIO DE  ALMACENAMIENTO DE 800 M3 INSTALACIONES DE 01 UND DE CASETA DE VÁLVULAS DE RESERVORIO TIPO2 INSTALACIÓN DE  TUBERÍA DE LA RED DE DISTRIBUCIÓN TUBERÍAS DE PVC CLASE 10   CON UNA LONGITUD TOTAL DE L 51468 ML INSTALACIÓN DE 07 UND VÁLVULAS DE CONTROL INSTALACIÓN 06 UND DE VÁLVULAS DE PURGA INSTALACIÓN DE 04 UND DE VÁLVULAS DE AIRE CONSTRUCCIÓN DE 01 UND CRUCE AÉREO DE 25 ML CONSTRUCCIÓN DE CRUCE DE RIO TIPO SIFON EN RIACHUELO DE 95ML CONSTRUCCIÓN DE CRUCE DE CARRETERAS DE 80ML 62 UND DE CONEXIONES DOMICILIARIAS Y 62 UND DE PILETAS Y LAVATORIOS    COMPONENTE 2 INSTALACIÓN DE UBS INSTALACIÓN DE UBS TIPO COMPOSTERA DOBLE CÁMARA Y ECOLÓGICA UN TOTAL DE 62 UND CONSTRUCCIÓN 61 UND DE UBS DOMÉSTICO   Y 01 UND UBS PARA IIEE  CASETA CON MURO DE LADRILLO CON UNA DIMENSIÓN DE 215M X 150M Y TECHOS DE TEJA ANDINA    COMPONENTE 3 CAPACITACIÓN SOCIAL Y MITIGACIÓN AMBIENTAL  CONSISTE EN REALIZAR TALLERES DE CAPACITACIÓN SOCIAL Y MITIGACIÓN AMBIENTAL  PLAN DE COMUNICACIÓN  Y EDUCACIÓN SANITARIA FASE DE INVERSIÓN  CONSISTE EN REALIZAR ACTIVIDADES DE PROMOCIÓN LA ELABORACIÓN DE LÍNEA BASE PRESENTACIÓN DEL PROYECTO RECONOCIMIENTO DEL JASS TALLER DE IMPORTANCIA DE LA ORGANIZACIÓN Y PARTICIPACIÓN CIUDADANA  PLAN DE COMUNICACIÓN Y EDUCACIÓN SANITARIA FASE DE POST INVERSIÓN  CONSISTE EN REALIZAR ACTIVIDADES MEDIANTE TALLERES DE PROMOCIÓN CAPACITACIÓN EN ORGANIZACIÓN Y PARTICIPACIÓN CIUDADANA IMPORTANCIA DEL AGUA HIGIENE Y SALUD HÁBITOS E HIGIENE EN NIÑOS ADULTOS PREVENCIÓN DE ENFERMEDADES DE ORIGEN HÍDRICO CLORACIÓN Y DESINFECCIÓN  PLAN DE CAPACITACIÓN PARA LA GESTIÓN DEL SERVICIO  FASE DE POST INVERSIÓN FORTALECIMIENTO PARA LA GESTIÓN DE SERVICIO   CONSISTE EN REALIZAR ACTIVIDADES  DE PROMOCIÓN CAPACITACIÓN  EN CONSERVACIÓN DE AGUA HÁBITOS DE HIGIENE Y SEGUIMIENTO A LAS FAMILIAS GESTIÓN DE RIESGOS Y ATENCIÓN DE EMERGENCIAS EN EDUCACIÓN PARA LA HIGIENES Y LA SALUD CAMPAÑAS DE SALUD EN INSTITUCIONES EDUCATIVAS Y MEDIDAS DE MITIGACIÓN DE IMPACTO AMBIENTAL,OPENSTREETMAP_NOMINATIM,APROXIMADA_DISTRITO,https://nominatim.openstreetmap.org,Coordenada referencial del distrito KELLUYO. No representa la ubicación exacta de la infraestructura.,COMPLETADO_APROXIMADO
2189343,OFICIAL_SANEAMIENTO,Clasificado oficialmente por el MEF en la función SANEAMIENTO,252298,"MEJORAMIENTO Y AMPLIACION DE LOS SERVICIOS DE AGUA POTABLE Y DISPOSICION SANITARIA DE EXCRETAS DE LA COMUNIDAD CAMPESINA DE CUCHO ESQUEÑA DISTRITO DE ACORA, PROVINCIA DE PUNO, DEPARTAMENTO DE PUNO",PIP MAYOR (SNIP),GR,GOBIERNOS REGIONALES,GOBIERNO REGIONAL PUNO,OPMI DEL GOBIERNO REGIONAL PUNO,UF DE LA GOBIERNO REGIONAL PUNO,UEI DEL PROGRAMA NACIONAL DE SANEAMIENTO RURAL,1443,PROGRAMA NACIONAL DE SANEAMIENTO RURAL,SANEAMIENTO,SANEAMIENTO,SANEAMIENTO RURAL,,ACTIVO,VIABLE,2013-03-01 00:00:00,2013-07-10 00:00:00,SNIP,4297691.0,3948901.97,0.0,0.0,0.0,53379.57,SI,5000.0,33379.57,0.0,0.0,201403,202310,3895522.4,0.0,5000.0,0,0.0,0.0,SI,4131215.74,SI,Ejecución física (C),SI,SI,98.33,92.94,2026-02-16 19:27:59,2015-03-26 00:00:00,2027-01-13 00:00:00,2017-08-16 00:00:00,2018-07-11 00:00:00,NO,NO,,,PUNO,PUNO,ACORA,210102,-16.2723754,-69.9035444,Sistema de Agua Potable por gravedad sin tratamiento Abastecimiento mediante una 01 captación tipo manantial de ladera fuente Iñanpuco Reemplazo de la estructura de captación  tipo Manantial de Ladera siendo el nombre de las fuente Iñanpuco para abastecer a  225 viviendas Reemplazo de la línea de conducción en una longitud de  164120 ml de PVC 63mm Implementación del sistema de desinfección en el reservorio de 40 m3 proyectado Construcción de un reservorio apoyado de 40 m3 con capacidad para abastecer de agua a todos los sectores de la Comunidad Campesina Instalación de una Líneas de aducción PVC Ø 63 mm C75 de longitud 2670 ml para abastecer a todos los sectores Instalación de 624045 ml de tuberías para las redes de distribución PVC 48 mm C10 y 63 mm C75  e instalación de conexiones intradomiciliarias incluye lavadero y pozo de drenaje para un total 225 viviendas habitadas Instalación de Instalación de Válvulas de aire válvulas de purga y válvulas de control en las redes para todos los sectores Para la construcción de Unidad Básica de Saneamientos tipo UBS con Biodigestor y zanja de infiltración solo se ha considerado las Viviendas Habitadas siendo un total de 228 UBS  Programa de fortalecimiento y captación de la ATM y JASS Implementación de una Educación Sanitaria en lo que respecta a prácticas de higiene Implementar un programa de capacitación para operación y mantenimiento de las UBS,ADMINISTRACIÓN INDIRECTA - POR CONTRATA,NO,734,2026,0.0,0.0,Sistema de Agua Potable por gravedad sin tratamiento Abastecimiento mediante una 01 captación tipo manantial de ladera fuente Iñanpuco Reemplazo de la estructura de captación  tipo Manantial de Ladera siendo el nombre de las fuente Iñanpuco para abastecer a  225 viviendas Reemplazo de la línea de conducción en una longitud de  164120 ml de PVC 63mm Implementación del sistema de desinfección en el reservorio de 40 m3 proyectado Construcción de un reservorio apoyado de 40 m3 con capacidad para abastecer de agua a todos los sectores de la Comunidad Campesina Instalación de una Líneas de aducción PVC Ø 63 mm C75 de longitud 2670 ml para abastecer a todos los sectores Instalación de 624045 ml de tuberías para las redes de distribución PVC 48 mm C10 y 63 mm C75  e instalación de conexiones intradomiciliarias incluye lavadero y pozo de drenaje para un total 225 viviendas habitadas Instalación de Instalación de Válvulas de aire válvulas de purga y válvulas de control en las redes para todos los sectores Para la construcción de Unidad Básica de Saneamientos tipo UBS con Biodigestor y zanja de infiltración solo se ha considerado las Viviendas Habitadas siendo un total de 228 UBS  Programa de fortalecimiento y captación de la ATM y JASS Implementación de una Educación Sanitaria en lo que respecta a prácticas de higiene Implementar un programa de capacitación para operación y mantenimiento de las UBS,OPENSTREETMAP_NOMINATIM,APROXIMADA_DISTRITO,https://nominatim.openstreetmap.org,Coordenada referencial del distrito ACORA. No representa la ubicación exacta de la infraestructura.,COMPLETADO_APROXIMADO
2299945,OFICIAL_SANEAMIENTO,Clasificado oficialmente por el MEF en la función SANEAMIENTO,340737,"MEJORAMIENTO Y AMPLIACION DEL SERVICIO DE AGUA POTABLE Y CREACION DEL SERVICIO DE DISPOSICION SANITARIA DE EXCRETAS EN LA COMUNIDAD CAMPESINA CHUA CHUA (SECTOR CCACALLINCA), DISTRITO DE ZEPITA, PROVINCIA DE CHUCUITO, DEPARTAMENTO DE PUNO.",PIP MAYOR (SNIP),GR,GOBIERNOS REGIONALES,GOBIERNO REGIONAL PUNO,OPMI DEL GOBIERNO REGIONAL PUNO,UF DE LA GOBIERNO REGIONAL PUNO,UEI DEL PROGRAMA NACIONAL DE SANEAMIENTO RURAL,1443,PROGRAMA NACIONAL DE SANEAMIENTO RURAL,SANEAMIENTO,SANEAMIENTO,SANEAMIENTO RURAL,,ACTIVO,VIABLE,2015-12-23 00:00:00,2016-03-31 00:00:00,SNIP,2822880.0,2433980.64,0.0,0.0,0.0,21211.67,NO,,,,,201606,202311,2412768.97,0.0,,0,,,SI,2909850.05,SI,Ejecución física (C),SI,SI,98.28,98.74,2023-03-06 11:52:22,2016-08-27 00:00:00,2025-10-28 00:00:00,2016-08-27 00:00:00,2025-10-28 00:00:00,NO,NO,,,PUNO,CHUCUITO,ZEPITA,210407,-16.4970626,-69.1901129,COMPONENTE 01  ADECUADA INFRAESTRUCTURA DE ABASTECIMIENTO DE AGUA POTABLE   ACCIÓN 11 CONSTRUCCIÓN DE 03 CAPTACIONES TIPO LADERA  ACCIÓN 12 INSTALACIÓN  DE 145507M DE LÍNEA DE CONDUCCIÓN   ACCIÓN 13 CONSTRUCCIÓN DE RESERVORIO APOYADO DE 12 M3  ACCIÓN 14INSTALACIÓN DE 43154M DE LÍNEA DE ADUCCIÓN Y 1030069M DE REDES DE DISTRIBUCIÓN   ACCIÓN 15INSTALACIÓN DE 64 CONEXIONES DOMICILIARIAS INCLUIDO PRONOEI  COMPONENTE 02 INFRAESTRUCTURA ADECUADA PARA DISPOSICION SANITARIA DE EXCRETAS Y AGUAS RESIDUALES  ACCIÓN 21 INSTALACIÓN DE 64 UNIDADES BÁSICAS DE SANEAMIENTO CON COMPOSTERA UBS  C PARA LAS VIVIENDAS Y PRONOEI   ACCIÓN 22 INSTALACIÓN DE UNIDADES BÁSICAS DE SANEAMIENTO CON BIODIGESTOR PARA  1 IIEE  COMPONENTE 03 ADECUADOS NIVELES DE EDUCACION SANITARIA  ACCIÓN 31 PLAN DE COMUNICACIÓN Y EDUCACIÓN SANITARIA FASE DE INVERSIÓN 63 FAMILIAS   ACCIÓN 32 PLAN DE COMUNICACIÓN Y EDUCACIÓN SANITARIA FASE POST INVERSIÓN 63 FAMILIAS  COMPONENTE 04 MEJORA EN LA GESTION TECNICA Y ADMINISTRATIVA DE LA JASS Y ATM  ACCIÓN 41 PLAN DE CAPACITACIÓN Y FORTALECIMIENTO DE LA JASS Y ATM FASE INVERSIÓN   ACCIÓN 42 PLAN DE CAPACITACIÓN Y FORTALECIMIENTO DE LA JASS Y ATM FASE POST INVERSIÓN,ADMINISTRACIÓN INDIRECTA - POR CONTRATA,NO,221,2026,0.0,0.0,COMPONENTE 01  ADECUADA INFRAESTRUCTURA DE ABASTECIMIENTO DE AGUA POTABLE   ACCIÓN 11 CONSTRUCCIÓN DE 03 CAPTACIONES TIPO LADERA  ACCIÓN 12 INSTALACIÓN  DE 145507M DE LÍNEA DE CONDUCCIÓN   ACCIÓN 13 CONSTRUCCIÓN DE RESERVORIO APOYADO DE 12 M3  ACCIÓN 14INSTALACIÓN DE 43154M DE LÍNEA DE ADUCCIÓN Y 1030069M DE REDES DE DISTRIBUCIÓN   ACCIÓN 15INSTALACIÓN DE 64 CONEXIONES DOMICILIARIAS INCLUIDO PRONOEI  COMPONENTE 02 INFRAESTRUCTURA ADECUADA PARA DISPOSICION SANITARIA DE EXCRETAS Y AGUAS RESIDUALES  ACCIÓN 21 INSTALACIÓN DE 64 UNIDADES BÁSICAS DE SANEAMIENTO CON COMPOSTERA UBS  C PARA LAS VIVIENDAS Y PRONOEI   ACCIÓN 22 INSTALACIÓN DE UNIDADES BÁSICAS DE SANEAMIENTO CON BIODIGESTOR PARA  1 IIEE  COMPONENTE 03 ADECUADOS NIVELES DE EDUCACION SANITARIA  ACCIÓN 31 PLAN DE COMUNICACIÓN Y EDUCACIÓN SANITARIA FASE DE INVERSIÓN 63 FAMILIAS   ACCIÓN 32 PLAN DE COMUNICACIÓN Y EDUCACIÓN SANITARIA FASE POST INVERSIÓN 63 FAMILIAS  COMPONENTE 04 MEJORA EN LA GESTION TECNICA Y ADMINISTRATIVA DE LA JASS Y ATM  ACCIÓN 41 PLAN DE CAPACITACIÓN Y FORTALECIMIENTO DE LA JASS Y ATM FASE INVERSIÓN   ACCIÓN 42 PLAN DE CAPACITACIÓN Y FORTALECIMIENTO DE LA JASS Y ATM FASE POST INVERSIÓN,OPENSTREETMAP_NOMINATIM,APROXIMADA_DISTRITO,https://nominatim.openstreetmap.org,Coordenada referencial del distrito ZEPITA. No representa la ubicación exacta de la infraestructura.,COMPLETADO_APROXIMADO
2285079,OFICIAL_SANEAMIENTO,Clasificado oficialmente por el MEF en la función SANEAMIENTO,327291,"INSTALACION SISTEMA DE AGUA POTABLE Y DISPOSICION DE EXCRETAS EN LAS COMUNIDADES DE TORKOPI PAMPA, LLALLAHUA, CCAPAJON Y TULANI KETEKETE, DISTRITO DE SANTIAGO DE PUPUJA - AZANGARO - PUNO",PIP MAYOR (SNIP),GL,GOBIERNOS LOCALES,MUNICIPALIDAD DISTRITAL DE SANTIAGO DE PUPUJA,OPMI DE LA MUNICIPALIDAD DISTRITAL DE SANTIAGO DE PUPUJA,UF DE LA MUNICIPALIDAD DISTRITAL DE SANTIAGO DE PUPUJA,UEI DE LA MUNICIPALIDAD DISTRITAL DE SANTIAGO DE PUPUJA,301621,MUNICIPALIDAD DISTRITAL DE SANTIAGO DE PUPUJA,SANEAMIENTO,SANEAMIENTO,SANEAMIENTO RURAL,,ACTIVO,VIABLE,2015-07-09 00:00:00,2015-07-17 00:00:00,SNIP,5768296.0,7581414.83,0.0,0.0,0.0,59967.42,NO,,,,,201711,202112,7521447.41,0.0,,0,,,SI,7981535.05,SI,Ejecución física (C),SI,SI,99.96,98.64,2021-04-15 00:25:06,2018-12-15 00:00:00,2020-12-18 00:00:00,2019-11-06 00:00:00,2021-02-07 00:00:00,NO,NO,,,PUNO,AZANGARO,SANTIAGO DE PUPUJA,210214,-15.0800915,-70.2481544,COMPONENTE 1Existencia de infraestructura del sistema de agua potable Acción Construcción sistema de  agua potable por gravedad  COMPONENTE 2 Existencia de un sistema de evacuación de aguas servidas y excretas Acción Instalación de  servicios higiénicos con arrastre hidráulico  COMPONENTE 3 Adecuado nivel de educación sanitaria y ambiental de la población Acción Programas de  capacitación sanitaria y ambiental sobre adecuadas prácticas de higiene Conformación organización y  capacitación de las JASS  COMPONENTE 4 Mitigación de impacto ambiental  MIA,ADMINISTRACIÓN INDIRECTA - POR CONTRATA,NO,1935,2026,0.0,0.0,COMPONENTE 1Existencia de infraestructura del sistema de agua potable Acción Construcción sistema de  agua potable por gravedad  COMPONENTE 2 Existencia de un sistema de evacuación de aguas servidas y excretas Acción Instalación de  servicios higiénicos con arrastre hidráulico  COMPONENTE 3 Adecuado nivel de educación sanitaria y ambiental de la población Acción Programas de  capacitación sanitaria y ambiental sobre adecuadas prácticas de higiene Conformación organización y  capacitación de las JASS  COMPONENTE 4 Mitigación de impacto ambiental  MIA,OPENSTREETMAP_NOMINATIM,APROXIMADA_DISTRITO,https://nominatim.openstreetmap.org,Coordenada referencial del distrito SANTIAGO DE PUPUJA. No representa la ubicación exacta de la infraestructura.,COMPLETADO_APROXIMADO
2192372,OFICIAL_SANEAMIENTO,Clasificado oficialmente por el MEF en la función SANEAMIENTO,281207,"INSTALACION DE LOS SERVICIOS DE AGUA POTABLE Y DISPOSICIÓN SANITARIA DE EXCRETAS EN TERCER SECTOR DE LA COMUNIDAD CAMPESINA DE COLLANA (PUMAMAÑA Y PANCHOMACHA), DISTRITO DE TARACO - HUANCANE - PUNO",PIP MENOR (SNIP),GL,GOBIERNOS LOCALES,MUNICIPALIDAD DISTRITAL DE TARACO,OPMI DE LA MUNICIPALIDAD DISTRITAL DE TARACO,UF DE LA MUNICIPALIDAD DISTRITAL DE TARACO,UEI DE LA MUNICIPALIDAD DISTRITAL DE TARACO,301651,MUNICIPALIDAD DISTRITAL DE TARACO,SANEAMIENTO,SANEAMIENTO,SANEAMIENTO RURAL,,ACTIVO,VIABLE,2013-11-30 00:00:00,2013-12-05 00:00:00,SNIP,1051108.95,1146081.24,0.0,0.0,0.0,33246.35,SI,0.0,40.0,6.35,0.0,201610,202112,1112834.89,0.0,,0,,,SI,1146590.78,SI,Ejecución física (C),SI,SI,100.0,97.1,2026-02-23 14:40:01,2020-01-02 00:00:00,2028-12-29 00:00:00,2016-10-03 00:00:00,2017-01-31 00:00:00,NO,SI,2020-12-30 15:52:45,Pendiente de liquidación,PUNO,HUANCANE,TARACO,210607,-15.2978079,-69.9783213,INSTALACIÓN DEL SERVICIO DE AGUA POTABLE POR BOMBEO INSTALACIÓN DE LETRINAS SANITARIAS CON ARRASTRE HIDRÁULICO INCLUYE DUCHA REALIZAR CURSOS DE CAPACITACIÓN EN EDUCACIÓN SANITARIA Y PARA OPERACIÓN Y MANTENIMIENTO REALIZAR MITIGACIÓN AMBIENTAL DURANTE LA OPERACIÓN Y MANTENIMIENTO TRATAMIENTO DE RESIDUOS SÓLIDOS,ADMINISTRACIÓN DIRECTA,NO,692,2026,0.0,0.0,INSTALACIÓN DEL SERVICIO DE AGUA POTABLE POR BOMBEO INSTALACIÓN DE LETRINAS SANITARIAS CON ARRASTRE HIDRÁULICO INCLUYE DUCHA REALIZAR CURSOS DE CAPACITACIÓN EN EDUCACIÓN SANITARIA Y PARA OPERACIÓN Y MANTENIMIENTO REALIZAR MITIGACIÓN AMBIENTAL DURANTE LA OPERACIÓN Y MANTENIMIENTO TRATAMIENTO DE RESIDUOS SÓLIDOS,OPENSTREETMAP_NOMINATIM,APROXIMADA_DISTRITO,https://nominatim.openstreetmap.org,Coordenada referencial del distrito TARACO. No representa la ubicación exacta de la infraestructura.,COMPLETADO_APROXIMADO
2226138,OFICIAL_SANEAMIENTO,Clasificado oficialmente por el MEF en la función SANEAMIENTO,248017,"MEJORAMIENTO Y AMPLIACIÓN DEL SERVICIO DE ABASTECIMIENTO DE AGUA POTABLE Y DISPOSICION SANITARIA DE EXCRETAS EN EL CENTRO POBLADO DE HILATA Y SECTORES DE PATASCACHI, CARCA CUCHO, HUERTA CUYO, CURASIA Y TITILE, DISTRITO DE TILALI - MOHO - PUNO",PIP MAYOR (SNIP),GL,GOBIERNOS LOCALES,MUNICIPALIDAD DISTRITAL DE TILALI,OPMI DE LA MUNICIPALIDAD DISTRITAL DE TILALI,UF DE LA MUNICIPALIDAD DISTRITAL DE TILALI,UEI DE LA MUNICIPALIDAD DISTRITAL DE TILALI,301675,MUNICIPALIDAD DISTRITAL DE TILALI,SANEAMIENTO,SANEAMIENTO,SANEAMIENTO RURAL,,ACTIVO,VIABLE,2013-01-14 00:00:00,2016-06-16 00:00:00,SNIP,4213276.0,4109586.66,0.0,0.0,0.0,227346.59,NO,,,,,202012,202210,3882240.07,0.0,,0,,,SI,4237916.57,SI,Ejecución física (C),SI,SI,95.46,95.68,2022-01-31 12:55:19,2020-08-06 00:00:00,2023-01-30 00:00:00,2020-12-21 00:00:00,2021-10-30 00:00:00,NO,SI,2023-01-20 07:05:43,Pendiente de liquidación,PUNO,MOHO,TILALI,210904,-15.5146906,-69.3481332,MEJORAMIENTO Y AMPLIACIÓN DEL SISTEMA DE AGUA POTABLE POR GRAVEDAD PATASCACHI QUE COMPRENDE LÍNEAS DE CONDUCCIÓN RESERVORIOS CON  SISTEMA DE CLORACIÓN DE AGUA Y SU CASETA DE VÁLVULAS VÁLVULAS DE CONTROL VÁLVULAS DE PURGA VÁLVULA DE AIRE CRUCE EN RIACHUELOS CAMARA DE ROMPE PRESIÓN RED DE DISTRIBUCIÓN  INSTALACIÓN DE CONEXIONES DOMICILIARIAS Y PILETAS TIPO BATEAS  INSTALACIÓN DE UNIDADES DE BÁSICAS DE SANEAMIENTO UBS TIPO BAÑOS DE ARRASTRE HIDRÁULICO CON BIODIGESTOR QUE COMPRENDE INODORO TANQUE BAJO LAVA MANOS UNA DUCHA MURO DE LADRILLO MECANIZADO CARAVISTA VENTANA METALICA CON VIDRIO PUERTA DE MADERA CON TABLERO REBAJADO COBERTURA CALAMINA GALVANIZADA  Y PINTADA TIPO TEJA ANDINA Y SISTEMA DE DESAGÜE CON BIODIGESTOR DE 700 LITROS CÁMARA DE LODOS Y POZO DE ABSORCIÓN Y TAMBIÉN SE CONTEMPLA LAS CAMPAÑAS DE EDUCACIÓN SANITARIA QUE CONSISTIRÁN EN LAS DIVERSAS ACCIONES DE PROMOCIÓN CAPACITACIÓN Y EDUCACIÓN SANITARIA,ADMINISTRACIÓN INDIRECTA - POR CONTRATA,NO,683,2026,0.0,0.0,MEJORAMIENTO Y AMPLIACIÓN DEL SISTEMA DE AGUA POTABLE POR GRAVEDAD PATASCACHI QUE COMPRENDE LÍNEAS DE CONDUCCIÓN RESERVORIOS CON  SISTEMA DE CLORACIÓN DE AGUA Y SU CASETA DE VÁLVULAS VÁLVULAS DE CONTROL VÁLVULAS DE PURGA VÁLVULA DE AIRE CRUCE EN RIACHUELOS CAMARA DE ROMPE PRESIÓN RED DE DISTRIBUCIÓN  INSTALACIÓN DE CONEXIONES DOMICILIARIAS Y PILETAS TIPO BATEAS  INSTALACIÓN DE UNIDADES DE BÁSICAS DE SANEAMIENTO UBS TIPO BAÑOS DE ARRASTRE HIDRÁULICO CON BIODIGESTOR QUE COMPRENDE INODORO TANQUE BAJO LAVA MANOS UNA DUCHA MURO DE LADRILLO MECANIZADO CARAVISTA VENTANA METALICA CON VIDRIO PUERTA DE MADERA CON TABLERO REBAJADO COBERTURA CALAMINA GALVANIZADA  Y PINTADA TIPO TEJA ANDINA Y SISTEMA DE DESAGÜE CON BIODIGESTOR DE 700 LITROS CÁMARA DE LODOS Y POZO DE ABSORCIÓN Y TAMBIÉN SE CONTEMPLA LAS CAMPAÑAS DE EDUCACIÓN SANITARIA QUE CONSISTIRÁN EN LAS DIVERSAS ACCIONES DE PROMOCIÓN CAPACITACIÓN Y EDUCACIÓN SANITARIA,OPENSTREETMAP_NOMINATIM,APROXIMADA_DISTRITO,https://nominatim.openstreetmap.org,Coordenada referencial del distrito TILALI. No representa la ubicación exacta de la infraestructura.,COMPLETADO_APROXIMADO
2200478,OFICIAL_SANEAMIENTO,Clasificado oficialmente por el MEF en la función SANEAMIENTO,272455,"INSTALACION DE SERVICIOS BASICOS DE AGUA POTABLE Y LETRINAS ECOLOGICAS EN LA C.C. DE YAPUTIRA, SECTORES, PAJCHANI, HUARACUYO, SUCASUCANI, MICAYANI, HUICHOCOLLO, Y C.P. DE MACHACAMARCA, DISTRITO DE VILQUE CHICO - HUANCANE - PUNO",PIP MAYOR (SNIP),GL,GOBIERNOS LOCALES,MUNICIPALIDAD DISTRITAL DE VILQUECHICO,OPMI DE LA MUNICIPALIDAD DISTRITAL DE VILQUECHICO,UF DE LA MUNICIPALIDAD DISTRITAL DE VILQUECHICO,UEI DE LA MUNICIPALIDAD DISTRITAL DE VILQUECHICO,301652,MUNICIPALIDAD DISTRITAL DE VILQUE CHICO,SANEAMIENTO,SANEAMIENTO,SANEAMIENTO RURAL,,ACTIVO,VIABLE,2013-09-04 00:00:00,2013-09-17 00:00:00,SNIP,1960653.0,5776061.0,0.0,0.0,0.0,301220.64,NO,,,,,201410,202112,5474840.36,0.0,,0,,,SI,5612073.17,SI,Ejecución física (C),SI,SI,10.48,11.45,2021-04-14 16:32:20,2020-10-28 00:00:00,2022-02-28 00:00:00,2020-01-02 00:00:00,2022-04-30 00:00:00,NO,NO,,,PUNO,HUANCANE,VILQUE CHICO,210608,-15.157057,-69.6190604,INSTALACION DEL SISTEMA DE AGUA POTABLE INSTALACION DE LETRINAS CON ARRASTRE HIDRAHULICO CON MUROS DE BLOQUETA  Y TECHO DE CALAMINA GALVANIZADA EN LA CC DE YAPUTIRASECTORES PAJCHANI HUARACUYO SUCASUCANI MICAYANI HUICHOCOLLO Y CP DE MACHACAMARCA  Y CAPACITACION  EN EDUCACION SANITARIA  A LA POBLACION BENEFICIARIA,ADMINISTRACIÓN DIRECTA,NO,792,2026,0.0,0.0,INSTALACION DEL SISTEMA DE AGUA POTABLE INSTALACION DE LETRINAS CON ARRASTRE HIDRAHULICO CON MUROS DE BLOQUETA  Y TECHO DE CALAMINA GALVANIZADA EN LA CC DE YAPUTIRASECTORES PAJCHANI HUARACUYO SUCASUCANI MICAYANI HUICHOCOLLO Y CP DE MACHACAMARCA  Y CAPACITACION  EN EDUCACION SANITARIA  A LA POBLACION BENEFICIARIA,OPENSTREETMAP_NOMINATIM,APROXIMADA_DISTRITO,https://nominatim.openstreetmap.org,Coordenada referencial del distrito VILQUE CHICO. No representa la ubicación exacta de la infraestructura.,COMPLETADO_APROXIMADO
2128422,HISTORICO_SALUD_Y_SANEAMIENTO,Proyecto histórico de agua/saneamiento registrado bajo la antigua función SALUD Y SANEAMIENTO,7565,MEJORAMIENTO Y AMPLIACION DE LOS SISTEMAS DE AGUA POTABLE Y ALCANTARILLADO DE LA LOCALIDAD DE HUANCANE,PIP MAYOR (SNIP),GL,GOBIERNOS LOCALES,MUNICIPALIDAD PROVINCIAL DE HUANCANE,OPMI DE LA MUNICIPALIDAD PROVINCIAL DE HUANCANE,UF DE LA MUNICIPALIDAD PROVINCIAL DE HUANCANE,UEI DE LA MUNICIPALIDAD PROVINCIAL DE HUANCANE,301645,MUNICIPALIDAD PROVINCIAL DE HUANCANE,SALUD Y SANEAMIENTO,SANEAMIENTO,SANEAMIENTO GENERAL,,ACTIVO,VIABLE,2003-10-31 00:00:00,2010-02-26 00:00:00,SNIP,14249961.0,63748154.9,1007107.22,7755.95,0.0,10698715.57,SI,14990261.0,0.0,0.0,0.0,201112,202608,48759282.55,857823.86,0.0,5297264,811522.28,811522.28,SI,61107201.92,SI,Ejecución física (C),SI,SI,56.65,57.49,2026-08-19 10:28:35,2012-07-16 00:00:00,2027-03-06 00:00:00,2023-04-12 00:00:00,2026-08-31 00:00:00,NO,NO,,,PUNO,HUANCANE,HUANCANE,210601,-15.1842883,-69.8235022,AGUA POTABLE ALTERNATIVA UNICA CONSTRUCCIÓN DE CERCOS PERIMÉTRICOS TRATAMIENTO DE FISURAS Y LA REPARACIÓN DE LA CARPINTERÍA METÁLICA DE LA CAPTACION CAMBIO DE LA LÍNEA DE CONDUCCIÓN CÁMARAS DE PASO Y ESTACIÓN DE BOMBEO LAS CISTERNAS EXISTENTES DE 210 Y 430M3 RESPECTIVAMENTE Y DE LA CASETA DE BOMBEO EXISTENTE  CAMBIO DE LA LÍNEA DE IMPULSIÓN CAMBIO DE LÍNEA DE CONDUCCIÓN RESERVORIO  NUEVO DE  POKOPAKA DE 600 M3 LÍNEA DE ADUCCIÓN DEL RESERVORIO DE POKOPAKA A RED DE DISTRIBUCIÓN LÍNEA DE CONDUCCIÓN ENTRE EL RESERVORIO DE POKOPAKA Y SANTA BÁRBARAEL ACTUAL RESERVORIO POR LAS CONDICIONES EN QUE SE ENCUENTRA SE HA CONSIDERADO EL MEJORAMIENTO Y REHABILITACIÓN DE LAS ESTRUCTURAS Y CAMBIO DE VÁLVULAS EXISTENTES AMPLIACIÓN Y CAMBIO DE  REDES PRIMARIAS DE AGUA POTABLE SE REALIZARÁ EL TENDIDO DE353592 M DE TUBERÍA PVC PN 10 DN  110 MM527 M DE TUBERÍA PVC PN 10 DN  160 MMAMPLIACIÓN DE REDES SECUNDARIAS DE AGUA POTABLE SE REALIZARA EL TENDIDO DE4400M DE TUBERÍA PVC PN 10 DN  63 MM448755M DE TUBERÍA PVC PN 10 DN  90 MMCONEXIONES DOMICILIARIAS SE INSTALARAN 77 SE INSTALARAN 239 MEDIDORES A LAS CONEXIONES ANTIGUAS  Y 77 A LAS NUEVAS HACIENDO UN TOTAL DE 316 MEDIDORES A INSTALARALCANTARIILADO ALTERNATIVA UNICAAMPLIACIÓN DE COLECTORES SECUNDARIOS TENDIDO DE 5612 M DE TUBERÍA DE DN 200MM DE  PVCUF CONSTRUCCIÓN DE 101 BUZONES DE INSPECCIÓN  CAMBIO DE COLECTORES  PRIMARIOS TENDIDO DE 323963 M DE TUBERÍA DE DN 250 MM DE  PVCUF TENDIDO DE 736 M DE TUBERÍA DE DN 300 MM DE  PVCUFCONSTRUCCIÓN DE 84 BUZONES DE INSPECCIÓN  EL EMISOR DE 3835 M DE TUBERÍA DE DN 350 MM DE  PVCUF Y CONSTRUCCIÓN DE 5 BUZONES DE INSPECCIÓNCONEXIONES DOMICILIARIAS115 NUEVAS CONEXIONES A INSTALAR 429 CONEXIONES A REINSTALARALTERNATIVA DE TRATAMIENTO DE AGUAS RESIDUALESSE A CONSIDERADO LA CONSTRUCCIÓN DE UNA PLANTA DE TRATAMIENTO DE AGUAS RESIDUALES MEDIANTE LAGUNAS DE ESTABILIZACIÓN FACULTATIVA 3 PRIMARIAS Y 3 SECUNDARIAS,,NO,11120,2026,0.0,0.0,AGUA POTABLE ALTERNATIVA UNICA CONSTRUCCIÓN DE CERCOS PERIMÉTRICOS TRATAMIENTO DE FISURAS Y LA REPARACIÓN DE LA CARPINTERÍA METÁLICA DE LA CAPTACION CAMBIO DE LA LÍNEA DE CONDUCCIÓN CÁMARAS DE PASO Y ESTACIÓN DE BOMBEO LAS CISTERNAS EXISTENTES DE 210 Y 430M3 RESPECTIVAMENTE Y DE LA CASETA DE BOMBEO EXISTENTE  CAMBIO DE LA LÍNEA DE IMPULSIÓN CAMBIO DE LÍNEA DE CONDUCCIÓN RESERVORIO  NUEVO DE  POKOPAKA DE 600 M3 LÍNEA DE ADUCCIÓN DEL RESERVORIO DE POKOPAKA A RED DE DISTRIBUCIÓN LÍNEA DE CONDUCCIÓN ENTRE EL RESERVORIO DE POKOPAKA Y SANTA BÁRBARAEL ACTUAL RESERVORIO POR LAS CONDICIONES EN QUE SE ENCUENTRA SE HA CONSIDERADO EL MEJORAMIENTO Y REHABILITACIÓN DE LAS ESTRUCTURAS Y CAMBIO DE VÁLVULAS EXISTENTES AMPLIACIÓN Y CAMBIO DE  REDES PRIMARIAS DE AGUA POTABLE SE REALIZARÁ EL TENDIDO DE353592 M DE TUBERÍA PVC PN 10 DN  110 MM527 M DE TUBERÍA PVC PN 10 DN  160 MMAMPLIACIÓN DE REDES SECUNDARIAS DE AGUA POTABLE SE REALIZARA EL TENDIDO DE4400M DE TUBERÍA PVC PN 10 DN  63 MM448755M DE TUBERÍA PVC PN 10 DN  90 MMCONEXIONES DOMICILIARIAS SE INSTALARAN 77 SE INSTALARAN 239 MEDIDORES A LAS CONEXIONES ANTIGUAS  Y 77 A LAS NUEVAS HACIENDO UN TOTAL DE 316 MEDIDORES A INSTALARALCANTARIILADO ALTERNATIVA UNICAAMPLIACIÓN DE COLECTORES SECUNDARIOS TENDIDO DE 5612 M DE TUBERÍA DE DN 200MM DE  PVCUF CONSTRUCCIÓN DE 101 BUZONES DE INSPECCIÓN  CAMBIO DE COLECTORES  PRIMARIOS TENDIDO DE 323963 M DE TUBERÍA DE DN 250 MM DE  PVCUF TENDIDO DE 736 M DE TUBERÍA DE DN 300 MM DE  PVCUFCONSTRUCCIÓN DE 84 BUZONES DE INSPECCIÓN  EL EMISOR DE 3835 M DE TUBERÍA DE DN 350 MM DE  PVCUF Y CONSTRUCCIÓN DE 5 BUZONES DE INSPECCIÓNCONEXIONES DOMICILIARIAS115 NUEVAS CONEXIONES A INSTALAR 429 CONEXIONES A REINSTALARALTERNATIVA DE TRATAMIENTO DE AGUAS RESIDUALESSE A CONSIDERADO LA CONSTRUCCIÓN DE UNA PLANTA DE TRATAMIENTO DE AGUAS RESIDUALES MEDIANTE LAGUNAS DE ESTABILIZACIÓN FACULTATIVA 3 PRIMARIAS Y 3 SECUNDARIAS,OPENSTREETMAP_NOMINATIM,APROXIMADA_DISTRITO,https://nominatim.openstreetmap.org,Coordenada referencial del distrito HUANCANE. No representa la ubicación exacta de la infraestructura.,COMPLETADO_APROXIMADO
2239798,OFICIAL_SANEAMIENTO,Clasificado oficialmente por el MEF en la función SANEAMIENTO,274318,"MEJORAMIENTO Y AMPLIACION DEL SERVICIO DE AGUA POTABLE Y SANEAMIENTO BASICO INTEGRAL EN LAS PARCIALIDADES DE HUANCACUCHO Y TINTILIZA DEL C.P. OCCOPAMPA, DISTRITO DE MOHO, PROVINCIA DE MOHO - PUNO",PIP MENOR (SNIP),GL,GOBIERNOS LOCALES,MUNICIPALIDAD PROVINCIAL DE MOHO,OPMI DE LA MUNICIPALIDAD PROVINCIAL DE MOHO,UF DE LA MUNICIPALIDAD PROVINCIAL DE MOHO,UEI DE LA MUNICIPALIDAD PROVINCIAL DE MOHO,301672,MUNICIPALIDAD PROVINCIAL DE MOHO,SANEAMIENTO,SANEAMIENTO,SANEAMIENTO RURAL,,ACTIVO,VIABLE,2013-09-19 00:00:00,2013-10-18 00:00:00,SNIP,1083443.8,1058906.43,0.0,0.0,0.0,12908.84,NO,,,,,201510,201906,1045997.59,0.0,,0,,,SI,1058906.43,SI,Ejecución física (C),SI,SI,100.0,100.0,2022-04-08 16:00:40,2014-12-22 00:00:00,2024-06-15 00:00:00,2015-10-05 00:00:00,2016-04-21 00:00:00,NO,NO,,,PUNO,MOHO,MOHO,210901,-15.3427491,-69.4925674,MEJORAMIENTO Y AMPLIACION DEL SERVICIO DE AGUA POTABLE  E INSTALACION DE LETRINAS SANITARIAS DE 123 UNIDADES DE BÁSICAS DE SANEAMIENTO UBS TIPO BAÑOS ECOLÓGICOS QUE COMPRENDE TAZA SANITARIA PREFABRICADA CON SEPARADOR DE ORINA UNA DUCHA CON CALENTADOR SOLAR Y TERMA DE 30 LTS UN URINARIO MURO DE LADRILLO MECANIZADO CARAVISTA VENTANA DE MADERA PUERTA DE MADERA CON TABLERO REBAJADO  COBERTURA DE TEJA DE ACERO GALVANIZADO Y PINTADA Y SISTEMA DE DESAGÜE CON POZO DE  PERCOLACIÓN O HUMEDALES Y CAMPAÑAS DE EDUCACIÓN SANITARIA QUE CONSISTIRÁN EN LAS  DIVERSAS  ACCIONES  DE PROMOCIÓN CAPACITACIÓN  Y EDUCACIÓN SANITARIA,ADMINISTRACIÓN DIRECTA,NO,492,2026,0.0,0.0,MEJORAMIENTO Y AMPLIACION DEL SERVICIO DE AGUA POTABLE  E INSTALACION DE LETRINAS SANITARIAS DE 123 UNIDADES DE BÁSICAS DE SANEAMIENTO UBS TIPO BAÑOS ECOLÓGICOS QUE COMPRENDE TAZA SANITARIA PREFABRICADA CON SEPARADOR DE ORINA UNA DUCHA CON CALENTADOR SOLAR Y TERMA DE 30 LTS UN URINARIO MURO DE LADRILLO MECANIZADO CARAVISTA VENTANA DE MADERA PUERTA DE MADERA CON TABLERO REBAJADO  COBERTURA DE TEJA DE ACERO GALVANIZADO Y PINTADA Y SISTEMA DE DESAGÜE CON POZO DE  PERCOLACIÓN O HUMEDALES Y CAMPAÑAS DE EDUCACIÓN SANITARIA QUE CONSISTIRÁN EN LAS  DIVERSAS  ACCIONES  DE PROMOCIÓN CAPACITACIÓN  Y EDUCACIÓN SANITARIA,OPENSTREETMAP_NOMINATIM,APROXIMADA_DISTRITO,https://nominatim.openstreetmap.org,Coordenada referencial del distrito MOHO. No representa la ubicación exacta de la infraestructura.,COMPLETADO_APROXIMADO
2199795,OFICIAL_SANEAMIENTO,Clasificado oficialmente por el MEF en la función SANEAMIENTO,301832,"AMPLIACION DE LA INFRAESTRUCTURA PARA LA DISPOSICION SANITARIA DE EXCRETAS EN LA COMUNIDAD DE CAJON HUYO, DISTRITO DE ANANEA - SAN ANTONIO DE PUTINA - PUNO",PIP MENOR (SNIP),GL,GOBIERNOS LOCALES,MUNICIPALIDAD DISTRITAL DE ANANEA,OPMI DE LA MUNICIPALIDAD DISTRITAL DE ANANEA,UF DE LA MUNICIPALIDAD DISTRITAL DE ANANEA,UEI DE LA MUNICIPALIDAD DISTRITAL DE ANANEA,301677,MUNICIPALIDAD DISTRITAL DE ANANEA,SANEAMIENTO,SANEAMIENTO,SANEAMIENTO RURAL,,ACTIVO,VIABLE,2014-08-14 00:00:00,2014-08-19 00:00:00,SNIP,69957.81,69957.65,0.0,0.0,0.0,4887.03,NO,,,,,201409,201412,65070.62,0.0,,0,,,NO,63076.57,SI,Expediente técnico (B),NO,NO,,,,,,,,NO,SI,2019-11-29 13:20:59,Pendiente de liquidación,PUNO,SAN ANTONIO DE PUTINA,ANANEA,211002,-14.6784404,-69.5352298,INSTALACION DE LETRINAS SEPTICAS DE HOYO SECO CON CASETAS TRANSPORTABLES,ADMINISTRACIÓN DIRECTA,NO,175,2026,0.0,0.0,INSTALACION DE LETRINAS SEPTICAS DE HOYO SECO CON CASETAS TRANSPORTABLES,OPENSTREETMAP_NOMINATIM,APROXIMADA_DISTRITO,https://nominatim.openstreetmap.org,Coordenada referencial del distrito ANANEA. No representa la ubicación exacta de la infraestructura.,COMPLETADO_APROXIMADO
2147273,OFICIAL_SANEAMIENTO,Clasificado oficialmente por el MEF en la función SANEAMIENTO,189991,"INSTALACION DE POZOS COMUNIDAD CAMPESINA BELEN, DISTRITO DE ANANEA - SAN ANTONIO DE PUTINA - PUNO",PIP MENOR (SNIP),GL,GOBIERNOS LOCALES,MUNICIPALIDAD DISTRITAL DE ANANEA,OPMI DE LA MUNICIPALIDAD DISTRITAL DE ANANEA,UF DE LA MUNICIPALIDAD DISTRITAL DE ANANEA,UEI DE LA MUNICIPALIDAD DISTRITAL DE ANANEA,301677,MUNICIPALIDAD DISTRITAL DE ANANEA,SANEAMIENTO,SANEAMIENTO,SANEAMIENTO RURAL,,ACTIVO,VIABLE,2011-09-28 00:00:00,2011-10-11 00:00:00,SNIP,81000.0,83068.8,0.0,0.0,0.0,3000.0,NO,,,,,201111,201112,80068.8,0.0,,0,,,SI,83068.8,SI,Ejecución física (C),SI,NO,,,,2011-11-04 00:00:00,2020-06-30 00:00:00,2011-11-04 00:00:00,2020-06-30 00:00:00,NO,SI,2019-11-29 17:06:22,Pendiente de liquidación,PUNO,SAN ANTONIO DE PUTINA,ANANEA,211002,-14.6784404,-69.5352298,CONSTRUCCIÓN POZOS SUPERFICIALES DE UN ÁREA PROMEDIO DE 590 M2 DONDE CADA UNO TENDRÁ UN DIQUE DE TIERRA CON SU CANAL VERTEDOR DE DEMASÍAS Y TUBERÍA DE CONTROL DE CAUDAL DE AGUA,ADMINISTRACIÓN DIRECTA,NO,102,2026,0.0,0.0,CONSTRUCCIÓN POZOS SUPERFICIALES DE UN ÁREA PROMEDIO DE 590 M2 DONDE CADA UNO TENDRÁ UN DIQUE DE TIERRA CON SU CANAL VERTEDOR DE DEMASÍAS Y TUBERÍA DE CONTROL DE CAUDAL DE AGUA,OPENSTREETMAP_NOMINATIM,APROXIMADA_DISTRITO,https://nominatim.openstreetmap.org,Coordenada referencial del distrito ANANEA. No representa la ubicación exacta de la infraestructura.,COMPLETADO_APROXIMADO
2280697,OFICIAL_SANEAMIENTO,Clasificado oficialmente por el MEF en la función SANEAMIENTO,324185,"MEJORAMIENTO Y AMPLIACION DEL SERVICIO DE AGUA POTABLE Y SANEAMIENTO BASICO INTEGRAL EN LOS SECTORES DE  QUERATA, TOMAPIURA, CENTRAL Y HUATASANI DEL, DISTRITO DE ROSASPATA - HUANCANE - PUNO",PIP MAYOR (SNIP),GL,GOBIERNOS LOCALES,MUNICIPALIDAD DISTRITAL DE ROSASPATA,OPMI DE LA MUNICIPALIDAD DISTRITAL DE ROSASPATA,UF DE LA MUNICIPALIDAD DISTRITAL DE ROSASPATA,UEI DE LA MUNICIPALIDAD DISTRITAL DE ROSASPATA,301650,MUNICIPALIDAD DISTRITAL DE ROSASPATA,SANEAMIENTO,SANEAMIENTO,SANEAMIENTO RURAL,,ACTIVO,VIABLE,2015-06-27 00:00:00,2015-07-14 00:00:00,SNIP,4105726.0,5296333.05,0.0,0.0,0.0,154381.53,NO,,,,,201612,201903,5141951.52,0.0,,0,,,SI,5296333.05,SI,Expediente técnico (B),SI,NO,,100.0,,2016-03-10 00:00:00,2017-08-09 00:00:00,2016-11-03 00:00:00,2017-06-08 00:00:00,NO,NO,,,PUNO,HUANCANE,ROSASPATA,210606,-15.2344658,-69.527323,Mejoramiento y ampliación del sistema de agua potable por gravedad Querata Tompiura central y Huatasani que comprende líneas de Conducción Reservorios con sistema de cloración de agua y su caseta de válvulas Válvulas de Control Válvulas de Purga Válvula de aire cruce en riachuelos cámara de rompe presión Red de Distribución instalación de Conexiones Domiciliarias y piletas Tipo Bateas Instalación de Unidades de  Básicas de Saneamiento UBS tipo Baños de Arrastre Hidráulico con Biodigestor que comprende Inodoro tanque Bajo una ducha muro de ladrillo mecanizado caravista ventana de madera con vidrio Puerta de Madera con tablero rebajado cobertura de calamina tipo teja galvanizada y pintada y sistema de desagüe con biodigestor de 700 litros cámara de Lodos y Pozo de Absorción Y También se contempla las Campañas de Educación Sanitaria que consistirán en las diversas acciones de Promoción Capacitación y Educación Sanitaria,ADMINISTRACIÓN INDIRECTA - POR CONTRATA,NO,1024,2026,0.0,0.0,Mejoramiento y ampliación del sistema de agua potable por gravedad Querata Tompiura central y Huatasani que comprende líneas de Conducción Reservorios con sistema de cloración de agua y su caseta de válvulas Válvulas de Control Válvulas de Purga Válvula de aire cruce en riachuelos cámara de rompe presión Red de Distribución instalación de Conexiones Domiciliarias y piletas Tipo Bateas Instalación de Unidades de  Básicas de Saneamiento UBS tipo Baños de Arrastre Hidráulico con Biodigestor que comprende Inodoro tanque Bajo una ducha muro de ladrillo mecanizado caravista ventana de madera con vidrio Puerta de Madera con tablero rebajado cobertura de calamina tipo teja galvanizada y pintada y sistema de desagüe con biodigestor de 700 litros cámara de Lodos y Pozo de Absorción Y También se contempla las Campañas de Educación Sanitaria que consistirán en las diversas acciones de Promoción Capacitación y Educación Sanitaria,OPENSTREETMAP_NOMINATIM,APROXIMADA_DISTRITO,https://nominatim.openstreetmap.org,Coordenada referencial del distrito ROSASPATA. No representa la ubicación exacta de la infraestructura.,COMPLETADO_APROXIMADO
2293836,OFICIAL_SANEAMIENTO,Clasificado oficialmente por el MEF en la función SANEAMIENTO,335539,"INSTALACION DEL SISTEMA DE SERVICIOS DE AGUA POTABLE Y LETRINAS SANITARIAS CON ARRASTRE HIDRAULICO Y BIODIGESTOR EN LOS SECTORES DE CCANLLICUNCA Y BUENA VISTA, DISTRITO DE SANTA ROSA - MELGAR - PUNO",PIP MENOR (SNIP),GL,GOBIERNOS LOCALES,MUNICIPALIDAD DISTRITAL DE SANTA ROSA - MELGAR,OPMI DE LA MUNICIPALIDAD DISTRITAL DE SANTA ROSA - MELGAR,UF DE LA MUNICIPALIDAD DISTRITAL DE SANTA ROSA - MELGAR,UEI DE LA MUNICIPALIDAD DISTRITAL DE SANTA ROSA - MELGAR,301670,MUNICIPALIDAD DISTRITAL DE SANTA ROSA,SANEAMIENTO,SANEAMIENTO,SANEAMIENTO RURAL,,ACTIVO,VIABLE,2015-09-24 00:00:00,2015-10-01 00:00:00,SNIP,971651.2,2139491.77,0.0,0.0,0.0,27393.29,NO,,,,,201810,202212,2112098.48,0.0,,0,,,SI,2049688.97,SI,Ejecución física (C),SI,SI,100.0,100.0,2022-05-16 12:08:47,2019-12-01 00:00:00,2023-01-31 00:00:00,2019-12-01 00:00:00,2023-01-31 00:00:00,NO,SI,2026-06-26 16:00:19,Pendiente de liquidación,PUNO,MELGAR,SANTA ROSA,210808,-14.607427,-70.7874774,01 CAPTACIÓN DE TIPO LADERA RED DE TUBERÍA DE CONDUCCIÓN 01 RESERVORIO DE 1000 M3 CON COTA 01 CASETA DE VÁLVULAS DE RESERVORIO DE 15M3 RED DE TUBERÍA DE DISTRIBUCIÓN  01 CRUCE AÉREO DE 1800 ML 10 CAJAS PARA VÁLVULAS DE PURGA 05 CAJAS PARA VÁLVULAS DE CONTROL 58 PILETAS DOMICILIARIAS 58  SISTEMAS DE BAÑOS CON ARRASTRE HIDRÁULICO MÁS BIODIGESTOR,ADMINISTRACIÓN DIRECTA,NO,290,2026,0.0,0.0,01 CAPTACIÓN DE TIPO LADERA RED DE TUBERÍA DE CONDUCCIÓN 01 RESERVORIO DE 1000 M3 CON COTA 01 CASETA DE VÁLVULAS DE RESERVORIO DE 15M3 RED DE TUBERÍA DE DISTRIBUCIÓN  01 CRUCE AÉREO DE 1800 ML 10 CAJAS PARA VÁLVULAS DE PURGA 05 CAJAS PARA VÁLVULAS DE CONTROL 58 PILETAS DOMICILIARIAS 58  SISTEMAS DE BAÑOS CON ARRASTRE HIDRÁULICO MÁS BIODIGESTOR,OPENSTREETMAP_NOMINATIM,APROXIMADA_DISTRITO,https://nominatim.openstreetmap.org,Coordenada referencial del distrito SANTA ROSA. No representa la ubicación exacta de la infraestructura.,COMPLETADO_APROXIMADO
2160866,OFICIAL_SANEAMIENTO,Clasificado oficialmente por el MEF en la función SANEAMIENTO,169039,"CONSTRUCCION DEL SISTEMA DE AGUA POTABLE Y SANEAMIENTO BASICO DEL CENTRO POBLADO DE ORURO Y COMUNIDAD CAMPESINA DE ORURO SECTOR MURUMURUNI, DISTRITO CRUCERO, PROVINCIA CARABAYA, DEPARTAMENTO DE PUNO",PIP MAYOR (SNIP),GN,"VIVIENDA, CONSTRUCCION Y SANEAMIENTO","MINISTERIO DE VIVIENDA, CONSTRUCCION Y SANEAMIENTO","OPMI DEL MINISTERIO DE VIVIENDA, CONSTRUCCION Y SANEAMIENTO","UF DE LA MINISTERIO DE VIVIENDA, CONSTRUCCION Y SANEAMIENTO",UEI DEL PROGRAMA NACIONAL DE SANEAMIENTO RURAL,1443,PROGRAMA NACIONAL DE SANEAMIENTO RURAL,SANEAMIENTO,SANEAMIENTO,SANEAMIENTO RURAL,,ACTIVO,VIABLE,2010-11-22 00:00:00,2010-12-20 00:00:00,SNIP,1173606.0,3215940.19,0.0,0.0,0.0,334244.72,SI,10000.0,50000.0,0.0,0.0,201707,202608,2878266.47,3429.0,10000.0,3429,3429.0,3429.0,SI,3075024.06,SI,Ejecución física (C),SI,SI,82.2,76.84,2026-02-16 20:25:24,2017-09-01 00:00:00,2027-10-18 00:00:00,2020-08-10 00:00:00,2021-01-16 00:00:00,NO,NO,,,PUNO,CARABAYA,CRUCERO,210306,-14.3508047,-69.9293371,SISTEMA DE AGUA POTABLECaptaciónConstruir una cámara de captación nueva en el manantial Misquinaccaja para garantizar el caudal adecuado de acuerdo a las necesidades de la población por atender en el servicio de agua potable La estructura contará con cámara húmeda y caja de válvulas con los accesorios de entrada salida ventilación limpieza y reboseLínea de conducciónEl requerimiento de la instalación de la línea de conducción es de 41011 metros de tubería PVC SAP C75 de 2 y 2 cruces con una longitus de 24m de de tubería PVC SAP C75 de 2 la que se conectará  al reservorio existente y al nuevo reservorio por construir con una capacidad de 15 m3 para satisfacer la demanda actual y futura de la poblaciónAlmacenamientoEn esta alternativa se prevé el mejoramiento del reservorio existente que tiene una capacidad de 10 m3 aproximadamente y la construcción de otro nuevo reservorio de 15 m3 de capacidad El reservorio existente se encuentra en buenas condiciones de conservación excepto deberán considerarse el mejoramiento de la caseta de válvulas mejoramiento del revestimiento interior con impermeabilizante cambio de válvulas y resanes en las estructuras de concreto armado  los mismos tendrán la suma total almacenamiento equivalente a 25 m3 que es suficiente para satisfacer la demanda para el año 20Caseta de Válvulas Considera el mejoramiento de la estructura de concreto armado existente del reservorio de 10 m3 y la construcción nueva de la caseta de válvulas para el reservorio de 15 m3Línea de aducción y Redes de distribuciónSe prevé el suministro e instalación nueva de las tuberías de PVC SAP C75 y C10 una longitud total de 1003574 metros de diámetros de los cuales 215455m son PVC C10 de  75695m son PVC C10 de 1 310707m son PVC C75 de 1 365843 son PVC C75 de 2 y 35874m de 2 correspondiente a las líneas de aducción y distribución Además se preve la instalación de válvulas de control válvulas de aire y cámaras rompe presión 4u para garantizar el óptimo funcionamiento del sistema Conexiones Domiciliarias Se proyecta la instalación de 158 conexiones domiciliarias de las cuales 148 son para familias y 10 para instituciones educativas y comunales Asimismo se prevé la instalación de 167 lavaderosSANEAMIENTO BASICOSe plantea la construcción de 167 letrinas de las cuales 107 son de arrastre hidráulico con biodigestor y 60 compostera ASPECTO SOCIALPrograma de Educación Sanitaria a las familias Plan de Capacitación sobre Operación y Mantenimiento del Sistema a la JASS y Fortalecimiento de Capacidades al Gobierno Local,,NO,606,2026,0.0,0.0,SISTEMA DE AGUA POTABLECaptaciónConstruir una cámara de captación nueva en el manantial Misquinaccaja para garantizar el caudal adecuado de acuerdo a las necesidades de la población por atender en el servicio de agua potable La estructura contará con cámara húmeda y caja de válvulas con los accesorios de entrada salida ventilación limpieza y reboseLínea de conducciónEl requerimiento de la instalación de la línea de conducción es de 41011 metros de tubería PVC SAP C75 de 2 y 2 cruces con una longitus de 24m de de tubería PVC SAP C75 de 2 la que se conectará  al reservorio existente y al nuevo reservorio por construir con una capacidad de 15 m3 para satisfacer la demanda actual y futura de la poblaciónAlmacenamientoEn esta alternativa se prevé el mejoramiento del reservorio existente que tiene una capacidad de 10 m3 aproximadamente y la construcción de otro nuevo reservorio de 15 m3 de capacidad El reservorio existente se encuentra en buenas condiciones de conservación excepto deberán considerarse el mejoramiento de la caseta de válvulas mejoramiento del revestimiento interior con impermeabilizante cambio de válvulas y resanes en las estructuras de concreto armado  los mismos tendrán la suma total almacenamiento equivalente a 25 m3 que es suficiente para satisfacer la demanda para el año 20Caseta de Válvulas Considera el mejoramiento de la estructura de concreto armado existente del reservorio de 10 m3 y la construcción nueva de la caseta de válvulas para el reservorio de 15 m3Línea de aducción y Redes de distribuciónSe prevé el suministro e instalación nueva de las tuberías de PVC SAP C75 y C10 una longitud total de 1003574 metros de diámetros de los cuales 215455m son PVC C10 de  75695m son PVC C10 de 1 310707m son PVC C75 de 1 365843 son PVC C75 de 2 y 35874m de 2 correspondiente a las líneas de aducción y distribución Además se preve la instalación de válvulas de control válvulas de aire y cámaras rompe presión 4u para garantizar el óptimo funcionamiento del sistema Conexiones Domiciliarias Se proyecta la instalación de 158 conexiones domiciliarias de las cuales 148 son para familias y 10 para instituciones educativas y comunales Asimismo se prevé la instalación de 167 lavaderosSANEAMIENTO BASICOSe plantea la construcción de 167 letrinas de las cuales 107 son de arrastre hidráulico con biodigestor y 60 compostera ASPECTO SOCIALPrograma de Educación Sanitaria a las familias Plan de Capacitación sobre Operación y Mantenimiento del Sistema a la JASS y Fortalecimiento de Capacidades al Gobierno Local,OPENSTREETMAP_NOMINATIM,APROXIMADA_DISTRITO,https://nominatim.openstreetmap.org,Coordenada referencial del distrito CRUCERO. No representa la ubicación exacta de la infraestructura.,COMPLETADO_APROXIMADO
2279598,OFICIAL_SANEAMIENTO,Clasificado oficialmente por el MEF en la función SANEAMIENTO,237049,"AMPLIACION DEL SISTEMA DE AGUA POTABLE Y ALCANTARILLADO EN LA URBANIZACION BELLA COPACABANA, ANEXO BELLA COPACABANA I Y VILLA ISAAC DE LA CIUDAD DE JULIACA PROVINCIA DE SAN ROMAN - PUNO",PIP MAYOR (SNIP),GN,"VIVIENDA, CONSTRUCCION Y SANEAMIENTO","MINISTERIO DE VIVIENDA, CONSTRUCCION Y SANEAMIENTO",OPMI DE LA MUNICIPALIDAD PROVINCIAL DE SAN ROMAN,UF DE LA MUNICIPALIDAD PROVINCIAL DE SAN ROMAN,UEI DE LA MUNICIPALIDAD PROVINCIAL DE SAN ROMAN,147,HOSPITAL DE EMERGENCIAS PEDIATRICAS,SANEAMIENTO,SANEAMIENTO,SANEAMIENTO URBANO,,ACTIVO,VIABLE,2012-10-22 00:00:00,2012-12-01 00:00:00,SNIP,2125948.0,2974682.52,0.0,0.0,0.0,105807.29,NO,,,,,201509,201907,2868875.23,0.0,,0,,,SI,2395532.85,SI,Aprobación de consistencia o modificaciones antes de la aprobación del ET o ET (A),NO,NO,,,,,,,,NO,SI,2023-10-23 13:36:21,Pendiente de liquidación,PUNO,SAN ROMAN,JULIACA,211101,-15.4932314,-70.1356177,APARA EL SISTEMA DE AGUA POTABLE  PARA EL SISTEMA DE AGUA POTABLE LA ALTERNATIVA ES ÚNICA Y SE DETALLA A CONTINUACIÓN LOS TRABAJOS A REALIZAR  LÍNEA DE CONDUCCIÓN SE PLANTEA LA AMPLIACIÓN DE LA LÍNEA DE CONDUCCIÓN QUE SERÁ EMPALMADA A UNA TUBERÍA DE PVC DE 8 QUE SE ENCUENTRA EN LA AV JULIACA CON  EL JR MAMA OCLLO PARA LO CUAL SE REQUIERE TUBERÍA DE 200 MM Y UNA LONGITUD DE 1187 METROS LINEALES DETERMINADA A TRAVÉS DE LA DISTANCIA DESDE EL PUNTO DE EMPALME HACIA LA RED DE DISTRIBUCIÓN EN LA URB BELLA COPACABANA Y ANEXOS   REDES DE DISTRIBUCIÓN SE INSTALARAN TUBERÍAS DE 90MM 283 ML 110MM 1468 ML 160MM 307 ML ESTO SE DETERMINA A TRAVÉS DEL ANÁLISIS DEL NÚMERO DE VIVIENDAS A CONECTAR Y SU DISTRIBUCIÓN ESPACIAL CON 21 VÁLVULAS DE COMPUERTA Y LA INSTALACIÓN DE 02 GRIFOS CONTRA INCENDIO  CONEXIONES DOMICILIARIAS SE HA CONSIDERADO EL SERVICIO DOMICILIARIO DE AGUA POTABLE PARA 214 LOTES CON LLAVES Y CAJAS DE PASO PARA IGUAL NÚMERO DE FAMILIAS   TIPO DE SISTEMA SISTEMA DE GRAVEDADPRESIÓN CON TRATAMIENTO   PLANTEAMIENTO DE ALTERNATIVA DE SOLUCIÓN AL PROBLEMA LA ALTERNATIVA DE SOLUCIÓN AL PROBLEMA ES LA SIGUIENTE  AMPLIACIÓN DE LA RED DE CONDUCCIÓN CON UNA LONGITUD 1187 ML CON TUBERÍA DE   AMPLIACIÓN DE LA RED DE DISTRIBUCIÓN CON UNA LONGITUD DE 2508 ML CON TUBERÍA DE DIFERENTE DIÁMETRO 90MM 110MM 160MM   INSTALACIÓN DE 214 CONEXIONES DOMICILIARIAS CON CAJA DE REGISTRO Y VÁLVULAS DE PASO   CABE SEÑALAR QUE PARA PLANTEAR LAS ALTERNATIVAS SE ANALIZARON VARIAS OPCIONES DE SOLUCIÓN SIN EMBARGO SE ENCONTRÓ QUE EXISTE UNA RED DE ADUCCIÓN DE 8 EN LA URBANIZACIÓN ADYACENTE POR TAL MOTIVO SE ESTIMÓ POR CONVENIENTE LA FORMULACIÓN DE UNA ALTERNATIVA ÚNICA   BPARA ALCANTARILLADO SANITARIO  ALTERNATIVA 1 SUMINISTRO E INSTALACIÓN DE REDES COLECTORAS CON TUBERÍAS DE PVC DESAGÜE UF ISO 4435 SERIE 25 DE 250 MM Y 200 MM QUE SERÁN EMPALMADOS MEDIANTE UNIONES FLEXIBLES SE SUMINISTRARA E INSTALARA 1945 METROS DE TUBERÍA DE PVC DE 200 MM EN TERRENO NORMAL Y SATURADO SE SUMINISTRARA E INSTALARA 258 METROS DE TUBERÍA DE PVC DE 250 MM EN TERRENO NORMAL Y SATURADO CON SU RESPECTIVA PRUEBA HIDRÁULICA SE CONSTRUIRÁ 112 UNIDADES DE BUZONES DE CONCRETO SIMPLE CON ALTURA VARIABLE DE 120 METROS HASTA 250 METROS SE INSTALARAN 214 UNIDADES DE CONEXIONES DOMICILIARIAS PARA LA MISMA CANTIDAD DE BENEFICIARIOS SENSIBILIZACIÓN Y CAPACITACIÓN A LOS POBLADORES POR MEDIO DE UNA CAMPAÑA Y CHARLA DE EDUCACIÓN SANITARIA,ADMINISTRACIÓN INDIRECTA - POR CONTRATA,NO,1175,2026,0.0,0.0,APARA EL SISTEMA DE AGUA POTABLE  PARA EL SISTEMA DE AGUA POTABLE LA ALTERNATIVA ES ÚNICA Y SE DETALLA A CONTINUACIÓN LOS TRABAJOS A REALIZAR  LÍNEA DE CONDUCCIÓN SE PLANTEA LA AMPLIACIÓN DE LA LÍNEA DE CONDUCCIÓN QUE SERÁ EMPALMADA A UNA TUBERÍA DE PVC DE 8 QUE SE ENCUENTRA EN LA AV JULIACA CON  EL JR MAMA OCLLO PARA LO CUAL SE REQUIERE TUBERÍA DE 200 MM Y UNA LONGITUD DE 1187 METROS LINEALES DETERMINADA A TRAVÉS DE LA DISTANCIA DESDE EL PUNTO DE EMPALME HACIA LA RED DE DISTRIBUCIÓN EN LA URB BELLA COPACABANA Y ANEXOS   REDES DE DISTRIBUCIÓN SE INSTALARAN TUBERÍAS DE 90MM 283 ML 110MM 1468 ML 160MM 307 ML ESTO SE DETERMINA A TRAVÉS DEL ANÁLISIS DEL NÚMERO DE VIVIENDAS A CONECTAR Y SU DISTRIBUCIÓN ESPACIAL CON 21 VÁLVULAS DE COMPUERTA Y LA INSTALACIÓN DE 02 GRIFOS CONTRA INCENDIO  CONEXIONES DOMICILIARIAS SE HA CONSIDERADO EL SERVICIO DOMICILIARIO DE AGUA POTABLE PARA 214 LOTES CON LLAVES Y CAJAS DE PASO PARA IGUAL NÚMERO DE FAMILIAS   TIPO DE SISTEMA SISTEMA DE GRAVEDADPRESIÓN CON TRATAMIENTO   PLANTEAMIENTO DE ALTERNATIVA DE SOLUCIÓN AL PROBLEMA LA ALTERNATIVA DE SOLUCIÓN AL PROBLEMA ES LA SIGUIENTE  AMPLIACIÓN DE LA RED DE CONDUCCIÓN CON UNA LONGITUD 1187 ML CON TUBERÍA DE   AMPLIACIÓN DE LA RED DE DISTRIBUCIÓN CON UNA LONGITUD DE 2508 ML CON TUBERÍA DE DIFERENTE DIÁMETRO 90MM 110MM 160MM   INSTALACIÓN DE 214 CONEXIONES DOMICILIARIAS CON CAJA DE REGISTRO Y VÁLVULAS DE PASO   CABE SEÑALAR QUE PARA PLANTEAR LAS ALTERNATIVAS SE ANALIZARON VARIAS OPCIONES DE SOLUCIÓN SIN EMBARGO SE ENCONTRÓ QUE EXISTE UNA RED DE ADUCCIÓN DE 8 EN LA URBANIZACIÓN ADYACENTE POR TAL MOTIVO SE ESTIMÓ POR CONVENIENTE LA FORMULACIÓN DE UNA ALTERNATIVA ÚNICA   BPARA ALCANTARILLADO SANITARIO  ALTERNATIVA 1 SUMINISTRO E INSTALACIÓN DE REDES COLECTORAS CON TUBERÍAS DE PVC DESAGÜE UF ISO 4435 SERIE 25 DE 250 MM Y 200 MM QUE SERÁN EMPALMADOS MEDIANTE UNIONES FLEXIBLES SE SUMINISTRARA E INSTALARA 1945 METROS DE TUBERÍA DE PVC DE 200 MM EN TERRENO NORMAL Y SATURADO SE SUMINISTRARA E INSTALARA 258 METROS DE TUBERÍA DE PVC DE 250 MM EN TERRENO NORMAL Y SATURADO CON SU RESPECTIVA PRUEBA HIDRÁULICA SE CONSTRUIRÁ 112 UNIDADES DE BUZONES DE CONCRETO SIMPLE CON ALTURA VARIABLE DE 120 METROS HASTA 250 METROS SE INSTALARAN 214 UNIDADES DE CONEXIONES DOMICILIARIAS PARA LA MISMA CANTIDAD DE BENEFICIARIOS SENSIBILIZACIÓN Y CAPACITACIÓN A LOS POBLADORES POR MEDIO DE UNA CAMPAÑA Y CHARLA DE EDUCACIÓN SANITARIA,OPENSTREETMAP_NOMINATIM,APROXIMADA_DISTRITO,https://nominatim.openstreetmap.org,Coordenada referencial del distrito JULIACA. No representa la ubicación exacta de la infraestructura.,COMPLETADO_APROXIMADO
2283110,OFICIAL_SANEAMIENTO,Clasificado oficialmente por el MEF en la función SANEAMIENTO,324616,RECUPERACION DE LA CAPACIDAD DE TRATAMIENTO DE LAS LAGUNAS DE ESTABILIZACION DE LAS CIUDADES DE PUNO  Y DESAGUADERO,PIP MAYOR (SNIP),GN,"VIVIENDA, CONSTRUCCION Y SANEAMIENTO","MINISTERIO DE VIVIENDA, CONSTRUCCION Y SANEAMIENTO",OPMI DE LA MUNICIPALIDAD PROVINCIAL DE PUNO,UF DE LA MUNICIPALIDAD PROVINCIAL DE PUNO,UEI DE LA MUNICIPALIDAD PROVINCIAL DE PUNO,500139,EMPRESA MUNICIPAL DE SANEAMIENTO BASICO DE PUNO S.A.,SANEAMIENTO,SANEAMIENTO,SANEAMIENTO URBANO,,ACTIVO,VIABLE,2015-06-22 00:00:00,2015-08-28 00:00:00,SNIP,9492519.0,12789895.31,191848.43,0.0,0.0,3435808.12,SI,5803114.0,4016915.0,61500.95,0.0,201512,202608,3742822.62,729797.59,0.0,5803113,0.0,0.0,SI,10829573.86,SI,Ejecución física (C),SI,SI,12.13,20.44,2026-02-26 19:32:52,2023-11-06 00:00:00,2028-11-30 00:00:00,2023-11-06 00:00:00,2025-12-31 00:00:00,NO,NO,,,PUNO,PUNO,PUNO,210101,-15.8407499,-70.0284053,La alternativa 1 propone la adquisición de maquinaria y equipos utilizando tecnologías modernas que permitan en plazo más corto el retiro de los lodos sedimentados en las lagunas de estabilización del ámbito de la jurisdicción de la EPS EMSAPUNO SA así como su transporte y disposición final Se propone cinco acciones    Adquisición de equipamiento 01 draga para el retiro de lodos y 02 sistemas de deshidratación  01 draga con motor diesel de 120 m3h     Retiro y deshidratación de lodos    Transporte y disposición final de lodos tratados    Difusión de educación sanitaria    Programa de capacitación en métodos de retiros de lodos de las lagunas de estabilización,ADMINISTRACIÓN DIRECTA,NO,188237,2026,0.0,0.0,La alternativa 1 propone la adquisición de maquinaria y equipos utilizando tecnologías modernas que permitan en plazo más corto el retiro de los lodos sedimentados en las lagunas de estabilización del ámbito de la jurisdicción de la EPS EMSAPUNO SA así como su transporte y disposición final Se propone cinco acciones    Adquisición de equipamiento 01 draga para el retiro de lodos y 02 sistemas de deshidratación  01 draga con motor diesel de 120 m3h     Retiro y deshidratación de lodos    Transporte y disposición final de lodos tratados    Difusión de educación sanitaria    Programa de capacitación en métodos de retiros de lodos de las lagunas de estabilización,OPENSTREETMAP_NOMINATIM,APROXIMADA_DISTRITO,https://nominatim.openstreetmap.org,Coordenada referencial del distrito PUNO. No representa la ubicación exacta de la infraestructura.,COMPLETADO_APROXIMADO
2090887,HISTORICO_SALUD_Y_SANEAMIENTO,Proyecto histórico de agua/saneamiento registrado bajo la antigua función SALUD Y SANEAMIENTO,3880,DRENAJE PLUVIAL DE LA CIUDAD DE JULIACA,PIP MAYOR (SNIP),GR,GOBIERNOS REGIONALES,GOBIERNO REGIONAL PUNO,"OPMI DEL MINISTERIO DE VIVIENDA, CONSTRUCCION Y SANEAMIENTO",UF DEL PROGRAMA NACIONAL DE SANEAMIENTO URBANO,PROGRAMA NACIONAL DE SANEAMIENTO URBANO,1085,PROGRAMA NACIONAL DE SANEAMIENTO URBANO,SALUD Y SANEAMIENTO,SANEAMIENTO,SANEAMIENTO GENERAL,,ACTIVO,VIABLE,2002-10-30 00:00:00,2007-06-22 00:00:00,SNIP,131144430.0,715163706.33,2544494.63,176223.55,0.0,628746763.61,SI,3025000.0,6085919.0,158837555.0,209452868.0,200906,202512,87086437.35,0.0,3025000.0,1875000,1375000.0,375000.0,SI,220252346.97,SI,Ejecución física (C),SI,SI,10.98,11.2,2026-08-10 16:30:21,2014-07-30 00:00:00,2030-04-21 00:00:00,2014-09-22 00:00:00,2029-11-15 00:00:00,NO,NO,,,PUNO,SAN ROMAN,JULIACA,211101,-15.4932314,-70.1356177,EL PROYECTO CONSISTE EN FORMULACIÓN DE LOS ESTUDIOS DEFINITIVOS CONSTRUCCIÓN DE UN SISTEMA DE EVACUACIÓN DE AGUAS PLUVIALES MEDIANTE  GRAVEDAD A TRAVÉS DE CANALES DE CONCRETO ARMADO DE SECCIÓN RECTANGULAR LAS REDES DE DRENAJE SON UN CONJUNTO DE CONDUCTOS CERRADOS DE CONCRETO Y TUBOS PERFILADOS ASÍ COMO DRENES ABIERTOS DE CONCRETO COMO EN TIERRA QUE FAVORECEN LA EVACUACIÓN DE LAS AGUAS PLUVIALES HACIA EL RÍO COATA Y EL RÍO TOROCOCHA POR MEDIO DE COLECTORES PRINCIPALES DE 1ER ORDEN ASÍ ESTOS SE CONECTAN A UNA RED DE COLECTORES SECUNDARIOS DENOMINADOS CONDUCTOS DE 2 ORDEN DISTRIBUIDOS EN EL ÁREA DEL PROYECTO PARA EVACUAR UN CAUDAL DE 3111M3S EN UNA EXTENSIÓN DE 939 KM DE DRENES LA REALIZACIÓN DE EVENTOS DE CAPACITACIÓN Y SENSIBILIZACIÓN EN MITIGACIÓN DE IMPACTO AMBIENTAL Y SENSIBILIZACIÓN Y EDUCACIÓN AMBIENTAL A LOS USUARIOS DE DRENAJE PLUVIAL,,NO,211931,2026,0.0,0.0,EL PROYECTO CONSISTE EN FORMULACIÓN DE LOS ESTUDIOS DEFINITIVOS CONSTRUCCIÓN DE UN SISTEMA DE EVACUACIÓN DE AGUAS PLUVIALES MEDIANTE  GRAVEDAD A TRAVÉS DE CANALES DE CONCRETO ARMADO DE SECCIÓN RECTANGULAR LAS REDES DE DRENAJE SON UN CONJUNTO DE CONDUCTOS CERRADOS DE CONCRETO Y TUBOS PERFILADOS ASÍ COMO DRENES ABIERTOS DE CONCRETO COMO EN TIERRA QUE FAVORECEN LA EVACUACIÓN DE LAS AGUAS PLUVIALES HACIA EL RÍO COATA Y EL RÍO TOROCOCHA POR MEDIO DE COLECTORES PRINCIPALES DE 1ER ORDEN ASÍ ESTOS SE CONECTAN A UNA RED DE COLECTORES SECUNDARIOS DENOMINADOS CONDUCTOS DE 2 ORDEN DISTRIBUIDOS EN EL ÁREA DEL PROYECTO PARA EVACUAR UN CAUDAL DE 3111M3S EN UNA EXTENSIÓN DE 939 KM DE DRENES LA REALIZACIÓN DE EVENTOS DE CAPACITACIÓN Y SENSIBILIZACIÓN EN MITIGACIÓN DE IMPACTO AMBIENTAL Y SENSIBILIZACIÓN Y EDUCACIÓN AMBIENTAL A LOS USUARIOS DE DRENAJE PLUVIAL,OPENSTREETMAP_NOMINATIM,APROXIMADA_DISTRITO,https://nominatim.openstreetmap.org,Coordenada referencial del distrito JULIACA. No representa la ubicación exacta de la infraestructura.,COMPLETADO_APROXIMADO
2309705,OFICIAL_SANEAMIENTO,Clasificado oficialmente por el MEF en la función SANEAMIENTO,329575,"MEJORAMIENTO DEL SERVICIO DE AGUA POTABLE Y SANEAMIENTO RURAL EN C.C. SANTA CRUZ DE CUMI DEL, DISTRITO DE DESAGUADERO - CHUCUITO - PUNO",PIP MAYOR (SNIP),GL,GOBIERNOS LOCALES,MUNICIPALIDAD DISTRITAL DE DESAGUADERO,OPMI DE LA MUNICIPALIDAD DISTRITAL DE DESAGUADERO,UF DE LA MUNICIPALIDAD DISTRITAL DE DESAGUADERO,UEI DE LA MUNICIPALIDAD DISTRITAL DE DESAGUADERO,301634,MUNICIPALIDAD DISTRITAL DE DESAGUADERO,SANEAMIENTO,SANEAMIENTO,SANEAMIENTO RURAL,,ACTIVO,VIABLE,2015-08-06 00:00:00,2015-09-30 00:00:00,SNIP,1668406.0,3392595.02,0.0,0.0,0.0,1962234.02,SI,3121528.0,0.0,0.0,0.0,201612,202607,271067.0,1149326.55,657401.0,1159294,1159293.65,1159293.65,SI,3392595.02,SI,Ejecución física (C),SI,NO,,7.99,2026-06-01 13:52:32,2024-04-25 00:00:00,2026-04-01 00:00:00,2026-04-23 00:00:00,2026-09-19 00:00:00,NO,NO,,,PUNO,CHUCUITO,DESAGUADERO,210402,-16.6130199,-69.0841617,INSTALACION DEL SISTEMA DE AGUA POTABLE EL CUAL CONSISTE EN CONSTRUCCION DE 05 CAPTACIONES DE CONCRETO ARMADO CONSTRUCCION DE 01 RESERVORIO DE CONCRETO ARMADO DE 20 M3 INSTALACION DE LINEA DE CONDUCCION DE 78010 ML INSTALACION DE LINEAS DE ADUCCION Y DISTRIBUCION DE 842291  ML CONSTRUCCION DE 127 PILETAS DOMICILIARIAS Y CONEXIONES DOMICILIARIAS DE AGUA POTABLE CONSTRUCCIÓN DE LETRINAS CON ARRASTRE HIDRAULICO 127 UNIDADES IMPLEMENTACION DE PROGRAMAS DE CAPACITACIÓN Y EDUCACIÓN SANITARIA EJECUTAR LAS MEDIDAS DE MITIGACION  AMBIENTAL,ADMINISTRACIÓN DIRECTA,NO,635,2026,0.0,0.0,INSTALACION DEL SISTEMA DE AGUA POTABLE EL CUAL CONSISTE EN CONSTRUCCION DE 05 CAPTACIONES DE CONCRETO ARMADO CONSTRUCCION DE 01 RESERVORIO DE CONCRETO ARMADO DE 20 M3 INSTALACION DE LINEA DE CONDUCCION DE 78010 ML INSTALACION DE LINEAS DE ADUCCION Y DISTRIBUCION DE 842291  ML CONSTRUCCION DE 127 PILETAS DOMICILIARIAS Y CONEXIONES DOMICILIARIAS DE AGUA POTABLE CONSTRUCCIÓN DE LETRINAS CON ARRASTRE HIDRAULICO 127 UNIDADES IMPLEMENTACION DE PROGRAMAS DE CAPACITACIÓN Y EDUCACIÓN SANITARIA EJECUTAR LAS MEDIDAS DE MITIGACION  AMBIENTAL,OPENSTREETMAP_NOMINATIM,APROXIMADA_DISTRITO,https://nominatim.openstreetmap.org,Coordenada referencial del distrito DESAGUADERO. No representa la ubicación exacta de la infraestructura.,COMPLETADO_APROXIMADO
2280540,OFICIAL_SANEAMIENTO,Clasificado oficialmente por el MEF en la función SANEAMIENTO,324095,"MEJORAMIENTO, AMPLIACION DEL SERVICIO DE AGUA POTABLE Y SANEAMIENTO BASICO EN LA PARCIALIDAD DE CHIHUANIUMA, DISTRITO DE KELLUYO - CHUCUITO - PUNO",PIP MAYOR (SNIP),GL,GOBIERNOS LOCALES,MUNICIPALIDAD DISTRITAL DE KELLUYO,OPMI DE LA MUNICIPALIDAD DISTRITAL DE KELLUYO,UF DE LA MUNICIPALIDAD DISTRITAL DE KELLUYO,UEI DE LA MUNICIPALIDAD DISTRITAL DE KELLUYO,301636,MUNICIPALIDAD DISTRITAL DE KELLUYO,SANEAMIENTO,SANEAMIENTO,SANEAMIENTO RURAL,,ACTIVO,VIABLE,2015-06-19 00:00:00,2015-09-24 00:00:00,SNIP,1223166.0,1963234.61,0.0,0.0,0.0,1800834.61,SI,3206236.0,0.0,0.0,0.0,201608,202606,72400.0,90000.0,0.0,90000,90000.0,90000.0,SI,1963234.61,SI,Ejecución física (C),SI,NO,,8.27,2026-07-13 21:37:18,2024-09-23 00:00:00,2026-12-31 00:00:00,2026-08-03 00:00:00,2026-10-31 00:00:00,NO,NO,,,PUNO,CHUCUITO,KELLUYO,210404,-16.7270638,-69.2499805,CONSTRUCCIÓN DE UN SISTEMA DE CAPTACIÓN DE MANANTIAL TIPO LADERA POR GRAVEDAD CON INSTALACIÓN DE REDES Y CONEXIONES DOMICILIARIAS DE AGUA INSTALACIÓN DE UBS SECOS ECOLÓGICOS DE DOBLE CÁMARA REALIZANDO TALLERES DE ADECUADOS HÁBITOS Y PRÁCTICAS DE HIGIENE Y EDUCACIÓN SANITARIA  Y CAPACITAR A LA UNIDAD DE GESTIÓN A CARGO DE LA OPERACIÓN DE LOS SERVICIOS BÁSICO JASS,ADMINISTRACIÓN INDIRECTA - POR CONTRATA,NO,304,2026,0.0,0.0,CONSTRUCCIÓN DE UN SISTEMA DE CAPTACIÓN DE MANANTIAL TIPO LADERA POR GRAVEDAD CON INSTALACIÓN DE REDES Y CONEXIONES DOMICILIARIAS DE AGUA INSTALACIÓN DE UBS SECOS ECOLÓGICOS DE DOBLE CÁMARA REALIZANDO TALLERES DE ADECUADOS HÁBITOS Y PRÁCTICAS DE HIGIENE Y EDUCACIÓN SANITARIA  Y CAPACITAR A LA UNIDAD DE GESTIÓN A CARGO DE LA OPERACIÓN DE LOS SERVICIOS BÁSICO JASS,OPENSTREETMAP_NOMINATIM,APROXIMADA_DISTRITO,https://nominatim.openstreetmap.org,Coordenada referencial del distrito KELLUYO. No representa la ubicación exacta de la infraestructura.,COMPLETADO_APROXIMADO
2288258,OFICIAL_SANEAMIENTO,Clasificado oficialmente por el MEF en la función SANEAMIENTO,329934,"MEJORAMIENTO Y AMPLIACIÓN DE LOS SERVICIOS DE AGUA POTABLE, ALCANTARILLADO Y PLANTA DE TRATAMIENTO DE AGUAS RESIDUALES DE LA CIUDAD DE MAZOCRUZ, DISTRITO DE SANTA ROSA - EL COLLAO - PUNO",PIP MAYOR (SNIP),GL,GOBIERNOS LOCALES,MUNICIPALIDAD DISTRITAL DE SANTA ROSA - MAZOCRUZ,OPMI DE LA MUNICIPALIDAD DISTRITAL DE SANTA ROSA - MAZOCRUZ,UF DE LA MUNICIPALIDAD DISTRITAL DE SANTA ROSA - MAZOCRUZ,UEI DE LA MUNICIPALIDAD DISTRITAL DE SANTA ROSA - MAZOCRUZ,301643,MUNICIPALIDAD DISTRITAL DE SANTA ROSA,SANEAMIENTO,SANEAMIENTO,SANEAMIENTO URBANO,,ACTIVO,VIABLE,2015-08-06 00:00:00,2016-10-24 00:00:00,SNIP,11864705.0,52478672.0,0.0,0.0,0.0,51693734.6,SI,0.0,46198388.24,0.0,0.0,202012,202510,561288.4,0.0,0.0,223649,0.0,0.0,SI,52478672.0,SI,Ejecución física (C),SI,NO,,1.07,2026-08-07 11:54:21,2020-11-14 00:00:00,2028-10-06 00:00:00,2026-08-03 00:00:00,2027-12-31 00:00:00,NO,NO,,,PUNO,EL COLLAO,SANTA ROSA,210504,-16.7616495,-69.8556014,CONSTRUCCIÓN DE UNA NUEVA CAPTACIÓN DE AGUAS SUBTERRÁNEAS MANANTIAL DE LADERA DE CONCRETO ARMADO  INSTALACIÓN DE UNA 01 LÍNEA DE CONDUCCIÓN DE HDPE NTP ISO 4427PN 5 DN  160 MM CON UNA LONGITUD DE 16345 ML INSTALACIÓN DE 5 VÁLVULAS DE AIRE 5 VÁLVULAS DE PURGA CRUCE DE CARRETERA ASFALTADA DE 12 METROS INSTALACIÓN DE UN 01 RESERVORIO APOYADO DE CONCRETO ARMADO CON UNA CAPACIDAD DE 240 M3 INSTALACIÓN DE LÍNEA DE ADUCCIÓN DN Ø 4 NTP 399002 CON UNA LONGITUD DE 8791 ML INSTALACIÓN DE REDES DE DISTRIBUCIÓN  DE UN TOTAL DE 1466962 ML DE TUBERÍA NTP 399002 91614 ML DE DN Ø 4 226684 ML DE DN Ø 3 1132854 ML DE DN Ø 2 15810 ML DE DN Ø 1 5 GRIFOS CONTRAINCENDIOS   SE INSTALARAN 111300 UNIDADES DE CONEXIONES DOMICILIARIAS LAS MISMAS QUE CONTARAN CON CAJA DE CONCRETO PREFABRICADA CMARCO Y TAPA ABRAZADERA DE PVC 4X12 PARA TUBERÍA DE PVC BATERÍA DE CONEXIÓN SEGÚN DISEÑO D12 MEJORAMIENTO DE SISTEMA DE ALCANTARILLADO DE  925279ML 114 BUZONES 545 CONEXIONES DOMICILIARIAS Y AMPLIACIÓN DE 770651 ML  85 BUZONES CON Y TUBERÍAS PVC UF DN160 MM 200 MM DE COLECTORES Y 250 MM DE EMISOR Y  568 CONEXIONES NUEVAS DOMICILIARIAS CONSTRUCCIÓN DE UNA PLANTA DE TRATAMIENTO  DE AGUA RESIDUAL DE 18LS TRATAMIENTO PRELIMINAR CÁMARA DE REJAS Y DESARENADOR TRATAMIENTO PRIMARIO CON TANQUE IMHOFF DE UNA CAPACIDAD DE 134M3  Y FILTRO  ANAEROBIO DE FLUJO ASCENDENTE FAFA  DE 128 M3 DE UNA CAPACIDAD DE ALMACENAMIENTO TRATAMIENTO SECUNDARIO WETLAND SFS FLUJO SUBSUPEFICIAL  CON UNA ÁREA DE 194048M2 Y CÁMARA DE CONTACTO Y CLORACIÓN,ADMINISTRACIÓN INDIRECTA - POR CONTRATA,NO,4452,2026,0.0,0.0,CONSTRUCCIÓN DE UNA NUEVA CAPTACIÓN DE AGUAS SUBTERRÁNEAS MANANTIAL DE LADERA DE CONCRETO ARMADO  INSTALACIÓN DE UNA 01 LÍNEA DE CONDUCCIÓN DE HDPE NTP ISO 4427PN 5 DN  160 MM CON UNA LONGITUD DE 16345 ML INSTALACIÓN DE 5 VÁLVULAS DE AIRE 5 VÁLVULAS DE PURGA CRUCE DE CARRETERA ASFALTADA DE 12 METROS INSTALACIÓN DE UN 01 RESERVORIO APOYADO DE CONCRETO ARMADO CON UNA CAPACIDAD DE 240 M3 INSTALACIÓN DE LÍNEA DE ADUCCIÓN DN Ø 4 NTP 399002 CON UNA LONGITUD DE 8791 ML INSTALACIÓN DE REDES DE DISTRIBUCIÓN  DE UN TOTAL DE 1466962 ML DE TUBERÍA NTP 399002 91614 ML DE DN Ø 4 226684 ML DE DN Ø 3 1132854 ML DE DN Ø 2 15810 ML DE DN Ø 1 5 GRIFOS CONTRAINCENDIOS   SE INSTALARAN 111300 UNIDADES DE CONEXIONES DOMICILIARIAS LAS MISMAS QUE CONTARAN CON CAJA DE CONCRETO PREFABRICADA CMARCO Y TAPA ABRAZADERA DE PVC 4X12 PARA TUBERÍA DE PVC BATERÍA DE CONEXIÓN SEGÚN DISEÑO D12 MEJORAMIENTO DE SISTEMA DE ALCANTARILLADO DE  925279ML 114 BUZONES 545 CONEXIONES DOMICILIARIAS Y AMPLIACIÓN DE 770651 ML  85 BUZONES CON Y TUBERÍAS PVC UF DN160 MM 200 MM DE COLECTORES Y 250 MM DE EMISOR Y  568 CONEXIONES NUEVAS DOMICILIARIAS CONSTRUCCIÓN DE UNA PLANTA DE TRATAMIENTO  DE AGUA RESIDUAL DE 18LS TRATAMIENTO PRELIMINAR CÁMARA DE REJAS Y DESARENADOR TRATAMIENTO PRIMARIO CON TANQUE IMHOFF DE UNA CAPACIDAD DE 134M3  Y FILTRO  ANAEROBIO DE FLUJO ASCENDENTE FAFA  DE 128 M3 DE UNA CAPACIDAD DE ALMACENAMIENTO TRATAMIENTO SECUNDARIO WETLAND SFS FLUJO SUBSUPEFICIAL  CON UNA ÁREA DE 194048M2 Y CÁMARA DE CONTACTO Y CLORACIÓN,OPENSTREETMAP_NOMINATIM,APROXIMADA_DISTRITO,https://nominatim.openstreetmap.org,Coordenada referencial del distrito SANTA ROSA. No representa la ubicación exacta de la infraestructura.,COMPLETADO_APROXIMADO
2019248,HISTORICO_SALUD_Y_SANEAMIENTO,Proyecto histórico de agua/saneamiento registrado bajo la antigua función SALUD Y SANEAMIENTO,9846,AMPLIACIÓN Y MEJORAMIENTO DEL SISTEMA DE AGUA POTABLE Y SANEAMIENTO EN LA LOCALIDAD DE YUNGUYO,PIP MAYOR (SNIP),GL,GOBIERNOS LOCALES,MUNICIPALIDAD PROVINCIAL DE YUNGUYO,OPMI DE LA MUNICIPALIDAD PROVINCIAL DE YUNGUYO,UF DE LA MUNICIPALIDAD PROVINCIAL DE YUNGUYO,UEI DE LA MUNICIPALIDAD PROVINCIAL DE YUNGUYO,301694,MUNICIPALIDAD PROVINCIAL DE YUNGUYO,SALUD Y SANEAMIENTO,SANEAMIENTO,SANEAMIENTO GENERAL,,ACTIVO,VIABLE,2004-05-18 00:00:00,2008-09-15 00:00:00,SNIP,21846923.0,34847849.93,0.0,0.0,0.0,46146.1,NO,,,,,200606,202012,34801703.83,0.0,,0,,,SI,34847849.93,SI,Ejecución física (C),SI,SI,99.4,99.44,2021-12-02 14:09:42,2019-02-07 00:00:00,2023-03-31 00:00:00,2019-02-07 00:00:00,2023-03-31 00:00:00,NO,NO,,,PUNO,YUNGUYO,YUNGUYO,211301,-16.2779543,-69.1199036,A Agua PotableRio Choquechaca Construcción nueva infraestructura de captación de 2500ls Construcción Planta de Tratamiento de filtración rápida con capacidad de diseño de 2000ls Instalación línea de conducción  nueva de 12 pulgada de diámetro Instalación de Línea de aducción desde el reservorio nuevo proyectado en el cerro Rosaspata Instalación de mas de cinco mil  conexiones domiciliarias y sus medidores Manantial Humajalso   Construcción de nuevas instalaciones para la captación y reservorio de almacenamiento y capacidad de diseño de 35ls Instalación de una línea de aducción Mejoramiento de la caja de reunión que comparte con la PTA de Choquechaca y luego se transporta al reservorio RosaspataLago Wiñaymarca Mejoramiento de la captación  de agua cruda para una capacidad de diseño de 1526ls y longitud de 300 ml de tubo que ingresa al lago Cambio total de bombas de succión de agua del lago WIÑAYMARCA del sistema eléctrico instalaciones hidrosanitarias Mejoramiento Planta de Tratamiento de filtración rápida de tratamiento de 470m3 Instalación de un generador eléctrico mayor de 100 HP Instalación de Línea de aducción Cambiar redes de agua potable existentes de 2158980 ml Ampliar redes de agua potable en 3253543 ml  Alcantarillado Mejoramiento de 32341ml  de la red colectora Ampliación de 10000 ml de colectores e interceptores  Instalación de más de cinco mil  conexiones domiciliarias de desagüe Construcción y equipamiento de 02 Estaciones de Bombeo de Desagües Instalación de líneas de impulsión Instalación de líneas de rebose de desagüe de diámetro 250 mm y 700 m Tratamiento de Aguas ResidualesConstrucción e instalación de una línea de Impulsión de desagüe desde la segunda estación de bombeo hacia la planta de tratamiento de aguas residuales en el cerro QutipataKASANI Construcción de los componentes primarios de tratamiento preliminar cámara de rejas desarenadores sedimentadores con lechos de secados de lodos Construcción de 04 lagunas facultativas de estabilización 2   primarias y 2 segundarias Construcción de emisor de 870 ml y diámetro de 250 mm,,NO,13799,2026,0.0,0.0,A Agua PotableRio Choquechaca Construcción nueva infraestructura de captación de 2500ls Construcción Planta de Tratamiento de filtración rápida con capacidad de diseño de 2000ls Instalación línea de conducción  nueva de 12 pulgada de diámetro Instalación de Línea de aducción desde el reservorio nuevo proyectado en el cerro Rosaspata Instalación de mas de cinco mil  conexiones domiciliarias y sus medidores Manantial Humajalso   Construcción de nuevas instalaciones para la captación y reservorio de almacenamiento y capacidad de diseño de 35ls Instalación de una línea de aducción Mejoramiento de la caja de reunión que comparte con la PTA de Choquechaca y luego se transporta al reservorio RosaspataLago Wiñaymarca Mejoramiento de la captación  de agua cruda para una capacidad de diseño de 1526ls y longitud de 300 ml de tubo que ingresa al lago Cambio total de bombas de succión de agua del lago WIÑAYMARCA del sistema eléctrico instalaciones hidrosanitarias Mejoramiento Planta de Tratamiento de filtración rápida de tratamiento de 470m3 Instalación de un generador eléctrico mayor de 100 HP Instalación de Línea de aducción Cambiar redes de agua potable existentes de 2158980 ml Ampliar redes de agua potable en 3253543 ml  Alcantarillado Mejoramiento de 32341ml  de la red colectora Ampliación de 10000 ml de colectores e interceptores  Instalación de más de cinco mil  conexiones domiciliarias de desagüe Construcción y equipamiento de 02 Estaciones de Bombeo de Desagües Instalación de líneas de impulsión Instalación de líneas de rebose de desagüe de diámetro 250 mm y 700 m Tratamiento de Aguas ResidualesConstrucción e instalación de una línea de Impulsión de desagüe desde la segunda estación de bombeo hacia la planta de tratamiento de aguas residuales en el cerro QutipataKASANI Construcción de los componentes primarios de tratamiento preliminar cámara de rejas desarenadores sedimentadores con lechos de secados de lodos Construcción de 04 lagunas facultativas de estabilización 2   primarias y 2 segundarias Construcción de emisor de 870 ml y diámetro de 250 mm,OPENSTREETMAP_NOMINATIM,APROXIMADA_DISTRITO,https://nominatim.openstreetmap.org,Coordenada referencial del distrito YUNGUYO. No representa la ubicación exacta de la infraestructura.,COMPLETADO_APROXIMADO
2135056,OFICIAL_SANEAMIENTO,Clasificado oficialmente por el MEF en la función SANEAMIENTO,160066,"MEJORAMIENTO DEL SISTEMA DE ALCANTARILLADO (ESTACIÓN DE BOMBEO Y LINEA DE IMPULSIÓN) EN LA CIUDAD DE JULIACA, PROVINCIA DE SAN ROMAN - PUNO",PIP MAYOR (SNIP),GL,GOBIERNOS LOCALES,MUNICIPALIDAD PROVINCIAL DE SAN ROMAN,OPMI DE LA MUNICIPALIDAD PROVINCIAL DE SAN ROMAN,UF DE LA MUNICIPALIDAD PROVINCIAL DE SAN ROMAN,UEI DE LA GOBIERNO REGIONAL PUNO,902,REGION PUNO-SEDE CENTRAL,SANEAMIENTO,SANEAMIENTO,SANEAMIENTO URBANO,,ACTIVO,VIABLE,2010-08-03 00:00:00,2011-04-26 00:00:00,SNIP,5932516.0,5932516.0,0.0,0.0,0.0,301637.79,NO,,,,,201205,201402,5630878.21,0.0,,0,,,NO,0.0,SI,Aprobación de consistencia o modificaciones antes de la aprobación del ET o ET (A),NO,NO,,,,,,,,NO,SI,2023-11-02 09:59:35,Pendiente de liquidación,PUNO,SAN ROMAN,JULIACA,211101,-15.4932314,-70.1356177,aESTACIÓN DE BOMBEMO CONSISTE ENCONCLUSIÓN DE INFRAESTRUCTURA DE 07 CÁMARAS DE BOMBEO DE VOLUMEN ÚTIL 856 M INSTALACIÓN DE 04 BOMBAS TIPO HORIZONTAL CADA UNO DE 100 lps EMPALME EN 04 CÁMARAS DE BOMBEO HÚMEDA  SECA CON TUBERIA DE ACERO SCH 40 D12 PARA EMPALME EN TOTAL DE 8 ml INSTALACIÓN DE SUBESTACIÓN DE 50kw EN 06 CAMARAS DE BOMBEO REHABILITACIÓN DE CERCO PERIMÉTRICO EN 3348 m bLÍNEA DE IMPULSIÓN CONSISTE ENINSTALACIÓN DE 14864 ml DE LÍNEA DE IMPULSIÓN CON TUBERIA PVC SAP CA50 510 315 mm cEDUCACIÓN Y SENCIBILIZACIÓN CONSISTE ENEVENTOS DE EDUCACIÓN Y SENCIBILIZACIÓN A LA POBLACIÓN SOBRE USOS Y FUNCIONAMIENTO DEL SISTEMA DE ALCANTARILLADO EN 08 EVENTOS,,NO,82340,2026,0.0,0.0,aESTACIÓN DE BOMBEMO CONSISTE ENCONCLUSIÓN DE INFRAESTRUCTURA DE 07 CÁMARAS DE BOMBEO DE VOLUMEN ÚTIL 856 M INSTALACIÓN DE 04 BOMBAS TIPO HORIZONTAL CADA UNO DE 100 lps EMPALME EN 04 CÁMARAS DE BOMBEO HÚMEDA  SECA CON TUBERIA DE ACERO SCH 40 D12 PARA EMPALME EN TOTAL DE 8 ml INSTALACIÓN DE SUBESTACIÓN DE 50kw EN 06 CAMARAS DE BOMBEO REHABILITACIÓN DE CERCO PERIMÉTRICO EN 3348 m bLÍNEA DE IMPULSIÓN CONSISTE ENINSTALACIÓN DE 14864 ml DE LÍNEA DE IMPULSIÓN CON TUBERIA PVC SAP CA50 510 315 mm cEDUCACIÓN Y SENCIBILIZACIÓN CONSISTE ENEVENTOS DE EDUCACIÓN Y SENCIBILIZACIÓN A LA POBLACIÓN SOBRE USOS Y FUNCIONAMIENTO DEL SISTEMA DE ALCANTARILLADO EN 08 EVENTOS,OPENSTREETMAP_NOMINATIM,APROXIMADA_DISTRITO,https://nominatim.openstreetmap.org,Coordenada referencial del distrito JULIACA. No representa la ubicación exacta de la infraestructura.,COMPLETADO_APROXIMADO
2297617,OFICIAL_SANEAMIENTO,Clasificado oficialmente por el MEF en la función SANEAMIENTO,340700,"MEJORAMIENTO Y AMPLIACION DEL SERVICIO DE AGUA POTABLE Y DISPOSICION SANITARIA DE EXCRETAS EN LA COMUNIDAD CAMPESINA DE AURINCOTA: SECTORES MULLUCHUYO - LLUMAHUI, PLATERIA - TOTOROCO, CHACAMARCA, PICHUPICHUNI, TICATANCA, DISTRITO DE HUACULLANI, PROVI",PIP MAYOR (SNIP),GR,GOBIERNOS REGIONALES,GOBIERNO REGIONAL PUNO,OPMI DEL GOBIERNO REGIONAL PUNO,UF DE LA GOBIERNO REGIONAL PUNO,UEI DEL PROGRAMA NACIONAL DE SANEAMIENTO RURAL,1443,PROGRAMA NACIONAL DE SANEAMIENTO RURAL,SANEAMIENTO,SANEAMIENTO,SANEAMIENTO RURAL,,ACTIVO,VIABLE,2015-12-23 00:00:00,2016-04-08 00:00:00,SNIP,12973851.0,14132248.4,0.0,55865.23,0.0,332893.92,SI,5000.0,37893.92,0.0,0.0,201606,202607,13794354.48,5000.0,5000.0,5000,5000.0,5000.0,SI,15068057.85,SI,Ejecución física (C),SI,SI,97.61,97.61,2026-02-12 17:55:55,2014-04-19 00:00:00,2027-01-12 00:00:00,2017-10-26 00:00:00,2020-12-31 00:00:00,NO,NO,,,PUNO,CHUCUITO,HUACULLANI,210403,-16.6302449,-69.3222231,COMPONENTE 01 ADECUADA INFRAESTRUCTURA DE ABASTECIMIENTO DE AGUA POTABLE   Sistema I  Acción 11Mejoramiento y Construcción de captaciones de manantial de ladera  Acción 12 Instalación de línea de conducción 2009999m  Acción 13 Construcción de reservorio  Acción 14 Instalación de línea de aducción  139366m  Acción 15 Instalación  redes de distribución 4515225m  Acción 16 Instalaciones de conexiones domiciliarias 284 unid  Sistema II  Acción 17 Construcción de captaciones de manantial de ladera  Acción 18 Instalación de línea de conducción 23730m  Acción 19 Construcción de reservorio V5 m3  Acción 110 Instalación de línea de aducción  14000m  Acción 111 Instalación  redes de distribución 585110 m  Acción 112 Instalaciones de conexiones domiciliarias 11 unid  COMPONENTE 02  INFRAESTRUCTURA ADECUADA PARA DISPOSICION SANITARIA DE EXCRETAS Y AGUAS RESIDUALES  Sistema I  Acción 21 Instalación de unidades básicas saneamiento tipo compostera domestica 284  Acción 22 Instalación de unidades básicas saneamiento tipo compostera social 08 unid  Acción 23 Instalación de unidades básicas saneamiento con Biodigestor  IIEE 09  Sistema II  Acción 24 Instalación de unidades básicas saneamiento tipo compostera doméstica 11  COMPONENTE 03 ADECUADOS NIVELES DE EDUCACION SANITARIA  Acción 31 Plan de Comunicación y Educación Sanitaria Fase Inversión  Acción 32 Plan de Comunicación y Educación Sanitaria Fase PostInversión  COMPONENTE 04 MEJORA EN LA GESTION TECNICA Y ADMINISTRATIVA DE LA JASS Y ATM  Acción 41 Plan De Capacitación para la Gestión del Servicio  Fase de Inversión  Desarrollo Para La Gestión del Servicio  Acción 42 Plan De Capacitación para la Gestión del Servicio  Fase Post Inversión Fortalecimiento para la Gestión del Servicio,ADMINISTRACIÓN INDIRECTA - POR CONTRATA,NO,1035,2026,0.0,0.0,COMPONENTE 01 ADECUADA INFRAESTRUCTURA DE ABASTECIMIENTO DE AGUA POTABLE   Sistema I  Acción 11Mejoramiento y Construcción de captaciones de manantial de ladera  Acción 12 Instalación de línea de conducción 2009999m  Acción 13 Construcción de reservorio  Acción 14 Instalación de línea de aducción  139366m  Acción 15 Instalación  redes de distribución 4515225m  Acción 16 Instalaciones de conexiones domiciliarias 284 unid  Sistema II  Acción 17 Construcción de captaciones de manantial de ladera  Acción 18 Instalación de línea de conducción 23730m  Acción 19 Construcción de reservorio V5 m3  Acción 110 Instalación de línea de aducción  14000m  Acción 111 Instalación  redes de distribución 585110 m  Acción 112 Instalaciones de conexiones domiciliarias 11 unid  COMPONENTE 02  INFRAESTRUCTURA ADECUADA PARA DISPOSICION SANITARIA DE EXCRETAS Y AGUAS RESIDUALES  Sistema I  Acción 21 Instalación de unidades básicas saneamiento tipo compostera domestica 284  Acción 22 Instalación de unidades básicas saneamiento tipo compostera social 08 unid  Acción 23 Instalación de unidades básicas saneamiento con Biodigestor  IIEE 09  Sistema II  Acción 24 Instalación de unidades básicas saneamiento tipo compostera doméstica 11  COMPONENTE 03 ADECUADOS NIVELES DE EDUCACION SANITARIA  Acción 31 Plan de Comunicación y Educación Sanitaria Fase Inversión  Acción 32 Plan de Comunicación y Educación Sanitaria Fase PostInversión  COMPONENTE 04 MEJORA EN LA GESTION TECNICA Y ADMINISTRATIVA DE LA JASS Y ATM  Acción 41 Plan De Capacitación para la Gestión del Servicio  Fase de Inversión  Desarrollo Para La Gestión del Servicio  Acción 42 Plan De Capacitación para la Gestión del Servicio  Fase Post Inversión Fortalecimiento para la Gestión del Servicio,OPENSTREETMAP_NOMINATIM,APROXIMADA_DISTRITO,https://nominatim.openstreetmap.org,Coordenada referencial del distrito HUACULLANI. No representa la ubicación exacta de la infraestructura.,COMPLETADO_APROXIMADO
2302966,OFICIAL_SANEAMIENTO,Clasificado oficialmente por el MEF en la función SANEAMIENTO,258087,"MEJORAMIENTO Y AMPLIACION DEL SERVICIO DE AGUA POTABLE Y CREACION DEL DISPOSICION SANITARIA DE EXCRETAS EN LA COMUNIDAD CAMPESINA DE CENTRO ARACACHI CHIARAQUI, DISTRITO DE KELLUYO, PROVINCIA DE CHUCUITO, DEPARTAMENTO DE PUNO.",PIP MAYOR (SNIP),GR,GOBIERNOS REGIONALES,GOBIERNO REGIONAL PUNO,OPMI DEL GOBIERNO REGIONAL PUNO,UF DE LA GOBIERNO REGIONAL PUNO,UEI DEL PROGRAMA NACIONAL DE SANEAMIENTO RURAL,1443,PROGRAMA NACIONAL DE SANEAMIENTO RURAL,SANEAMIENTO,SANEAMIENTO,SANEAMIENTO RURAL,,ACTIVO,VIABLE,2013-04-25 00:00:00,2016-03-31 00:00:00,SNIP,3355383.0,3349837.54,0.0,27945.79,0.0,73884.04,SI,5000.0,30000.0,23684.04,0.0,201606,202608,3271153.5,4800.0,5000.0,4800,4800.0,4800.0,SI,3586661.92,SI,Ejecución física (C),SI,SI,98.37,97.58,2026-02-16 20:09:03,2016-04-28 00:00:00,2028-08-01 00:00:00,2016-04-28 00:00:00,2028-08-01 00:00:00,NO,NO,,,PUNO,CHUCUITO,KELLUYO,210404,-16.7270638,-69.2499805,COMPONENTE 01  ADECUADA INFRAESTRUCTURA DE ABASTECIMIENTO DE AGUA POTABLE PLANTEÁNDOSE LAS SIGUIENTES ACCIONES  ACCIÓN 11 MEJORAMIENTO DE UNA CAPTACIÓN CHIARAQUI Y CONSTRUCCIÓN DE 02 CAPTACIONES DE MANANTIAL DE LADERA CAYUNI PHUJO E ICHURASI  ACCIÓN 12 INSTALACIÓN DE LA LÍNEA DE CONDUCCIÓN CON UN TOTAL DE 182511 ML CON TUBERÍA PVC SP NTP 399002 DN 48 MM Y DN 33 MM C10  ACCIÓN 13 CONSTRUCCIÓN DE RESERVORIO APOYADO DE CONCRETO DE 22 M3  ACCIÓN 14 INSTALACIÓN DE LA LÍNEA DE ADUCCIÓN CON UN TOTAL DE 120505 ML DE TUBERÍA PVCSP  NTP 399002 DN 48 MM CLASE10 Y LA RED DE DISTRIBUCIÓN CON UN TOTAL DE 885122 ML CON PVCSP  NTP 399002 DN 48 MM 33 MM Y 265 MM CLASE10  ACCIÓN 15 INSTALACIONES DE 110 CONEXIONES DOMICILIARIAS Y LAVADEROS 05 CONEXIONES A INSTITUCIONES SOCIALES Y 02 CONEXIONES A INSTITUCIONES EDUCATIVAS  ACCIÓN 16 MITIGACIÓN DE IMPACTO AMBIENTAL  COMPONENTE 02  INFRAESTRUCTURA ADECUADA PARA DISPOSICION SANITARIA DE EXCRETAS Y AGUAS RESIDUALES   ACCIÓN 2A INSTALACIÓN DE 115 UNIDADES BÁSICAS DE SANEAMIENTO CON COMPOSTERA UBS  C A 110 VIVIENDAS Y 05 INSTITUCIONES SOCIALES  INSTALACIÓN DE 02 UNIDADES BÁSICAS DE SANEAMIENTO CON BIODIGESTORES  COMPONENTE 03  ADECUADOS NIVELES DE EDUCACION SANITARIA  ACCIÓN 3A  PROGRAMA DE CAPACITACIÓN EN EDUCACIÓN SANITARIA PARA 110 FAMILIAS    ACCIÓN 3B CAPACITACIÓN EN MANTENIMIENTO ADECUADO DE LAS UBS A 110 FAMILIAS  COMPONENTE 04 MEJORA EN LA GESTION TECNICA Y ADMINISTRATIVA DE LA JASS  ACCIÓN 4A CAPACITACIÓN DEL PERSONAL TÉCNICO 03 MIEMBROS   ACCIÓN 4B CAPACITACIÓN DEL PERSONAL ADMINISTRATIVO 06 MIEMBROS,ADMINISTRACIÓN INDIRECTA - POR CONTRATA,NO,399,2026,0.0,0.0,COMPONENTE 01  ADECUADA INFRAESTRUCTURA DE ABASTECIMIENTO DE AGUA POTABLE PLANTEÁNDOSE LAS SIGUIENTES ACCIONES  ACCIÓN 11 MEJORAMIENTO DE UNA CAPTACIÓN CHIARAQUI Y CONSTRUCCIÓN DE 02 CAPTACIONES DE MANANTIAL DE LADERA CAYUNI PHUJO E ICHURASI  ACCIÓN 12 INSTALACIÓN DE LA LÍNEA DE CONDUCCIÓN CON UN TOTAL DE 182511 ML CON TUBERÍA PVC SP NTP 399002 DN 48 MM Y DN 33 MM C10  ACCIÓN 13 CONSTRUCCIÓN DE RESERVORIO APOYADO DE CONCRETO DE 22 M3  ACCIÓN 14 INSTALACIÓN DE LA LÍNEA DE ADUCCIÓN CON UN TOTAL DE 120505 ML DE TUBERÍA PVCSP  NTP 399002 DN 48 MM CLASE10 Y LA RED DE DISTRIBUCIÓN CON UN TOTAL DE 885122 ML CON PVCSP  NTP 399002 DN 48 MM 33 MM Y 265 MM CLASE10  ACCIÓN 15 INSTALACIONES DE 110 CONEXIONES DOMICILIARIAS Y LAVADEROS 05 CONEXIONES A INSTITUCIONES SOCIALES Y 02 CONEXIONES A INSTITUCIONES EDUCATIVAS  ACCIÓN 16 MITIGACIÓN DE IMPACTO AMBIENTAL  COMPONENTE 02  INFRAESTRUCTURA ADECUADA PARA DISPOSICION SANITARIA DE EXCRETAS Y AGUAS RESIDUALES   ACCIÓN 2A INSTALACIÓN DE 115 UNIDADES BÁSICAS DE SANEAMIENTO CON COMPOSTERA UBS  C A 110 VIVIENDAS Y 05 INSTITUCIONES SOCIALES  INSTALACIÓN DE 02 UNIDADES BÁSICAS DE SANEAMIENTO CON BIODIGESTORES  COMPONENTE 03  ADECUADOS NIVELES DE EDUCACION SANITARIA  ACCIÓN 3A  PROGRAMA DE CAPACITACIÓN EN EDUCACIÓN SANITARIA PARA 110 FAMILIAS    ACCIÓN 3B CAPACITACIÓN EN MANTENIMIENTO ADECUADO DE LAS UBS A 110 FAMILIAS  COMPONENTE 04 MEJORA EN LA GESTION TECNICA Y ADMINISTRATIVA DE LA JASS  ACCIÓN 4A CAPACITACIÓN DEL PERSONAL TÉCNICO 03 MIEMBROS   ACCIÓN 4B CAPACITACIÓN DEL PERSONAL ADMINISTRATIVO 06 MIEMBROS,OPENSTREETMAP_NOMINATIM,APROXIMADA_DISTRITO,https://nominatim.openstreetmap.org,Coordenada referencial del distrito KELLUYO. No representa la ubicación exacta de la infraestructura.,COMPLETADO_APROXIMADO
2189340,OFICIAL_SANEAMIENTO,Clasificado oficialmente por el MEF en la función SANEAMIENTO,254608,"MEJORAMIENTO Y AMPLIACIÓN DE LOS SERVICIOS DE AGUA POTABLE Y DISPOSICIÓN SANITARIA DE EXCRETAS DEL CENTRO POBLADO CRUCERO, DISTRITO DE ACORA, PUNO - PUNO",PIP MAYOR (SNIP),GR,GOBIERNOS REGIONALES,GOBIERNO REGIONAL PUNO,OPMI DEL GOBIERNO REGIONAL PUNO,UF DE LA GOBIERNO REGIONAL PUNO,UEI DEL PROGRAMA NACIONAL DE SANEAMIENTO RURAL,1443,PROGRAMA NACIONAL DE SANEAMIENTO RURAL,SANEAMIENTO,SANEAMIENTO,SANEAMIENTO RURAL,,ACTIVO,VIABLE,2013-03-25 00:00:00,2013-07-10 00:00:00,SNIP,7866992.0,6882559.63,0.0,0.0,0.0,1008272.22,SI,0.0,30000.0,100000.0,78272.22,201403,202509,5874287.41,0.0,,0,,,SI,6810184.63,SI,Ejecución física (C),SI,SI,85.4,84.77,2026-02-17 10:42:10,2013-07-11 00:00:00,2029-02-01 00:00:00,2013-07-11 00:00:00,2029-02-01 00:00:00,NO,NO,,,PUNO,PUNO,ACORA,210102,-16.2723754,-69.9035444,COMPONENTE 1 ADECUADO SERVICIO DE AGUA POTABLE   SISTEMA 1 CONSTRUCCIÓN DE UNA 01 NUEVA ESTRUCTURA DE CAPTACIÓN TIPO MANANTIAL DE LADERA SIENDO EL NOMBRE DE LA FUENTE SUBTERRANEA CRUCERO 1 PARA 186 VIVIENDAS DOMÉSTICAS 03 ESTATALES Y 06 SOCIALES INSTALACIÓN DE LA LÍNEA DE CONDUCCION PVC DE LONGITUD DE 2813 ML CONSTRUCCIÓN DE UNA CISTERNA DE VOL 520 M3 Y CASETA DE BOMBEO INSTALACIÓN DE LA LÍNEA DE IMPULSION PVC DE LONGITUD DE 50098 ML IMPLEMENTACIÓN DEL SISTEMA DE DESINFECCIÓN EN EL RESERVORIO PROYECTADO CONSTRUCCIÓN DE UN RESERVORIO ELEVADO DE 30 M3 CON CAPACIDAD PARA ABASTECER DE AGUA A TODO EL CENTRO POBLADO PARA 195 VIVIENDAS INSTALACIÓN DE LA LÍNEA DE ADUCCIÓN PVC DE LONGITUD DE  5507 ML CONSTRUCCION DE UNA 01 CAMARA ROMPE PRESION EN LA LINEA DE ADUCCION INSTALACIÓN DE TUBERÍAS PARA LAS REDES DE DISTRIBUCIÓN PVC 1978214 ML E INSTALACIÓN DE CONEXIONES INTRADOMICILIARIAS INCLUYE LAVADERO Y POZO DE DRENAJE PARA 195 VIVIENDAS HABITADAS INSTALACIÓN DE VEINTISIETE 27 VÁLVULAS DE CONTROL DOCE 12 VALVULA DE AIRE Y CATORCE 14 VÁLVULAS DE PURGA EN LAS REDES DE DISTRIBUCIÓN  SISTEMA  2 CONSTRUCCIÓN DE UNA 01 NUEVA ESTRUCTURA DE CAPTACIÓN TIPO POZO PERFORADO SIENDO EL NOMBRE DE LA FUENTE SUBTERRANEA CRUCERO 2 PARA 120 VIVIENDAS DOMÉSTICAS Y 02 SOCIALES INSTALACIÓN DE LA LÍNEA DE IMPULSION PVC DE LONGITUD 49256 ML IMPLEMENTACIÓN DEL SISTEMA DE DESINFECCIÓN EN EL RESERVORIO PROYECTADO CONSTRUCCIÓN DE UN RESERVORIO APOYADO DE 20 M3 CON CAPACIDAD PARA ABASTECER DE AGUA A TODO CENTRO POBLADO PARA 122 VIVIENDAS INSTALACIÓN DE LA LÍNEA DE ADUCCIÓN PVC DE LONGITUD DE  4490 ML  INSTALACIÓN DE TUBERÍAS PARA LAS REDES DE DISTRIBUCIÓN PVC 1469532 ML E INSTALACIÓN DE CONEXIONES INTRADOMICILIARIAS INCLUYE LAVADERO Y POZO DE DRENAJE PARA 122 VIVIENDAS HABITADAS CONSTRUCCION DE UNA 01 CAMARA ROMPE PRESION EN LAS REDES DE DISTRIBUCION INSTALACIÓN DE VEINTITRES 23 VÁLVULAS DE CONTROL ONCE 11 VALVULAS DE AIRE Y ONCE 11 VÁLVULAS DE PURGA EN LAS REDES DE DISTRIBUCIÓN    COMPONENTE 2 ADECUADA DISPOSICION SANITARIA DE EXCRETAS   CONSTRUCCIÓN DE UNIDAD BÁSICA DE SANEAMIENTOS TIPO UBS CON BIODIGESTOR Y ZANJA DE INFILTRACIÓN SOLO SE HA CONSIDERADO LAS VIVIENDAS HABITADAS SIENDO UN TOTAL DE 320 UBS SISTEMA 1 198 UBS CON BIODIGESTOR Y ZANJA DE INFILTRACIÓN SISTEMA 2 122 UBS CON BIODIGESTOR Y ZANJA DE INFILTRACIÓN    COMPONENTE 3 EXISTENCIA DE GESTION DE LOS SERVICIOS   PROGRAMA DE FORTALECIMIENTO Y CAPACITACIÓN DE LA ATM Y JASS     COMPONENTE 4 ADECUADOS HABITOS Y PRACTICAS DE HIGIENE  IMPLEMENTACIÓN DE UNA EDUCACIÓN SANITARIA EN PRÁCTICAS DE HIGIENE IMPLEMENTAR UN PROGRAMA DE CAPACITACIÓN PARA OPERACIÓN Y MANTENIMIENTO DE LAS UBS,ADMINISTRACIÓN INDIRECTA - POR CONTRATA,NO,877,2026,0.0,0.0,COMPONENTE 1 ADECUADO SERVICIO DE AGUA POTABLE   SISTEMA 1 CONSTRUCCIÓN DE UNA 01 NUEVA ESTRUCTURA DE CAPTACIÓN TIPO MANANTIAL DE LADERA SIENDO EL NOMBRE DE LA FUENTE SUBTERRANEA CRUCERO 1 PARA 186 VIVIENDAS DOMÉSTICAS 03 ESTATALES Y 06 SOCIALES INSTALACIÓN DE LA LÍNEA DE CONDUCCION PVC DE LONGITUD DE 2813 ML CONSTRUCCIÓN DE UNA CISTERNA DE VOL 520 M3 Y CASETA DE BOMBEO INSTALACIÓN DE LA LÍNEA DE IMPULSION PVC DE LONGITUD DE 50098 ML IMPLEMENTACIÓN DEL SISTEMA DE DESINFECCIÓN EN EL RESERVORIO PROYECTADO CONSTRUCCIÓN DE UN RESERVORIO ELEVADO DE 30 M3 CON CAPACIDAD PARA ABASTECER DE AGUA A TODO EL CENTRO POBLADO PARA 195 VIVIENDAS INSTALACIÓN DE LA LÍNEA DE ADUCCIÓN PVC DE LONGITUD DE  5507 ML CONSTRUCCION DE UNA 01 CAMARA ROMPE PRESION EN LA LINEA DE ADUCCION INSTALACIÓN DE TUBERÍAS PARA LAS REDES DE DISTRIBUCIÓN PVC 1978214 ML E INSTALACIÓN DE CONEXIONES INTRADOMICILIARIAS INCLUYE LAVADERO Y POZO DE DRENAJE PARA 195 VIVIENDAS HABITADAS INSTALACIÓN DE VEINTISIETE 27 VÁLVULAS DE CONTROL DOCE 12 VALVULA DE AIRE Y CATORCE 14 VÁLVULAS DE PURGA EN LAS REDES DE DISTRIBUCIÓN  SISTEMA  2 CONSTRUCCIÓN DE UNA 01 NUEVA ESTRUCTURA DE CAPTACIÓN TIPO POZO PERFORADO SIENDO EL NOMBRE DE LA FUENTE SUBTERRANEA CRUCERO 2 PARA 120 VIVIENDAS DOMÉSTICAS Y 02 SOCIALES INSTALACIÓN DE LA LÍNEA DE IMPULSION PVC DE LONGITUD 49256 ML IMPLEMENTACIÓN DEL SISTEMA DE DESINFECCIÓN EN EL RESERVORIO PROYECTADO CONSTRUCCIÓN DE UN RESERVORIO APOYADO DE 20 M3 CON CAPACIDAD PARA ABASTECER DE AGUA A TODO CENTRO POBLADO PARA 122 VIVIENDAS INSTALACIÓN DE LA LÍNEA DE ADUCCIÓN PVC DE LONGITUD DE  4490 ML  INSTALACIÓN DE TUBERÍAS PARA LAS REDES DE DISTRIBUCIÓN PVC 1469532 ML E INSTALACIÓN DE CONEXIONES INTRADOMICILIARIAS INCLUYE LAVADERO Y POZO DE DRENAJE PARA 122 VIVIENDAS HABITADAS CONSTRUCCION DE UNA 01 CAMARA ROMPE PRESION EN LAS REDES DE DISTRIBUCION INSTALACIÓN DE VEINTITRES 23 VÁLVULAS DE CONTROL ONCE 11 VALVULAS DE AIRE Y ONCE 11 VÁLVULAS DE PURGA EN LAS REDES DE DISTRIBUCIÓN    COMPONENTE 2 ADECUADA DISPOSICION SANITARIA DE EXCRETAS   CONSTRUCCIÓN DE UNIDAD BÁSICA DE SANEAMIENTOS TIPO UBS CON BIODIGESTOR Y ZANJA DE INFILTRACIÓN SOLO SE HA CONSIDERADO LAS VIVIENDAS HABITADAS SIENDO UN TOTAL DE 320 UBS SISTEMA 1 198 UBS CON BIODIGESTOR Y ZANJA DE INFILTRACIÓN SISTEMA 2 122 UBS CON BIODIGESTOR Y ZANJA DE INFILTRACIÓN    COMPONENTE 3 EXISTENCIA DE GESTION DE LOS SERVICIOS   PROGRAMA DE FORTALECIMIENTO Y CAPACITACIÓN DE LA ATM Y JASS     COMPONENTE 4 ADECUADOS HABITOS Y PRACTICAS DE HIGIENE  IMPLEMENTACIÓN DE UNA EDUCACIÓN SANITARIA EN PRÁCTICAS DE HIGIENE IMPLEMENTAR UN PROGRAMA DE CAPACITACIÓN PARA OPERACIÓN Y MANTENIMIENTO DE LAS UBS,OPENSTREETMAP_NOMINATIM,APROXIMADA_DISTRITO,https://nominatim.openstreetmap.org,Coordenada referencial del distrito ACORA. No representa la ubicación exacta de la infraestructura.,COMPLETADO_APROXIMADO
2189336,OFICIAL_SANEAMIENTO,Clasificado oficialmente por el MEF en la función SANEAMIENTO,252269,"MEJORAMIENTO Y AMPLIACIÓN DE LOS SERVICIOS DE AGUA POTABLE Y DISPOSICIÓN SANITARIA DE EXCRETAS  DE LA COMUNIDAD CAMPESINA DE PAMAYA JICHUYO, CENTRO  POBLADO JAYU JAYU, DISTRITO DE ACORA, PUNO - PUNO",PIP MAYOR (SNIP),GR,GOBIERNOS REGIONALES,GOBIERNO REGIONAL PUNO,OPMI DEL GOBIERNO REGIONAL PUNO,UF DE LA GOBIERNO REGIONAL PUNO,UEI DEL PROGRAMA NACIONAL DE SANEAMIENTO RURAL,1443,PROGRAMA NACIONAL DE SANEAMIENTO RURAL,SANEAMIENTO,SANEAMIENTO,SANEAMIENTO RURAL,,ACTIVO,VIABLE,2013-03-01 00:00:00,2013-07-22 00:00:00,SNIP,4832581.0,3737830.17,0.0,0.0,0.0,107094.76,SI,30000.0,111428.76,0.0,0.0,201403,202604,3626401.41,4333.3,30000.0,4334,4333.3,4333.3,SI,4396312.82,SI,Ejecución física (C),SI,SI,96.69,95.19,2026-02-17 15:15:54,2013-07-22 00:00:00,2028-09-01 00:00:00,2013-07-22 00:00:00,2028-09-01 00:00:00,NO,NO,,,PUNO,PUNO,ACORA,210102,-16.2723754,-69.9035444,COMPONENTE 1 SISTEMA DE AGUA POTABLE  CONSTRUCCIÓN DE UNA 01 NUEVA ESTRUCTURA DE CAPTACIÓN TIPO POZO PERFORADO SIENDO EL NOMBRE DE LA FUENTE MANANTIAL DE LADERA PAMAYA JICHUYO I PARA 222 VIVIENDAS DOMÉSTICAS 01 ESTATAL Y 04 SOCIALES INSTALACIÓN DE LA LÍNEA DE IMPULSIÓN PVC DE LONGITUD DE 5090 ML IMPLEMENTACIÓN DEL SISTEMA DE DESINFECCIÓN EN EL RESERVORIO PROYECTADO CONSTRUCCIÓN DE UN RESERVORIO ELEVADO DE 40 M3 CON CAPACIDAD PARA ABASTECER DE AGUA A TODA LA COMUNIDAD PARA 227 VIVIENDAS INSTALACIÓN DE LA LÍNEA DE ADUCCIÓN PVC DE LONGITUD DE  2692 ML  INSTALACIÓN DE TUBERÍAS PARA LAS REDES DE DISTRIBUCIÓN PVC 1289894 ML E INSTALACIÓN DE CONEXIONES INTRADOMICILIARIAS INCLUYE LAVADERO Y POZO DE DRENAJE PARA 227 VIVIENDAS HABITADAS INSTALACIÓN DE TREINTA Y DOS 32 VÁLVULAS DE CONTROL CUATRO 04 VÁLVULAS DE AIRE Y OCHO 08 VÁLVULAS DE PURGA EN LAS REDES DE DISTRIBUCIÓN  COMPONENTE 2 DISPOSICIÓN SANITARIA DE EXCRETAS  CONSTRUCCIÓN DE 228 UNIDADES BÁSICAS DE SANEAMIENTO CON BIODIGESTOR Y ZANJA DE INFILTRACIÓN  COMPONENTE 3 GESTIÓN DE LOS SERVICIOS   PROGRAMA DE FORTALECIMIENTO Y CAPACITACIÓN DE LA ATM Y JASS  COMPONENTE 4 EDUCACIÓN SANITARIA   IMPLEMENTACIÓN DE UNA EDUCACIÓN SANITARIA EN PRÁCTICAS DE HIGIENE IMPLEMENTAR UN PROGRAMA DE CAPACITACIÓN PARA OPERACIÓN Y MANTENIMIENTO DE LAS UBS,ADMINISTRACIÓN INDIRECTA - POR CONTRATA,NO,688,2026,0.0,0.0,COMPONENTE 1 SISTEMA DE AGUA POTABLE  CONSTRUCCIÓN DE UNA 01 NUEVA ESTRUCTURA DE CAPTACIÓN TIPO POZO PERFORADO SIENDO EL NOMBRE DE LA FUENTE MANANTIAL DE LADERA PAMAYA JICHUYO I PARA 222 VIVIENDAS DOMÉSTICAS 01 ESTATAL Y 04 SOCIALES INSTALACIÓN DE LA LÍNEA DE IMPULSIÓN PVC DE LONGITUD DE 5090 ML IMPLEMENTACIÓN DEL SISTEMA DE DESINFECCIÓN EN EL RESERVORIO PROYECTADO CONSTRUCCIÓN DE UN RESERVORIO ELEVADO DE 40 M3 CON CAPACIDAD PARA ABASTECER DE AGUA A TODA LA COMUNIDAD PARA 227 VIVIENDAS INSTALACIÓN DE LA LÍNEA DE ADUCCIÓN PVC DE LONGITUD DE  2692 ML  INSTALACIÓN DE TUBERÍAS PARA LAS REDES DE DISTRIBUCIÓN PVC 1289894 ML E INSTALACIÓN DE CONEXIONES INTRADOMICILIARIAS INCLUYE LAVADERO Y POZO DE DRENAJE PARA 227 VIVIENDAS HABITADAS INSTALACIÓN DE TREINTA Y DOS 32 VÁLVULAS DE CONTROL CUATRO 04 VÁLVULAS DE AIRE Y OCHO 08 VÁLVULAS DE PURGA EN LAS REDES DE DISTRIBUCIÓN  COMPONENTE 2 DISPOSICIÓN SANITARIA DE EXCRETAS  CONSTRUCCIÓN DE 228 UNIDADES BÁSICAS DE SANEAMIENTO CON BIODIGESTOR Y ZANJA DE INFILTRACIÓN  COMPONENTE 3 GESTIÓN DE LOS SERVICIOS   PROGRAMA DE FORTALECIMIENTO Y CAPACITACIÓN DE LA ATM Y JASS  COMPONENTE 4 EDUCACIÓN SANITARIA   IMPLEMENTACIÓN DE UNA EDUCACIÓN SANITARIA EN PRÁCTICAS DE HIGIENE IMPLEMENTAR UN PROGRAMA DE CAPACITACIÓN PARA OPERACIÓN Y MANTENIMIENTO DE LAS UBS,OPENSTREETMAP_NOMINATIM,APROXIMADA_DISTRITO,https://nominatim.openstreetmap.org,Coordenada referencial del distrito ACORA. No representa la ubicación exacta de la infraestructura.,COMPLETADO_APROXIMADO
2192851,OFICIAL_SANEAMIENTO,Clasificado oficialmente por el MEF en la función SANEAMIENTO,273780,"MEJORAMIENTO DEL SERVICIO DE SANEAMIENTO BASICO INTEGRAL EN LA COMUNIDAD CAMPESINA DE COLLANA, DISTRITO DE CABANILLA - LAMPA - PUNO",PIP MENOR (SNIP),GL,GOBIERNOS LOCALES,MUNICIPALIDAD DISTRITAL DE CABANILLA,OPMI DE LA MUNICIPALIDAD DISTRITAL DE CABANILLA,UF DE LA MUNICIPALIDAD DISTRITAL DE CABANILLA,UEI DE LA MUNICIPALIDAD DISTRITAL DE CABANILLA,301654,MUNICIPALIDAD DISTRITAL DE CABANILLA,SANEAMIENTO,SANEAMIENTO,SANEAMIENTO RURAL,,ACTIVO,VIABLE,2013-09-13 00:00:00,2013-09-16 00:00:00,SNIP,957467.44,1286208.87,0.0,0.0,0.0,1286208.87,NO,,,,,,,0.0,0.0,,0,,,SI,1286208.87,SI,Aprobación de consistencia o modificaciones antes de la aprobación del ET o ET (A),SI,NO,,0.0,,,,,,NO,NO,,,PUNO,LAMPA,CABANILLA,210702,-15.6203163,-70.345873,MEJORAMIENTO DEL SERVICIO DE SANEAMIENTO BÁSICO INTEGRAL QUE CONSISTE EN INTERVENCIONES EN EL SISTEMA DE AGUA POTABLE CON LA AMPLIACIÓN DE LA RED DE DISTRIBUCIÓN E INSTALACIONES DE PILETAS DOMICILIARIAS INSTALACIÓN DE UNIDADES BÁSICAS DE SANEAMIENTO TIPO ARRASTRE HIDRÁULICO CON BIODIGESTORES CON MUROS DE BLOQUES DE CONCRETO CUBIERTA DE CALAMINA TIPO TEJA ANDINA INCLUYE DUCHAS E INODORO ACOMPAÑADO CON CAPACITACIÓN EN EDUCACIÓN SANITARIA Y ORGANIZACIÓN,ADMINISTRACIÓN DIRECTA,NO,585,2026,0.0,0.0,MEJORAMIENTO DEL SERVICIO DE SANEAMIENTO BÁSICO INTEGRAL QUE CONSISTE EN INTERVENCIONES EN EL SISTEMA DE AGUA POTABLE CON LA AMPLIACIÓN DE LA RED DE DISTRIBUCIÓN E INSTALACIONES DE PILETAS DOMICILIARIAS INSTALACIÓN DE UNIDADES BÁSICAS DE SANEAMIENTO TIPO ARRASTRE HIDRÁULICO CON BIODIGESTORES CON MUROS DE BLOQUES DE CONCRETO CUBIERTA DE CALAMINA TIPO TEJA ANDINA INCLUYE DUCHAS E INODORO ACOMPAÑADO CON CAPACITACIÓN EN EDUCACIÓN SANITARIA Y ORGANIZACIÓN,OPENSTREETMAP_NOMINATIM,APROXIMADA_DISTRITO,https://nominatim.openstreetmap.org,Coordenada referencial del distrito CABANILLA. No representa la ubicación exacta de la infraestructura.,COMPLETADO_APROXIMADO
2192850,OFICIAL_SANEAMIENTO,Clasificado oficialmente por el MEF en la función SANEAMIENTO,273786,"MEJORAMIENTO DEL SERVICIO DE SANEAMIENTO BASICO INTEGRAL EN LOS SECTORES TACAPI, KAKALLINCA, HUANCUIRI, COTAÑA Y LAPAYANI DE LA COMUNIDAD DE CALLAPOCA, DISTRITO DE CABANILLA - LAMPA - PUNO",PIP MENOR (SNIP),GL,GOBIERNOS LOCALES,MUNICIPALIDAD DISTRITAL DE CABANILLA,OPMI DE LA MUNICIPALIDAD DISTRITAL DE CABANILLA,UF DE LA MUNICIPALIDAD DISTRITAL DE CABANILLA,UEI DE LA MUNICIPALIDAD DISTRITAL DE CABANILLA,301654,MUNICIPALIDAD DISTRITAL DE CABANILLA,SANEAMIENTO,SANEAMIENTO,SANEAMIENTO RURAL,,ACTIVO,VIABLE,2013-09-13 00:00:00,2013-09-15 00:00:00,SNIP,874769.36,1183500.34,0.0,0.0,0.0,1183500.34,NO,,,,,,,0.0,0.0,,0,,,SI,1183500.34,SI,Aprobación de consistencia o modificaciones antes de la aprobación del ET o ET (A),SI,NO,,0.0,,,,,,NO,NO,,,PUNO,LAMPA,CABANILLA,210702,-15.6203163,-70.345873,MEJORAMIENTO DEL SERVICIO DE SANEAMIENTO BÁSICO INTEGRAL QUE CONSISTE EN INTERVENCIONES EN EL SISTEMA DE AGUA POTABLE CON LA AMPLIACIÓN DE LA RED DE DISTRIBUCIÓN E INSTALACIONES DE PILETAS DOMICILIARIAS INSTALACIÓN DE UNIDADES BÁSICAS DE SANEAMIENTO TIPO ARRASTRE HIDRÁULICO CON BIODIGESTORES CON MUROS DE BLOQUES DE CONCRETO CUBIERTA DE CALAMINA TIPO TEJA ANDINA INCLUYE DUCHAS E INODORO ACOMPAÑADO CON CAPACITACIÓN EN EDUCACIÓN SANITARIA Y ORGANIZACIÓN,ADMINISTRACIÓN DIRECTA,NO,475,2026,0.0,0.0,MEJORAMIENTO DEL SERVICIO DE SANEAMIENTO BÁSICO INTEGRAL QUE CONSISTE EN INTERVENCIONES EN EL SISTEMA DE AGUA POTABLE CON LA AMPLIACIÓN DE LA RED DE DISTRIBUCIÓN E INSTALACIONES DE PILETAS DOMICILIARIAS INSTALACIÓN DE UNIDADES BÁSICAS DE SANEAMIENTO TIPO ARRASTRE HIDRÁULICO CON BIODIGESTORES CON MUROS DE BLOQUES DE CONCRETO CUBIERTA DE CALAMINA TIPO TEJA ANDINA INCLUYE DUCHAS E INODORO ACOMPAÑADO CON CAPACITACIÓN EN EDUCACIÓN SANITARIA Y ORGANIZACIÓN,OPENSTREETMAP_NOMINATIM,APROXIMADA_DISTRITO,https://nominatim.openstreetmap.org,Coordenada referencial del distrito CABANILLA. No representa la ubicación exacta de la infraestructura.,COMPLETADO_APROXIMADO
2292549,OFICIAL_SANEAMIENTO,Clasificado oficialmente por el MEF en la función SANEAMIENTO,333893,"INSTALACION DEL SISTEMA DE AGUA POTABLE Y DISPOSICION SANITARIA DE EXCRETAS EN LAS COMUNIDADES DE SAN BARTOLOME, AMPICHA Y COJELA, DISTRITO DE CAMINACA - AZANGARO - PUNO",PIP MAYOR (SNIP),GL,GOBIERNOS LOCALES,MUNICIPALIDAD DISTRITAL DE CAMINACA,OPMI DE LA MUNICIPALIDAD DISTRITAL DE CAMINACA,UF DE LA MUNICIPALIDAD DISTRITAL DE CAMINACA,UEI DE LA MUNICIPALIDAD DISTRITAL DE CAMINACA,301612,MUNICIPALIDAD DISTRITAL DE CAMINACA,SANEAMIENTO,SANEAMIENTO,SANEAMIENTO RURAL,,ACTIVO,VIABLE,2015-10-12 00:00:00,2016-01-25 00:00:00,SNIP,3934244.0,5428160.73,0.0,0.0,0.0,3434.58,NO,,,,,201809,202003,5424726.15,0.0,,0,,,SI,5320233.49,SI,Ejecución física (C),SI,NO,,0.0,,2016-02-11 00:00:00,2019-07-08 00:00:00,2018-09-24 00:00:00,2019-07-08 00:00:00,NO,SI,2020-05-21 14:57:55,Pendiente de liquidación,PUNO,AZANGARO,CAMINACA,210205,-15.3241247,-70.0728942,CONSTRUCCION DE CAPTACION DE AGUAS SUPERFICIALES DEL RIO AZANGARO MEDIANTE POZO CAISSON CAMARA DE REUNION IMPULSADA A TRAVES DE UNA BOMBA DE SUCCION DESARENADOR FILTRO LENTO FINALMENTE BOMBEO A RESERVORIO ELEVADO CON CAPACIDAD DE 20M3 LINEA DE ADUCCION 80ML LINEA DE DISTRIBUCION 176 CONEXIONES DOMICILIARIAS  INSTALACION DE 176 UNIDADES BASICAS DE SANEAMIENTO  TALLERES DE CAPACITACION  SOCIAL AMBIENTAL A LA POBLACION Y LA JASS,ADMINISTRACIÓN INDIRECTA - POR CONTRATA,NO,692,2026,0.0,0.0,CONSTRUCCION DE CAPTACION DE AGUAS SUPERFICIALES DEL RIO AZANGARO MEDIANTE POZO CAISSON CAMARA DE REUNION IMPULSADA A TRAVES DE UNA BOMBA DE SUCCION DESARENADOR FILTRO LENTO FINALMENTE BOMBEO A RESERVORIO ELEVADO CON CAPACIDAD DE 20M3 LINEA DE ADUCCION 80ML LINEA DE DISTRIBUCION 176 CONEXIONES DOMICILIARIAS  INSTALACION DE 176 UNIDADES BASICAS DE SANEAMIENTO  TALLERES DE CAPACITACION  SOCIAL AMBIENTAL A LA POBLACION Y LA JASS,OPENSTREETMAP_NOMINATIM,APROXIMADA_DISTRITO,https://nominatim.openstreetmap.org,Coordenada referencial del distrito CAMINACA. No representa la ubicación exacta de la infraestructura.,COMPLETADO_APROXIMADO
2337148,OFICIAL_SANEAMIENTO,Clasificado oficialmente por el MEF en la función SANEAMIENTO,376151,"CREACION DEL SERVICIO DE AGUA POTABLE Y SANEAMIENTO BÁSICO EN EL SECTOR 2 DE CHURICANCHI, DISTRITO DE CARACOTO - SAN ROMAN - PUNO",PIP MAYOR (SNIP),GL,GOBIERNOS LOCALES,MUNICIPALIDAD DISTRITAL DE CARACOTO,OPMI DE LA MUNICIPALIDAD DISTRITAL DE CARACOTO,UF DE LA MUNICIPALIDAD DISTRITAL DE CARACOTO,UEI DE LA MUNICIPALIDAD DISTRITAL DE CARACOTO,301684,MUNICIPALIDAD DISTRITAL DE CARACOTO,SANEAMIENTO,SANEAMIENTO,SANEAMIENTO RURAL,,ACTIVO,VIABLE,2016-12-14 00:00:00,2016-12-19 00:00:00,SNIP,2750099.0,4696492.83,0.0,0.0,0.0,-0.36,SI,14908.0,0.0,0.0,0.0,201812,202412,4681585.19,0.0,14908.0,14908,0.0,0.0,SI,4696492.83,SI,Ejecución física (C),SI,SI,100.0,100.0,2024-07-05 16:04:57,2020-11-16 00:00:00,2027-02-17 00:00:00,2023-07-01 00:00:00,2023-11-30 00:00:00,NO,NO,,,PUNO,SAN ROMAN,CARACOTO,211104,-15.5678983,-70.1024942,COMPONENTE 1 INSTALACIÓN DE SISTEMA DE AGUA POTABLE CONSISTE EN CONSTRUCCIÓN DE 01 CÁMARA DE BOMBEO IMPULSADO CON ELECTROBOMBA SUMERGIBLE CON UNA POTENCIA DE 75 HP TRIFÁSICO SE CAPTARA DE UN SECTOR DE ABASTECIMIENTO DE AGUA DESDE LA CAPTACIÓN SE HARÁ UNA PROYECCIÓN DE LÍNEAS DE IMPULSIÓN ESTÁ COMPRENDIDA DE LA INSTALACIÓN DE 62882 ML DE TUBERÍA PVC C10 Ø 2 DESDE LA CASETA DE BOMBEO HASTA EL TANQUE DE ALMACENAMIENTO PROYECTADO DE 16 M3 CONSTRUCCIÓN DE 01 CASETA DE VÁLVULAS UBICADA CONTINUA A LA ESTRUCTURA DEL RESERVORIO INSTALACIÓN DE 973180 ML DE TUBERÍA PVC SAP C10 DE 3 2 12 2 1 12 1 Y 34 DE DIÁMETRO PARA RED DE ADUCCIÓN Y DISTRIBUCIÓN LAS TUBERÍAS SERÁN COLOCADAS EN UNA ZANJA DE SECCIÓN RECTANGULAR BASE DE 040 M Y ALTURA DE 060 M SE PLANTEA LA CONSTRUCCIÓN DE 10 VÁLVULAS DE CONTROL 06 VÁLVULAS DE PURGA INSTALACIÓN DE 150 CONEXIONES DOMICILIARIAS ADECUADAMENTE DISTRIBUIDAS CON TUBERÍA PVC SAP C10  CON UNA LONGITUD TOTAL DE 1212750 ML COMPONENTE 2 INSTALACIÓN DEL SERVICIO DE DISPOSICIÓN DE EXCRETAS UNIDADES BÁSICAS DE SANEAMIENTO UBS CON ARRASTRE HIDRÁULICO BIODIGESTOR DE 600 LTS ZANJAS DE INFILTRACIÓN PARA 120 UBS DONDE LA NAPA FREÁTICA SE ENCUENTRA A MÁS DE 20 METROS POR DEBAJO EL NIVEL DE SUELO SISTEMA DE HUMEDALES PARA 30 UBS DONDE LA NAPA FREÁTICA SE ENCUENTRA A MENOS DE 150  200 METROS POR DEBAJO EL NIVEL DE SUELO CONSTRUCCIÓN DE 150 CAJAS DE LODOS UBS FIJAS CON CIMIENTO CORRIDO DE CONCRETO 110 30 PIEDRA GRANDE SOBRECIMIENTO DE CONCRETO 18  10 PIEDRA MEDIANA VIGUETA DE CONCRETO ARMADO FC175 KGCM2 MUROS DE LADRILLO KING KONG 10X14X24 CM CON ACABADOS DE CARA VISTA EN EXTERIORES COBERTURA PLACA DE 6CM DE ESPESOR DE CONCRETO FC  175 KGCM2 Y REFUERZO ENMALLADO CON ALAMBRE DE 14 COMO PROTECCIÓN EN TECHO SE INSTALARA COBERTURA DE TEJA FIBROCARBONO EN UN ÁREA DE 265 X 200M CON ACABADOS DE TARRAJEO EN INTERIORES CON CEMENTO ARENA Y ENCHAPADO DE CERÁMICOS EN DUCHA PISO DE CEMENTO PULIDO FROTACHADO Y COLOREADO PINTURAS EN INTERIORES VENTANA CON VIDRIO DE SISTEMA MODUGLAS Y PUERTA METÁLICA CON MARCO DE FIERRO ADEMÁS CONTARA CON SUMINISTRO E INSTALACIÓN DE ACCESORIOS PARA EL FUNCIONAMIENTO DE DUCHA INODORO LAVAMANOS E INSTALACIÓN DE LAVADERO MULTIUSO EN EXTERIOR COMPONENTE 3 ADECUADOS NIVELES DE CAPACITACIÓN TALLERES DE CAPACITACIÓN EN EDUCACIÓN SANITARIA HÁBITOS DE HIGIENE SALUBRIDAD Y ORGANIZACIÓN,ADMINISTRACIÓN INDIRECTA - POR CONTRATA,NO,705,2026,0.0,0.0,COMPONENTE 1 INSTALACIÓN DE SISTEMA DE AGUA POTABLE CONSISTE EN CONSTRUCCIÓN DE 01 CÁMARA DE BOMBEO IMPULSADO CON ELECTROBOMBA SUMERGIBLE CON UNA POTENCIA DE 75 HP TRIFÁSICO SE CAPTARA DE UN SECTOR DE ABASTECIMIENTO DE AGUA DESDE LA CAPTACIÓN SE HARÁ UNA PROYECCIÓN DE LÍNEAS DE IMPULSIÓN ESTÁ COMPRENDIDA DE LA INSTALACIÓN DE 62882 ML DE TUBERÍA PVC C10 Ø 2 DESDE LA CASETA DE BOMBEO HASTA EL TANQUE DE ALMACENAMIENTO PROYECTADO DE 16 M3 CONSTRUCCIÓN DE 01 CASETA DE VÁLVULAS UBICADA CONTINUA A LA ESTRUCTURA DEL RESERVORIO INSTALACIÓN DE 973180 ML DE TUBERÍA PVC SAP C10 DE 3 2 12 2 1 12 1 Y 34 DE DIÁMETRO PARA RED DE ADUCCIÓN Y DISTRIBUCIÓN LAS TUBERÍAS SERÁN COLOCADAS EN UNA ZANJA DE SECCIÓN RECTANGULAR BASE DE 040 M Y ALTURA DE 060 M SE PLANTEA LA CONSTRUCCIÓN DE 10 VÁLVULAS DE CONTROL 06 VÁLVULAS DE PURGA INSTALACIÓN DE 150 CONEXIONES DOMICILIARIAS ADECUADAMENTE DISTRIBUIDAS CON TUBERÍA PVC SAP C10  CON UNA LONGITUD TOTAL DE 1212750 ML COMPONENTE 2 INSTALACIÓN DEL SERVICIO DE DISPOSICIÓN DE EXCRETAS UNIDADES BÁSICAS DE SANEAMIENTO UBS CON ARRASTRE HIDRÁULICO BIODIGESTOR DE 600 LTS ZANJAS DE INFILTRACIÓN PARA 120 UBS DONDE LA NAPA FREÁTICA SE ENCUENTRA A MÁS DE 20 METROS POR DEBAJO EL NIVEL DE SUELO SISTEMA DE HUMEDALES PARA 30 UBS DONDE LA NAPA FREÁTICA SE ENCUENTRA A MENOS DE 150  200 METROS POR DEBAJO EL NIVEL DE SUELO CONSTRUCCIÓN DE 150 CAJAS DE LODOS UBS FIJAS CON CIMIENTO CORRIDO DE CONCRETO 110 30 PIEDRA GRANDE SOBRECIMIENTO DE CONCRETO 18  10 PIEDRA MEDIANA VIGUETA DE CONCRETO ARMADO FC175 KGCM2 MUROS DE LADRILLO KING KONG 10X14X24 CM CON ACABADOS DE CARA VISTA EN EXTERIORES COBERTURA PLACA DE 6CM DE ESPESOR DE CONCRETO FC  175 KGCM2 Y REFUERZO ENMALLADO CON ALAMBRE DE 14 COMO PROTECCIÓN EN TECHO SE INSTALARA COBERTURA DE TEJA FIBROCARBONO EN UN ÁREA DE 265 X 200M CON ACABADOS DE TARRAJEO EN INTERIORES CON CEMENTO ARENA Y ENCHAPADO DE CERÁMICOS EN DUCHA PISO DE CEMENTO PULIDO FROTACHADO Y COLOREADO PINTURAS EN INTERIORES VENTANA CON VIDRIO DE SISTEMA MODUGLAS Y PUERTA METÁLICA CON MARCO DE FIERRO ADEMÁS CONTARA CON SUMINISTRO E INSTALACIÓN DE ACCESORIOS PARA EL FUNCIONAMIENTO DE DUCHA INODORO LAVAMANOS E INSTALACIÓN DE LAVADERO MULTIUSO EN EXTERIOR COMPONENTE 3 ADECUADOS NIVELES DE CAPACITACIÓN TALLERES DE CAPACITACIÓN EN EDUCACIÓN SANITARIA HÁBITOS DE HIGIENE SALUBRIDAD Y ORGANIZACIÓN,OPENSTREETMAP_NOMINATIM,APROXIMADA_DISTRITO,https://nominatim.openstreetmap.org,Coordenada referencial del distrito CARACOTO. No representa la ubicación exacta de la infraestructura.,COMPLETADO_APROXIMADO
2248498,OFICIAL_SANEAMIENTO,Clasificado oficialmente por el MEF en la función SANEAMIENTO,308485,"INSTALACION DE LOS SERVICIOS DE SANEAMIENTO INTEGRAL EN LA ASOCIACION DE PRODUCTORES MICROCUENCA URINSAYA PUNA ,, DISTRITO DE NUNOA - MELGAR - PUNO",PIP MAYOR (SNIP),GL,GOBIERNOS LOCALES,MUNICIPALIDAD DISTRITAL DE NUÑOA,OPMI DE LA MUNICIPALIDAD DISTRITAL DE NUÑOA,UF DE LA MUNICIPALIDAD DISTRITAL DE NUÑOA,UEI DE LA MUNICIPALIDAD DISTRITAL DE NUÑOA,301668,MUNICIPALIDAD DISTRITAL DE NUÑOA,SANEAMIENTO,SANEAMIENTO,SANEAMIENTO RURAL,,ACTIVO,VIABLE,2014-11-25 00:00:00,2014-12-16 00:00:00,SNIP,1483840.0,1598140.92,0.0,0.0,0.0,0.0,NO,,,,,201612,202108,1598140.92,0.0,,0,,,SI,1709357.77,SI,Ejecución física (C),SI,SI,100.0,100.0,2021-04-16 15:20:01,2020-03-01 00:00:00,2020-06-30 00:00:00,2020-11-09 00:00:00,2021-03-08 00:00:00,NO,NO,,,PUNO,MELGAR,NUÑOA,210806,-14.3774034,-70.711518,INSTALACIÓN DEL SISTEMA DE AGUA TRATADA MEDIANTE LA INSTALACIÓN DE CAPTACIÓN MANANTE LÍNEAS DE CONDUCCIÓN 101527 M CÁMARAS ROMPE PRESIÓN 12 UNIDRESERVORIO APOYADO Y CASETA DE VÁLVULAS RED DE DISTRIBUCIÓN 459128 M INSTALACIÓN DOMICILIARIA Y PILETAS DOMICILIARIAS 115 UNID CONTROL DE CALIDAD FLETES Y MITIGACIÓN AMBIENTAL INSTALACIÓN DE SISTEMA DE ELIMINACIÓN DE EXCRETAS BAÑOS CON ARRASTRE HIDRÁULICO CON POZOS DE PERCOLACIÓN Y DUCHASDESARROLLO DE PROMOCIÓN CAPACITACIÓN Y EDUCACIÓN SANITARIA,ADMINISTRACIÓN DIRECTA,NO,10914,2026,0.0,0.0,INSTALACIÓN DEL SISTEMA DE AGUA TRATADA MEDIANTE LA INSTALACIÓN DE CAPTACIÓN MANANTE LÍNEAS DE CONDUCCIÓN 101527 M CÁMARAS ROMPE PRESIÓN 12 UNIDRESERVORIO APOYADO Y CASETA DE VÁLVULAS RED DE DISTRIBUCIÓN 459128 M INSTALACIÓN DOMICILIARIA Y PILETAS DOMICILIARIAS 115 UNID CONTROL DE CALIDAD FLETES Y MITIGACIÓN AMBIENTAL INSTALACIÓN DE SISTEMA DE ELIMINACIÓN DE EXCRETAS BAÑOS CON ARRASTRE HIDRÁULICO CON POZOS DE PERCOLACIÓN Y DUCHASDESARROLLO DE PROMOCIÓN CAPACITACIÓN Y EDUCACIÓN SANITARIA,OPENSTREETMAP_NOMINATIM,APROXIMADA_DISTRITO,https://nominatim.openstreetmap.org,Coordenada referencial del distrito NUÑOA. No representa la ubicación exacta de la infraestructura.,COMPLETADO_APROXIMADO
2280698,OFICIAL_SANEAMIENTO,Clasificado oficialmente por el MEF en la función SANEAMIENTO,324186,"INSTALACION DEL SERVICIO DE AGUA POTABLE Y SANEAMIENTO BASICO INTEGRAL EN LA PARCIALIDAD DE ARCOPUNCO DEL, DISTRITO DE ROSASPATA - HUANCANE - PUNO",PIP MAYOR (SNIP),GL,GOBIERNOS LOCALES,MUNICIPALIDAD DISTRITAL DE ROSASPATA,OPMI DE LA MUNICIPALIDAD DISTRITAL DE ROSASPATA,UF DE LA MUNICIPALIDAD DISTRITAL DE ROSASPATA,UEI DE LA MUNICIPALIDAD DISTRITAL DE ROSASPATA,301650,MUNICIPALIDAD DISTRITAL DE ROSASPATA,SANEAMIENTO,SANEAMIENTO,SANEAMIENTO RURAL,,ACTIVO,VIABLE,2015-06-29 00:00:00,2015-07-15 00:00:00,SNIP,1208275.0,1569070.68,0.0,0.0,0.0,12647.63,NO,,,,,201611,201806,1556423.05,0.0,,0,,,NO,0.0,SI,Aprobación de consistencia o modificaciones antes de la aprobación del ET o ET (A),NO,NO,,,,,,,,NO,NO,,,PUNO,HUANCANE,ROSASPATA,210606,-15.2344658,-69.527323,Instalación de Sistema de Agua potable por Bombeo con captaciones  Cámara de reunión línea de conducción cisterna línea de impulsión sistema  de bombeo solar reservorio con sistema de cloración de agua cruce en  riachuelos red de distribución Válvulas de Control Válvulas de Purga  válvulas de aire Conexiones Domiciliarias y piletas Tipo Bateas Instalación  de Unidades de Básicas de Saneamiento UBS tipo Baños de Arrastre  Hidráulico con Biodigestor que comprende Inodoro tanque Bajo una ducha  muro de ladrillo mecanizado caravista ventana de madera con vidrio Puerta  de Madera con tablero rebajado cobertura de calamina tipo teja galvanizada  y pintada y sistema de desagüe con biodigestor de 700 litros cámara de  Lodos y Pozo de Absorción Y También se contempla las Campañas de  Educación Sanitaria que consistirán en las diversas acciones de Promoción  Capacitación y Educación Sanitaria,ADMINISTRACIÓN INDIRECTA - POR CONTRATA,NO,359,2026,0.0,0.0,Instalación de Sistema de Agua potable por Bombeo con captaciones  Cámara de reunión línea de conducción cisterna línea de impulsión sistema  de bombeo solar reservorio con sistema de cloración de agua cruce en  riachuelos red de distribución Válvulas de Control Válvulas de Purga  válvulas de aire Conexiones Domiciliarias y piletas Tipo Bateas Instalación  de Unidades de Básicas de Saneamiento UBS tipo Baños de Arrastre  Hidráulico con Biodigestor que comprende Inodoro tanque Bajo una ducha  muro de ladrillo mecanizado caravista ventana de madera con vidrio Puerta  de Madera con tablero rebajado cobertura de calamina tipo teja galvanizada  y pintada y sistema de desagüe con biodigestor de 700 litros cámara de  Lodos y Pozo de Absorción Y También se contempla las Campañas de  Educación Sanitaria que consistirán en las diversas acciones de Promoción  Capacitación y Educación Sanitaria,OPENSTREETMAP_NOMINATIM,APROXIMADA_DISTRITO,https://nominatim.openstreetmap.org,Coordenada referencial del distrito ROSASPATA. No representa la ubicación exacta de la infraestructura.,COMPLETADO_APROXIMADO
2149172,OFICIAL_SANEAMIENTO,Clasificado oficialmente por el MEF en la función SANEAMIENTO,190301,"INSTALACION DE SISTEMA DE AGUA POTABLE E LETRINAS  SANITARIAS EN LA COMUNIDAD  CAMPESINA DE ALTOS HILATA, DISTRITO DE QUILCAPUNCU - SAN ANTONIO DE PUTINA - PUNO",PIP MENOR (SNIP),GL,GOBIERNOS LOCALES,MUNICIPALIDAD DISTRITAL DE QUILCAPUNCU,OPMI DE LA MUNICIPALIDAD DISTRITAL DE QUILCAPUNCU,UF DE LA MUNICIPALIDAD DISTRITAL DE QUILCAPUNCU,UEI DE LA MUNICIPALIDAD DISTRITAL DE QUILCAPUNCU,301679,MUNICIPALIDAD DISTRITAL DE QUILCAPUNCU,SANEAMIENTO,SANEAMIENTO,SANEAMIENTO RURAL,,ACTIVO,VIABLE,2011-10-03 00:00:00,2011-10-08 00:00:00,SNIP,273334.95,225339.17,0.0,0.0,0.0,58531.52,NO,,,,,201112,201312,166807.65,0.0,,0,,,SI,225339.17,SI,Aprobación de consistencia o modificaciones antes de la aprobación del ET o ET (A),SI,NO,,0.0,,,,,,NO,SI,2021-04-15 15:49:26,Pendiente de liquidación,PUNO,SAN ANTONIO DE PUTINA,QUILCAPUNCU,211004,-14.8929648,-69.7302897,CONSISTE EN LA IMPLEMENTACIÓN DE 20 SISTEMAS DE ABASTECIMIENTO DE AGUA POTABLE HASTA EL NIVEL DE PILETA PÚBLICA CONSTA DE LAS SIGUIENTES INFRAESTRUCTURAS LA CAPTACIÓN DE AGUA POTABLE  ES DE 18 CAPTACIÓN CIEGA Y 02 DE RESERVORIO DE  PROTECCIÓN DE LA FUENTE DE AGUA DE LA CUAL SE ABASTECE A LA POBLACIÓN L LA ESTRUCTURA ES DE CONCRETO ARMADO  FC175KGCM2Y EN INSTALACIÓN DE  45 LETRINAS MÓVILES  DE HOYO SECO VENTILADO QUE CONSISTE EN UNA LOSA SANITARIA  DE CONCRETO ARMADO,ADMINISTRACIÓN DIRECTA,NO,225,2026,0.0,0.0,CONSISTE EN LA IMPLEMENTACIÓN DE 20 SISTEMAS DE ABASTECIMIENTO DE AGUA POTABLE HASTA EL NIVEL DE PILETA PÚBLICA CONSTA DE LAS SIGUIENTES INFRAESTRUCTURAS LA CAPTACIÓN DE AGUA POTABLE  ES DE 18 CAPTACIÓN CIEGA Y 02 DE RESERVORIO DE  PROTECCIÓN DE LA FUENTE DE AGUA DE LA CUAL SE ABASTECE A LA POBLACIÓN L LA ESTRUCTURA ES DE CONCRETO ARMADO  FC175KGCM2Y EN INSTALACIÓN DE  45 LETRINAS MÓVILES  DE HOYO SECO VENTILADO QUE CONSISTE EN UNA LOSA SANITARIA  DE CONCRETO ARMADO,OPENSTREETMAP_NOMINATIM,APROXIMADA_DISTRITO,https://nominatim.openstreetmap.org,Coordenada referencial del distrito QUILCAPUNCU. No representa la ubicación exacta de la infraestructura.,COMPLETADO_APROXIMADO
2277210,OFICIAL_SANEAMIENTO,Clasificado oficialmente por el MEF en la función SANEAMIENTO,322201,"INSTALACION DEL SERVICIO DE AGUA POTABLE Y SERVICIOS HIGIENICOS EN LAS C.C. CENTRO PAYLLA, NORTE PAYLLA, SUR PAYLLA Y MIRAFLORES, DISTRITO DE UMACHIRI - MELGAR - PUNO",PIP MAYOR (SNIP),GL,GOBIERNOS LOCALES,MUNICIPALIDAD DISTRITAL DE UMACHIRI,OPMI DE LA MUNICIPALIDAD DISTRITAL DE UMACHIRI,UF DE LA MUNICIPALIDAD DISTRITAL DE UMACHIRI,UEI DE LA MUNICIPALIDAD DISTRITAL DE UMACHIRI,301671,MUNICIPALIDAD DISTRITAL DE UMACHIRI,SANEAMIENTO,SANEAMIENTO,SANEAMIENTO RURAL,,ACTIVO,VIABLE,2015-05-29 00:00:00,2015-06-01 00:00:00,SNIP,7801210.0,9283436.31,0.0,0.0,0.0,1112.65,NO,,,,,201610,202109,9282323.66,0.0,,0,,,SI,9283436.31,SI,Ejecución física (C),SI,SI,100.0,100.0,2022-01-10 20:14:30,2017-01-13 00:00:00,2023-01-28 00:00:00,2017-01-13 00:00:00,2018-12-22 00:00:00,NO,NO,,,PUNO,MELGAR,UMACHIRI,210809,-14.853653,-70.7535804,se contempla la instalación del sistema de agua potable mediante la construcción de un sistema de captación compuesto por construcción de pozo subterraneo caseta de bombeo  instalación de la línea de impulsión de aprox 1000 ml sistema de almacenamiento estará compuesto por un reservorio cap 20000 m3 02 días de provisión del servicio por periodos de corte del suministro eléctrico en la zona caseta de válvulas instalación de la red de distribución del sistema de agua potable constando de 4 sub sistemas 01 red de distribución de parox 40 km  centro paylla y obras de funcionamiento tales como válvula de purga válvula de aire válvula de control cruce carretera cruce de canal y piletas  260 uviviendas  1 institución 02 red de distribución de aprox 31km  sur paylla y obras de funcionamiento tales como válvula de purga válvula de aire valvular de control cruce aéreo de 30ml cruce carretera cruce de canal y piletas  255 viviendas  1 institución 03 red de distribución de aprox 17km  norte paylla y obras de funcionamiento tales como válvula de purga valvular de control cruce aéreo de 60ml cruce riachuelo cruce carretera cruce de canal piletas  124 viviendas  1 institución 04 red de distribución de aprox 17km  Miraflores y obras de funcionamiento tales como valvular de purga válvula de aire válvula de control cruce aéreo de 30ml cruce carretera cruce de canal piletas  134 viviendas  1 institución obras provisionales y fletes de transporte construcción de módulos de servicios higiénicos 773 und instalación de biodigestores 773 und poza de percolación 773 und Capacitación a la población en educación sanitaria capacitación a la junta administradora del servicio de saneamiento,ADMINISTRACIÓN DIRECTA,NO,3865,2026,0.0,0.0,se contempla la instalación del sistema de agua potable mediante la construcción de un sistema de captación compuesto por construcción de pozo subterraneo caseta de bombeo  instalación de la línea de impulsión de aprox 1000 ml sistema de almacenamiento estará compuesto por un reservorio cap 20000 m3 02 días de provisión del servicio por periodos de corte del suministro eléctrico en la zona caseta de válvulas instalación de la red de distribución del sistema de agua potable constando de 4 sub sistemas 01 red de distribución de parox 40 km  centro paylla y obras de funcionamiento tales como válvula de purga válvula de aire válvula de control cruce carretera cruce de canal y piletas  260 uviviendas  1 institución 02 red de distribución de aprox 31km  sur paylla y obras de funcionamiento tales como válvula de purga válvula de aire valvular de control cruce aéreo de 30ml cruce carretera cruce de canal y piletas  255 viviendas  1 institución 03 red de distribución de aprox 17km  norte paylla y obras de funcionamiento tales como válvula de purga valvular de control cruce aéreo de 60ml cruce riachuelo cruce carretera cruce de canal piletas  124 viviendas  1 institución 04 red de distribución de aprox 17km  Miraflores y obras de funcionamiento tales como valvular de purga válvula de aire válvula de control cruce aéreo de 30ml cruce carretera cruce de canal piletas  134 viviendas  1 institución obras provisionales y fletes de transporte construcción de módulos de servicios higiénicos 773 und instalación de biodigestores 773 und poza de percolación 773 und Capacitación a la población en educación sanitaria capacitación a la junta administradora del servicio de saneamiento,OPENSTREETMAP_NOMINATIM,APROXIMADA_DISTRITO,https://nominatim.openstreetmap.org,Coordenada referencial del distrito UMACHIRI. No representa la ubicación exacta de la infraestructura.,COMPLETADO_APROXIMADO
2189452,OFICIAL_SANEAMIENTO,Clasificado oficialmente por el MEF en la función SANEAMIENTO,260770,"MEJORAMIENTO Y AMPLIACION DEL SERVICIO DE AGUA POTABLE Y DISPOSICION SANITARIA DE EXCRETAS EN LOS SECTORES TACAHUA Y KOLLIHUERTA DE LA COMUNIDAD CAMPESINA TUQUINA, DISTRITO POMATA - CHUCUITO - PUNO",PIP MAYOR (SNIP),GR,GOBIERNOS REGIONALES,GOBIERNO REGIONAL PUNO,OPMI DEL GOBIERNO REGIONAL PUNO,UF DE LA GOBIERNO REGIONAL PUNO,UEI DEL PROGRAMA NACIONAL DE SANEAMIENTO RURAL,1443,PROGRAMA NACIONAL DE SANEAMIENTO RURAL,SANEAMIENTO,SANEAMIENTO,SANEAMIENTO RURAL,,ACTIVO,VIABLE,2013-05-20 00:00:00,2013-06-26 00:00:00,SNIP,3672586.0,4999455.16,0.0,0.0,1461467.99,314101.92,SI,1330953.0,50000.0,40000.0,38719.15,201403,202608,4347899.24,329133.78,1330953.0,337454,337452.92,337452.92,SI,3318140.92,SI,Ejecución física (C),SI,SI,90.71,90.59,2026-05-25 15:43:31,2015-09-17 00:00:00,2029-02-14 00:00:00,2017-05-17 00:00:00,2025-10-13 00:00:00,NO,NO,,,PUNO,CHUCUITO,POMATA,210406,-16.3694998,-69.2947975,SISTEMA DE AGUA POTABLE   CONSTRUCCIÓN DE DOS POZOS EXCAVADOS TIPO CAISSON DE 20 M DE PROFUNDIDAD    REHABILITACIÓN DE CAPTACIÓN DE MANANTIAL EN LADERA EXISTENTE   INSTALACIÓN DE 340 M DE LÍNEA DE IMPULSIÓN DE HDPE Ø 1 PN 16  PE80   INSTALACIÓN DE 180 M DE LÍNEA DE IMPULSIÓN DE  HDPE Ø 1 PN 10PE80   CONSTRUCCIÓN DE UN RESERVORIO APOYADO DE 17 M3 Y MEJORAMIENTO DE RESERVORIO EXISTENTE DE 9 M3   INSTALACIÓN DE 9577 M DE LÍNEA DE ADUCCIÓN Y RED DE DISTRIBUCIÓN DE LAS SIGUIENTES LONGITUDES Y DIÁMETROS     1059 M DE 2 DE DIÁMETRO   578 M DE 112  DE DIÁMETRO   6333 M DE 1 DE DIÁMETRO   1607 M DE 34  DE DIÁMETRO   INSTALACIÓN DE 120 CONEXIONES DOMICILIARIAS INCLUYE LAVADERO SIMPLE    IMPLEMENTACIÓN DE UN PLAN DE MANEJO AMBIENTAL  SANEAMINETO BASICO   INSTALACIÓN DE 121 UBSS TIPO SIN ARRASTRE HIDRÁULICO Y SISTEMA DE TRATAMIENTO   IMPLEMENTACIÓN DE UN PROGRAMA DE GESTIÓN ADMINSITRACIÓN Y OPERACIÓN DE LOS SISTEMAS Y CAPACITACIÓN DE LOS MIEMBROS DE LA JASS   FORTALECIMIENTO DE CAPACIDADES DE LA POBLACIÓN EN OPERACIÓN Y MANTENIMIENTO DE LAS UNIDADES BÁSICAS DE SANEAMIENTO   IMPLEMENTACIÓN DE PROGRAMAS DE EDUCACIÓN SANITARIA,ADMINISTRACIÓN INDIRECTA - POR CONTRATA,NO,341,2026,0.0,0.0,SISTEMA DE AGUA POTABLE   CONSTRUCCIÓN DE DOS POZOS EXCAVADOS TIPO CAISSON DE 20 M DE PROFUNDIDAD    REHABILITACIÓN DE CAPTACIÓN DE MANANTIAL EN LADERA EXISTENTE   INSTALACIÓN DE 340 M DE LÍNEA DE IMPULSIÓN DE HDPE Ø 1 PN 16  PE80   INSTALACIÓN DE 180 M DE LÍNEA DE IMPULSIÓN DE  HDPE Ø 1 PN 10PE80   CONSTRUCCIÓN DE UN RESERVORIO APOYADO DE 17 M3 Y MEJORAMIENTO DE RESERVORIO EXISTENTE DE 9 M3   INSTALACIÓN DE 9577 M DE LÍNEA DE ADUCCIÓN Y RED DE DISTRIBUCIÓN DE LAS SIGUIENTES LONGITUDES Y DIÁMETROS     1059 M DE 2 DE DIÁMETRO   578 M DE 112  DE DIÁMETRO   6333 M DE 1 DE DIÁMETRO   1607 M DE 34  DE DIÁMETRO   INSTALACIÓN DE 120 CONEXIONES DOMICILIARIAS INCLUYE LAVADERO SIMPLE    IMPLEMENTACIÓN DE UN PLAN DE MANEJO AMBIENTAL  SANEAMINETO BASICO   INSTALACIÓN DE 121 UBSS TIPO SIN ARRASTRE HIDRÁULICO Y SISTEMA DE TRATAMIENTO   IMPLEMENTACIÓN DE UN PROGRAMA DE GESTIÓN ADMINSITRACIÓN Y OPERACIÓN DE LOS SISTEMAS Y CAPACITACIÓN DE LOS MIEMBROS DE LA JASS   FORTALECIMIENTO DE CAPACIDADES DE LA POBLACIÓN EN OPERACIÓN Y MANTENIMIENTO DE LAS UNIDADES BÁSICAS DE SANEAMIENTO   IMPLEMENTACIÓN DE PROGRAMAS DE EDUCACIÓN SANITARIA,OPENSTREETMAP_NOMINATIM,APROXIMADA_DISTRITO,https://nominatim.openstreetmap.org,Coordenada referencial del distrito POMATA. No representa la ubicación exacta de la infraestructura.,COMPLETADO_APROXIMADO
2309919,OFICIAL_SANEAMIENTO,Clasificado oficialmente por el MEF en la función SANEAMIENTO,334976,"INSTALACION DEL SISTEMA DE AGUA POTABLE Y DISPOSICIÓN SANITARIA DE EXCRETAS EN LAS COMUNIDADES DE COLLANA, HUAYRAPATA Y SECTOR DE JURUSAN, DISTRITO DE ACHAYA - AZANGARO - PUNO",PIP MAYOR (SNIP),GL,GOBIERNOS LOCALES,MUNICIPALIDAD DISTRITAL DE ACHAYA,OPMI DE LA MUNICIPALIDAD DISTRITAL DE ACHAYA,UF DE LA MUNICIPALIDAD DISTRITAL DE ACHAYA,UEI DE LA MUNICIPALIDAD DISTRITAL DE ACHAYA,301609,MUNICIPALIDAD DISTRITAL DE ACHAYA,SANEAMIENTO,SANEAMIENTO,SANEAMIENTO RURAL,,ACTIVO,VIABLE,2015-09-23 00:00:00,2015-10-12 00:00:00,SNIP,5421079.0,7420570.0,0.0,0.0,0.0,20.41,NO,,,,,201712,202212,7420549.59,0.0,,0,,,SI,7773220.53,SI,Ejecución física (C),SI,SI,100.0,100.0,2023-01-17 17:05:26,2019-05-01 00:00:00,2022-01-20 00:00:00,2020-09-01 00:00:00,2021-04-30 00:00:00,NO,SI,2023-01-17 17:41:06,Pendiente de liquidación,PUNO,AZANGARO,ACHAYA,210202,-15.2852382,-70.1614836,1 INSTALACION DE SISTEMA DE AGUA POTABLE LA FUENTE DE CAPTACION ES EL RIO AZANGARO CAUDAL PROMEDIO  DE 2160 LTSEG CAPTACION MEDIANTE POZO CAISSON PROTECCION DE LA CAPTACION ESTACION DE BOMBEO CON TUBERIA DE SUCCION DE 3 TUBERIA DE IMPUSION DE 212 SISTEMA DE BOMBEO COMPONENTE RED DE ENERGIA ELECTRICA TRIFASICA VALVULAS DE REGULACION Y CONTROL CONSTRUCCION DE PLANTA DE TRATAMIENTO DESARENADOR SEDIMENTADOR FILTRO LENTO CISTERNA DE ALMACENAMIENTO LINEA DE IMPULSION RESERVORIO DE ALMACENAMIENTO CON CAPACIDAD DE 50M3 LINEA DE ADUCCION Y REDES DE DISTRIBUCION PASES AEREOS  233 CONEXIONES DOMICILIARIAS 2 233 UNIDADES DE SANEAMIENTO BASICO CASETA LAVATORIO DUCHA INODORO BIODIGESTOR 3 EDUCACION SANITARIA Y CAPACITACION,ADMINISTRACIÓN INDIRECTA - POR CONTRATA,NO,988,2026,0.0,0.0,1 INSTALACION DE SISTEMA DE AGUA POTABLE LA FUENTE DE CAPTACION ES EL RIO AZANGARO CAUDAL PROMEDIO  DE 2160 LTSEG CAPTACION MEDIANTE POZO CAISSON PROTECCION DE LA CAPTACION ESTACION DE BOMBEO CON TUBERIA DE SUCCION DE 3 TUBERIA DE IMPUSION DE 212 SISTEMA DE BOMBEO COMPONENTE RED DE ENERGIA ELECTRICA TRIFASICA VALVULAS DE REGULACION Y CONTROL CONSTRUCCION DE PLANTA DE TRATAMIENTO DESARENADOR SEDIMENTADOR FILTRO LENTO CISTERNA DE ALMACENAMIENTO LINEA DE IMPULSION RESERVORIO DE ALMACENAMIENTO CON CAPACIDAD DE 50M3 LINEA DE ADUCCION Y REDES DE DISTRIBUCION PASES AEREOS  233 CONEXIONES DOMICILIARIAS 2 233 UNIDADES DE SANEAMIENTO BASICO CASETA LAVATORIO DUCHA INODORO BIODIGESTOR 3 EDUCACION SANITARIA Y CAPACITACION,OPENSTREETMAP_NOMINATIM,APROXIMADA_DISTRITO,https://nominatim.openstreetmap.org,Coordenada referencial del distrito ACHAYA. No representa la ubicación exacta de la infraestructura.,COMPLETADO_APROXIMADO
2328918,OFICIAL_SANEAMIENTO,Clasificado oficialmente por el MEF en la función SANEAMIENTO,365253,"CREACION DEL SERVICIO DE AGUA POTABLE Y SANEAMIENTO BASICO EN LOS SECTORES: SAN ANTONIO, JIRIGACHI, SUCHIS CENTRAL Y TORRES PAMPA DEL C.P. DE SUCHIS, DISTRITO DE CARACOTO - SAN ROMAN - PUNO",PIP MAYOR (SNIP),GL,GOBIERNOS LOCALES,MUNICIPALIDAD DISTRITAL DE CARACOTO,OPMI DE LA MUNICIPALIDAD DISTRITAL DE CARACOTO,UF DE LA MUNICIPALIDAD DISTRITAL DE CARACOTO,UEI DE LA MUNICIPALIDAD DISTRITAL DE CARACOTO,301684,MUNICIPALIDAD DISTRITAL DE CARACOTO,SANEAMIENTO,SANEAMIENTO,SANEAMIENTO RURAL,,ACTIVO,VIABLE,2016-08-22 00:00:00,2016-10-03 00:00:00,SNIP,8780845.0,14361225.14,0.0,0.0,0.0,14233834.41,NO,,,,,201703,202508,127390.73,0.0,0.0,0,0.0,0.0,SI,14361225.14,SI,Ejecución física (C),SI,NO,0.0,0.89,2026-02-16 13:56:50,2020-05-14 00:00:00,2025-08-01 00:00:00,2026-04-01 00:00:00,2026-11-30 00:00:00,NO,NO,,,PUNO,SAN ROMAN,CARACOTO,211104,-15.5678983,-70.1024942,COMPONENTE 1 INSTALACIÓN DE SISTEMA DE AGUA POTABLE consiste en Construcción de 01 cámara de bombeo impulsado con electrobomba sumergible con una potencia de 75 HP trifásico Se trabajara con un sector de abastecimiento de agua desde la captación se hará una proyección de líneas de impulsión y conducción está comprendida de la instalación de 296325 Ml de tubería PVC C10 Ø 2 desde la caseta de bombeo hasta el tanque de almacenamiento proyectado de 43 m3 el cual será de sección cuadrada de 485 m de lado y una altura de 25 m construcción de 01 caseta de válvulas ubicada continua a la estructura del reservorio instalación de 3716397 Ml de tubería PVC SAP C10 de 3 2 12 2 1 12 1 y 34 de diámetro para red de aducción y distribución las tuberías serán colocadas en una zanja de sección rectangular base de 040 m y altura de 060 m Se plantea la construcción de 23 válvulas de control 14 válvulas de purga  instalación de 395 conexiones domiciliarias adecuadamente distribuidas con Tubería PVC SAP C10 12 con una longitud total de 6537250 ml construcción de 01 cruce aéreo en rio en la línea de distribución el cual se instalara para el pase del fluido agua COMPONENTE 2 INSTALACIÓN DEL SERVICIO DE DISPOSICIÓN DE EXCRETAS UNIDADES BÁSICAS DE SANEAMIENTO  UBS con arrastre hidráulico biodigestor de 600 lts zanjas de infiltración para 60 UBS donde la napa freática se encuentra a más de 20 metros por debajo el nivel de suelo sistema de humedales para 335 UBS donde la napa freática se encuentra a menos de 150  200 metros por debajo el nivel de suelo construcción de 395 cajas de lodos UBS fijas con cimiento corrido de concreto 110 30 Piedra Grande Sobrecimiento de concreto 18  10  Piedra Mediana vigueta de concreto armado fc175 kgcm2 muros de ladrillo King Kong 10x14x24 cm con acabados de cara vista en exteriores cobertura placa de 6cm de espesor de concreto fc  175 kgcm2 y refuerzo enmallado con alambre de 14 como protección en techo se instalara cobertura de teja fibrocarbono en un área de 265 x 200m con acabados de tarrajeo en interiores con cemento arena y enchapado de cerámicos en ducha piso de cemento pulido frotachado y coloreado pinturas en interiores ventana con vidrio de sistema moduglas y puerta metálica con marco de fierro además contara con suministro e instalación de accesorios para el funcionamiento de ducha inodoro lavamanos e instalación de lavadero multiuso en exterior COMPONENTE 3 CAPACITACIÓN SOCIAL Y MITIGACIÓN AMBIENTAL capacitación en educación sanitaria hábitos de higiene y salubridad y organización,ADMINISTRACIÓN INDIRECTA - POR CONTRATA,NO,1896,2026,0.0,0.0,COMPONENTE 1 INSTALACIÓN DE SISTEMA DE AGUA POTABLE consiste en Construcción de 01 cámara de bombeo impulsado con electrobomba sumergible con una potencia de 75 HP trifásico Se trabajara con un sector de abastecimiento de agua desde la captación se hará una proyección de líneas de impulsión y conducción está comprendida de la instalación de 296325 Ml de tubería PVC C10 Ø 2 desde la caseta de bombeo hasta el tanque de almacenamiento proyectado de 43 m3 el cual será de sección cuadrada de 485 m de lado y una altura de 25 m construcción de 01 caseta de válvulas ubicada continua a la estructura del reservorio instalación de 3716397 Ml de tubería PVC SAP C10 de 3 2 12 2 1 12 1 y 34 de diámetro para red de aducción y distribución las tuberías serán colocadas en una zanja de sección rectangular base de 040 m y altura de 060 m Se plantea la construcción de 23 válvulas de control 14 válvulas de purga  instalación de 395 conexiones domiciliarias adecuadamente distribuidas con Tubería PVC SAP C10 12 con una longitud total de 6537250 ml construcción de 01 cruce aéreo en rio en la línea de distribución el cual se instalara para el pase del fluido agua COMPONENTE 2 INSTALACIÓN DEL SERVICIO DE DISPOSICIÓN DE EXCRETAS UNIDADES BÁSICAS DE SANEAMIENTO  UBS con arrastre hidráulico biodigestor de 600 lts zanjas de infiltración para 60 UBS donde la napa freática se encuentra a más de 20 metros por debajo el nivel de suelo sistema de humedales para 335 UBS donde la napa freática se encuentra a menos de 150  200 metros por debajo el nivel de suelo construcción de 395 cajas de lodos UBS fijas con cimiento corrido de concreto 110 30 Piedra Grande Sobrecimiento de concreto 18  10  Piedra Mediana vigueta de concreto armado fc175 kgcm2 muros de ladrillo King Kong 10x14x24 cm con acabados de cara vista en exteriores cobertura placa de 6cm de espesor de concreto fc  175 kgcm2 y refuerzo enmallado con alambre de 14 como protección en techo se instalara cobertura de teja fibrocarbono en un área de 265 x 200m con acabados de tarrajeo en interiores con cemento arena y enchapado de cerámicos en ducha piso de cemento pulido frotachado y coloreado pinturas en interiores ventana con vidrio de sistema moduglas y puerta metálica con marco de fierro además contara con suministro e instalación de accesorios para el funcionamiento de ducha inodoro lavamanos e instalación de lavadero multiuso en exterior COMPONENTE 3 CAPACITACIÓN SOCIAL Y MITIGACIÓN AMBIENTAL capacitación en educación sanitaria hábitos de higiene y salubridad y organización,OPENSTREETMAP_NOMINATIM,APROXIMADA_DISTRITO,https://nominatim.openstreetmap.org,Coordenada referencial del distrito CARACOTO. No representa la ubicación exacta de la infraestructura.,COMPLETADO_APROXIMADO
2271867,OFICIAL_SANEAMIENTO,Clasificado oficialmente por el MEF en la función SANEAMIENTO,318982,"MEJORAMIENTO DE LOS SERVICIOS DE AGUA POTABLE Y SANEAMIENTO EN LAS COMUNIDADES DE MARIA OCCHILE Y COLLANA SAN SEBASTIAN, DISTRITO DE CALAPUJA - LAMPA - PUNO",PIP MAYOR (SNIP),GL,GOBIERNOS LOCALES,MUNICIPALIDAD DISTRITAL DE NICASIO,OPMI DE LA MUNICIPALIDAD DISTRITAL DE CALAPUJA,UF DE LA MUNICIPALIDAD DISTRITAL DE CALAPUJA,UEI DE LA MUNICIPALIDAD DISTRITAL DE CALAPUJA,301655,MUNICIPALIDAD DISTRITAL DE CALAPUJA,SANEAMIENTO,SANEAMIENTO,SANEAMIENTO RURAL,,ACTIVO,VIABLE,2015-04-24 00:00:00,2015-05-06 00:00:00,SNIP,1659639.0,2495935.88,0.0,0.0,0.0,263.22,NO,,,,,201707,201912,2495672.66,0.0,,0,,,SI,2495935.88,SI,Ejecución física (C),SI,NO,,98.37,,2018-08-01 00:00:00,2018-12-29 00:00:00,2018-12-07 00:00:00,2019-05-05 00:00:00,NO,NO,,,PUNO,LAMPA,CALAPUJA,210703,-15.3101475,-70.2217662,EL PROYECTO CONTEMPLA EN INSTALAR UNA INFRAESTRUCTURA DE SISTEMA DE AGUA POTABLE POZOS TIPO CAISSON CON ELECTROBOMBAS EL  POZO TIENE UN DIÁMETRO DE EXTERIOR DE 150 Y DIÁMETRO INTERIOR DE 120M TIPO CAISSON EL MURO CIRCULAR TIENE UN ESPESOR DE 015M LA ALTURA DEL POZO VARÍA ENTRE 940 A 960M INSTALACIÓN DE LETRINAS CON ARRASTRE HIDRÁULICO BIODIGESTORES ZANJAS DE INFILTRACIÓN SENSIBILIZACIÓN A LA POBLACIÓN CON CAMPAÑAS DE EDUCACIÓN SANITARIA CAPACITACIÓN AL PERSONAL TÉCNICO Y ADMINISTRATIVO,ADMINISTRACIÓN INDIRECTA - POR CONTRATA,NO,515,2026,0.0,0.0,EL PROYECTO CONTEMPLA EN INSTALAR UNA INFRAESTRUCTURA DE SISTEMA DE AGUA POTABLE POZOS TIPO CAISSON CON ELECTROBOMBAS EL  POZO TIENE UN DIÁMETRO DE EXTERIOR DE 150 Y DIÁMETRO INTERIOR DE 120M TIPO CAISSON EL MURO CIRCULAR TIENE UN ESPESOR DE 015M LA ALTURA DEL POZO VARÍA ENTRE 940 A 960M INSTALACIÓN DE LETRINAS CON ARRASTRE HIDRÁULICO BIODIGESTORES ZANJAS DE INFILTRACIÓN SENSIBILIZACIÓN A LA POBLACIÓN CON CAMPAÑAS DE EDUCACIÓN SANITARIA CAPACITACIÓN AL PERSONAL TÉCNICO Y ADMINISTRATIVO,OPENSTREETMAP_NOMINATIM,APROXIMADA_DISTRITO,https://nominatim.openstreetmap.org,Coordenada referencial del distrito CALAPUJA. No representa la ubicación exacta de la infraestructura.,COMPLETADO_APROXIMADO
2343069,OFICIAL_SANEAMIENTO,Clasificado oficialmente por el MEF en la función SANEAMIENTO,381763,MEJORAMIENTO Y AMPLIACION DEL SERVICIO DE AGUA POTABLE Y ALCANTARILLADO SANITARIO EN LA CIUDAD DE ILAVE - DISTRITO DE ILAVE - PROVINCIA DE EL COLLAO - DEPARTAMENTO DE PUNO,PROYECTO DE INVERSION,GL,GOBIERNOS LOCALES,MUNICIPALIDAD PROVINCIAL DE EL COLLAO,OPMI DE LA MUNICIPALIDAD PROVINCIAL DE EL COLLAO,UF DE LA MUNICIPALIDAD PROVINCIAL DE EL COLLAO,PROGRAMA NACIONAL DE SANEAMIENTO URBANO,301640,MUNICIPALIDAD PROVINCIAL EL COLLAO - ILAVE,SANEAMIENTO,SANEAMIENTO,SANEAMIENTO URBANO,SISTEMA DE SANEAMIENTO URBANO,ACTIVO,VIABLE,2018-02-18 00:00:00,2018-03-04 00:00:00,INVIERTE,126253651.63,130172926.48,0.0,0.0,0.0,129974045.68,SI,0.0,5000000.0,7000000.0,10000000.0,202106,202503,198880.8,0.0,,0,,,NO,130172926.48,SI,Ejecución física (C),SI,NO,,0.07,2026-08-11 16:25:02,2019-11-05 00:00:00,2026-12-29 00:00:00,2028-12-15 00:00:00,2030-12-15 00:00:00,NO,NO,,,PUNO,EL COLLAO,ILAVE,210501,-16.2344765,-69.6749664,Mejoramiento y Ampliación del Sistema de Agua potable a través de FUENTE SUPERFICIAL Rio que consiste en LA CONSTRUCCIÓN DE UNA PRESA HOMOGÉNEA CON PANTALLA DE CONCRETO con un Volumen de Embalse de 630 MMC una longitud total de L350 m y una altura de 55 m con un caudal promedio de 150 ls construcción de Planta de Tratamiento de Agua Potable PTAP de 150 ls línea de conducción de tubería PVC SAP CLASE 15 NORMA ISO 1452 DN500MM de 5620000 ml Reservorio Circular de 2000 m3 de capacidad para almacenamiento de agua potable redes de aducción y distribución de tubería PVC 7700000 m Sectorización del sistema de agua potable a través de la instalación de 55 unidades de válvulas de purga y aire 38 unidades de válvulas de control y 25 unidades de grifos contraincendios conexiones domiciliarias con instalación de 9221 cajas y medidores de agua D12 Mejoramiento y Ampliación del Sistema de alcantarillado sanitario consistente en Ampliación de la red colectora de alcantarillado sanitario en 3465311 ml con tubería PVC UF ISO 4435 DN200mm y 250 mm mejoramiento de la red colectora y emisor con tubería PVC UF ISO 4435 DN200mm a 630 mm de 4325689 ml ampliación de 677 buzones de altura variable 120  600 m mejoramiento de 450 buzones de altura variable de 120  500 m Instalación de 4 nuevas líneas de impulsión de aguas residuales de tubería PVC SAP CLASE 10 NORMA ISO 1452 DN160MM un total de 204000 metros 04 cámaras de bombeo nuevas de aguas residuales  capacitación al personal de la UGASS Ilave en temas de Gestión Operacional Gestión Comercial Planeamiento Gestión Presupuestal Gestión Administrativa Gestión de Recursos Humanos y estados Financieros implementación de Talleres de sensibilización a las familias que permita reducir el derroche y mal uso del agua fomentar adecuadas prácticas de higiene cumplimiento de pago de los servicios de agua y alcantarillado sanitario necesarios para la OM del sistema identificación y eliminación de instalaciones clandestinas entre otros,ADMINISTRACIÓN INDIRECTA - POR CONTRATA,NO,55226,2026,0.0,0.0,Mejoramiento y Ampliación del Sistema de Agua potable a través de FUENTE SUPERFICIAL Rio que consiste en LA CONSTRUCCIÓN DE UNA PRESA HOMOGÉNEA CON PANTALLA DE CONCRETO con un Volumen de Embalse de 630 MMC una longitud total de L350 m y una altura de 55 m con un caudal promedio de 150 ls construcción de Planta de Tratamiento de Agua Potable PTAP de 150 ls línea de conducción de tubería PVC SAP CLASE 15 NORMA ISO 1452 DN500MM de 5620000 ml Reservorio Circular de 2000 m3 de capacidad para almacenamiento de agua potable redes de aducción y distribución de tubería PVC 7700000 m Sectorización del sistema de agua potable a través de la instalación de 55 unidades de válvulas de purga y aire 38 unidades de válvulas de control y 25 unidades de grifos contraincendios conexiones domiciliarias con instalación de 9221 cajas y medidores de agua D12 Mejoramiento y Ampliación del Sistema de alcantarillado sanitario consistente en Ampliación de la red colectora de alcantarillado sanitario en 3465311 ml con tubería PVC UF ISO 4435 DN200mm y 250 mm mejoramiento de la red colectora y emisor con tubería PVC UF ISO 4435 DN200mm a 630 mm de 4325689 ml ampliación de 677 buzones de altura variable 120  600 m mejoramiento de 450 buzones de altura variable de 120  500 m Instalación de 4 nuevas líneas de impulsión de aguas residuales de tubería PVC SAP CLASE 10 NORMA ISO 1452 DN160MM un total de 204000 metros 04 cámaras de bombeo nuevas de aguas residuales  capacitación al personal de la UGASS Ilave en temas de Gestión Operacional Gestión Comercial Planeamiento Gestión Presupuestal Gestión Administrativa Gestión de Recursos Humanos y estados Financieros implementación de Talleres de sensibilización a las familias que permita reducir el derroche y mal uso del agua fomentar adecuadas prácticas de higiene cumplimiento de pago de los servicios de agua y alcantarillado sanitario necesarios para la OM del sistema identificación y eliminación de instalaciones clandestinas entre otros,OPENSTREETMAP_NOMINATIM,APROXIMADA_DISTRITO,https://nominatim.openstreetmap.org,Coordenada referencial del distrito ILAVE. No representa la ubicación exacta de la infraestructura.,COMPLETADO_APROXIMADO
2166011,OFICIAL_SANEAMIENTO,Clasificado oficialmente por el MEF en la función SANEAMIENTO,243018,"INSTALACION DE LETRINAS DE HOYO SECO EN LA PARCIALIDAD DE NINAKARKA DISTRITO DE HUANCANE, PROVINCIA DE HUANCANE - PUNO",PIP MENOR (SNIP),GL,GOBIERNOS LOCALES,MUNICIPALIDAD PROVINCIAL DE HUANCANE,OPMI DE LA MUNICIPALIDAD PROVINCIAL DE HUANCANE,UF DE LA MUNICIPALIDAD PROVINCIAL DE HUANCANE,UEI DE LA MUNICIPALIDAD PROVINCIAL DE HUANCANE,301645,MUNICIPALIDAD PROVINCIAL DE HUANCANE,SANEAMIENTO,SANEAMIENTO,SANEAMIENTO RURAL,,ACTIVO,VIABLE,2012-12-08 00:00:00,2012-12-08 00:00:00,SNIP,99196.97,99196.97,0.0,0.0,0.0,174.37,NO,,,,,201304,201310,99022.6,0.0,,0,,,SI,99196.97,SI,Aprobación de consistencia o modificaciones antes de la aprobación del ET o ET (A),NO,NO,,,,,,,,NO,SI,2019-11-29 19:07:53,Pendiente de liquidación,PUNO,HUANCANE,HUANCANE,210601,-15.1842883,-69.8235022,CONSTRUCCION DE 78 LETRINAS DE HOYO SECO TRANSPORTABLES CON TUBERIAS DE VENTILACION DE PVC CASETA DE PLANCHA GALVANIZADA TECHO  Y PUERTA DE CALAMINA GALVANIZADA,ADMINISTRACIÓN DIRECTA,NO,390,2026,0.0,0.0,CONSTRUCCION DE 78 LETRINAS DE HOYO SECO TRANSPORTABLES CON TUBERIAS DE VENTILACION DE PVC CASETA DE PLANCHA GALVANIZADA TECHO  Y PUERTA DE CALAMINA GALVANIZADA,OPENSTREETMAP_NOMINATIM,APROXIMADA_DISTRITO,https://nominatim.openstreetmap.org,Coordenada referencial del distrito HUANCANE. No representa la ubicación exacta de la infraestructura.,COMPLETADO_APROXIMADO
2307070,OFICIAL_SANEAMIENTO,Clasificado oficialmente por el MEF en la función SANEAMIENTO,345765,"MEJORAMIENTO DEL ABASTECIMIENTO DE AGUA POTABLE Y DISPOSICIÓN SANITARIA DE EXCRETAS EN LA PARCIALIDAD CENTRAL CHIARAQUE, DISTRITO DE JULI, PROVINCIA DE CHUCUITO - PUNO",PIP MENOR (SNIP),GL,GOBIERNOS LOCALES,MUNICIPALIDAD PROVINCIAL DE CHUCUITO - JULI,OPMI DE LA MUNICIPALIDAD PROVINCIAL DE CHUCUITO - JULI,UF DE LA MUNICIPALIDAD PROVINCIAL DE CHUCUITO - JULI,UEI DE LA MUNICIPALIDAD PROVINCIAL DE CHUCUITO - JULI,301633,MUNICIPALIDAD PROVINCIAL DE CHUCUITO - JULI,SANEAMIENTO,SANEAMIENTO,SANEAMIENTO RURAL,,ACTIVO,VIABLE,2016-01-12 00:00:00,2016-04-11 00:00:00,SNIP,331523.42,104958.27,0.0,0.0,0.0,66028.47,NO,,,,,201907,202106,38929.8,0.0,,0,,,SI,104958.27,SI,Ejecución física (C),SI,SI,87.96,85.48,2021-12-13 12:08:00,2018-09-01 00:00:00,2022-03-31 00:00:00,2019-07-01 00:00:00,2020-12-20 00:00:00,NO,NO,,,PUNO,CHUCUITO,JULI,210401,-16.310292,-69.5021872,INSTALACIÓN DE SISTEMA DE AGUA POTABLE POR GRAVEDAD CONSTRUCCIÓN DE LETRINAS CON ARRASTRE HIDRÁULICO  Y CAPACITACIÓN EN GESTIÓN ADMINISTRATIVA Y EDUCACIÓN SANITARIA,ADMINISTRACIÓN DIRECTA,NO,85,2026,0.0,0.0,INSTALACIÓN DE SISTEMA DE AGUA POTABLE POR GRAVEDAD CONSTRUCCIÓN DE LETRINAS CON ARRASTRE HIDRÁULICO  Y CAPACITACIÓN EN GESTIÓN ADMINISTRATIVA Y EDUCACIÓN SANITARIA,OPENSTREETMAP_NOMINATIM,APROXIMADA_DISTRITO,https://nominatim.openstreetmap.org,Coordenada referencial del distrito JULI. No representa la ubicación exacta de la infraestructura.,COMPLETADO_APROXIMADO
2195360,OFICIAL_SANEAMIENTO,Clasificado oficialmente por el MEF en la función SANEAMIENTO,245049,"MEJORAMIENTO DEL SERVICIO DE AGUA POTABLE Y SANEAMIENTO  EN LA PARTE ALTA DE LA COMUNIDAD DE ANCOHAQUE QUILCANI DEL DISTRITO DE JULI, PROVINCIA DE CHUCUITO - PUNO",PIP MAYOR (SNIP),GL,GOBIERNOS LOCALES,MUNICIPALIDAD PROVINCIAL DE CHUCUITO - JULI,OPMI DE LA MUNICIPALIDAD PROVINCIAL DE CHUCUITO - JULI,UF DE LA MUNICIPALIDAD PROVINCIAL DE CHUCUITO - JULI,UEI DE LA MUNICIPALIDAD PROVINCIAL DE CHUCUITO - JULI,301633,MUNICIPALIDAD PROVINCIAL DE CHUCUITO - JULI,SANEAMIENTO,SANEAMIENTO,SANEAMIENTO RURAL,,ACTIVO,VIABLE,2013-11-11 00:00:00,2014-09-15 00:00:00,SNIP,1453370.0,1567005.65,0.0,0.0,0.0,20245.95,SI,10783.0,0.0,0.0,0.0,201610,202602,1529623.7,10783.34,0.0,17136,17135.34,17135.34,SI,1567005.65,SI,Ejecución física (C),SI,SI,100.0,99.48,2026-03-19 17:43:13,2016-10-01 00:00:00,2026-05-13 00:00:00,2016-10-01 00:00:00,2026-05-13 00:00:00,NO,NO,,,PUNO,CHUCUITO,JULI,210401,-16.310292,-69.5021872,Renovación del sistema de Agua Potable la Instalación de Letrinas con Arrastre Hidráulico capacitación a los beneficiarios sobre educación sanitaria y Capacitación al Personal Técnico y Administrativa,ADMINISTRACIÓN DIRECTA,NO,294,2026,0.0,0.0,Renovación del sistema de Agua Potable la Instalación de Letrinas con Arrastre Hidráulico capacitación a los beneficiarios sobre educación sanitaria y Capacitación al Personal Técnico y Administrativa,OPENSTREETMAP_NOMINATIM,APROXIMADA_DISTRITO,https://nominatim.openstreetmap.org,Coordenada referencial del distrito JULI. No representa la ubicación exacta de la infraestructura.,COMPLETADO_APROXIMADO
2053284,OFICIAL_SANEAMIENTO,Clasificado oficialmente por el MEF en la función SANEAMIENTO,39027,MEJORAMIENTO DE MEDIDAS DE RÁPIDO IMPACTO DE LA ENTIDAD PRESTADORA DE SERVICIOS DE SANEAMIENTO DE JULIACA ¿ EPS SEDAJULIACA S.A. EN LOS DISTRITOS DE JULIACA Y SAN MIGUEL DE LA  PROVINCIA DE SAN ROMAN - DEPARTAMENTO DE PUNO,PROYECTO DE INVERSION,GL,GOBIERNOS LOCALES,MUNICIPALIDAD PROVINCIAL DE SAN ROMAN,OPMI DE LA MUNICIPALIDAD PROVINCIAL DE SAN ROMAN,UF DE LA MUNICIPALIDAD PROVINCIAL DE SAN ROMAN,UEI DE LA EPS SEDA JULIACA SA,500147,ENTIDAD PRESTADORA DE SANEAMIENTO DE JULIACA S.A.,SANEAMIENTO,SANEAMIENTO,SANEAMIENTO URBANO,SISTEMA DE SANEAMIENTO URBANO,ACTIVO,VIABLE,2018-05-16 00:00:00,2018-06-08 00:00:00,INVIERTE,87342968.7,150285024.67,0.0,0.0,0.0,55111644.67,SI,24409419.0,36148416.0,24799975.0,0.0,201812,202607,70616727.0,995389.72,0.0,24556653,0.0,0.0,SI,122892616.25,SI,Ejecución física (C),SI,SI,23.58,21.24,2026-06-03 09:34:30,2019-08-01 00:00:00,2028-01-31 00:00:00,2022-01-10 00:00:00,2027-01-30 00:00:00,NO,NO,,,PUNO,SAN ROMAN,JULIACA,211101,-15.4932314,-70.1356177,AMEJORAMIENTO DE LA CAPTACION Y DE LA PTAP AYABACASProfundizar y Cambio de las tuberías 02 de la Captación N 02Mejoramiento del árbol de descarga de la cisterna de la captación 02Construcción de un sedimentador de pantallas con placas paralelas para un caudal de 360 lsConstrucción de 03 canales de mezcla rápidaConstrucción de 04 filtros a presiónMejoras en la sala de dosificación de coagulantesConstrucción de Cisterna de 377 m3 incluida la instalación de una caseta y equipos de bombeo que permitirá impulsar el flujo de agua a los nuevos filtros a presión y a los existentesConstrucción de Cisterna de 25 m3 incluida caseta y equipos de bombeo para impulsar el flujo de agua a la nueva caseta  de  cloraciónConstrucción de una nueva caseta de cloraciónCambio de manto de lodos en las dos unidades compactas patentadosConstrucción de cisterna de agua tratada de 1100 m2Cambio de lechos filtrantes en filtros convencionales toberas y la galería de tuberías y válvulas de la línea que permita la salida del flujo de agua filtradoRed de colectores para colectar agua de lavado de las estructuras nuevas y existentes a mantenerConstrucción de Cámara de lodos de 240 m3 de capacidad incluye caseta y equipos de bombeo y agitadores en cámara de recojo de lodosConstrucción de una planta de tratamiento de lodos que tratará 25 lsAmpliación del taller electromecánicoLíneas de impulsión de DN350mm hacia el REP01 y REE06 respectivamenteBSECTORIZACIONConstrucción de 02 nuevos reservorios Apoyado RAP01 de 1450 m3 de capacidad y Elevado REP01 de 2000 m3 de capacidadCambio de caseta de los reservorios existentes apoyados RAE02 y RAE05Mejoramiento del Reservorio Elevado Existente Elevado REE01 de 510 m3 de capacidadLa instalación de troncales estratégicas un total de 711 km con diámetros de DN 600 a 200 mmLa construcción de cámaras de derivación 07 unid y macromedición 10 unid hacia los sectores proyectadosLa Sectorización con la conformación de diez sectores hidráulicosRehabilitación de la red de distribución en los sectores del PMRI IIInstalación de 2032 Km de tuberías DN 90mm  DN160mm en la red de distribución de los sectores propuestos del PMRI IIInstalación de 1001 km Las tuberías de refuerzo en las zonas no consideradas en el PMRI II con diámetros que varían de  DN 110 mm hasta DN 350 de PVC y GRPInstalación de 2567 conexiones domiciliarias  factibles y potenciales de agua potableRehabilitación de 12379 conexiones domiciliarias de agua potable que incluye el cambio y la instalación de medidores domiciliariosCIMPLEMENTACIÓN DE LA MICROMEDICIÓNComprende el suministro e instalación de micromedidores de agua y pruebas de laboratorio según especificaciones con un total de 13727 micromedidores de aguaSe ha previsto también realizar1Programa de Monitoreo Arqueológico2Programa de Mitigación Ambiental3Adquisición de terrenos,"ADMINISTRACIÓN INDIRECTA - POR CONTRATA,ADMINISTRACIÓN DIRECTA",NO,126073,2026,0.0,0.0,AMEJORAMIENTO DE LA CAPTACION Y DE LA PTAP AYABACASProfundizar y Cambio de las tuberías 02 de la Captación N 02Mejoramiento del árbol de descarga de la cisterna de la captación 02Construcción de un sedimentador de pantallas con placas paralelas para un caudal de 360 lsConstrucción de 03 canales de mezcla rápidaConstrucción de 04 filtros a presiónMejoras en la sala de dosificación de coagulantesConstrucción de Cisterna de 377 m3 incluida la instalación de una caseta y equipos de bombeo que permitirá impulsar el flujo de agua a los nuevos filtros a presión y a los existentesConstrucción de Cisterna de 25 m3 incluida caseta y equipos de bombeo para impulsar el flujo de agua a la nueva caseta  de  cloraciónConstrucción de una nueva caseta de cloraciónCambio de manto de lodos en las dos unidades compactas patentadosConstrucción de cisterna de agua tratada de 1100 m2Cambio de lechos filtrantes en filtros convencionales toberas y la galería de tuberías y válvulas de la línea que permita la salida del flujo de agua filtradoRed de colectores para colectar agua de lavado de las estructuras nuevas y existentes a mantenerConstrucción de Cámara de lodos de 240 m3 de capacidad incluye caseta y equipos de bombeo y agitadores en cámara de recojo de lodosConstrucción de una planta de tratamiento de lodos que tratará 25 lsAmpliación del taller electromecánicoLíneas de impulsión de DN350mm hacia el REP01 y REE06 respectivamenteBSECTORIZACIONConstrucción de 02 nuevos reservorios Apoyado RAP01 de 1450 m3 de capacidad y Elevado REP01 de 2000 m3 de capacidadCambio de caseta de los reservorios existentes apoyados RAE02 y RAE05Mejoramiento del Reservorio Elevado Existente Elevado REE01 de 510 m3 de capacidadLa instalación de troncales estratégicas un total de 711 km con diámetros de DN 600 a 200 mmLa construcción de cámaras de derivación 07 unid y macromedición 10 unid hacia los sectores proyectadosLa Sectorización con la conformación de diez sectores hidráulicosRehabilitación de la red de distribución en los sectores del PMRI IIInstalación de 2032 Km de tuberías DN 90mm  DN160mm en la red de distribución de los sectores propuestos del PMRI IIInstalación de 1001 km Las tuberías de refuerzo en las zonas no consideradas en el PMRI II con diámetros que varían de  DN 110 mm hasta DN 350 de PVC y GRPInstalación de 2567 conexiones domiciliarias  factibles y potenciales de agua potableRehabilitación de 12379 conexiones domiciliarias de agua potable que incluye el cambio y la instalación de medidores domiciliariosCIMPLEMENTACIÓN DE LA MICROMEDICIÓNComprende el suministro e instalación de micromedidores de agua y pruebas de laboratorio según especificaciones con un total de 13727 micromedidores de aguaSe ha previsto también realizar1Programa de Monitoreo Arqueológico2Programa de Mitigación Ambiental3Adquisición de terrenos,OPENSTREETMAP_NOMINATIM,APROXIMADA_DISTRITO,https://nominatim.openstreetmap.org,Coordenada referencial del distrito JULIACA. No representa la ubicación exacta de la infraestructura.,COMPLETADO_APROXIMADO
2168876,OFICIAL_SANEAMIENTO,Clasificado oficialmente por el MEF en la función SANEAMIENTO,169888,"CONSTRUCCIÓN DEL SISTEMA DE AGUA POTABLE Y SANEAMIENTO BÁSICO DE LA LOCALIDAD DE ANANSAYA, DISTRITO DE NICASIO, PROVINCIA LAMPA, DEPARTAMENTO DE PUNO.",PIP MAYOR (SNIP),GN,"VIVIENDA, CONSTRUCCION Y SANEAMIENTO","MINISTERIO DE VIVIENDA, CONSTRUCCION Y SANEAMIENTO",,PROGRAMA AGUA PARA TODOS - PRONASAR,,1085,PROGRAMA NACIONAL DE SANEAMIENTO URBANO,SANEAMIENTO,SANEAMIENTO,SANEAMIENTO RURAL,,ACTIVO,VIABLE,2010-12-01 00:00:00,2010-12-20 00:00:00,SNIP,477389.0,455831.67,0.0,0.0,0.0,455831.67,NO,,,,,,,0.0,0.0,,0,,,SI,455831.67,NO,,NO,NO,,,,,,,,NO,NO,,,PUNO,LAMPA,NICASIO,210704,-15.2248138,-70.2863668,SISTEMA DE AGUA POTABLECaptaciónConstrucción de 03 captaciones con un caudal total de 031 ltseg el cual cubre la demanda de la población hasta el final del proyecto Línea de ConducciónSe plantea tres líneas de conducción que conducirá el caudal de las tres captaciones las cuales se unen en una cámara de reunión y conducen el recurso hídrico hasta el reservorio actual de 1640 m3 mediante una línea de conducción de 58141 ml de tubería PVC C10 de diámetros  y 1 Almacenamiento Rehabilitación del reservorio actual de 164m3 y la construcción del cerco de protección  el cual estará provisto de caseta o caja de válvulas con sus accesorios para ingreso salida de agua así también rebose y limpieza además de bypass y cerco perimétricoLínea de Aducción y Redes de DistribuciónSe plantea la instalación de una línea de aducción y una red de distribución de 627756 m de tuberías PVC SAP C75 a C10 distribuidos de la siguiente manera118054 m tubería PVC C10 de Ø201711 m tubería PVC C10 de Ø204903 m tubería PVC C10 de Ø1103088 m tubería PVC C75 de Ø1Además se proyecta instalar 5 válvulas de purga y 8 válvulas de control o sectorizaciónConexiones Domiciliarias Instalación de 57 conexiones domiciliarias de las cuales 55 son para viviendas y 02 son para las instituciones Educativas  Construcción de 59 lavaderos de los cuales 55 son para familias y 4 para las 2 instituciones Educativas SANEAMIENTO BASICO Cconstrucción de 59 letrinas compostera de doble cámara cada una correspondiente a las viviendas 55 y 4 a las institucionesLas UBS compostera consta de una caseta elevada tubería de ventilación losa soporte y deposito de almacenamiento de orina cámaras de compostaje de dos unidades ubicadas debajo de la casetaASPECTO SOCIALPrograma de Educación Sanitaria a las familias Plan de Capacitación sobre Operación y Mantenimiento del Sistema a la JASS y Fortalecimiento de Capacidades al Gobierno Local,,NO,315,2026,0.0,0.0,SISTEMA DE AGUA POTABLECaptaciónConstrucción de 03 captaciones con un caudal total de 031 ltseg el cual cubre la demanda de la población hasta el final del proyecto Línea de ConducciónSe plantea tres líneas de conducción que conducirá el caudal de las tres captaciones las cuales se unen en una cámara de reunión y conducen el recurso hídrico hasta el reservorio actual de 1640 m3 mediante una línea de conducción de 58141 ml de tubería PVC C10 de diámetros  y 1 Almacenamiento Rehabilitación del reservorio actual de 164m3 y la construcción del cerco de protección  el cual estará provisto de caseta o caja de válvulas con sus accesorios para ingreso salida de agua así también rebose y limpieza además de bypass y cerco perimétricoLínea de Aducción y Redes de DistribuciónSe plantea la instalación de una línea de aducción y una red de distribución de 627756 m de tuberías PVC SAP C75 a C10 distribuidos de la siguiente manera118054 m tubería PVC C10 de Ø201711 m tubería PVC C10 de Ø204903 m tubería PVC C10 de Ø1103088 m tubería PVC C75 de Ø1Además se proyecta instalar 5 válvulas de purga y 8 válvulas de control o sectorizaciónConexiones Domiciliarias Instalación de 57 conexiones domiciliarias de las cuales 55 son para viviendas y 02 son para las instituciones Educativas  Construcción de 59 lavaderos de los cuales 55 son para familias y 4 para las 2 instituciones Educativas SANEAMIENTO BASICO Cconstrucción de 59 letrinas compostera de doble cámara cada una correspondiente a las viviendas 55 y 4 a las institucionesLas UBS compostera consta de una caseta elevada tubería de ventilación losa soporte y deposito de almacenamiento de orina cámaras de compostaje de dos unidades ubicadas debajo de la casetaASPECTO SOCIALPrograma de Educación Sanitaria a las familias Plan de Capacitación sobre Operación y Mantenimiento del Sistema a la JASS y Fortalecimiento de Capacidades al Gobierno Local,OPENSTREETMAP_NOMINATIM,APROXIMADA_DISTRITO,https://nominatim.openstreetmap.org,Coordenada referencial del distrito NICASIO. No representa la ubicación exacta de la infraestructura.,COMPLETADO_APROXIMADO
2189341,OFICIAL_SANEAMIENTO,Clasificado oficialmente por el MEF en la función SANEAMIENTO,253805,"MEJORAMIENTO Y AMPLIACIÓN DE LOS SERVICIOS DE AGUA POTABLE Y DISPOSICIÓN SANITARIA DE EXCRETAS  DE LA COMUNIDAD CAMPESINA DE MOCARAYA, CENTRO  POBLADO CCAPALLA, DISTRITO DE ACORA, PUNO - PUNO.",PIP MAYOR (SNIP),GR,GOBIERNOS REGIONALES,GOBIERNO REGIONAL PUNO,OPMI DEL GOBIERNO REGIONAL PUNO,UF DE LA GOBIERNO REGIONAL PUNO,UEI DEL PROGRAMA NACIONAL DE SANEAMIENTO RURAL,1443,PROGRAMA NACIONAL DE SANEAMIENTO RURAL,SANEAMIENTO,SANEAMIENTO,SANEAMIENTO RURAL,,ACTIVO,VIABLE,2013-03-18 00:00:00,2013-07-08 00:00:00,SNIP,2602805.0,1598182.7,0.0,0.0,0.0,1554197.04,NO,,,,,201403,201501,43985.66,0.0,,0,,,SI,1659874.41,SI,Ejecución física (C),SI,SI,100.0,100.0,2026-06-09 12:07:03,2013-07-09 00:00:00,2017-07-31 00:00:00,2013-07-09 00:00:00,2017-07-31 00:00:00,NO,SI,2026-07-14 16:59:01,Pendiente de liquidación,PUNO,PUNO,ACORA,210102,-16.2723754,-69.9035444,CONSTRUCCIÓN DE UNA 01 NUEVA ESTRUCTURA DE CAPTACIÓN TIPO POZO PERFORADO SIENDO EL NOMBRE DE LA FUENTE MANANTIAL DE LADERA KORAPHUJO PARA 85 VIVIENDAS DOMÉSTICAS 01 ESTATAL Y 04 SOCIALES INSTALACIÓN DE LA LÍNEA DE IMPULSION PVC DE LONGITUD DE 25034 ML IMPLEMENTACIÓN DEL SISTEMA DE DESINFECCIÓN EN EL RESERVORIO PROYECTADO CONSTRUCCIÓN DE UN RESERVORIO APOYADO DE 15 M3 CON CAPACIDAD PARA ABASTECER DE AGUA A TODA LA COMUNIDAD PARA 90 VIVIENDAS INSTALACIÓN DE LA LÍNEA DE ADUCCIÓN PVC DE LONGITUD DE  7128 ML  INSTALACIÓN DE TUBERÍAS PARA LAS REDES DE DISTRIBUCIÓN PVC 1181424 ML E INSTALACIÓN DE CONEXIONES INTRADOMICILIARIAS INCLUYE LAVADERO Y POZO DE DRENAJE PARA 90 VIVIENDAS HABITADAS INSTALACIÓN DE CATORCE 14 VÁLVULAS DE CONTROL Y DIEZ 10 VÁLVULAS DE PURGA EN LAS REDES DE DISTRIBUCIÓN IMPLEMENTACIÓN DE UNIDAD BÁSICA DE SANEAMIENTOS TIPO UBS 91 UBS CON BIODIGESTOR Y ZANJA DE INFILTRACIÓN PROGRAMA DE FORTALECIMIENTO Y CAPACITACIÓN DE LA ATM Y JASS IMPLEMENTACIÓN DE UNA EDUCACIÓN SANITARIA EN PRÁCTICAS DE HIGIENE IMPLEMENTAR UN PROGRAMA DE CAPACITACIÓN PARA OPERACIÓN Y MANTENIMIENTO DE LAS UBS,ADMINISTRACIÓN INDIRECTA - POR CONTRATA,NO,224,2026,0.0,0.0,CONSTRUCCIÓN DE UNA 01 NUEVA ESTRUCTURA DE CAPTACIÓN TIPO POZO PERFORADO SIENDO EL NOMBRE DE LA FUENTE MANANTIAL DE LADERA KORAPHUJO PARA 85 VIVIENDAS DOMÉSTICAS 01 ESTATAL Y 04 SOCIALES INSTALACIÓN DE LA LÍNEA DE IMPULSION PVC DE LONGITUD DE 25034 ML IMPLEMENTACIÓN DEL SISTEMA DE DESINFECCIÓN EN EL RESERVORIO PROYECTADO CONSTRUCCIÓN DE UN RESERVORIO APOYADO DE 15 M3 CON CAPACIDAD PARA ABASTECER DE AGUA A TODA LA COMUNIDAD PARA 90 VIVIENDAS INSTALACIÓN DE LA LÍNEA DE ADUCCIÓN PVC DE LONGITUD DE  7128 ML  INSTALACIÓN DE TUBERÍAS PARA LAS REDES DE DISTRIBUCIÓN PVC 1181424 ML E INSTALACIÓN DE CONEXIONES INTRADOMICILIARIAS INCLUYE LAVADERO Y POZO DE DRENAJE PARA 90 VIVIENDAS HABITADAS INSTALACIÓN DE CATORCE 14 VÁLVULAS DE CONTROL Y DIEZ 10 VÁLVULAS DE PURGA EN LAS REDES DE DISTRIBUCIÓN IMPLEMENTACIÓN DE UNIDAD BÁSICA DE SANEAMIENTOS TIPO UBS 91 UBS CON BIODIGESTOR Y ZANJA DE INFILTRACIÓN PROGRAMA DE FORTALECIMIENTO Y CAPACITACIÓN DE LA ATM Y JASS IMPLEMENTACIÓN DE UNA EDUCACIÓN SANITARIA EN PRÁCTICAS DE HIGIENE IMPLEMENTAR UN PROGRAMA DE CAPACITACIÓN PARA OPERACIÓN Y MANTENIMIENTO DE LAS UBS,OPENSTREETMAP_NOMINATIM,APROXIMADA_DISTRITO,https://nominatim.openstreetmap.org,Coordenada referencial del distrito ACORA. No representa la ubicación exacta de la infraestructura.,COMPLETADO_APROXIMADO
2189458,OFICIAL_SANEAMIENTO,Clasificado oficialmente por el MEF en la función SANEAMIENTO,267883,"MEJORAMIENTO Y AMPLIACION DE LOS SERVICIOS DE AGUA POTABLE Y DISPOSICION SANITARIA DE EXCRETAS EN LOS SECTORES SALLUYO Y SAN FRANCISCO DE LA COMUNIDAD CAMPESINA JAQUEHUAYTAHUI, DISTRITO POMATA- CHUCUITO - PUNO",PIP MAYOR (SNIP),GR,GOBIERNOS REGIONALES,GOBIERNO REGIONAL PUNO,OPMI DEL GOBIERNO REGIONAL PUNO,UF DE LA GOBIERNO REGIONAL PUNO,UEI DEL PROGRAMA NACIONAL DE SANEAMIENTO RURAL,1443,PROGRAMA NACIONAL DE SANEAMIENTO RURAL,SANEAMIENTO,SANEAMIENTO,SANEAMIENTO RURAL,,ACTIVO,VIABLE,2013-07-18 00:00:00,2013-09-05 00:00:00,SNIP,3112849.0,3966836.86,0.0,0.0,159560.72,762549.81,SI,10000.0,30000.0,100110.53,0.0,201403,202607,3196287.05,5400.0,10000.0,8000,8000.0,8000.0,SI,3065776.66,SI,Ejecución física (C),SI,SI,100.0,96.55,2024-07-03 15:08:18,2013-09-06 00:00:00,2028-08-01 00:00:00,2017-05-16 00:00:00,2020-10-06 00:00:00,NO,NO,,,PUNO,CHUCUITO,POMATA,210406,-16.3694998,-69.2947975,COMPONENTE 01 ADECUADO SERVICIO DE AGUA POTABLE    CONSTRUCCIÓN DE POZO EXCAVADO TIPO CAISSON 15 M DE DIÁMETRO H12M  CASETA DE BOMBEO Y EQUIPAMIENTO DE POZO EXCAVADO PROFUNDO QB30 LS H LÍNEA DE IMPULSIÓN PROYECTADA DE DN 2 PVC CLASE  75 KGCM2 100 M  DT35 M  CONSTRUCCIÓN DE RESERVORIO ELEVADO DE 25 M3 DE CAPACIDAD 10 M ALTURA DE FUSTE INCLUYE INSTALACIONES HIDRÁULICAS Y CERCO PERIMÉTRICO  HIPOCLORADORES DE FLUJO DIFUSOR  SUMINISTRO E INSTALACIÓN DE TUBERÍA DE DN 2  C75 DN 1 12  C75 DN 1  C75 DN 34 C75 DN 12 C75 EN RED PROYECTADA  CONEXIÓN DE AGUA DE 12 CON CAJA DE PASO PARA VÁLVULA DE CIERRE INCLUYE LAVADERO SIMPLE DE DOS CUERPOS Y DOS GRIFOS DE SALIDA DE AGUA 104 UNIDADES  IMPLEMENTACIÓN DE UN PROGRAMA DE MITIGACIÓN E IMPACTO AMBIENTAL  COMPONENTE 02 ADECUADO SERVICIO DE DISPOSICIÓN SANITARIA DE EXCRETAS    INSTALACIÓN DE 105 UNIDADES BÁSICAS DE SANEAMIENTO DE TIPO SIN ARRASTRE HIDRAULICO Y SISTEMAS DE TRATAMIENTO  INSTALACIÓN DE 105 ZANJAS DE PERCOLACIÓN   COMPONENTE 03 CAPACIDADES DE GESTIÓN ADMINISTRACIÓN OPERACIÓN Y MANTENIMIENTO DE LOS SISTEMAS    CAPACITACIÓN DEL PERSONAL PARA OPERACIÓN Y MANTENIMIENTO DE LOS SISTEMAS DE SANEAMIENTO  CAPACITACIÓN DEL PERSONAL PARA LA ADMINISTRACIÓN DEL SERVICIO DE AGUA Y FORTALECER LA JASS  COMPONENTE 04 PROGRAMA DE FORTALECIMIENTO DE CAPACIDADES PARA LA POBLACIÓN    CAPACITAR  Y SENSIBILIZAR A LA POBLACIÓN EN HÁBITOS DE HIGIENE USO Y CUIDADO DEL SISTEMA DE AGUA  CAPACITACIÓN A LOS BENEFICIARIOS DEL PROYECTO EN OPERACIÓN Y MANTENIMIENTO DE LAS UNIDADES BÁSICAS DE SANEAMIENTO,ADMINISTRACIÓN INDIRECTA - POR CONTRATA,NO,341,2026,0.0,0.0,COMPONENTE 01 ADECUADO SERVICIO DE AGUA POTABLE    CONSTRUCCIÓN DE POZO EXCAVADO TIPO CAISSON 15 M DE DIÁMETRO H12M  CASETA DE BOMBEO Y EQUIPAMIENTO DE POZO EXCAVADO PROFUNDO QB30 LS H LÍNEA DE IMPULSIÓN PROYECTADA DE DN 2 PVC CLASE  75 KGCM2 100 M  DT35 M  CONSTRUCCIÓN DE RESERVORIO ELEVADO DE 25 M3 DE CAPACIDAD 10 M ALTURA DE FUSTE INCLUYE INSTALACIONES HIDRÁULICAS Y CERCO PERIMÉTRICO  HIPOCLORADORES DE FLUJO DIFUSOR  SUMINISTRO E INSTALACIÓN DE TUBERÍA DE DN 2  C75 DN 1 12  C75 DN 1  C75 DN 34 C75 DN 12 C75 EN RED PROYECTADA  CONEXIÓN DE AGUA DE 12 CON CAJA DE PASO PARA VÁLVULA DE CIERRE INCLUYE LAVADERO SIMPLE DE DOS CUERPOS Y DOS GRIFOS DE SALIDA DE AGUA 104 UNIDADES  IMPLEMENTACIÓN DE UN PROGRAMA DE MITIGACIÓN E IMPACTO AMBIENTAL  COMPONENTE 02 ADECUADO SERVICIO DE DISPOSICIÓN SANITARIA DE EXCRETAS    INSTALACIÓN DE 105 UNIDADES BÁSICAS DE SANEAMIENTO DE TIPO SIN ARRASTRE HIDRAULICO Y SISTEMAS DE TRATAMIENTO  INSTALACIÓN DE 105 ZANJAS DE PERCOLACIÓN   COMPONENTE 03 CAPACIDADES DE GESTIÓN ADMINISTRACIÓN OPERACIÓN Y MANTENIMIENTO DE LOS SISTEMAS    CAPACITACIÓN DEL PERSONAL PARA OPERACIÓN Y MANTENIMIENTO DE LOS SISTEMAS DE SANEAMIENTO  CAPACITACIÓN DEL PERSONAL PARA LA ADMINISTRACIÓN DEL SERVICIO DE AGUA Y FORTALECER LA JASS  COMPONENTE 04 PROGRAMA DE FORTALECIMIENTO DE CAPACIDADES PARA LA POBLACIÓN    CAPACITAR  Y SENSIBILIZAR A LA POBLACIÓN EN HÁBITOS DE HIGIENE USO Y CUIDADO DEL SISTEMA DE AGUA  CAPACITACIÓN A LOS BENEFICIARIOS DEL PROYECTO EN OPERACIÓN Y MANTENIMIENTO DE LAS UNIDADES BÁSICAS DE SANEAMIENTO,OPENSTREETMAP_NOMINATIM,APROXIMADA_DISTRITO,https://nominatim.openstreetmap.org,Coordenada referencial del distrito POMATA. No representa la ubicación exacta de la infraestructura.,COMPLETADO_APROXIMADO
2330428,OFICIAL_SANEAMIENTO,Clasificado oficialmente por el MEF en la función SANEAMIENTO,368249,"MEJORAMIENTO Y AMPLIACIÓN DEL SERVICIO DE AGUA POTABLE Y SANEAMIENTO BASICO EN LA COMUNIDAD CAMPESINA DE RIO ARENALES, DISTRITO DE KELLUYO - CHUCUITO - PUNO",PIP MAYOR (SNIP),GL,GOBIERNOS LOCALES,MUNICIPALIDAD DISTRITAL DE KELLUYO,OPMI DE LA MUNICIPALIDAD DISTRITAL DE KELLUYO,UF DE LA MUNICIPALIDAD DISTRITAL DE KELLUYO,UEI DE LA MUNICIPALIDAD DISTRITAL DE KELLUYO,301636,MUNICIPALIDAD DISTRITAL DE KELLUYO,SANEAMIENTO,SANEAMIENTO,SANEAMIENTO RURAL,,ACTIVO,VIABLE,2016-09-13 00:00:00,2016-11-15 00:00:00,SNIP,1582585.0,1626751.19,0.0,0.0,0.0,1626751.19,SI,0.0,500000.0,150000.0,500000.0,,,0.0,0.0,,0,,,SI,1074249.82,SI,Ejecución física (C),SI,SI,66.75,49.05,2026-02-27 00:21:14,2018-06-25 00:00:00,2031-12-31 00:00:00,2018-06-25 00:00:00,2031-12-31 00:00:00,NO,NO,,,PUNO,CHUCUITO,KELLUYO,210404,-16.7270638,-69.2499805,COMPONENTES 1 AGUA POTABLE CONSISTE  EN  LA CONSTRUCCIÓN DE 01 UND CAPTACIÓN DE POZO PERFORADO TIPO TUBULAR CONSTRUCCIÓN DE 01 UND DE  CASETA DE BOMBEO PARA ELECTROBOMBA INSTALACIÓN DE TUBERÍA DE  LÍNEA DE IMPULSIÓN DE TUBERÍA PVC SAP CLASE 15   DE UNA LONGITUD DE L 16038 ML 01 UND DE RESERVORIO DE  ALMACENAMIENTO DE 1000 M3 01 UND DE CASETA DE VÁLVULAS INSTALACIÓN DE  TUBERÍA DE LA RED DE DISTRIBUCIÓN TUBERÍAS DE PVC CLASE 10   CON UNA LONGITUD TOTAL DE L 650691 ML 04 UND DE CAJA DE VÁLVULAS DE PURGA 04 UND DE CAJA VÁLVULAS DE COMPUERTA 02 UND DE VÁLVULAS DE AIRE   INSTALACIÓN DE 7000 ML CRUCE DE RIO TIPO SIFÓN RIACHUELOS  30 MLDE CRUCE DE CARRETERA  Y 52 CONEXIONES DOMICILIARIAS  COMPONENTE 2 INSTALACIÓN DE UBS  SE INSTALARA 51 UND UNIDADES BÁSICAS DE SANEAMIENTO UBS DOMICILIARIAS CON ARRASTRE HIDRÁULICO CONSTRUCCIÓN DE MURO DE LADRILLO Y TECHOS DE TEJA CALAMINA GALVANIZADA INSTALACIÓN DE TANQUE BIODIGESTOR AUTOLIMPIABLE DE 600 A 700 LTS INCLUIDOS LAVATORIOS EXTERIOR  Y 01 MÓDULO DE UBS PARA INSTITUCIÓN EDUCATIVA INCLUIDOS LAVATORIOS EXTERIORES51UND UBS DOMICILIARIAS Y 01 UND UBS PARA INSTITUCIÓN EDUCATIVA TOTAL 52 UND DE UBS  COMPONENTE 3 CAPACITACIÓN Y ACCIONES DE MITIGACIÓN AMBIENTAL PLAN DE COMUNICACIÓN  Y EDUCACIÓN SANITARIA FASE DE INVERSIÓN  CONSISTE EN REALIZAR ACTIVIDADES DE PROMOCIÓN LA ELABORACIÓN DE LÍNEA BASE PRESENTACIÓN DEL PROYECTO RECONOCIMIENTO DEL JASS TALLER DE IMPORTANCIA DE LA ORGANIZACIÓN Y PARTICIPACIÓN CIUDADANA  PLAN DE COMUNICACIÓN Y EDUCACIÓN SANITARIA FASE DE POST INVERSIÓN  CONSISTE EN REALIZAR ACTIVIDADES MEDIANTE TALLERES DE PROMOCIÓN CAPACITACIÓN EN ORGANIZACIÓN Y PARTICIPACIÓN CIUDADANA IMPORTANCIA DEL AGUA HIGIENE Y SALUD HÁBITOS E HIGIENE EN NIÑOS ADULTOS PREVENCIÓN DE ENFERMEDADES DE ORIGEN HÍDRICO CLORACIÓN Y DESINFECCIÓN  PLAN DE CAPACITACIÓN PARA LA GESTIÓN DEL SERVICIO  FASE DE POST INVERSIÓN FORTALECIMIENTO PARA LA GESTIÓN DE SERVICIO   CONSISTE EN REALIZAR ACTIVIDADES  DE PROMOCIÓN CAPACITACIÓN  EN CONSERVACIÓN DE AGUA HÁBITOS DE HIGIENE Y SEGUIMIENTO A LAS FAMILIAS GESTIÓN DE RIESGOS Y ATENCIÓN DE EMERGENCIAS EN EDUCACIÓN PARA LA HIGIENES Y LA SALUD CAMPAÑAS DE SALUD EN INSTITUCIONES EDUCATIVAS Y   MEDIDAS DE MITIGACIÓN DE IMPACTO AMBIENTAL CONSISTE EN REALIZA ACCIONES DE MITIGACIÓN DE IMPACTO AMBIENTAL DEL PROYECTO,ADMINISTRACIÓN INDIRECTA - POR CONTRATA,NO,335,2026,0.0,0.0,COMPONENTES 1 AGUA POTABLE CONSISTE  EN  LA CONSTRUCCIÓN DE 01 UND CAPTACIÓN DE POZO PERFORADO TIPO TUBULAR CONSTRUCCIÓN DE 01 UND DE  CASETA DE BOMBEO PARA ELECTROBOMBA INSTALACIÓN DE TUBERÍA DE  LÍNEA DE IMPULSIÓN DE TUBERÍA PVC SAP CLASE 15   DE UNA LONGITUD DE L 16038 ML 01 UND DE RESERVORIO DE  ALMACENAMIENTO DE 1000 M3 01 UND DE CASETA DE VÁLVULAS INSTALACIÓN DE  TUBERÍA DE LA RED DE DISTRIBUCIÓN TUBERÍAS DE PVC CLASE 10   CON UNA LONGITUD TOTAL DE L 650691 ML 04 UND DE CAJA DE VÁLVULAS DE PURGA 04 UND DE CAJA VÁLVULAS DE COMPUERTA 02 UND DE VÁLVULAS DE AIRE   INSTALACIÓN DE 7000 ML CRUCE DE RIO TIPO SIFÓN RIACHUELOS  30 MLDE CRUCE DE CARRETERA  Y 52 CONEXIONES DOMICILIARIAS  COMPONENTE 2 INSTALACIÓN DE UBS  SE INSTALARA 51 UND UNIDADES BÁSICAS DE SANEAMIENTO UBS DOMICILIARIAS CON ARRASTRE HIDRÁULICO CONSTRUCCIÓN DE MURO DE LADRILLO Y TECHOS DE TEJA CALAMINA GALVANIZADA INSTALACIÓN DE TANQUE BIODIGESTOR AUTOLIMPIABLE DE 600 A 700 LTS INCLUIDOS LAVATORIOS EXTERIOR  Y 01 MÓDULO DE UBS PARA INSTITUCIÓN EDUCATIVA INCLUIDOS LAVATORIOS EXTERIORES51UND UBS DOMICILIARIAS Y 01 UND UBS PARA INSTITUCIÓN EDUCATIVA TOTAL 52 UND DE UBS  COMPONENTE 3 CAPACITACIÓN Y ACCIONES DE MITIGACIÓN AMBIENTAL PLAN DE COMUNICACIÓN  Y EDUCACIÓN SANITARIA FASE DE INVERSIÓN  CONSISTE EN REALIZAR ACTIVIDADES DE PROMOCIÓN LA ELABORACIÓN DE LÍNEA BASE PRESENTACIÓN DEL PROYECTO RECONOCIMIENTO DEL JASS TALLER DE IMPORTANCIA DE LA ORGANIZACIÓN Y PARTICIPACIÓN CIUDADANA  PLAN DE COMUNICACIÓN Y EDUCACIÓN SANITARIA FASE DE POST INVERSIÓN  CONSISTE EN REALIZAR ACTIVIDADES MEDIANTE TALLERES DE PROMOCIÓN CAPACITACIÓN EN ORGANIZACIÓN Y PARTICIPACIÓN CIUDADANA IMPORTANCIA DEL AGUA HIGIENE Y SALUD HÁBITOS E HIGIENE EN NIÑOS ADULTOS PREVENCIÓN DE ENFERMEDADES DE ORIGEN HÍDRICO CLORACIÓN Y DESINFECCIÓN  PLAN DE CAPACITACIÓN PARA LA GESTIÓN DEL SERVICIO  FASE DE POST INVERSIÓN FORTALECIMIENTO PARA LA GESTIÓN DE SERVICIO   CONSISTE EN REALIZAR ACTIVIDADES  DE PROMOCIÓN CAPACITACIÓN  EN CONSERVACIÓN DE AGUA HÁBITOS DE HIGIENE Y SEGUIMIENTO A LAS FAMILIAS GESTIÓN DE RIESGOS Y ATENCIÓN DE EMERGENCIAS EN EDUCACIÓN PARA LA HIGIENES Y LA SALUD CAMPAÑAS DE SALUD EN INSTITUCIONES EDUCATIVAS Y   MEDIDAS DE MITIGACIÓN DE IMPACTO AMBIENTAL CONSISTE EN REALIZA ACCIONES DE MITIGACIÓN DE IMPACTO AMBIENTAL DEL PROYECTO,OPENSTREETMAP_NOMINATIM,APROXIMADA_DISTRITO,https://nominatim.openstreetmap.org,Coordenada referencial del distrito KELLUYO. No representa la ubicación exacta de la infraestructura.,COMPLETADO_APROXIMADO
2192373,OFICIAL_SANEAMIENTO,Clasificado oficialmente por el MEF en la función SANEAMIENTO,281201,"INSTALACION DE LOS SERVICIOS DE AGUA POTABLE Y DISPOSICIÓN SANITARIA DE EXCRETAS EN PRIMER SECTOR DE LA COMUNIDAD CAMPESINA DE COLLANA (TITILAQUE Y JACHAGANI), DISTRITO DE TARACO - HUANCANE - PUNO",PIP MENOR (SNIP),GL,GOBIERNOS LOCALES,MUNICIPALIDAD DISTRITAL DE TARACO,OPMI DE LA MUNICIPALIDAD DISTRITAL DE TARACO,UF DE LA MUNICIPALIDAD DISTRITAL DE TARACO,UEI DE LA MUNICIPALIDAD DISTRITAL DE TARACO,301651,MUNICIPALIDAD DISTRITAL DE TARACO,SANEAMIENTO,SANEAMIENTO,SANEAMIENTO RURAL,,ACTIVO,VIABLE,2013-11-30 00:00:00,2013-12-05 00:00:00,SNIP,1195880.9,1345903.49,0.0,0.0,0.0,1119.73,NO,,,,,201507,202512,1344783.76,0.0,,0,,,SI,1345903.49,SI,Ejecución física (C),SI,SI,100.0,99.18,2021-08-04 09:08:08,2021-03-24 00:00:00,2025-12-24 00:00:00,2021-03-24 00:00:00,2025-12-24 00:00:00,NO,NO,,,PUNO,HUANCANE,TARACO,210607,-15.2978079,-69.9783213,INSTALACIÓN DEL SERVICIO DE AGUA POTABLE POR BOMBEO INSTALACIÓN DE LETRINAS SANITARIAS CON ARRASTRE HIDRÁULICO INCLUYE DUCHA REALIZAR CURSOS DE CAPACITACIÓN EN EDUCACIÓN SANITARIA Y PARA OPERACIÓN Y MANTENIMIENTO REALIZAR MITIGACIÓN AMBIENTAL DURANTE LA OPERACIÓN Y MANTENIMIENTO TRATAMIENTO DE RESIDUOS SÓLIDOS,ADMINISTRACIÓN DIRECTA,NO,814,2026,0.0,0.0,INSTALACIÓN DEL SERVICIO DE AGUA POTABLE POR BOMBEO INSTALACIÓN DE LETRINAS SANITARIAS CON ARRASTRE HIDRÁULICO INCLUYE DUCHA REALIZAR CURSOS DE CAPACITACIÓN EN EDUCACIÓN SANITARIA Y PARA OPERACIÓN Y MANTENIMIENTO REALIZAR MITIGACIÓN AMBIENTAL DURANTE LA OPERACIÓN Y MANTENIMIENTO TRATAMIENTO DE RESIDUOS SÓLIDOS,OPENSTREETMAP_NOMINATIM,APROXIMADA_DISTRITO,https://nominatim.openstreetmap.org,Coordenada referencial del distrito TARACO. No representa la ubicación exacta de la infraestructura.,COMPLETADO_APROXIMADO
2140341,OFICIAL_SANEAMIENTO,Clasificado oficialmente por el MEF en la función SANEAMIENTO,162376,"INSTALACION DEL SERVICIO DE AGUA POTABLE Y LETRINAS EN LA LOCALIDAD DE SAN JUAN DE HUINIHUININI DEL DISTRITO DE ILAVE, PROVINCIA DE EL COLLAO - PUNO",PIP MENOR (SNIP),GL,GOBIERNOS LOCALES,MUNICIPALIDAD PROVINCIAL DE EL COLLAO,OPMI DE LA MUNICIPALIDAD PROVINCIAL DE EL COLLAO,UF DE LA MUNICIPALIDAD PROVINCIAL DE EL COLLAO,UEI DE LA MUNICIPALIDAD PROVINCIAL DE EL COLLAO,301640,MUNICIPALIDAD PROVINCIAL EL COLLAO - ILAVE,SANEAMIENTO,SANEAMIENTO,SANEAMIENTO RURAL,,ACTIVO,VIABLE,2010-08-25 00:00:00,2010-12-26 00:00:00,SNIP,508466.5,508466.5,0.0,0.0,0.0,-142799.25,NO,,,,,201108,201312,651265.75,0.0,,0,,,NO,0.0,SI,Aprobación de consistencia o modificaciones antes de la aprobación del ET o ET (A),NO,NO,,,,,,,,NO,SI,2019-11-28 16:03:55,Pendiente de liquidación,PUNO,EL COLLAO,ILAVE,210501,-16.2344765,-69.6749664,INSTALACION DE UN SISTEMA DE AGUA POTABLE POR BOMBEO Y GRAVEDAD TOMANDO COMO PUNTO DE CAPTACION UN POZO TUBULAR DE 25 M DE PROFUNDIDAD DESDE EL CUAL SE BOMBEARA EL AGUA HASTA UN RESERVORIO DE CONCRETO ARMADO FC210 KGCM2 QUE TENDRA UNA CAPACIDAD DE 20 M3 A TRAVES DE UNA LINEA DE CONDUCCION DE TUBERIA GALVANIZADA DE 3 DESDE ALLI DISTRIBUIR EL AGUA PREVIA CLORACION POR UNA RED DE DISTRIBUCION DE 9100 M EN BASE A TUBERIA PVC LA CUAL LLEVARA EL AGUA HASTA LAS 130 PILETAS INSTALADAS EN INMEDIACIONES DE LOS DOMICILIOS DE LAS FAMILIAS  EMPADRONADAS ASIMISMO SE INSTALARAN LETRINAS CON POZOS SECOS DE 250 MDE PROFUNDIDAD DE MADERA Y PLANCHA DE CALAMINA GALVANIZADA Y CIERRE AUTOMATICO PARALELAMENTE SE DESARROLLARA UN PROGRAMA DE CAPACITACION A LAS FAMILIAS INVOLUCRADAS EN TEMAS DE EDUCACION SANITARIA A FIN DE CORREGIR LOS HABITOS Y PRACTICAS ACTUALES FINALMENTE SE FORTALECERAN LAS CAPACIDADES PARA LA GESTION DEL PROYECTO A TRAVES DE LA CONSTITUCION DEL JASS HUINIHUININI,,NO,356,2026,0.0,0.0,INSTALACION DE UN SISTEMA DE AGUA POTABLE POR BOMBEO Y GRAVEDAD TOMANDO COMO PUNTO DE CAPTACION UN POZO TUBULAR DE 25 M DE PROFUNDIDAD DESDE EL CUAL SE BOMBEARA EL AGUA HASTA UN RESERVORIO DE CONCRETO ARMADO FC210 KGCM2 QUE TENDRA UNA CAPACIDAD DE 20 M3 A TRAVES DE UNA LINEA DE CONDUCCION DE TUBERIA GALVANIZADA DE 3 DESDE ALLI DISTRIBUIR EL AGUA PREVIA CLORACION POR UNA RED DE DISTRIBUCION DE 9100 M EN BASE A TUBERIA PVC LA CUAL LLEVARA EL AGUA HASTA LAS 130 PILETAS INSTALADAS EN INMEDIACIONES DE LOS DOMICILIOS DE LAS FAMILIAS  EMPADRONADAS ASIMISMO SE INSTALARAN LETRINAS CON POZOS SECOS DE 250 MDE PROFUNDIDAD DE MADERA Y PLANCHA DE CALAMINA GALVANIZADA Y CIERRE AUTOMATICO PARALELAMENTE SE DESARROLLARA UN PROGRAMA DE CAPACITACION A LAS FAMILIAS INVOLUCRADAS EN TEMAS DE EDUCACION SANITARIA A FIN DE CORREGIR LOS HABITOS Y PRACTICAS ACTUALES FINALMENTE SE FORTALECERAN LAS CAPACIDADES PARA LA GESTION DEL PROYECTO A TRAVES DE LA CONSTITUCION DEL JASS HUINIHUININI,OPENSTREETMAP_NOMINATIM,APROXIMADA_DISTRITO,https://nominatim.openstreetmap.org,Coordenada referencial del distrito ILAVE. No representa la ubicación exacta de la infraestructura.,COMPLETADO_APROXIMADO
2140600,OFICIAL_SANEAMIENTO,Clasificado oficialmente por el MEF en la función SANEAMIENTO,177023,"INSTALACION, MEJORAMIENTO DEL SISTEMA DE AGUA POTABLE Y SANEAMIENTO EN EL PUEBLO DE CAMICACHI Y EN EL CENTRO POBLADO DE SUYO DE LA ZONA LAGO, DEL DISTRITO DE ILAVE, PROVINCIA DE EL COLLAO - PUNO",PIP MAYOR (SNIP),GL,GOBIERNOS LOCALES,MUNICIPALIDAD PROVINCIAL DE EL COLLAO,OPMI DE LA MUNICIPALIDAD PROVINCIAL DE EL COLLAO,UF DE LA MUNICIPALIDAD PROVINCIAL DE EL COLLAO,UEI DE LA MUNICIPALIDAD PROVINCIAL DE EL COLLAO,301640,MUNICIPALIDAD PROVINCIAL EL COLLAO - ILAVE,SANEAMIENTO,SANEAMIENTO,SANEAMIENTO RURAL,,ACTIVO,VIABLE,2011-04-11 00:00:00,2013-06-07 00:00:00,SNIP,9159991.0,8963858.29,0.0,0.0,0.0,134428.07,SI,151428.0,0.0,0.0,0.0,201305,202608,8812430.22,17000.0,0.0,17000,17000.0,17000.0,SI,8963858.29,SI,Aprobación de consistencia o modificaciones antes de la aprobación del ET o ET (A),NO,NO,,,,,,,,NO,NO,,,PUNO,EL COLLAO,ILAVE,210501,-16.2344765,-69.6749664,INSTALACIÓN DEL SISTEMA DE AGUA POTABLE A TRAVÉS DE LA PERFORACIÓN DE 04 POZOS TUBULARES 02 EN EL CP SE SUYO Y 02 EN LA CC DE YUNGUTA QUE PERTENECE A CAMICACHI CONSTRUCCIÓN DE 04 CASETAS DE BOMBEO PARA CADA UNO DE LOS POZOS 01 RESERVORIO DE 50 M3 EN EL CP DE SUYO Y 80 M3 EN CAMICACHI TENDIDO DE LÍNEAS DE IMPULSIÓN Y REDES DE DISTRIBUCIÓN INSTALACIÓN DEL SISTEMA DE SANEAMIENTO A TRAVÉS DE LA INSTALACIÓN DE  940 CONEXIONES DOMICILIARIAS TENDIDO DE LA RED DE ALCANTARILLADO COLECTORES Y EMISORES CONSTRUCCIÓN DE LA PLANTA DE TRATAMIENTO CON SISTEMA DE REACTOR BIOLÓGICO E INSTALACIÓN DE LETRINAS ECOLÓGICAS CON BIODIGESTOR IMPLEMENTACIÓN DE UN PROGRAMA DE EDUCACIÓN SANITARIA SOBRE ADECUADAS PRÁCTICAS DE HIGIENE Y CAPACITACIÓN AL PERSONAL A CARGO DE LA OPERACIÓN DE LOS SERVICIOS SOBRE GESTIÓN TÉCNICA Y ADMINISTRATIVA DE LOS SERVICIOS,ADMINISTRACIÓN INDIRECTA - POR CONTRATA,NO,5515,2026,0.0,0.0,INSTALACIÓN DEL SISTEMA DE AGUA POTABLE A TRAVÉS DE LA PERFORACIÓN DE 04 POZOS TUBULARES 02 EN EL CP SE SUYO Y 02 EN LA CC DE YUNGUTA QUE PERTENECE A CAMICACHI CONSTRUCCIÓN DE 04 CASETAS DE BOMBEO PARA CADA UNO DE LOS POZOS 01 RESERVORIO DE 50 M3 EN EL CP DE SUYO Y 80 M3 EN CAMICACHI TENDIDO DE LÍNEAS DE IMPULSIÓN Y REDES DE DISTRIBUCIÓN INSTALACIÓN DEL SISTEMA DE SANEAMIENTO A TRAVÉS DE LA INSTALACIÓN DE  940 CONEXIONES DOMICILIARIAS TENDIDO DE LA RED DE ALCANTARILLADO COLECTORES Y EMISORES CONSTRUCCIÓN DE LA PLANTA DE TRATAMIENTO CON SISTEMA DE REACTOR BIOLÓGICO E INSTALACIÓN DE LETRINAS ECOLÓGICAS CON BIODIGESTOR IMPLEMENTACIÓN DE UN PROGRAMA DE EDUCACIÓN SANITARIA SOBRE ADECUADAS PRÁCTICAS DE HIGIENE Y CAPACITACIÓN AL PERSONAL A CARGO DE LA OPERACIÓN DE LOS SERVICIOS SOBRE GESTIÓN TÉCNICA Y ADMINISTRATIVA DE LOS SERVICIOS,OPENSTREETMAP_NOMINATIM,APROXIMADA_DISTRITO,https://nominatim.openstreetmap.org,Coordenada referencial del distrito ILAVE. No representa la ubicación exacta de la infraestructura.,COMPLETADO_APROXIMADO
2341730,OFICIAL_SANEAMIENTO,Clasificado oficialmente por el MEF en la función SANEAMIENTO,201053,"CREACION DEL SERVICIO DE AGUA POTABLE Y DISPOSICIÓN SANITARIA DE EXCRETAS EN LAS COMUNIDADES DE LA ZONA SUR DEL DISTRITO DE PUTINA, PROVINCIA DE SAN ANTONIO DE PUTINA - PUNO",PIP MAYOR (SNIP),GL,GOBIERNOS LOCALES,MUNICIPALIDAD PROVINCIAL DE SAN ANTONIO DE PUTINA,OPMI DE LA MUNICIPALIDAD PROVINCIAL DE SAN ANTONIO DE PUTINA,UF DE LA MUNICIPALIDAD PROVINCIAL DE SAN ANTONIO DE PUTINA,UEI DE LA MUNICIPALIDAD PROVINCIAL DE SAN ANTONIO DE PUTINA,301676,MUNICIPALIDAD PROVINCIAL DE SAN ANTONIO DE PUTINA,SANEAMIENTO,SANEAMIENTO,SANEAMIENTO RURAL,,ACTIVO,VIABLE,2012-01-15 00:00:00,2017-03-15 00:00:00,SNIP,9537052.0,10802609.21,0.0,0.0,0.0,9011049.21,SI,5184688.0,5492922.0,0.0,0.0,201812,202411,125000.0,0.0,0.0,1666560,0.0,0.0,SI,10802609.21,SI,Ejecución física (C),SI,NO,,1.16,2026-07-21 14:09:37,2021-10-28 00:00:00,2030-01-31 00:00:00,2026-09-07 00:00:00,2027-04-16 00:00:00,NO,NO,,,PUNO,SAN ANTONIO DE PUTINA,PUTINA,211001,-14.7211647,-69.7975441,INSTALACIÓN DE 11 MICRO SISTEMAS DE ABASTECIMIENTO DE AGUA POTABLE Y INSTALACIÓN DE DISPOSICIÓN SANITARIA DE EXCRETAS CONJUNTAMENTE CON UN PROGRAMA DE EDUCACIÓN SANITARIA CAPACITACIÓN A LA JASS MITIGACIÓN AMBIENTA EN LA COMUNIDAD DE PILHUANI DEL CP SAN JUAN DE CAYACAYA SE INSTALARA 17 CONEXIONES DOMICILIARIAS Y 17 UND UBSAH EN EL CENTRO POBLADO SAN JUAN DE CAYACAYA PARTE ALTA SE INSTALARAN 88 CONEXIONES DOMICILIARIAS RESERVORIO DE 15M3 INSTALACIÓN DE 88 UBSAH CENTRO POBLADO SAN JUAN DE CAYACAYA PARTE BAJA INSTALACIÓN DE 33 CONEXIONES DOMICILIARIAS RESERVORIO DE 5M3 INSTALACIÓN DE 33 UBSAH CASERÍO CENTRAL DE CC VILLA CANDELARIA DE CHURURA SE INSTALARA 07 CONEXIONES DOMICILIARIAS RESERVORIO 03M3 INSTALACIÓN DE 07 UBSAH SECTOR MESACCACA DE CC VILLA CANDELARIA DE CHURURA SE INSTALARA 28 CONEXIONES DOMICILIARIAS RESERVORIO DE 5M3 INSTALACIÓN DE 28 UBSAH SECTOR CORAYA DE CC VILLA CANDELARIA DE CHURURA INSTALACIÓN DE 23 CONEXIONES DOMICILIARIAS RESERVORIO DE 5M3 INSTALACIÓN DE 23 UBSAH CC DE SAN MARTÍN INSTALACIÓN DE 38 CONEXIONES DOMICILIARIAS RESERVORIO DE 750M3 INSTALACIÓN DE 38 UBSAH SECTOR TIKACANCHA DE CC SANTIAGO DE BELLAVISTA INSTALACIÓN DE 19 CONEXIONES DOMICILIARIAS RESERVORIO DE 03M3 INSTALACIÓN DE 19 UBSHP SECTOR CCARAPUNCO DE CC SANTIAGO DE BELLAVISTA INSTALACIÓN DE 26 CONEXIONES DOMICILIARIAS RESERVORIO 5M3 INSTALACIÓN DE 26 UBSHP SECTOR NUEVA ESPERANZA DE PIÑONE INSTALACIÓN DE 28 CONEXIONES DOMICILIARIAS RESERVORIO DE 5 M3 INSTALACIÓN DE 28 UBSHP SECTORES HUASUNTA HUANCARANI QUANURE CHECCA Y CHININI INSTALACIÓN DE 42 CONEXIONES DOMICILIARIAS RESERVORIO DE 750M3 INSTALACIÓN DE 42 UBSHP LA INSTALACIÓN DEL SISTEMA DE AGUA COMPRENDE  INSTALACIONES DOMICILIARIAS NUEVAS CON TUBERÍA PVC C10 Ø 12 CONSTRUCCIÓN DE RESERVORIO Y DEMAS ACTIVIDADES EL SISTEMA DE DISPOSICION SANITARIA DE EXCRETAS COMPRENDE  UBSAH COMPUESTO POR UN BAÑO COMPLETO INODORO LAVATORIO Y DUCHA CON SU PROPIO SISTEMA DE TRATAMIENTO Y DISPOSICIÓN FINAL DE AGUAS RESIDUALES CUENTA CON TRATAMIENTO PRIMARIO BIODIGESTOR  Y TIENE POZOS DE ABSORCIÓN,ADMINISTRACIÓN INDIRECTA - POR CONTRATA,NO,1745,2026,0.0,0.0,INSTALACIÓN DE 11 MICRO SISTEMAS DE ABASTECIMIENTO DE AGUA POTABLE Y INSTALACIÓN DE DISPOSICIÓN SANITARIA DE EXCRETAS CONJUNTAMENTE CON UN PROGRAMA DE EDUCACIÓN SANITARIA CAPACITACIÓN A LA JASS MITIGACIÓN AMBIENTA EN LA COMUNIDAD DE PILHUANI DEL CP SAN JUAN DE CAYACAYA SE INSTALARA 17 CONEXIONES DOMICILIARIAS Y 17 UND UBSAH EN EL CENTRO POBLADO SAN JUAN DE CAYACAYA PARTE ALTA SE INSTALARAN 88 CONEXIONES DOMICILIARIAS RESERVORIO DE 15M3 INSTALACIÓN DE 88 UBSAH CENTRO POBLADO SAN JUAN DE CAYACAYA PARTE BAJA INSTALACIÓN DE 33 CONEXIONES DOMICILIARIAS RESERVORIO DE 5M3 INSTALACIÓN DE 33 UBSAH CASERÍO CENTRAL DE CC VILLA CANDELARIA DE CHURURA SE INSTALARA 07 CONEXIONES DOMICILIARIAS RESERVORIO 03M3 INSTALACIÓN DE 07 UBSAH SECTOR MESACCACA DE CC VILLA CANDELARIA DE CHURURA SE INSTALARA 28 CONEXIONES DOMICILIARIAS RESERVORIO DE 5M3 INSTALACIÓN DE 28 UBSAH SECTOR CORAYA DE CC VILLA CANDELARIA DE CHURURA INSTALACIÓN DE 23 CONEXIONES DOMICILIARIAS RESERVORIO DE 5M3 INSTALACIÓN DE 23 UBSAH CC DE SAN MARTÍN INSTALACIÓN DE 38 CONEXIONES DOMICILIARIAS RESERVORIO DE 750M3 INSTALACIÓN DE 38 UBSAH SECTOR TIKACANCHA DE CC SANTIAGO DE BELLAVISTA INSTALACIÓN DE 19 CONEXIONES DOMICILIARIAS RESERVORIO DE 03M3 INSTALACIÓN DE 19 UBSHP SECTOR CCARAPUNCO DE CC SANTIAGO DE BELLAVISTA INSTALACIÓN DE 26 CONEXIONES DOMICILIARIAS RESERVORIO 5M3 INSTALACIÓN DE 26 UBSHP SECTOR NUEVA ESPERANZA DE PIÑONE INSTALACIÓN DE 28 CONEXIONES DOMICILIARIAS RESERVORIO DE 5 M3 INSTALACIÓN DE 28 UBSHP SECTORES HUASUNTA HUANCARANI QUANURE CHECCA Y CHININI INSTALACIÓN DE 42 CONEXIONES DOMICILIARIAS RESERVORIO DE 750M3 INSTALACIÓN DE 42 UBSHP LA INSTALACIÓN DEL SISTEMA DE AGUA COMPRENDE  INSTALACIONES DOMICILIARIAS NUEVAS CON TUBERÍA PVC C10 Ø 12 CONSTRUCCIÓN DE RESERVORIO Y DEMAS ACTIVIDADES EL SISTEMA DE DISPOSICION SANITARIA DE EXCRETAS COMPRENDE  UBSAH COMPUESTO POR UN BAÑO COMPLETO INODORO LAVATORIO Y DUCHA CON SU PROPIO SISTEMA DE TRATAMIENTO Y DISPOSICIÓN FINAL DE AGUAS RESIDUALES CUENTA CON TRATAMIENTO PRIMARIO BIODIGESTOR  Y TIENE POZOS DE ABSORCIÓN,OPENSTREETMAP_NOMINATIM,APROXIMADA_DISTRITO,https://nominatim.openstreetmap.org,Coordenada referencial del distrito PUTINA. No representa la ubicación exacta de la infraestructura.,COMPLETADO_APROXIMADO
2168885,OFICIAL_SANEAMIENTO,Clasificado oficialmente por el MEF en la función SANEAMIENTO,170789,"CONSTRUCCIÓN DEL SISTEMA DE AGUA POTABLE Y SANEAMIENTO BÁSICO DE LA LOCALIDAD DE HUERTACUCHO, DISTRITO PEDRO VILCAPAZA, PROVINCIA SAN ANTONIO DE PUTINA, DEPARTAMENTO PUNO.",PIP MAYOR (SNIP),GN,"VIVIENDA, CONSTRUCCION Y SANEAMIENTO","MINISTERIO DE VIVIENDA, CONSTRUCCION Y SANEAMIENTO","OPMI DEL MINISTERIO DE VIVIENDA, CONSTRUCCION Y SANEAMIENTO","UF DE LA MINISTERIO DE VIVIENDA, CONSTRUCCION Y SANEAMIENTO",UEI DEL PROGRAMA NACIONAL DE SANEAMIENTO RURAL,1443,PROGRAMA NACIONAL DE SANEAMIENTO RURAL,SANEAMIENTO,SANEAMIENTO,SANEAMIENTO RURAL,,ACTIVO,VIABLE,2010-12-10 00:00:00,2010-12-13 00:00:00,SNIP,511252.0,1364761.0,0.0,0.0,0.0,1364761.0,NO,,,,,,,0.0,0.0,,0,,,SI,570393.74,SI,Aprobación de consistencia o modificaciones antes de la aprobación del ET o ET (A),SI,NO,,0.0,,,,,,NO,NO,,,PUNO,SAN ANTONIO DE PUTINA,PEDRO VILCA APAZA,211003,-15.0180244,-69.9040458,Sistema de Agua Potable Alternativa Única un Sistema por gravedad sin tratamientoAcciones Construcción de una captación Jachajani en la cota 403671 msnm Construcción de una nueva Línea de Conducción de 31645 ml de tubería de 1  PVC SAP Clase 75 Construcción de una CRP T  6 tendrá una tubería de entrada y de salida de 1  hasta la llegada al reservorio proyectado Se proyecta reemplazar el reservorio existente en una nueva ubicación que estará en la cota 397200msnm con volumen de 800m3 Construcción de tres cámaras rompe presión T7 Se proyecta construir un pase aéreo en la red de distribución de 30m de longitud Instalación de 18715ml de tubería PVC Clase 75 ø 1  en toda la línea de aducción Instalación de 558439 m ø  C10 L  209524m ø 1 C10 L 227903 y ø 1 C75 L121012m PVC en la red de distribución Construir 09 válvulas de control 02 unidades de ø 34 05 unidades de ø 1 y 02 unidades de ø 1 12 en toda la red de distribución Instalación de 04 válvulas de purga tipo II 04 válvulas Ø  en toda la red de distribución Instalación de 60 conexiones domiciliarias y construcción de 60 lavaderos Acciones imprescindibles y complementariasSANEAMIENTO BASICO Construcción de 60 UBS composteras de doble cámara que consta de una caseta elevada escalera de acceso tubería de ventilación losa de soporte y deposito de almacenamiento de orina cámara de compostaje de dos unidades ubicadas debajo de la casetaASPECTO SOCIALPrograma de Educación Sanitaria a las familias Plan de Capacitación sobre Operación y Mantenimiento del Sistema a la JASS y Fortalecimiento de Capacidades al Gobierno Local,,NO,310,2026,0.0,0.0,Sistema de Agua Potable Alternativa Única un Sistema por gravedad sin tratamientoAcciones Construcción de una captación Jachajani en la cota 403671 msnm Construcción de una nueva Línea de Conducción de 31645 ml de tubería de 1  PVC SAP Clase 75 Construcción de una CRP T  6 tendrá una tubería de entrada y de salida de 1  hasta la llegada al reservorio proyectado Se proyecta reemplazar el reservorio existente en una nueva ubicación que estará en la cota 397200msnm con volumen de 800m3 Construcción de tres cámaras rompe presión T7 Se proyecta construir un pase aéreo en la red de distribución de 30m de longitud Instalación de 18715ml de tubería PVC Clase 75 ø 1  en toda la línea de aducción Instalación de 558439 m ø  C10 L  209524m ø 1 C10 L 227903 y ø 1 C75 L121012m PVC en la red de distribución Construir 09 válvulas de control 02 unidades de ø 34 05 unidades de ø 1 y 02 unidades de ø 1 12 en toda la red de distribución Instalación de 04 válvulas de purga tipo II 04 válvulas Ø  en toda la red de distribución Instalación de 60 conexiones domiciliarias y construcción de 60 lavaderos Acciones imprescindibles y complementariasSANEAMIENTO BASICO Construcción de 60 UBS composteras de doble cámara que consta de una caseta elevada escalera de acceso tubería de ventilación losa de soporte y deposito de almacenamiento de orina cámara de compostaje de dos unidades ubicadas debajo de la casetaASPECTO SOCIALPrograma de Educación Sanitaria a las familias Plan de Capacitación sobre Operación y Mantenimiento del Sistema a la JASS y Fortalecimiento de Capacidades al Gobierno Local,OPENSTREETMAP_NOMINATIM,APROXIMADA_DISTRITO,https://nominatim.openstreetmap.org,Coordenada referencial del distrito PEDRO VILCA APAZA. No representa la ubicación exacta de la infraestructura.,COMPLETADO_APROXIMADO
2270997,OFICIAL_SANEAMIENTO,Clasificado oficialmente por el MEF en la función SANEAMIENTO,302281,"MEJORAMIENTO Y AMPLIACION DE LOS SERVICIOS DE AGUA POTABLE Y SANEAMIENTO DEL CENTRO POBLADO DE PUMACHANCA , DISTRITO DE OLLACHEA - CARABAYA - PUNO",PIP MAYOR (SNIP),GN,"VIVIENDA, CONSTRUCCION Y SANEAMIENTO","MINISTERIO DE VIVIENDA, CONSTRUCCION Y SANEAMIENTO","OPMI DEL MINISTERIO DE VIVIENDA, CONSTRUCCION Y SANEAMIENTO","UF DE LA MINISTERIO DE VIVIENDA, CONSTRUCCION Y SANEAMIENTO",UEI DEL PROGRAMA NACIONAL DE SANEAMIENTO RURAL,1443,PROGRAMA NACIONAL DE SANEAMIENTO RURAL,SANEAMIENTO,SANEAMIENTO,SANEAMIENTO RURAL,,ACTIVO,VIABLE,2014-08-27 00:00:00,2015-05-19 00:00:00,SNIP,3525310.0,9054099.28,76595.0,5937.03,0.0,2099237.22,SI,10000.0,1057587.13,1057587.12,0.0,201510,202510,7021457.06,0.0,10000.0,10000,10000.0,10000.0,SI,4149045.99,SI,Ejecución física (C),SI,SI,76.8,76.8,2026-04-15 17:36:52,2015-05-25 00:00:00,2028-10-15 00:00:00,2019-09-03 00:00:00,2024-02-04 00:00:00,NO,NO,,,PUNO,CARABAYA,OLLACHEA,210308,-13.7940318,-70.4721998,SISTEMA DE AGUA POTABLE  CONSTRUCCION DE CAPTACION TIPO  LADERA OCORRORO ISISTEMA 1 Y OCORRORO II SISTEMA 2  LÍNEA DE CONDUCCION  INSTALACIÓN DE 60485 ML  CONSTRUCCION DE RESERVORIO APOYADO  V17 M3  LÍNEA DE ADUCCION INSTALACION DE 2452  ML REDES DE DISTRIBUCIÓN DE  AGUA POTABLE INSTALACIÓN DE  510919  ML DE LÍNEAS Y REDES DE DISTRIBUCIÓN DE AGUA POTABLE  CONEXIONES DOMICILIARIAS DE AGUA POTABLE INSTALACIÓN DE 134 CONEXIONES DOMICILIARIAS DE AGUA FAMILIARES Y 02 CONEXIONES PARA INSTITUCIONES EDUCATIVAS Y 01 CONEXIÓN CENTRO DE SALUD TOTAL 137 CONEXIONES DOMICILIARIAS DE AGUA Y 02 CONEXIONES PILETAS PARA 11 VIVIENDAS DISPERSAS  DISPOSICIÓN SANITARIA DE EXCRETAS  CONSTRUCCIÓN DE 145 UBS TIPO COMPOSTERA PARA VIVIENDAS 134 VIVIENDAS USARAN UBSTIPO COMPOSTERA COMPLETOS MIENTRAS 11 VIVIENDAS CONTARAN UBSCOMPOSTERA SOLO CON INODORO 04 UBS TIPO COMPOSTERA PARA INSTITUCIONES EDUCATIVAS Y 01 UBS TIPO COMPOSTERA PARA PUESTO DE SALUD TOTAL 150 UBSC LAS CUALES COMPRENDEN LOS SIGUIENTES COMPONENTES CONSTRUCCIÓN DE  SSHH COMPLETO LAVATORIO INODORO Y DUCHA INSTALACIÓN DE LAVADERO EXTERIOR PARA LAVADO DE ROPA INSTALACIÓN DE TUBERÍAS DE PVC  CONSTRUCCIÓN DE CAJA DE REGISTRO Y ZANJA DE INFILTRACION  COMUNICACIÓN Y EDUCACIÓN SANITARIA  LOGRAR POSICIONAR EL TEMA DEL AGUA Y SANEAMIENTO RURAL COMO TEMA CENTRAL EN LA AGENDA PÚBLICA NACIONAL Y AL ACCIONAR DEL PNSR APLICANDO UN PLAN DE COMUNICACIÓN CON ACTORES SOCIALES GOBIERNO REGIONAL LOCAL SALUD EDUCACIÓN ETC FAMILIAS  Y COMUNIDAD PARA RELEVAR LA IMPORTANCIA DE LOS SERVICIOS DE AGUA Y SANEAMIENTO EDUCACIÓN SANITARIA Y LA NECESIDAD DE HACER SOSTENIBLE LOS SERVICIOS PRINCIPALMENTE EN LO QUE RESPECTA A LA CUOTA FAMILIAR VALORACIÓN DEL SERVICIO Y HÁBITOS DE EDUCACIÓN SANITARIA  GESTION DEL SERVICIO  EL COMPONENTE SOCIAL PARA LA SOSTENIBILIDAD DEL PROYECTO ESTABLECE PROCESOS QUE BUSCAN APOYAR AL GOBIERNO LOCAL A LA JASS Y POBLACIÓN DE LA LOCALIDAD EN LA FORMACIÓN Y FORTALECIMIENTO DE CAPACIDADES PARA LA ORGANIZACIÓN PLANIFICACIÓN GESTIÓN COMUNITARIA CONSTRUCCIÓN Y SUPERVISIÓN DE LA OBRA ADMINISTRACIÓN OPERACIÓN Y MANTENIMIENTO DE LOS SERVICIOS LAS MISMAS QUE DEBEN DESEMPEÑAR COMO PARTE DEL DESARROLLO DE SUS FUNCIONES Y RESPONSABILIDADES EN AGUA Y SANEAMIENTO,ADMINISTRACIÓN INDIRECTA - POR CONTRATA,NO,587,2026,0.0,0.0,SISTEMA DE AGUA POTABLE  CONSTRUCCION DE CAPTACION TIPO  LADERA OCORRORO ISISTEMA 1 Y OCORRORO II SISTEMA 2  LÍNEA DE CONDUCCION  INSTALACIÓN DE 60485 ML  CONSTRUCCION DE RESERVORIO APOYADO  V17 M3  LÍNEA DE ADUCCION INSTALACION DE 2452  ML REDES DE DISTRIBUCIÓN DE  AGUA POTABLE INSTALACIÓN DE  510919  ML DE LÍNEAS Y REDES DE DISTRIBUCIÓN DE AGUA POTABLE  CONEXIONES DOMICILIARIAS DE AGUA POTABLE INSTALACIÓN DE 134 CONEXIONES DOMICILIARIAS DE AGUA FAMILIARES Y 02 CONEXIONES PARA INSTITUCIONES EDUCATIVAS Y 01 CONEXIÓN CENTRO DE SALUD TOTAL 137 CONEXIONES DOMICILIARIAS DE AGUA Y 02 CONEXIONES PILETAS PARA 11 VIVIENDAS DISPERSAS  DISPOSICIÓN SANITARIA DE EXCRETAS  CONSTRUCCIÓN DE 145 UBS TIPO COMPOSTERA PARA VIVIENDAS 134 VIVIENDAS USARAN UBSTIPO COMPOSTERA COMPLETOS MIENTRAS 11 VIVIENDAS CONTARAN UBSCOMPOSTERA SOLO CON INODORO 04 UBS TIPO COMPOSTERA PARA INSTITUCIONES EDUCATIVAS Y 01 UBS TIPO COMPOSTERA PARA PUESTO DE SALUD TOTAL 150 UBSC LAS CUALES COMPRENDEN LOS SIGUIENTES COMPONENTES CONSTRUCCIÓN DE  SSHH COMPLETO LAVATORIO INODORO Y DUCHA INSTALACIÓN DE LAVADERO EXTERIOR PARA LAVADO DE ROPA INSTALACIÓN DE TUBERÍAS DE PVC  CONSTRUCCIÓN DE CAJA DE REGISTRO Y ZANJA DE INFILTRACION  COMUNICACIÓN Y EDUCACIÓN SANITARIA  LOGRAR POSICIONAR EL TEMA DEL AGUA Y SANEAMIENTO RURAL COMO TEMA CENTRAL EN LA AGENDA PÚBLICA NACIONAL Y AL ACCIONAR DEL PNSR APLICANDO UN PLAN DE COMUNICACIÓN CON ACTORES SOCIALES GOBIERNO REGIONAL LOCAL SALUD EDUCACIÓN ETC FAMILIAS  Y COMUNIDAD PARA RELEVAR LA IMPORTANCIA DE LOS SERVICIOS DE AGUA Y SANEAMIENTO EDUCACIÓN SANITARIA Y LA NECESIDAD DE HACER SOSTENIBLE LOS SERVICIOS PRINCIPALMENTE EN LO QUE RESPECTA A LA CUOTA FAMILIAR VALORACIÓN DEL SERVICIO Y HÁBITOS DE EDUCACIÓN SANITARIA  GESTION DEL SERVICIO  EL COMPONENTE SOCIAL PARA LA SOSTENIBILIDAD DEL PROYECTO ESTABLECE PROCESOS QUE BUSCAN APOYAR AL GOBIERNO LOCAL A LA JASS Y POBLACIÓN DE LA LOCALIDAD EN LA FORMACIÓN Y FORTALECIMIENTO DE CAPACIDADES PARA LA ORGANIZACIÓN PLANIFICACIÓN GESTIÓN COMUNITARIA CONSTRUCCIÓN Y SUPERVISIÓN DE LA OBRA ADMINISTRACIÓN OPERACIÓN Y MANTENIMIENTO DE LOS SERVICIOS LAS MISMAS QUE DEBEN DESEMPEÑAR COMO PARTE DEL DESARROLLO DE SUS FUNCIONES Y RESPONSABILIDADES EN AGUA Y SANEAMIENTO,OPENSTREETMAP_NOMINATIM,APROXIMADA_DISTRITO,https://nominatim.openstreetmap.org,Coordenada referencial del distrito OLLACHEA. No representa la ubicación exacta de la infraestructura.,COMPLETADO_APROXIMADO
2189448,OFICIAL_SANEAMIENTO,Clasificado oficialmente por el MEF en la función SANEAMIENTO,259848,"INSTALACION DEL SERVICIO DE AGUA POTABLE Y DISPOSICION SANITARIA DE EXCRETAS EN LOS SECTORES SIQUICAUSILLUMA, KAMANI Y CENTRAL VILLACHAVE II DE LA COMUNIDAD CAMPESINA VILACHAVE, DISTRITO HUACULLANI - CHUCUITO - PUNO",PIP MAYOR (SNIP),GR,GOBIERNOS REGIONALES,GOBIERNO REGIONAL PUNO,OPMI DEL GOBIERNO REGIONAL PUNO,UF DE LA GOBIERNO REGIONAL PUNO,UEI DEL PROGRAMA NACIONAL DE SANEAMIENTO RURAL,1443,PROGRAMA NACIONAL DE SANEAMIENTO RURAL,SANEAMIENTO,SANEAMIENTO,SANEAMIENTO RURAL,,ACTIVO,VIABLE,2013-05-14 00:00:00,2013-07-03 00:00:00,SNIP,3942847.0,6332382.49,0.0,0.0,1197401.6,1778511.4,SI,180000.0,1000000.0,1545922.6,50000.0,201403,202604,4550571.09,3300.0,180000.0,3300,3300.0,3300.0,SI,3808054.17,SI,Ejecución física (C),SI,SI,84.52,84.52,2026-08-21 11:27:27,2013-07-04 00:00:00,2027-12-30 00:00:00,2025-05-17 00:00:00,2026-07-31 00:00:00,NO,NO,,,PUNO,CHUCUITO,HUACULLANI,210403,-16.6302449,-69.3222231,1 AGUA POTABLE    A1 SISTEMA SIQUICAUSILLUMA Y KAMANI  61656CONSTRUCCIÓN DE CAPTACIÓN TIPO MANANTIAL DE FONDO PARA CAPTAR 028 LS  61656INSTALACIÓN DE UNA LÍNEA DE CONDUCCIÓN DE 1 12 MATERIAL PVC DE LONGITUD 256303 M  61656CONSTRUCCIÓN DE UN RESERVORIO DE 12 M3 DE CAPACIDAD  61656HIPOCLORADOR DE FLUJO DIFUSOR  61656INSTALACIÓN DE LÍNEA DE ADUCCIÓN DE 1 12 MATERIAL PVC DE  LONGITUD  252 M  61656REDES DE DISTRIBUCIÓN EN UNA LONGITUD DE APROXIMADAMENTE 192474 M DISTRIBUIDAS DE LA SIGUIENTE MANERA    TUBERÍA DE PVCSP D1  L660550  TUBERÍA DE PVCSP D L675960  TUBERÍA DE PVCSP D L588225  07 CAMARA RP TIPO 7    61656INSTALACIÓN DE 46 CONEXIONES DOMICILIARIAS    A2 SISTEMA CENTRAL VILLACHAVE II  61656CONSTRUCCIÓN DE CAPTACIÓN TIPO GALERIA FILTRANTE PARA CAPTAR 021 LS  61656INSTALACIÓN DE UNA LÍNEA DE CONDUCCIÓN DE 1 12 MATERIAL PVC DE LONGITUD 8217 M  61656CONSTRUCCIÓN DE UN RESERVORIO DE 9 M3 DE CAPACIDAD  61656HIPOCLORADOR DE FLUJO DIFUSOR  61656INSTALACIÓN DE LÍNEA DE ADUCCIÓN DE 1 MATERIAL PVC DE  LONGITUD  389 M    61656REDES DE DISTRIBUCIÓN EN UNA LONGITUD DE APROXIMADAMENTE 102832 M DISTRIBUIDAS DE LA SIGUIENTE MANERA    TUBERÍA DE PVCSP D1  L172990  TUBERÍA DE PVCSP D L420560  TUBERÍA DE PVCSP D L434775  01 CAMARA RP TIPO 7      61656INSTALACIÓN DE 34 CONEXIONES DOMICILIARIAS    2 SANEAMIENTO  INSTALACIÓN DE 81 UNIDADES BÁSICAS DE SANEAMIENTO TIPO COMPOSTERAS DE DOBLE CÁMARA    3 FORTALECIMIENTO EN GESTIÓN ADMINISTRACIÓN Y MANTENIMIENTO DE LOS SISTEMAS    4 PROGRAMA DE FORTALECIMIENTO DE CAPACIDADES PARA LA POBLACIÓN,ADMINISTRACIÓN INDIRECTA - POR CONTRATA,NO,262,2026,0.0,0.0,1 AGUA POTABLE    A1 SISTEMA SIQUICAUSILLUMA Y KAMANI  61656CONSTRUCCIÓN DE CAPTACIÓN TIPO MANANTIAL DE FONDO PARA CAPTAR 028 LS  61656INSTALACIÓN DE UNA LÍNEA DE CONDUCCIÓN DE 1 12 MATERIAL PVC DE LONGITUD 256303 M  61656CONSTRUCCIÓN DE UN RESERVORIO DE 12 M3 DE CAPACIDAD  61656HIPOCLORADOR DE FLUJO DIFUSOR  61656INSTALACIÓN DE LÍNEA DE ADUCCIÓN DE 1 12 MATERIAL PVC DE  LONGITUD  252 M  61656REDES DE DISTRIBUCIÓN EN UNA LONGITUD DE APROXIMADAMENTE 192474 M DISTRIBUIDAS DE LA SIGUIENTE MANERA    TUBERÍA DE PVCSP D1  L660550  TUBERÍA DE PVCSP D L675960  TUBERÍA DE PVCSP D L588225  07 CAMARA RP TIPO 7    61656INSTALACIÓN DE 46 CONEXIONES DOMICILIARIAS    A2 SISTEMA CENTRAL VILLACHAVE II  61656CONSTRUCCIÓN DE CAPTACIÓN TIPO GALERIA FILTRANTE PARA CAPTAR 021 LS  61656INSTALACIÓN DE UNA LÍNEA DE CONDUCCIÓN DE 1 12 MATERIAL PVC DE LONGITUD 8217 M  61656CONSTRUCCIÓN DE UN RESERVORIO DE 9 M3 DE CAPACIDAD  61656HIPOCLORADOR DE FLUJO DIFUSOR  61656INSTALACIÓN DE LÍNEA DE ADUCCIÓN DE 1 MATERIAL PVC DE  LONGITUD  389 M    61656REDES DE DISTRIBUCIÓN EN UNA LONGITUD DE APROXIMADAMENTE 102832 M DISTRIBUIDAS DE LA SIGUIENTE MANERA    TUBERÍA DE PVCSP D1  L172990  TUBERÍA DE PVCSP D L420560  TUBERÍA DE PVCSP D L434775  01 CAMARA RP TIPO 7      61656INSTALACIÓN DE 34 CONEXIONES DOMICILIARIAS    2 SANEAMIENTO  INSTALACIÓN DE 81 UNIDADES BÁSICAS DE SANEAMIENTO TIPO COMPOSTERAS DE DOBLE CÁMARA    3 FORTALECIMIENTO EN GESTIÓN ADMINISTRACIÓN Y MANTENIMIENTO DE LOS SISTEMAS    4 PROGRAMA DE FORTALECIMIENTO DE CAPACIDADES PARA LA POBLACIÓN,OPENSTREETMAP_NOMINATIM,APROXIMADA_DISTRITO,https://nominatim.openstreetmap.org,Coordenada referencial del distrito HUACULLANI. No representa la ubicación exacta de la infraestructura.,COMPLETADO_APROXIMADO
2302962,OFICIAL_SANEAMIENTO,Clasificado oficialmente por el MEF en la función SANEAMIENTO,251441,"MEJORAMIENTO Y AMPLIACION DEL SERVICIO DE AGUA POTABLE Y CREACION DEL SERVICIO DE DISPOSICION SANITARIA DE EXCRETAS EN EL C.P. TASAPA PATACOLLO (SECTORES TASAPA CENTRAL, PRIMER TASAPA, II TASAPA, IRUJANI Y JOCCO), DISTRITO DE ZEPITA, PROVINCIA DE CHUCUITO ¿ DEPARTAMENTO DE PUNO",PIP MAYOR (SNIP),GR,GOBIERNOS REGIONALES,GOBIERNO REGIONAL PUNO,OPMI DEL GOBIERNO REGIONAL PUNO,UF DE LA GOBIERNO REGIONAL PUNO,UEI DEL PROGRAMA NACIONAL DE SANEAMIENTO RURAL,1443,PROGRAMA NACIONAL DE SANEAMIENTO RURAL,SANEAMIENTO,SANEAMIENTO,SANEAMIENTO RURAL,,ACTIVO,VIABLE,2013-02-21 00:00:00,2016-06-14 00:00:00,SNIP,7949574.0,8607172.73,54295.0,0.0,0.0,2376022.03,SI,1000000.0,999635.52,999635.0,200000.51,201610,202607,5890351.7,176475.52,1000000.0,395094,395017.83,395017.83,SI,8623011.02,SI,Ejecución física (C),SI,SI,68.0,69.78,2026-06-19 15:43:06,2022-01-01 00:00:00,2029-03-15 00:00:00,2017-10-04 00:00:00,2020-12-31 00:00:00,NO,NO,,,PUNO,CHUCUITO,ZEPITA,210407,-16.4970626,-69.1901129,COMPONENTE 01 ADECUADA INFRAESTRUCTURA PARA EL ABASTECIMIENTO DE AGUA POTABLE   Acción 11 Obras Provisionales   Acción 12 Captación Proyectada   Acción 13 Instalación  de línea de impulsión  Acción 14 Reservorio apoyado  Acción 15 Línea de aducción   Acción 16 Red de distribución de agua  Acción 17 Conexiones domiciliarias  Acción 18 Flete agua potable    Acción 19 Monitoreo ambiental    COMPONENTE 02 INFRAESTRUCTURA ADECUADA PARA LA DISPOSICION SANITARIA DE EXCRETAS Y AGUAS RESIDUALES  Acción 21 Instalación de unidades básicas de saneamiento con Compostera   Acción 22 Flete UBS  Acción 23 Monitoreo Ambiental   COMPONENTE 03 ADECUADOS NIVELES DE EDUCACION SANITARIA  Acción 31 Plan de Comunicación y Educación Sanitaria Fase Inversión  Acción 32  Plan de comunicación y Educación sanitaria fase post Inversión Incorporación de Practicas Sanitarias    COMPONENTE 04 MEJORA EN LA GESTION TECNICA Y ADMINISTRATIVA DE LA JASS  Acción 41 Plan de capacitación y fortalecimiento de la JASS y ATM  Acción 42  Plan de capacitación y fortalecimiento de la JASS y ATM  fase de post inversión,ADMINISTRACIÓN INDIRECTA - POR CONTRATA,NO,955,2026,0.0,0.0,COMPONENTE 01 ADECUADA INFRAESTRUCTURA PARA EL ABASTECIMIENTO DE AGUA POTABLE   Acción 11 Obras Provisionales   Acción 12 Captación Proyectada   Acción 13 Instalación  de línea de impulsión  Acción 14 Reservorio apoyado  Acción 15 Línea de aducción   Acción 16 Red de distribución de agua  Acción 17 Conexiones domiciliarias  Acción 18 Flete agua potable    Acción 19 Monitoreo ambiental    COMPONENTE 02 INFRAESTRUCTURA ADECUADA PARA LA DISPOSICION SANITARIA DE EXCRETAS Y AGUAS RESIDUALES  Acción 21 Instalación de unidades básicas de saneamiento con Compostera   Acción 22 Flete UBS  Acción 23 Monitoreo Ambiental   COMPONENTE 03 ADECUADOS NIVELES DE EDUCACION SANITARIA  Acción 31 Plan de Comunicación y Educación Sanitaria Fase Inversión  Acción 32  Plan de comunicación y Educación sanitaria fase post Inversión Incorporación de Practicas Sanitarias    COMPONENTE 04 MEJORA EN LA GESTION TECNICA Y ADMINISTRATIVA DE LA JASS  Acción 41 Plan de capacitación y fortalecimiento de la JASS y ATM  Acción 42  Plan de capacitación y fortalecimiento de la JASS y ATM  fase de post inversión,OPENSTREETMAP_NOMINATIM,APROXIMADA_DISTRITO,https://nominatim.openstreetmap.org,Coordenada referencial del distrito ZEPITA. No representa la ubicación exacta de la infraestructura.,COMPLETADO_APROXIMADO
2150132,OFICIAL_SANEAMIENTO,Clasificado oficialmente por el MEF en la función SANEAMIENTO,175163,"CONSTRUCCION DE CANAL  DE EVACUACION DE AGUAS PLUVIALES BARRIO 20 DE FEBRERO DISTRITO DE ILAVE, PROVINCIA DE EL COLLAO - PUNO",PIP MENOR (SNIP),GL,GOBIERNOS LOCALES,MUNICIPALIDAD PROVINCIAL DE EL COLLAO,OPMI DE LA MUNICIPALIDAD PROVINCIAL DE EL COLLAO,UF DE LA MUNICIPALIDAD PROVINCIAL DE EL COLLAO,UEI DE LA MUNICIPALIDAD PROVINCIAL DE EL COLLAO,301640,MUNICIPALIDAD PROVINCIAL EL COLLAO - ILAVE,SANEAMIENTO,SANEAMIENTO,SANEAMIENTO URBANO,,ACTIVO,VIABLE,2011-03-13 00:00:00,2011-11-15 00:00:00,SNIP,224008.68,240119.09,0.0,0.0,0.0,-46078.47,NO,,,,,201204,201210,286197.56,0.0,,0,,,SI,240119.09,SI,Aprobación de consistencia o modificaciones antes de la aprobación del ET o ET (A),NO,NO,,,,,,,,NO,SI,2019-11-27 19:27:15,Pendiente de liquidación,PUNO,EL COLLAO,ILAVE,210501,-16.2344765,-69.6749664,CONSTRUCCION DE CANAL DE CONCRETO ARMADO EN LOSA TECHO DE 1412 M3 DE VOLUMEN CON CONCRETO FC210KGCM2 ACERO FY4200KGCM2 DE CONCRETO SIMPLE  EN EL FONDO DE LA LOSA CON FC140KGCM270PG YCON MUROS DE CONCRETO SIMPLE,ADMINISTRACIÓN DIRECTA,NO,1040,2026,0.0,0.0,CONSTRUCCION DE CANAL DE CONCRETO ARMADO EN LOSA TECHO DE 1412 M3 DE VOLUMEN CON CONCRETO FC210KGCM2 ACERO FY4200KGCM2 DE CONCRETO SIMPLE  EN EL FONDO DE LA LOSA CON FC140KGCM270PG YCON MUROS DE CONCRETO SIMPLE,OPENSTREETMAP_NOMINATIM,APROXIMADA_DISTRITO,https://nominatim.openstreetmap.org,Coordenada referencial del distrito ILAVE. No representa la ubicación exacta de la infraestructura.,COMPLETADO_APROXIMADO
2274657,OFICIAL_SANEAMIENTO,Clasificado oficialmente por el MEF en la función SANEAMIENTO,298427,"MEJORAMIENTO Y AMPLIACION DEL SERVICIO DE AGUA POTABLE Y DISPOSICION SANITARIA DE EXCRETAS EN EL CENTRO POBLADO PATIATI , DISTRITO DE PUSI - HUANCANE - PUNO",PIP MAYOR (SNIP),GN,"VIVIENDA, CONSTRUCCION Y SANEAMIENTO","MINISTERIO DE VIVIENDA, CONSTRUCCION Y SANEAMIENTO","OPMI DEL MINISTERIO DE VIVIENDA, CONSTRUCCION Y SANEAMIENTO","UF DE LA MINISTERIO DE VIVIENDA, CONSTRUCCION Y SANEAMIENTO",UEI DEL PROGRAMA NACIONAL DE SANEAMIENTO RURAL,1443,PROGRAMA NACIONAL DE SANEAMIENTO RURAL,SANEAMIENTO,SANEAMIENTO,SANEAMIENTO RURAL,,ACTIVO,VIABLE,2014-07-01 00:00:00,2015-05-19 00:00:00,SNIP,9985912.0,9985912.0,0.0,5937.03,0.0,9961829.97,NO,,,,,201512,202412,24082.03,0.0,,0,,,NO,0.0,SI,Aprobación de consistencia o modificaciones antes de la aprobación del ET o ET (A),SI,NO,,0.0,,,,,,NO,NO,,,PUNO,HUANCANE,PUSI,210605,-15.4418571,-69.9293619,El Sistema de Agua Potable propuesto para el proyecto será mediante la construcción de dos sistemas de abastecimiento de agua potable por gravedad cuya fuente será de un manantial tipo ladera desde donde se conducirá a cada reservorio apoyado proyectado el cual contara con los siguientes componentesDemolición y construcción de las captaciones existentes Quellokaka I Quellokaka II y Patiati Construcción de las captaciones proyectadas Agua y Toledo y Quellokaka IIIConstrucción de Planta de Tratamiento de Agua Potable Filtros Lentos de Arena Qd 150 lps Instalación de Líneas de conducciónTramo 1 2931 m PVCSP DN 3Tramo 2 82247 m PVCSP DN 2Tramo 3 23910 m PVCSP DN 2Tramo 4 19210 m PVCSP DN 2Tramo 5 32739 m PVCSP DN 2Construcción de los reservorios proyectados RAP01 V20m3 RAP02 V10m3 RAP03 V65m3Instalación de Línea de Aducción y Ampliación de Redes de DistribuciónInstalación de 433 conexiones de agua en total 418 para viviendas 4 para educación 1 para salud y 10 para instituciones públicasInstalación de 452 lavaderos en total 418 para viviendas 12 para educación 2 para salud y 20 para instituciones públicasSe propone la construcción de unidades básicas de saneamiento UBS con el sistema tipo compostera más una zanja de percolación Se contará con los siguientes componentesInstalación de 452 casetas UBS 418 para viviendas 12 para instituciones educativas 02 para centro de salud y 20 para instituciones públicasInstalación de 429 Biodigestores de 1600l en total 418 para viviendas y 11 para instituciones Instalación de 4 Biodigestores de 5000 l para instituciones educativasInstalación de 433 Pozos de Percolación en total 418 para viviendas 4 para educación y 11 para instituciones públicas,ADMINISTRACIÓN DIRECTA,NO,1198,2026,0.0,0.0,El Sistema de Agua Potable propuesto para el proyecto será mediante la construcción de dos sistemas de abastecimiento de agua potable por gravedad cuya fuente será de un manantial tipo ladera desde donde se conducirá a cada reservorio apoyado proyectado el cual contara con los siguientes componentesDemolición y construcción de las captaciones existentes Quellokaka I Quellokaka II y Patiati Construcción de las captaciones proyectadas Agua y Toledo y Quellokaka IIIConstrucción de Planta de Tratamiento de Agua Potable Filtros Lentos de Arena Qd 150 lps Instalación de Líneas de conducciónTramo 1 2931 m PVCSP DN 3Tramo 2 82247 m PVCSP DN 2Tramo 3 23910 m PVCSP DN 2Tramo 4 19210 m PVCSP DN 2Tramo 5 32739 m PVCSP DN 2Construcción de los reservorios proyectados RAP01 V20m3 RAP02 V10m3 RAP03 V65m3Instalación de Línea de Aducción y Ampliación de Redes de DistribuciónInstalación de 433 conexiones de agua en total 418 para viviendas 4 para educación 1 para salud y 10 para instituciones públicasInstalación de 452 lavaderos en total 418 para viviendas 12 para educación 2 para salud y 20 para instituciones públicasSe propone la construcción de unidades básicas de saneamiento UBS con el sistema tipo compostera más una zanja de percolación Se contará con los siguientes componentesInstalación de 452 casetas UBS 418 para viviendas 12 para instituciones educativas 02 para centro de salud y 20 para instituciones públicasInstalación de 429 Biodigestores de 1600l en total 418 para viviendas y 11 para instituciones Instalación de 4 Biodigestores de 5000 l para instituciones educativasInstalación de 433 Pozos de Percolación en total 418 para viviendas 4 para educación y 11 para instituciones públicas,OPENSTREETMAP_NOMINATIM,APROXIMADA_DISTRITO,https://nominatim.openstreetmap.org,Coordenada referencial del distrito PUSI. No representa la ubicación exacta de la infraestructura.,COMPLETADO_APROXIMADO
2189518,OFICIAL_SANEAMIENTO,Clasificado oficialmente por el MEF en la función SANEAMIENTO,257057,"MEJORAMIENTO Y AMPLIACIÓN DE LOS SERVICIOS DE AGUA POTABLE Y DISPOSICIÓN SANITARIA DE EXCRETAS DE LA COMUNIDAD CAMPESINA DE ACCOPATA, DISTRITO DE ASILLO, AZANGARO - PUNO",PIP MAYOR (SNIP),GR,GOBIERNOS REGIONALES,GOBIERNO REGIONAL PUNO,OPMI DEL GOBIERNO REGIONAL PUNO,UF DE LA GOBIERNO REGIONAL PUNO,UEI DEL PROGRAMA NACIONAL DE SANEAMIENTO RURAL,1443,PROGRAMA NACIONAL DE SANEAMIENTO RURAL,SANEAMIENTO,SANEAMIENTO,SANEAMIENTO RURAL,,ACTIVO,VIABLE,2013-04-18 00:00:00,2013-07-10 00:00:00,SNIP,7652506.0,6941863.02,0.0,0.0,0.0,132552.39,SI,30000.0,30000.0,29537.39,0.0,201403,202608,6782325.63,17990.0,30000.0,26985,26985.0,26985.0,SI,7057470.81,SI,Ejecución física (C),SI,SI,97.7,97.7,2026-02-11 11:23:24,2013-07-11 00:00:00,2028-08-01 00:00:00,2013-07-11 00:00:00,2028-08-01 00:00:00,NO,NO,,,PUNO,AZANGARO,ASILLO,210204,-14.7272398,-70.3567731,COMPONENTE 1 CONSTRUCCIÓN DE 01 CÁMARA DE CAPTACIÓN INSTALACION DE UNA LINEA DE CONDUCCION 2285 ML CONSTRUCCIÓN DE UNA CISTERNA CONSTRUCCIÓN DE CASETA DE BOMBEO INSTALACION DE UNA LÍNEA DE IMPULSION 95656 ML CONSTRUCCIÓN DE RESERVORIO APOYADO DE 5500 M3 IMPLEMENTACIÓN DEL SISTEMA DE DESINFECCIÓN EN EL RESERVORIO PROYECTADO INSTALACION DE UNA LÍNE ADE ADUCCION 7670 ML INSTALACIÓN REDES DE DISTRIBUCIÓN 2436289 MLINSTALACIÓN DE 381 CONEXIONES DOMICILIARIAS INCLUYE LAVADERO INODORO DUCHA TANQUE BIODIGESTOR Y POZO DE DRENAJE  COMPONENTE 2 IMPLEMENTACIÓN DE 382 UNIDAD BÁSICA DE SANEAMIENTOS TIPO UBS CON BIODIGESTOR Y ZANJA DE INFILTRACIÓN  COMPONENTE 3 PROGRAMA DE FORTALECIMIENTO Y CAPACITACIÓN DE LA ATM Y JASS   COMPONENTE 4 IMPLEMENTACIÓN DE UNA EDUCACIÓN SANITARIA EN PRÁCTICAS DE HIGIENE IMPLEMENTAR UN PROGRAMA DE CAPACITACIÓN PARA OPERACIÓN Y MANTENIMIENTO DE LAS UBS,ADMINISTRACIÓN INDIRECTA - POR CONTRATA,NO,1231,2026,0.0,0.0,COMPONENTE 1 CONSTRUCCIÓN DE 01 CÁMARA DE CAPTACIÓN INSTALACION DE UNA LINEA DE CONDUCCION 2285 ML CONSTRUCCIÓN DE UNA CISTERNA CONSTRUCCIÓN DE CASETA DE BOMBEO INSTALACION DE UNA LÍNEA DE IMPULSION 95656 ML CONSTRUCCIÓN DE RESERVORIO APOYADO DE 5500 M3 IMPLEMENTACIÓN DEL SISTEMA DE DESINFECCIÓN EN EL RESERVORIO PROYECTADO INSTALACION DE UNA LÍNE ADE ADUCCION 7670 ML INSTALACIÓN REDES DE DISTRIBUCIÓN 2436289 MLINSTALACIÓN DE 381 CONEXIONES DOMICILIARIAS INCLUYE LAVADERO INODORO DUCHA TANQUE BIODIGESTOR Y POZO DE DRENAJE  COMPONENTE 2 IMPLEMENTACIÓN DE 382 UNIDAD BÁSICA DE SANEAMIENTOS TIPO UBS CON BIODIGESTOR Y ZANJA DE INFILTRACIÓN  COMPONENTE 3 PROGRAMA DE FORTALECIMIENTO Y CAPACITACIÓN DE LA ATM Y JASS   COMPONENTE 4 IMPLEMENTACIÓN DE UNA EDUCACIÓN SANITARIA EN PRÁCTICAS DE HIGIENE IMPLEMENTAR UN PROGRAMA DE CAPACITACIÓN PARA OPERACIÓN Y MANTENIMIENTO DE LAS UBS,OPENSTREETMAP_NOMINATIM,APROXIMADA_DISTRITO,https://nominatim.openstreetmap.org,Coordenada referencial del distrito ASILLO. No representa la ubicación exacta de la infraestructura.,COMPLETADO_APROXIMADO
2186040,OFICIAL_SANEAMIENTO,Clasificado oficialmente por el MEF en la función SANEAMIENTO,254548,"MEJORAMIENTO Y AMPLIACIÓN DE LOS  SERVICIOS DE AGUA POTABLE Y DISPOSICIÓN SANITARIA DE EXCRETAS DE LA COMUNIDAD  CAMPESINA DE CALAPAMPA, DISTRITO DE ASILLO, AZÁNGARO-PUNO",PIP MAYOR (SNIP),GR,GOBIERNOS REGIONALES,GOBIERNO REGIONAL PUNO,OPMI DEL GOBIERNO REGIONAL PUNO,UF DE LA GOBIERNO REGIONAL PUNO,UEI DEL PROGRAMA NACIONAL DE SANEAMIENTO RURAL,1443,PROGRAMA NACIONAL DE SANEAMIENTO RURAL,SANEAMIENTO,SANEAMIENTO,SANEAMIENTO RURAL,,ACTIVO,VIABLE,2013-03-25 00:00:00,2013-07-03 00:00:00,SNIP,4736550.0,4253098.63,0.0,0.0,0.0,446575.36,SI,0.0,66575.36,0.0,0.0,201311,202508,3806523.27,0.0,,0,,,SI,4139436.56,SI,Ejecución física (C),SI,SI,89.5,89.5,2026-02-17 12:03:15,2013-07-04 00:00:00,2028-07-12 00:00:00,2013-07-04 00:00:00,2028-07-12 00:00:00,NO,NO,,,PUNO,AZANGARO,ASILLO,210204,-14.7272398,-70.3567731,COMPONENTE N 01 ADECUADO SERVICIO DE AGUA POTABLE CONSTRUCCIÓN DE UN 01 POZO A TAJO ABIERTO CON GALERÍA FILTRANTE CALAPAMPA I CON BOMBAS ACCIONADOS POR ENERGÍA ELÉCTRICA PARA 178 VIVIENDAS INSTALACIÓN DE UNA CASETA DE BOMBEO INSTALACIÓN DE UNA 01 LÍNEA DE IMPULSIÓN L 16997M PVC C10 Ø 63MM IMPLEMENTACIÓN DEL SISTEMA DE DESINFECCIÓN EN EL RESERVORIO PROYECTADO APOYADO CONSTRUCCIÓN DE UN RESERVORIO APOYADO DE 15 M3 CON CAPACIDAD PARA ABASTECER DE AGUA A TODA LA COMUNIDAD CAMPESINA INSTALACIÓN DE  UNA 01 LÍNEAS DE ADUCCIÓN PVC C10  Ø 63MM DE LONGITUDES L 69664 M INSTALACIÓN DE DOS 02 VÁLVULAS DE PURGA Y UN 01 VÁLVULA DE AIRE AMBAS DE 2  INSTALACIÓN DE TUBERÍAS PARA LAS REDES DE DISTRIBUCIÓN PVC 1095929 ML 820747 ML DE Ø48 MM C10 275182ML DE Ø63MM C10 E INSTALACIÓN DE CONEXIONES INTRADOMICILIARIAS INCLUYE LAVADERO Y POZO DE DRENAJE PARA 178 VIVIENDAS INSTALACIÓN DE DIECINUEVE 24 VÁLVULAS DE CONTROL E INSTALACIÓN DE DIEZ 08 VÁLVULAS DE PURGA EN LAS REDES DE DISTRIBUCIÓN COMPONENTE N 02 ADECUADO DISPOSICIÓN SANITARIA DE EXCRETAS CONSTRUCCIÓN DE 179 UNIDAD BÁSICA DE SANEAMIENTOS TIPO UBS CON BIODIGESTOR Y ZANJA DE INFILTRACIÓN COMPONENTE N 03 EXISTENCIA DE GESTION DE LOS SERVICIOS EJECUCION DE TALLERES PARA LA JASS TALLER I ADMINISTRACIÓN CONTABILIDAD Y MANEJO DE ALMACÉN TALLER II OPERACIÓN Y MANTENIMIENTO DEL SISTEMA DE AGUA Y TALLER III CLORACIÓN Y DESINFECCIÓN DEL SISTEMA DE AGUA COMPONENTE N 04 ADECUADO HABITOS Y PRÁCTICAS DE HIGIENE EJECUCION DE TALLERES TALLER I ENFERMEDADES LIGADAS AL SANEAMIENTO BÁSICO TALLER II HIGIENE PERSONAL VIVIENDA Y AMBIENTAL TALLER III USO Y CUIDADO DEL AGUA Y TALLER IV ELIMINACIÓN ADECUADA DE EXCRETAS,ADMINISTRACIÓN DIRECTA,NO,610,2026,0.0,0.0,COMPONENTE N 01 ADECUADO SERVICIO DE AGUA POTABLE CONSTRUCCIÓN DE UN 01 POZO A TAJO ABIERTO CON GALERÍA FILTRANTE CALAPAMPA I CON BOMBAS ACCIONADOS POR ENERGÍA ELÉCTRICA PARA 178 VIVIENDAS INSTALACIÓN DE UNA CASETA DE BOMBEO INSTALACIÓN DE UNA 01 LÍNEA DE IMPULSIÓN L 16997M PVC C10 Ø 63MM IMPLEMENTACIÓN DEL SISTEMA DE DESINFECCIÓN EN EL RESERVORIO PROYECTADO APOYADO CONSTRUCCIÓN DE UN RESERVORIO APOYADO DE 15 M3 CON CAPACIDAD PARA ABASTECER DE AGUA A TODA LA COMUNIDAD CAMPESINA INSTALACIÓN DE  UNA 01 LÍNEAS DE ADUCCIÓN PVC C10  Ø 63MM DE LONGITUDES L 69664 M INSTALACIÓN DE DOS 02 VÁLVULAS DE PURGA Y UN 01 VÁLVULA DE AIRE AMBAS DE 2  INSTALACIÓN DE TUBERÍAS PARA LAS REDES DE DISTRIBUCIÓN PVC 1095929 ML 820747 ML DE Ø48 MM C10 275182ML DE Ø63MM C10 E INSTALACIÓN DE CONEXIONES INTRADOMICILIARIAS INCLUYE LAVADERO Y POZO DE DRENAJE PARA 178 VIVIENDAS INSTALACIÓN DE DIECINUEVE 24 VÁLVULAS DE CONTROL E INSTALACIÓN DE DIEZ 08 VÁLVULAS DE PURGA EN LAS REDES DE DISTRIBUCIÓN COMPONENTE N 02 ADECUADO DISPOSICIÓN SANITARIA DE EXCRETAS CONSTRUCCIÓN DE 179 UNIDAD BÁSICA DE SANEAMIENTOS TIPO UBS CON BIODIGESTOR Y ZANJA DE INFILTRACIÓN COMPONENTE N 03 EXISTENCIA DE GESTION DE LOS SERVICIOS EJECUCION DE TALLERES PARA LA JASS TALLER I ADMINISTRACIÓN CONTABILIDAD Y MANEJO DE ALMACÉN TALLER II OPERACIÓN Y MANTENIMIENTO DEL SISTEMA DE AGUA Y TALLER III CLORACIÓN Y DESINFECCIÓN DEL SISTEMA DE AGUA COMPONENTE N 04 ADECUADO HABITOS Y PRÁCTICAS DE HIGIENE EJECUCION DE TALLERES TALLER I ENFERMEDADES LIGADAS AL SANEAMIENTO BÁSICO TALLER II HIGIENE PERSONAL VIVIENDA Y AMBIENTAL TALLER III USO Y CUIDADO DEL AGUA Y TALLER IV ELIMINACIÓN ADECUADA DE EXCRETAS,OPENSTREETMAP_NOMINATIM,APROXIMADA_DISTRITO,https://nominatim.openstreetmap.org,Coordenada referencial del distrito ASILLO. No representa la ubicación exacta de la infraestructura.,COMPLETADO_APROXIMADO
2252384,OFICIAL_SANEAMIENTO,Clasificado oficialmente por el MEF en la función SANEAMIENTO,312071,"MEJORAMIENTO Y AMPLIACION DE LOS SERVICIOS DE AGUA POTABLE Y SANEAMIENTO EN LA COMUNIDAD DE KANCHI ORCCOTAQUI DEL, DISTRITO DE AYAPATA - CARABAYA - PUNO",PIP MENOR (SNIP),GL,GOBIERNOS LOCALES,MUNICIPALIDAD DISTRITAL DE AYAPATA,OPMI DE LA MUNICIPALIDAD DISTRITAL DE AYAPATA,UF DE LA MUNICIPALIDAD DISTRITAL DE AYAPATA,UEI DE LA MUNICIPALIDAD DISTRITAL DE AYAPATA,301625,MUNICIPALIDAD DISTRITAL DE AYAPATA,SANEAMIENTO,SANEAMIENTO,SANEAMIENTO RURAL,,ACTIVO,VIABLE,2015-02-10 00:00:00,2015-03-25 00:00:00,SNIP,865801.93,3573536.9,0.0,0.0,0.0,-0.11,SI,3419887.0,0.0,0.0,0.0,201507,202608,153650.01,590068.37,0.0,3419887,3419886.35,595018.37,SI,3573536.9,SI,Ejecución física (C),SI,SI,2.97,6.45,2026-08-15 12:48:03,2023-09-21 00:00:00,2026-06-30 00:00:00,2026-05-18 00:00:00,2026-12-15 00:00:00,NO,NO,,,PUNO,CARABAYA,AYAPATA,210303,-13.7769833,-70.3227082,MEJORAMIENTO Y AMPLIACIÓN DE LOS SERVICIOS DE AGUA POTABLE Y SANEAMIENTO,ADMINISTRACIÓN INDIRECTA - POR CONTRATA,NO,333,2026,0.0,0.0,MEJORAMIENTO Y AMPLIACIÓN DE LOS SERVICIOS DE AGUA POTABLE Y SANEAMIENTO,OPENSTREETMAP_NOMINATIM,APROXIMADA_DISTRITO,https://nominatim.openstreetmap.org,Coordenada referencial del distrito AYAPATA. No representa la ubicación exacta de la infraestructura.,COMPLETADO_APROXIMADO
2275077,OFICIAL_SANEAMIENTO,Clasificado oficialmente por el MEF en la función SANEAMIENTO,318106,"INSTALACION MEJORAMIENTO Y AMPLIACION DEL SISTEMA DE AGUA POTABLE Y DISPOSICION SANITARIA DE EXCRETAS EN LAS COMUNIDADES DE  INKAPUCARA CONDORIRI, JUAN VELASCO ALVARADO, TUPAC AMARU MALLQUINI, PARCIALIDADES Y SECTORES, DISTRITO DE MUNANI - AZANGARO - PUNO",PIP MAYOR (SNIP),GL,GOBIERNOS LOCALES,MUNICIPALIDAD DISTRITAL DE MUÑANI,OPMI DE LA MUNICIPALIDAD DISTRITAL DE MUÑANI,UF DE LA MUNICIPALIDAD DISTRITAL DE MUÑANI,UEI DE LA MUNICIPALIDAD DISTRITAL DE MUÑANI,301615,MUNICIPALIDAD DISTRITAL DE MUÑANI,SANEAMIENTO,SANEAMIENTO,SANEAMIENTO RURAL,,ACTIVO,VIABLE,2015-05-13 00:00:00,2015-05-17 00:00:00,SNIP,8361047.0,8809392.05,0.0,0.0,0.0,80790.19,NO,,,,,201702,202007,8728601.86,0.0,,0,,,SI,8296113.05,SI,Ejecución física (C),SI,NO,,,,2017-01-10 00:00:00,2017-12-28 00:00:00,2017-01-10 00:00:00,2017-12-28 00:00:00,NO,NO,,,PUNO,AZANGARO,MUÑANI,210208,-14.7707724,-69.9557279,COMPONENTE 1 INSTALACION MEJORAMIENTO Y AMPLIACION DE INFRAESTRUCTURA DE ABASTECIMIENTO DE AGUA POTABLE COMPRENDE TRABAJOS PRELIMINARES CAPTACIÓN DE TIPO LADERA 13 UNID MEJORAMIENTO DE LA CAPTACIÓN EXISTENTE 03 UNID CAPTACIÓN Y CÁMARA DE DISTRIBUCIÓN DE CAUDAL 04 UNID LÍNEA DE CONDUCCIÓN 1153280 ML CÁMARA DE REUNIÓN 04 UNID CÁMARA ROMPE PRESIÓN 06 UNID RESERVORIO 15UNID MEJORAMIENTO DE RESERVORIO 03 UNID SISTEMA DE CLORACIÓN POR GOTEO 18UNID RED DE ADUCCIÓN Y DISTRIBUCIÓN DE AGUA POTABLE 6334980 ML VÁLVULAS DE CONTROL 20 UNID VÁLVULAS DE PURGA 30 UND CONEXIONES DOMICILIARIAS 352UND MITIGACIÓN AMBIENTAL  COMPONENTE 2 ADECUADO SERVICIO DE DISPOSICIÓN SANITARIA DE EXCRETAS Y TRATAMIENTO DE AGUAS SERVIDAS  INSTALACIÓN DE 352 MÓDULOS DE UNIDAD BÁSICA DE SANEAMIENTO CON ARRASTRE HIDRÁULICO UBSAH COMPUESTA POR UN CUARTO DE BAÑO COMPLETO INODORO LAVATORIO Y DUCHA CON TRATAMIENTO DE BIODIGESTOR Y DISPOSICIÓN FINAL DE AGUAS RESIDUALES MEDIANTE  ZANJAS DE INFILTRACIÓN EN LAS COMUNIDADES DE INKAPUCARA CONDORIRI DE 75 UNID JUAN VELASCO ALVARADO DE 62 UNID TÚPAC AMARU MALLQUINI DE 71 UNID SECTORES CARA SUPO GRANDE 64 UNID CARA SUPO CHICO 31 UNID MAMAYA 22 UNID TOTORTIRA 27 UNID Y MITIGACIÓN AMBIENTAL  COMPONENTE 3 EFICIENTE GESTION ADMINISTRATIVA Y OPERATIVA DE LOS SERVICIOS DE SANEAMIENTO ACCIONES DE PROMOCIÓN Y CAPACITACIÓN DESARROLLO EN MANEJO OPERATIVO Y TÉCNICO DE LOS SERVICIOS DE SANEAMIENTO DESARROLLO DE CAPACITACIÓN DE EDUCACIÓN SANITARIA A JEFES DE FAMILIA,ADMINISTRACIÓN INDIRECTA - POR CONTRATA,NO,1760,2026,0.0,0.0,COMPONENTE 1 INSTALACION MEJORAMIENTO Y AMPLIACION DE INFRAESTRUCTURA DE ABASTECIMIENTO DE AGUA POTABLE COMPRENDE TRABAJOS PRELIMINARES CAPTACIÓN DE TIPO LADERA 13 UNID MEJORAMIENTO DE LA CAPTACIÓN EXISTENTE 03 UNID CAPTACIÓN Y CÁMARA DE DISTRIBUCIÓN DE CAUDAL 04 UNID LÍNEA DE CONDUCCIÓN 1153280 ML CÁMARA DE REUNIÓN 04 UNID CÁMARA ROMPE PRESIÓN 06 UNID RESERVORIO 15UNID MEJORAMIENTO DE RESERVORIO 03 UNID SISTEMA DE CLORACIÓN POR GOTEO 18UNID RED DE ADUCCIÓN Y DISTRIBUCIÓN DE AGUA POTABLE 6334980 ML VÁLVULAS DE CONTROL 20 UNID VÁLVULAS DE PURGA 30 UND CONEXIONES DOMICILIARIAS 352UND MITIGACIÓN AMBIENTAL  COMPONENTE 2 ADECUADO SERVICIO DE DISPOSICIÓN SANITARIA DE EXCRETAS Y TRATAMIENTO DE AGUAS SERVIDAS  INSTALACIÓN DE 352 MÓDULOS DE UNIDAD BÁSICA DE SANEAMIENTO CON ARRASTRE HIDRÁULICO UBSAH COMPUESTA POR UN CUARTO DE BAÑO COMPLETO INODORO LAVATORIO Y DUCHA CON TRATAMIENTO DE BIODIGESTOR Y DISPOSICIÓN FINAL DE AGUAS RESIDUALES MEDIANTE  ZANJAS DE INFILTRACIÓN EN LAS COMUNIDADES DE INKAPUCARA CONDORIRI DE 75 UNID JUAN VELASCO ALVARADO DE 62 UNID TÚPAC AMARU MALLQUINI DE 71 UNID SECTORES CARA SUPO GRANDE 64 UNID CARA SUPO CHICO 31 UNID MAMAYA 22 UNID TOTORTIRA 27 UNID Y MITIGACIÓN AMBIENTAL  COMPONENTE 3 EFICIENTE GESTION ADMINISTRATIVA Y OPERATIVA DE LOS SERVICIOS DE SANEAMIENTO ACCIONES DE PROMOCIÓN Y CAPACITACIÓN DESARROLLO EN MANEJO OPERATIVO Y TÉCNICO DE LOS SERVICIOS DE SANEAMIENTO DESARROLLO DE CAPACITACIÓN DE EDUCACIÓN SANITARIA A JEFES DE FAMILIA,OPENSTREETMAP_NOMINATIM,APROXIMADA_DISTRITO,https://nominatim.openstreetmap.org,Coordenada referencial del distrito MUÑANI. No representa la ubicación exacta de la infraestructura.,COMPLETADO_APROXIMADO
2272457,OFICIAL_SANEAMIENTO,Clasificado oficialmente por el MEF en la función SANEAMIENTO,319922,"CREACION DEL SERVICIO DE AGUA POTABLE Y SANEAMIENTO RURAL EN LA COMUNIDAD DE SANTA ELENA Y ANEXO VILUYO, DISTRITO DE NUNOA - MELGAR - PUNO",PIP MENOR (SNIP),GL,GOBIERNOS LOCALES,MUNICIPALIDAD DISTRITAL DE NUÑOA,OPMI DE LA MUNICIPALIDAD DISTRITAL DE NUÑOA,UF DE LA MUNICIPALIDAD DISTRITAL DE NUÑOA,UEI DE LA MUNICIPALIDAD DISTRITAL DE NUÑOA,301668,MUNICIPALIDAD DISTRITAL DE NUÑOA,SANEAMIENTO,SANEAMIENTO,SANEAMIENTO RURAL,,ACTIVO,VIABLE,2015-05-07 00:00:00,2015-05-12 00:00:00,SNIP,662676.84,1473223.99,0.0,0.0,0.0,0.01,NO,,,,,201612,202109,1473223.98,0.0,,0,,,SI,1553989.43,SI,Ejecución física (C),SI,SI,100.0,100.0,2021-04-15 14:28:07,2020-02-01 00:00:00,2021-04-16 00:00:00,2020-11-16 00:00:00,2021-03-15 00:00:00,NO,NO,,,PUNO,MELGAR,NUÑOA,210806,-14.3774034,-70.711518,CREACION DEL SISTEMA DE AGUA POTABLE CON CAPTACIÓN DE LADERA QUE COMPRENDE INSTALACION DE LÍNEA DE CONDUCCIÓN CONSTRUCCION DE RESERVORIOS CASETA DE VÁLVULA PARA RESERVORIO LÍNEA DE ADUCCIÓN Y DISTRIBUCIÓN CÁMARA ROMPE PRESIÓN CRP7 CRUCE AÉREO VÁLVULA DE PURGA VÁLVULA DE AIRE VÁLVULAS DE CONTROL PILETA DOMICILIARIA CONSTRUCCION DE BAÑOS CON ARRASTRE HIDRAULICO CON BIODIGESTORES Y MUROS  CON LADRILLO MECANIZADO ACOMPAÑADO CON EDUCACION SANITARIA EN LA COMUNIDAD DE SANTA ELENA Y ANEXO VILUYO,ADMINISTRACIÓN DIRECTA,NO,205,2026,0.0,0.0,CREACION DEL SISTEMA DE AGUA POTABLE CON CAPTACIÓN DE LADERA QUE COMPRENDE INSTALACION DE LÍNEA DE CONDUCCIÓN CONSTRUCCION DE RESERVORIOS CASETA DE VÁLVULA PARA RESERVORIO LÍNEA DE ADUCCIÓN Y DISTRIBUCIÓN CÁMARA ROMPE PRESIÓN CRP7 CRUCE AÉREO VÁLVULA DE PURGA VÁLVULA DE AIRE VÁLVULAS DE CONTROL PILETA DOMICILIARIA CONSTRUCCION DE BAÑOS CON ARRASTRE HIDRAULICO CON BIODIGESTORES Y MUROS  CON LADRILLO MECANIZADO ACOMPAÑADO CON EDUCACION SANITARIA EN LA COMUNIDAD DE SANTA ELENA Y ANEXO VILUYO,OPENSTREETMAP_NOMINATIM,APROXIMADA_DISTRITO,https://nominatim.openstreetmap.org,Coordenada referencial del distrito NUÑOA. No representa la ubicación exacta de la infraestructura.,COMPLETADO_APROXIMADO
2343740,OFICIAL_SANEAMIENTO,Clasificado oficialmente por el MEF en la función SANEAMIENTO,382325,"CREACION DEL SERVICIO DE AGUA POTABLE Y DISPOSICIÓN SANITARIA DE EXCRETAS EN LAS PARCIALIDADES DE CHAPILACA KAMANI, SIRUNI Y CHULLUNQUIANI, DISTRITO DE SANTA ROSA - EL COLLAO - PUNO",PIP MAYOR (SNIP),GL,GOBIERNOS LOCALES,MUNICIPALIDAD DISTRITAL DE SANTA ROSA - MAZOCRUZ,OPMI DE LA MUNICIPALIDAD DISTRITAL DE SANTA ROSA - MAZOCRUZ,UF DE LA MUNICIPALIDAD DISTRITAL DE SANTA ROSA - MAZOCRUZ,UEI DE LA MUNICIPALIDAD DISTRITAL DE SANTA ROSA - MAZOCRUZ,1443,PROGRAMA NACIONAL DE SANEAMIENTO RURAL,SANEAMIENTO,SANEAMIENTO,SANEAMIENTO RURAL,,ACTIVO,VIABLE,2017-04-03 00:00:00,2017-07-19 00:00:00,SNIP,3646259.0,3711836.55,0.0,0.0,0.0,3711836.55,NO,,,,,,,0.0,0.0,,0,,,SI,2552434.68,SI,Ejecución física (C),NO,NO,,,,2018-05-07 00:00:00,2018-10-30 00:00:00,2018-05-07 00:00:00,2018-10-30 00:00:00,NO,NO,,,PUNO,EL COLLAO,SANTA ROSA,210504,-16.7616495,-69.8556014,SISTEMA DE AGUA POTABLE CONSISTE EN LA CONSTRUCCION DE 2 CAPTACIONES DE LADERA DE CONCRETO ARMADO PARA UN CAUDAL DE DISEÑO DE  079 LS CONSTRUCCION DE 5 CAMARAS ROMPE PRESSION T6 INSTALACION DE 380000 ML DE LINEA DE CONDUCCION CON TUBERIA PVC SAP C10 D1 CONSTRUCCION DE 1 RESERVORIO DE ALMACENAMIENTO DE CONCRETO ARMADO DE CAPACIDAD DE 1000 M3 CON 1 CASETA DE VALVULA TENDIDO DE 4698800  ML DE LINEA DE ADUCCION Y RED DE DISTRIBUCION CON TUBERIA PVC SAP C10 D2 D1 12 TUBERIA PVC SAP C10 D1 14 TUBERIA PVC SAP C10 D1 Y TUBERIA PVC SAP C10 D34 ADEMAS SE CONSTRUIRAN 34 CAMARAS DE ROMPE PRESSION T7 CRUCE DE RIO COLUMNA ECHADA DE 4000 ML 14 CAJAS DE VALVULAS DE CONTROL 12 CAJAS DE VALVULA DE PURGA Y 15 CAJAS DE VALVULA DE AIRE TAMBIEN SE CONSTRUIRA 1 HIPOCLORADOR POR GOTEO SE INSTALARAN 105 CONEXIONES DOMICILIARIAS Y SE CONSTRUIRAN CERCOS PERIMETRICOS EN CAPTACION Y RESERVORIO  SISTEMA DE DISPOSICIOND E EXCRETAS CONSISTE EN LA CONSTRUCCION DE 105 SERVICIOS HIGIENICOS CON ARRASTRE HIDRAULICO CON COBERTURA DE CALAMINON CON MURO DE LADRILLO PULIDO CON CEMENTO PUERTA Y VENTANAS METALICAS INODORO Y LAVADEROS MULTIUSO INSTALACION DE AGUA Y DESAGUE ADEMAS CONSIDERA LA CONSTRUCCION DE SISTEMA DE TRATAMIENTO CON POZO SEPTICO Y PERCOLADOR SE INSTALARAN 105 LAVADEROS MULTIUSOS  CAPACITACIÓN EN EDUCACIÓN SANITARIA Y  CAPACITACIÓN EN GESTIÓN DE LOS SERVICIOS SE DESARROLLARAN EVENTOS DE PROMOCION CAPACITACION Y EDUCACION SANITARIA A LA POBLACION Y TAMBIEN CONTRIBUIR A QUE EL RECURSO HUMANO DE LA UNIDAD DE GESTION DE SERVICIOS DE SANEAMIENTO JASS MEJORE EFICIENTEMENTE LA GESTION OPERACIONAL FINANCIERA Y ADMINISTRATIVA,ADMINISTRACIÓN INDIRECTA - POR CONTRATA,NO,525,2026,0.0,0.0,SISTEMA DE AGUA POTABLE CONSISTE EN LA CONSTRUCCION DE 2 CAPTACIONES DE LADERA DE CONCRETO ARMADO PARA UN CAUDAL DE DISEÑO DE  079 LS CONSTRUCCION DE 5 CAMARAS ROMPE PRESSION T6 INSTALACION DE 380000 ML DE LINEA DE CONDUCCION CON TUBERIA PVC SAP C10 D1 CONSTRUCCION DE 1 RESERVORIO DE ALMACENAMIENTO DE CONCRETO ARMADO DE CAPACIDAD DE 1000 M3 CON 1 CASETA DE VALVULA TENDIDO DE 4698800  ML DE LINEA DE ADUCCION Y RED DE DISTRIBUCION CON TUBERIA PVC SAP C10 D2 D1 12 TUBERIA PVC SAP C10 D1 14 TUBERIA PVC SAP C10 D1 Y TUBERIA PVC SAP C10 D34 ADEMAS SE CONSTRUIRAN 34 CAMARAS DE ROMPE PRESSION T7 CRUCE DE RIO COLUMNA ECHADA DE 4000 ML 14 CAJAS DE VALVULAS DE CONTROL 12 CAJAS DE VALVULA DE PURGA Y 15 CAJAS DE VALVULA DE AIRE TAMBIEN SE CONSTRUIRA 1 HIPOCLORADOR POR GOTEO SE INSTALARAN 105 CONEXIONES DOMICILIARIAS Y SE CONSTRUIRAN CERCOS PERIMETRICOS EN CAPTACION Y RESERVORIO  SISTEMA DE DISPOSICIOND E EXCRETAS CONSISTE EN LA CONSTRUCCION DE 105 SERVICIOS HIGIENICOS CON ARRASTRE HIDRAULICO CON COBERTURA DE CALAMINON CON MURO DE LADRILLO PULIDO CON CEMENTO PUERTA Y VENTANAS METALICAS INODORO Y LAVADEROS MULTIUSO INSTALACION DE AGUA Y DESAGUE ADEMAS CONSIDERA LA CONSTRUCCION DE SISTEMA DE TRATAMIENTO CON POZO SEPTICO Y PERCOLADOR SE INSTALARAN 105 LAVADEROS MULTIUSOS  CAPACITACIÓN EN EDUCACIÓN SANITARIA Y  CAPACITACIÓN EN GESTIÓN DE LOS SERVICIOS SE DESARROLLARAN EVENTOS DE PROMOCION CAPACITACION Y EDUCACION SANITARIA A LA POBLACION Y TAMBIEN CONTRIBUIR A QUE EL RECURSO HUMANO DE LA UNIDAD DE GESTION DE SERVICIOS DE SANEAMIENTO JASS MEJORE EFICIENTEMENTE LA GESTION OPERACIONAL FINANCIERA Y ADMINISTRATIVA,OPENSTREETMAP_NOMINATIM,APROXIMADA_DISTRITO,https://nominatim.openstreetmap.org,Coordenada referencial del distrito SANTA ROSA. No representa la ubicación exacta de la infraestructura.,COMPLETADO_APROXIMADO
2307821,OFICIAL_SANEAMIENTO,Clasificado oficialmente por el MEF en la función SANEAMIENTO,346423,"INSTALACION DEL SERVICIO DE AGUA POTABLE Y SANEAMIENTO RURAL EN EL SECTOR CHILLPANI DE LA COMUNIDAD DE LLACTA CHOQUEPIÑA, DISTRITO DE SAN JOSE - AZANGARO - PUNO",PROYECTO DE INVERSION,GL,GOBIERNOS LOCALES,MUNICIPALIDAD DISTRITAL DE SAN JOSE - AZANGARO,OPMI DE LA MUNICIPALIDAD DISTRITAL DE SAN JOSE - AZANGARO,UF DE LA MUNICIPALIDAD DISTRITAL DE SAN JOSE - AZANGARO,UEI DE LA MUNICIPALIDAD DISTRITAL DE SAN JOSE - AZANGARO,301619,MUNICIPALIDAD DISTRITAL DE SAN JOSE,SANEAMIENTO,SANEAMIENTO,SANEAMIENTO RURAL,SISTEMA DE SANEAMIENTO RURAL,ACTIVO,VIABLE,2020-12-11 00:00:00,2020-12-17 00:00:00,INVIERTE,1238776.33,2974517.88,0.0,0.0,0.0,2974517.88,NO,,,,,,,0.0,0.0,,0,,,SI,2974517.88,SI,Ejecución física (C),SI,NO,,0.0,,2023-05-17 00:00:00,2025-02-07 00:00:00,2023-05-17 00:00:00,2025-02-07 00:00:00,NO,NO,,,PUNO,AZANGARO,SAN JOSE,210212,-14.6701654,-70.1621099,Instalación de servicios con construcción de infraestructura de agua potable Captación manantial Cámara de reunión Línea de conducción Reservorio caseta de válvulas Cámara rompe presión red de distribución Conexiones domiciliarias Instalación de Unidades básicas Saneamiento y ducha con arrastre hidráulico  Elaboración y difusión de programas de Educación sanitaria que consiste en capacitación al personal de JASS Asistencia técnica en mantenimiento de sistema de agua potable y Mitigación ambiental,ADMINISTRACIÓN INDIRECTA - POR CONTRATA,NO,392,2026,0.0,0.0,Instalación de servicios con construcción de infraestructura de agua potable Captación manantial Cámara de reunión Línea de conducción Reservorio caseta de válvulas Cámara rompe presión red de distribución Conexiones domiciliarias Instalación de Unidades básicas Saneamiento y ducha con arrastre hidráulico  Elaboración y difusión de programas de Educación sanitaria que consiste en capacitación al personal de JASS Asistencia técnica en mantenimiento de sistema de agua potable y Mitigación ambiental,OPENSTREETMAP_NOMINATIM,APROXIMADA_DISTRITO,https://nominatim.openstreetmap.org,Coordenada referencial del distrito SAN JOSE. No representa la ubicación exacta de la infraestructura.,COMPLETADO_APROXIMADO
2161234,OFICIAL_SANEAMIENTO,Clasificado oficialmente por el MEF en la función SANEAMIENTO,223183,"MEJORAMIENTO DEL SISTEMA DE ABASTECIMIENTO DE AGUA POTABLE EN LA C.C. CENTRAL CHUCAHUACAS, DISTRITO DE CHUPA - AZANGARO - PUNO",PIP MENOR (SNIP),GL,GOBIERNOS LOCALES,MUNICIPALIDAD DISTRITAL DE CHUPA,OPMI DE LA MUNICIPALIDAD DISTRITAL DE CHUPA,UF DE LA MUNICIPALIDAD DISTRITAL DE CHUPA,UEI DE LA MUNICIPALIDAD DISTRITAL DE CHUPA,301613,MUNICIPALIDAD DISTRITAL DE CHUPA,SANEAMIENTO,SANEAMIENTO,SANEAMIENTO RURAL,,ACTIVO,VIABLE,2012-07-13 00:00:00,2012-08-06 00:00:00,SNIP,386258.0,386258.0,0.0,0.0,0.0,59341.2,SI,0.0,30000.0,29341.0,0.0,201209,201309,326916.8,0.0,,0,,,SI,386258.0,SI,Ejecución física (C),SI,SI,100.0,98.06,2026-02-24 14:02:53,2012-01-01 00:00:00,2028-05-10 00:00:00,2012-01-01 00:00:00,2028-05-10 00:00:00,NO,NO,,,PUNO,AZANGARO,CHUPA,210206,-15.1059765,-69.9865962,CONSTRUCCION Y MEJORAMIENTO DEL SISTEMA DE AGUA POTABLE,ADMINISTRACIÓN DIRECTA,NO,315,2026,0.0,0.0,CONSTRUCCION Y MEJORAMIENTO DEL SISTEMA DE AGUA POTABLE,OPENSTREETMAP_NOMINATIM,APROXIMADA_DISTRITO,https://nominatim.openstreetmap.org,Coordenada referencial del distrito CHUPA. No representa la ubicación exacta de la infraestructura.,COMPLETADO_APROXIMADO
2146210,OFICIAL_SANEAMIENTO,Clasificado oficialmente por el MEF en la función SANEAMIENTO,185742,"MEJORAMIENTO Y AMPLIACION DEL SISTEMA DE AGUA POTABLE EN EL SECTOR DE HUAYRAPATA DEL C.P. DE HUAYRAPATA, DISTRITO DE CHUCUITO - PUNO - PUNO",PIP MENOR (SNIP),GL,GOBIERNOS LOCALES,MUNICIPALIDAD DISTRITAL DE CHUCUITO,OPMI DE LA MUNICIPALIDAD DISTRITAL DE CHUCUITO,UF DE LA MUNICIPALIDAD DISTRITAL DE CHUCUITO,UEI DE LA MUNICIPALIDAD DISTRITAL DE CHUCUITO,301598,MUNICIPALIDAD DISTRITAL DE CHUCUITO,SANEAMIENTO,SANEAMIENTO,SANEAMIENTO RURAL,,ACTIVO,VIABLE,2011-08-11 00:00:00,2011-09-01 00:00:00,SNIP,188900.01,213193.4,0.0,0.0,0.0,4500.0,NO,,,,,201110,201212,208693.4,0.0,,0,,,SI,213193.4,SI,Ejecución física (C),SI,SI,97.89,97.89,2021-01-14 20:38:14,2011-10-10 00:00:00,2024-12-31 00:00:00,2011-10-10 00:00:00,2024-12-31 00:00:00,NO,NO,,,PUNO,PUNO,CHUCUITO,210106,-16.6336027,-69.3018083,SE PLANTEA UN SISTEMA DE CAPTACION DE LADERA POR GRAVEDAD DE 2 UNIDADES SE CONTEMPLA LA CONSTRUCCION DE UNA ESTRUCTURA DE CAPTACION DE LADERA CONFORMADA CON CAJAS DE VALVULAS INSTALACION DE LINEAS DE CONDUCCION DE 201 ML CONSTRUCCION DE RESERVORIO DE 20M3 CON CASETAS DE VALVULAS INSTALACION DE LINEAS DE DISTRIBUCION DE 5626 ML CON VALVULAS DE CONTROL CON 4 UNIDADES INSTALACION DE 85 PILETAS DOMICILIARIAS CONSTRUCCION DE VALVULAS DE PURGA 7 UNIDADES,ADMINISTRACIÓN DIRECTA,NO,328,2026,0.0,0.0,SE PLANTEA UN SISTEMA DE CAPTACION DE LADERA POR GRAVEDAD DE 2 UNIDADES SE CONTEMPLA LA CONSTRUCCION DE UNA ESTRUCTURA DE CAPTACION DE LADERA CONFORMADA CON CAJAS DE VALVULAS INSTALACION DE LINEAS DE CONDUCCION DE 201 ML CONSTRUCCION DE RESERVORIO DE 20M3 CON CASETAS DE VALVULAS INSTALACION DE LINEAS DE DISTRIBUCION DE 5626 ML CON VALVULAS DE CONTROL CON 4 UNIDADES INSTALACION DE 85 PILETAS DOMICILIARIAS CONSTRUCCION DE VALVULAS DE PURGA 7 UNIDADES,OPENSTREETMAP_NOMINATIM,APROXIMADA_DISTRITO,https://nominatim.openstreetmap.org,Coordenada referencial del distrito CHUCUITO. No representa la ubicación exacta de la infraestructura.,COMPLETADO_APROXIMADO
2178303,OFICIAL_SANEAMIENTO,Clasificado oficialmente por el MEF en la función SANEAMIENTO,257607,"AMPLIACION, MEJORAMIENTO DEL SISTEMA DE AGUA POTABLE Y ALCANTARILLADO, DE LA CIUDAD DE DESAGUADERO, DISTRITO DE DESAGUADERO - CHUCUITO - PUNO",PIP MAYOR (SNIP),GL,GOBIERNOS LOCALES,MUNICIPALIDAD DISTRITAL DE DESAGUADERO,OPMI DE LA MUNICIPALIDAD DISTRITAL DE DESAGUADERO,UF DE LA MUNICIPALIDAD DISTRITAL DE DESAGUADERO,UEI DE LA MUNICIPALIDAD DISTRITAL DE DESAGUADERO,301634,MUNICIPALIDAD DISTRITAL DE DESAGUADERO,SANEAMIENTO,SANEAMIENTO,SANEAMIENTO URBANO,,ACTIVO,VIABLE,2013-04-24 00:00:00,2013-05-06 00:00:00,SNIP,47451693.0,54830336.81,0.0,0.0,0.0,392462.0,SI,2053826.0,0.0,0.0,0.0,201306,202212,52776510.81,0.0,0.0,1661364,1661364.0,0.0,SI,52619635.24,SI,Ejecución física (C),SI,SI,72.83,70.24,2026-08-03 14:36:09,2014-07-15 00:00:00,2029-06-01 00:00:00,2014-07-15 00:00:00,2026-12-18 00:00:00,NO,NO,,,PUNO,CHUCUITO,DESAGUADERO,210402,-16.6130199,-69.0841617,MEJORAMIENTO Y AMPLIACIÓN DEL SERVICIO DE SANEAMIENTO CON CONSTRUCCIÓN DEL SISTEMA DE AGUA POTABLE CON EL SISTEMA POR GRAVEDAD 2060Km Y ALCANTARILLADO 863 Km CONSTRUCCION DE UNA PLANTA DE TRATAMIENTO IMPLEMENTACIÓN DE CAPACITACION EN EDUCACION SANITARIA Y CAPACITACIÓN EN OPERACIÓN MANTENIMIENTO Y ADMINISTRACION DEL SERVICIO DE SANEAMIENTO agua y alcantarillado,ADMINISTRACIÓN INDIRECTA - POR CONTRATA,NO,20348,2026,0.0,0.0,MEJORAMIENTO Y AMPLIACIÓN DEL SERVICIO DE SANEAMIENTO CON CONSTRUCCIÓN DEL SISTEMA DE AGUA POTABLE CON EL SISTEMA POR GRAVEDAD 2060Km Y ALCANTARILLADO 863 Km CONSTRUCCION DE UNA PLANTA DE TRATAMIENTO IMPLEMENTACIÓN DE CAPACITACION EN EDUCACION SANITARIA Y CAPACITACIÓN EN OPERACIÓN MANTENIMIENTO Y ADMINISTRACION DEL SERVICIO DE SANEAMIENTO agua y alcantarillado,OPENSTREETMAP_NOMINATIM,APROXIMADA_DISTRITO,https://nominatim.openstreetmap.org,Coordenada referencial del distrito DESAGUADERO. No representa la ubicación exacta de la infraestructura.,COMPLETADO_APROXIMADO
2194591,OFICIAL_SANEAMIENTO,Clasificado oficialmente por el MEF en la función SANEAMIENTO,283122,"INSTALACION Y MEJORAMIENTO DEL SISTEMA DE AGUA POTABLE Y UNIDADES BASICAS DE SANEAMIENTO EN EL AREA RURAL, DISTRITO DE PEDRO VILCA APAZA - SAN ANTONIO DE PUTINA - PUNO",PIP MAYOR (SNIP),GL,GOBIERNOS LOCALES,MUNICIPALIDAD DISTRITAL DE PEDRO VILCA APAZA,OPMI DE LA MUNICIPALIDAD DISTRITAL DE PEDRO VILCA APAZA,UF DE LA MUNICIPALIDAD DISTRITAL DE PEDRO VILCA APAZA,UEI DE LA MUNICIPALIDAD DISTRITAL DE PEDRO VILCA APAZA,301678,MUNICIPALIDAD DISTRITAL DE PEDRO VILCA APAZA,SANEAMIENTO,SANEAMIENTO,SANEAMIENTO RURAL,,ACTIVO,VIABLE,2013-12-18 00:00:00,2014-01-24 00:00:00,SNIP,7070781.0,6999986.0,0.0,0.0,0.0,25437.2,NO,,,,,201410,201912,6974548.8,0.0,,0,,,SI,6999986.0,SI,Ejecución física (C),SI,NO,,0.0,,2014-08-01 00:00:00,2017-05-31 00:00:00,2017-02-06 00:00:00,2018-06-12 00:00:00,NO,NO,,,PUNO,SAN ANTONIO DE PUTINA,PEDRO VILCA APAZA,211003,-15.0180244,-69.9040458,CONSISTE EN LA INSTALACIÓN DE 03 SISTEMAS AGUA POTABLE POR GRAVEDAD COMPRENDIDOS EN OBRAS DE CAPTACIÓN CONDUCCIÓN RESERVORIO REDES DE DISTRIBUCIÓN Y CONEXIONES DOMICILIARIAS EN LAS COMUNIDADES CAMPESINAS SIGUIENTES CAQUEN EN LOS SECTORES TUNILA TAURAUTA CENTRAL Y PICHACANI 64 CONEXIONES SAN IGNACIO DE MAYAPUNCU ANEXO CALACALA 41 CONEXIONES HUILACUNCA CALACALA 20 CONEXIONES SE PROPONE EL MEJORAMIENTO DE 05 SISTEMAS DE AGUA POTABLE POR GRAVEDAD EN LAS COMUNIDADES CAMPESINAS DE SAN IGNACIO DE MAYAPUNCU 47 CONEXIONES DOMICILIARIAS TÚPAC AMARU 53 CONEXIONES DOMICILIARIAS  PICHACANI 35 CONEXIONES DOMICILIARIAS SAN JOSÉ DE SANTA CRUZ SE PROPONE LA CONSTRUCCIÓN DE RESERVORIOS Y UNA CASETA DE VÁLVULA PARA 119 CONEXIONES CAMPESINA SANTIAGO DE AJJATIRA ANEXO CALACALA 108 CONEXIONES DESAGUE CONSISTE EN LA INSTALACIÓN DE 570 UNIDADES DE SANEAMIENTO BÁSICO SEGÚN LA RESOLUCIÓN MINISTERIAL N 2012012  VIVIENDA CONSISTE EN LA INSTALACIÓN INTRADOMICILIARIA CONSISTE EN LAVADERO DE USO MÚLTIPLE Y ACCESORIOS EL BAÑO INCLUIRÁ I LAVATORIO II DUCHA III INODORO Y IV URINARIO TANQUE PARA ALMACENAMIENTO DE AGUA POTABLE PARA LA DISPOSICIÓN FINAL DE EXCRETAS QUE PERMITIRÁ EL CONFINAMIENTO DE LAS HECES PARA SU POSTERIOR DISPOSICIÓN AL MEDIO AMBIENTE PRESERVANDO EL MEDIO AMBIENTE A TRAVÉS DE UN TANQUE BIODIGESTOR CLARIFICADOR FOSAPLAS SE INSTALARAN EN LAS COMUNIDADES CAMPESINAS DE NASACARA 61 UNIDADES BÁSICAS DE SANEAMIENTO USB SAN IGNACIO DE MAYAPUNCU 47 UBS TÚPAC AMARU 53 UBS PICHACANI 35 UBS SAN JOSÉ DE SANTA CRUZ 119 UBS PICHACANI 35 UBS CAQUEN EN LOS SECTORES TUNILA TAURAUTA CENTRAL Y PICHACANI 64 UBS SAN IGNACIO DE MAYAPUNCU ANEXO CALACALA 41 UBS HUILACUNCA CALACALA 20 UBS AJJATIRA ANEXO CALACALA 108 UBSCAPACITACIÓN EN EDUCACIÓN SANITARIA SE DESARROLLARAN 10 EVENTOS DE CAPACITACIÓN EN EDUCACIÓN SANITARIA Y ADMINISTRACIÓN DE LA JASS,ADMINISTRACIÓN INDIRECTA - POR CONTRATA,NO,2280,2026,0.0,0.0,CONSISTE EN LA INSTALACIÓN DE 03 SISTEMAS AGUA POTABLE POR GRAVEDAD COMPRENDIDOS EN OBRAS DE CAPTACIÓN CONDUCCIÓN RESERVORIO REDES DE DISTRIBUCIÓN Y CONEXIONES DOMICILIARIAS EN LAS COMUNIDADES CAMPESINAS SIGUIENTES CAQUEN EN LOS SECTORES TUNILA TAURAUTA CENTRAL Y PICHACANI 64 CONEXIONES SAN IGNACIO DE MAYAPUNCU ANEXO CALACALA 41 CONEXIONES HUILACUNCA CALACALA 20 CONEXIONES SE PROPONE EL MEJORAMIENTO DE 05 SISTEMAS DE AGUA POTABLE POR GRAVEDAD EN LAS COMUNIDADES CAMPESINAS DE SAN IGNACIO DE MAYAPUNCU 47 CONEXIONES DOMICILIARIAS TÚPAC AMARU 53 CONEXIONES DOMICILIARIAS  PICHACANI 35 CONEXIONES DOMICILIARIAS SAN JOSÉ DE SANTA CRUZ SE PROPONE LA CONSTRUCCIÓN DE RESERVORIOS Y UNA CASETA DE VÁLVULA PARA 119 CONEXIONES CAMPESINA SANTIAGO DE AJJATIRA ANEXO CALACALA 108 CONEXIONES DESAGUE CONSISTE EN LA INSTALACIÓN DE 570 UNIDADES DE SANEAMIENTO BÁSICO SEGÚN LA RESOLUCIÓN MINISTERIAL N 2012012  VIVIENDA CONSISTE EN LA INSTALACIÓN INTRADOMICILIARIA CONSISTE EN LAVADERO DE USO MÚLTIPLE Y ACCESORIOS EL BAÑO INCLUIRÁ I LAVATORIO II DUCHA III INODORO Y IV URINARIO TANQUE PARA ALMACENAMIENTO DE AGUA POTABLE PARA LA DISPOSICIÓN FINAL DE EXCRETAS QUE PERMITIRÁ EL CONFINAMIENTO DE LAS HECES PARA SU POSTERIOR DISPOSICIÓN AL MEDIO AMBIENTE PRESERVANDO EL MEDIO AMBIENTE A TRAVÉS DE UN TANQUE BIODIGESTOR CLARIFICADOR FOSAPLAS SE INSTALARAN EN LAS COMUNIDADES CAMPESINAS DE NASACARA 61 UNIDADES BÁSICAS DE SANEAMIENTO USB SAN IGNACIO DE MAYAPUNCU 47 UBS TÚPAC AMARU 53 UBS PICHACANI 35 UBS SAN JOSÉ DE SANTA CRUZ 119 UBS PICHACANI 35 UBS CAQUEN EN LOS SECTORES TUNILA TAURAUTA CENTRAL Y PICHACANI 64 UBS SAN IGNACIO DE MAYAPUNCU ANEXO CALACALA 41 UBS HUILACUNCA CALACALA 20 UBS AJJATIRA ANEXO CALACALA 108 UBSCAPACITACIÓN EN EDUCACIÓN SANITARIA SE DESARROLLARAN 10 EVENTOS DE CAPACITACIÓN EN EDUCACIÓN SANITARIA Y ADMINISTRACIÓN DE LA JASS,OPENSTREETMAP_NOMINATIM,APROXIMADA_DISTRITO,https://nominatim.openstreetmap.org,Coordenada referencial del distrito PEDRO VILCA APAZA. No representa la ubicación exacta de la infraestructura.,COMPLETADO_APROXIMADO
2331759,OFICIAL_SANEAMIENTO,Clasificado oficialmente por el MEF en la función SANEAMIENTO,371076,"CREACION DEL SERVICIO DE AGUA POTABLE Y SANEAMIENTO EN LOS SECTORES DE CHILLAPAMPA, CCOLLPANI, COTOSA Y COLINE, DISTRITO DE VILAVILA - LAMPA - PUNO",PIP MAYOR (SNIP),GL,GOBIERNOS LOCALES,MUNICIPALIDAD DISTRITAL DE VILAVILA,OPMI DE LA MUNICIPALIDAD DISTRITAL DE VILAVILA,UF DE LA MUNICIPALIDAD DISTRITAL DE VILAVILA,UEI DE LA MUNICIPALIDAD DISTRITAL DE VILAVILA,301662,MUNICIPALIDAD DISTRITAL DE VILAVILA,SANEAMIENTO,SANEAMIENTO,SANEAMIENTO RURAL,,ACTIVO,VIABLE,2016-10-03 00:00:00,2017-05-11 00:00:00,SNIP,3306354.0,3792042.03,0.0,0.0,0.0,3792042.03,NO,,,,,,,0.0,0.0,,0,,,SI,3792042.03,SI,Ejecución física (C),SI,NO,,0.0,,2022-02-01 00:00:00,2028-09-08 00:00:00,2022-02-01 00:00:00,2028-09-08 00:00:00,NO,NO,,,PUNO,LAMPA,VILAVILA,210710,-15.1882324,-70.6597158,Construcción de captaciones en ladera de acuerdo a las metas de cada sistema yo sistema individual línea de conducción para las localidades intervenidas se  construirán los reservorios en cada sector del medio rural de 04 y 01 m3 de capacidad de acuerdo a los cálculos de la demanda En el reservorio proyectado se instalara el sistema de cloración para asegurar la potabilidad del agua cuenta con un sistema de cloración  La caseta de válvulas será construida junto al reservorio con la finalidad de dotar un buen servicio a los beneficiarios de los sectores yo beneficiarios independientes   El reservorio contara con un cerco perimétrico de malla metálica de alambre galvanizado N 12 con postes de tubo FG de 3pulg 245 m de altura tendrá un portón metálico de 100 m de ancho  Instalación de redes de distribución con tuberías de 1 12 1 PVC Clase 10  Conexiones domiciliarias de 84 viviendas rurales con tubería PVC   con sus respectivos válvulas incluidas las piletas de concreto armado de 140 kgcm2    Se construirá 84 Unidades Básicas de Saneamiento con arrastre Hidráulico cuya dimensión es 3x18m con área 54m2 cu compuesto de las siguientes estructuras  Caseta de muro de bloques de concreto 15x20x40 cm techo cubierta de Teja Andina piso de cemento coloreado y pulido  colocado de inodoro tanque bajo color con lavatorio de pared ducha  y su respectiva instalaciones sanitarias e instalaciones eléctricas cable AWG TW25mm 14 y tubo PVC 19mm 34 puerta de madera aguano con ventanas instaladas de vidrio incoloro  Instalación de Biodigestor de 600 lts con cámara de extracción de lodos 60x60x40cm caja de distribución se considera para el tratamiento final de aguas servidas en el pozo percolador de mampostería de piedra tapa de losa de concreto armado  14 talleres en Educación sanitaria gestión de los servicios de agua y saneamiento,ADMINISTRACIÓN INDIRECTA - POR CONTRATA,NO,420,2026,0.0,0.0,Construcción de captaciones en ladera de acuerdo a las metas de cada sistema yo sistema individual línea de conducción para las localidades intervenidas se  construirán los reservorios en cada sector del medio rural de 04 y 01 m3 de capacidad de acuerdo a los cálculos de la demanda En el reservorio proyectado se instalara el sistema de cloración para asegurar la potabilidad del agua cuenta con un sistema de cloración  La caseta de válvulas será construida junto al reservorio con la finalidad de dotar un buen servicio a los beneficiarios de los sectores yo beneficiarios independientes   El reservorio contara con un cerco perimétrico de malla metálica de alambre galvanizado N 12 con postes de tubo FG de 3pulg 245 m de altura tendrá un portón metálico de 100 m de ancho  Instalación de redes de distribución con tuberías de 1 12 1 PVC Clase 10  Conexiones domiciliarias de 84 viviendas rurales con tubería PVC   con sus respectivos válvulas incluidas las piletas de concreto armado de 140 kgcm2    Se construirá 84 Unidades Básicas de Saneamiento con arrastre Hidráulico cuya dimensión es 3x18m con área 54m2 cu compuesto de las siguientes estructuras  Caseta de muro de bloques de concreto 15x20x40 cm techo cubierta de Teja Andina piso de cemento coloreado y pulido  colocado de inodoro tanque bajo color con lavatorio de pared ducha  y su respectiva instalaciones sanitarias e instalaciones eléctricas cable AWG TW25mm 14 y tubo PVC 19mm 34 puerta de madera aguano con ventanas instaladas de vidrio incoloro  Instalación de Biodigestor de 600 lts con cámara de extracción de lodos 60x60x40cm caja de distribución se considera para el tratamiento final de aguas servidas en el pozo percolador de mampostería de piedra tapa de losa de concreto armado  14 talleres en Educación sanitaria gestión de los servicios de agua y saneamiento,OPENSTREETMAP_NOMINATIM,APROXIMADA_DISTRITO,https://nominatim.openstreetmap.org,Coordenada referencial del distrito VILAVILA. No representa la ubicación exacta de la infraestructura.,COMPLETADO_APROXIMADO
2138892,OFICIAL_SANEAMIENTO,Clasificado oficialmente por el MEF en la función SANEAMIENTO,167459,"CONSTRUCCION DEL SISTEMA DE AGUA POTABLE E INSTALACION DE LETRINAS EN LA PARCIALIDAD DE ALTO MILLIRAYA HUAYLLACUYO DEL DISTRITO DE HUANCANE, PROVINCIA DE HUANCANE - PUNO",PIP MENOR (SNIP),GL,GOBIERNOS LOCALES,MUNICIPALIDAD PROVINCIAL DE HUANCANE,OPMI DE LA MUNICIPALIDAD PROVINCIAL DE HUANCANE,UF DE LA MUNICIPALIDAD PROVINCIAL DE HUANCANE,UEI DE LA MUNICIPALIDAD PROVINCIAL DE HUANCANE,301645,MUNICIPALIDAD PROVINCIAL DE HUANCANE,SANEAMIENTO,SANEAMIENTO,SANEAMIENTO RURAL,,ACTIVO,VIABLE,2010-10-29 00:00:00,2010-12-07 00:00:00,SNIP,281972.13,281972.13,0.0,0.0,0.0,-572335.36,NO,,,,,201201,201308,854307.49,0.0,,0,,,NO,0.0,SI,Aprobación de consistencia o modificaciones antes de la aprobación del ET o ET (A),NO,NO,,,,,,,,NO,SI,2019-11-29 20:05:36,Pendiente de liquidación,PUNO,HUANCANE,HUANCANE,210601,-15.1842883,-69.8235022,CONSTRUCCIÓN DEL SISTEMA DE AGUA POTABLE POR GRAVEDAD E INSTALACIÓN DE LETRINAS DE TIPO HOYO SECO VENTILADO TRANSPORTABLES,,NO,259,2026,0.0,0.0,CONSTRUCCIÓN DEL SISTEMA DE AGUA POTABLE POR GRAVEDAD E INSTALACIÓN DE LETRINAS DE TIPO HOYO SECO VENTILADO TRANSPORTABLES,OPENSTREETMAP_NOMINATIM,APROXIMADA_DISTRITO,https://nominatim.openstreetmap.org,Coordenada referencial del distrito HUANCANE. No representa la ubicación exacta de la infraestructura.,COMPLETADO_APROXIMADO
2145469,OFICIAL_SANEAMIENTO,Clasificado oficialmente por el MEF en la función SANEAMIENTO,168321,"CONSTRUCCION DEL SISTEMA DE AGUA POTABLE Y SANEAMIENTO BASICO DE LA LOCALIDAD DE CHOQUELIHUE, DISTRITO DE ROSASPATA, PROVINCIA DE HUANCANE, DEPARTAMENTO DE PUNO",PIP MAYOR (SNIP),GN,"VIVIENDA, CONSTRUCCION Y SANEAMIENTO","MINISTERIO DE VIVIENDA, CONSTRUCCION Y SANEAMIENTO",,PROGRAMA AGUA PARA TODOS - PRONASAR,,1085,PROGRAMA NACIONAL DE SANEAMIENTO URBANO,SANEAMIENTO,SANEAMIENTO,SANEAMIENTO RURAL,,ACTIVO,VIABLE,2010-11-11 00:00:00,2010-12-09 00:00:00,SNIP,494357.0,1462856.0,0.0,0.0,0.0,1462856.0,NO,,,,,,,0.0,0.0,,0,,,SI,529866.36,NO,,NO,NO,,,,,,,,NO,NO,,,PUNO,HUANCANE,ROSASPATA,210606,-15.2344658,-69.527323,SISTEMA DE AGUA POTABLEConstrucción del Sistema por Gravedad sin Tratamiento Construcción de dos nuevas estructuras de captación de manantial de ladera de las fuentes Misinicuyo con 033 lps y Lampañanicucho con 007 lps  Además la rehabilitación de la captación Uñanipata Alto con un caudal de 010 lps con lo cual tenemos un caudal total de 050 lps  el cual satisface la demanda total de la población  con adecuada cámara húmeda y caja  de válvulas de control y su respectivo cerco perimétrico  Cabe recalcar que alas captaciones fueron diseñadas solo para la demanda promedio de la población al año 20 Instalación de una Línea de Conducción cpon tubería PVC Ø   Clase 75 con un recorrido de 76553 m y tubería PCV C10 Ø   con un recorrido de 680 m Construcción de 02 reservorios proyectados de 4 m3 y 2 m3 de capacidad con su respectiva caseta de válvulas bypass y cerco perimétrico Rehabilitación de reservorio existente de 5 m3 Red de distribución con un recorrido total de 6690 m con tubería PVC  C10 Ø 1 de 4095 m y tubería PVC C10 Ø   2595 m Construcción de 03 cámaras rompe presión tipo 7 y rehabilitación de cámara rompe presión tipo 6 existente Instalación de 70 conexiones domiciliarias 68 son para las viviendas 01 para PRONOEI y 01 IEP y 71 lavaderos  68 para viviendas  01 PRONOEI y 02 para CEPSANEAMIENTO BASICO   Instalación de 71 UBS tipo Compostera doble cámara las cuales serán distribuidas 68 para las viviendas 01 para el PRONOEI y 02 para el IEP ASPECTO SOCIALPrograma de Educación Sanitaria a las familias Plan de Capacitación sobre Operación y Mantenimiento del Sistema a la JASS y Fortalecimiento de Capacidades al Gobierno Local,,NO,234,2026,0.0,0.0,SISTEMA DE AGUA POTABLEConstrucción del Sistema por Gravedad sin Tratamiento Construcción de dos nuevas estructuras de captación de manantial de ladera de las fuentes Misinicuyo con 033 lps y Lampañanicucho con 007 lps  Además la rehabilitación de la captación Uñanipata Alto con un caudal de 010 lps con lo cual tenemos un caudal total de 050 lps  el cual satisface la demanda total de la población  con adecuada cámara húmeda y caja  de válvulas de control y su respectivo cerco perimétrico  Cabe recalcar que alas captaciones fueron diseñadas solo para la demanda promedio de la población al año 20 Instalación de una Línea de Conducción cpon tubería PVC Ø   Clase 75 con un recorrido de 76553 m y tubería PCV C10 Ø   con un recorrido de 680 m Construcción de 02 reservorios proyectados de 4 m3 y 2 m3 de capacidad con su respectiva caseta de válvulas bypass y cerco perimétrico Rehabilitación de reservorio existente de 5 m3 Red de distribución con un recorrido total de 6690 m con tubería PVC  C10 Ø 1 de 4095 m y tubería PVC C10 Ø   2595 m Construcción de 03 cámaras rompe presión tipo 7 y rehabilitación de cámara rompe presión tipo 6 existente Instalación de 70 conexiones domiciliarias 68 son para las viviendas 01 para PRONOEI y 01 IEP y 71 lavaderos  68 para viviendas  01 PRONOEI y 02 para CEPSANEAMIENTO BASICO   Instalación de 71 UBS tipo Compostera doble cámara las cuales serán distribuidas 68 para las viviendas 01 para el PRONOEI y 02 para el IEP ASPECTO SOCIALPrograma de Educación Sanitaria a las familias Plan de Capacitación sobre Operación y Mantenimiento del Sistema a la JASS y Fortalecimiento de Capacidades al Gobierno Local,OPENSTREETMAP_NOMINATIM,APROXIMADA_DISTRITO,https://nominatim.openstreetmap.org,Coordenada referencial del distrito ROSASPATA. No representa la ubicación exacta de la infraestructura.,COMPLETADO_APROXIMADO
2286575,OFICIAL_SANEAMIENTO,Clasificado oficialmente por el MEF en la función SANEAMIENTO,328523,"CREACION DEL SERVICIO DE AGUA POTABLE E INSTALACION DE LETRINAS SANITARIAS EN EL SECTOR HUANCUNI DE LA PARCIALIDAD ANICHO,  DISTRITO DE ILAVE - PROVINCIA DE EL COLLAO - DEPARTAMENTO DE PUNO",PROYECTO DE INVERSION,GL,GOBIERNOS LOCALES,MUNICIPALIDAD PROVINCIAL DE EL COLLAO,OPMI DE LA MUNICIPALIDAD PROVINCIAL DE EL COLLAO,UF DE LA MUNICIPALIDAD PROVINCIAL DE EL COLLAO,UEI DE LA MUNICIPALIDAD PROVINCIAL DE EL COLLAO,301640,MUNICIPALIDAD PROVINCIAL EL COLLAO - ILAVE,SANEAMIENTO,SANEAMIENTO,SANEAMIENTO RURAL,SISTEMA DE SANEAMIENTO RURAL,ACTIVO,VIABLE,2018-03-01 00:00:00,2018-03-04 00:00:00,INVIERTE,619679.75,650496.05,0.0,0.0,0.0,8403.28,NO,,,,,201807,202207,642092.77,0.0,,0,,,SI,618348.15,SI,Ejecución física (C),SI,SI,100.0,98.71,2023-04-27 10:35:27,2019-02-01 00:00:00,2025-12-31 00:00:00,2019-02-01 00:00:00,2019-04-16 00:00:00,NO,NO,,,PUNO,EL COLLAO,ILAVE,210501,-16.2344765,-69.6749664,COMPONENTE 1 INSTALACIÓN DE CASETA DE BOMBEO INSTALACIÓN DE TANQUE CISTERNA INSTALACIÓN DE LÍNEA DE IMPULSIÓN INSTALACIÓN DE RESERVORIO Y CASETA DE VÁLVULAS INSTALACIÓN DE ADUCCIÓN Y REDES DE AGUA POTABLE INSTALACIÓN DE PILETAS DE AGUA COMPONENTE 2 INSTALACIÓN DE LETRINAS CON BIODIGESTOR Y ZANJA DE INFILTRACIÓN COMPONENTE 3 IMPLEMENTACIÓN DE CAPACITACIÓN SANITARIA IMPLEMENTACIÓN DE CAPACITACIÓN ADMINISTRATIVA Y IMPLEMENTACIÓN DE CAPACITACIÓN EN OPERACIÓN Y MANTENIMIENTO DEL SISTEMA DE AGUA POTABLE Y SANEAMIENTO,ADMINISTRACIÓN DIRECTA,NO,228,2026,,,COMPONENTE 1 INSTALACIÓN DE CASETA DE BOMBEO INSTALACIÓN DE TANQUE CISTERNA INSTALACIÓN DE LÍNEA DE IMPULSIÓN INSTALACIÓN DE RESERVORIO Y CASETA DE VÁLVULAS INSTALACIÓN DE ADUCCIÓN Y REDES DE AGUA POTABLE INSTALACIÓN DE PILETAS DE AGUA COMPONENTE 2 INSTALACIÓN DE LETRINAS CON BIODIGESTOR Y ZANJA DE INFILTRACIÓN COMPONENTE 3 IMPLEMENTACIÓN DE CAPACITACIÓN SANITARIA IMPLEMENTACIÓN DE CAPACITACIÓN ADMINISTRATIVA Y IMPLEMENTACIÓN DE CAPACITACIÓN EN OPERACIÓN Y MANTENIMIENTO DEL SISTEMA DE AGUA POTABLE Y SANEAMIENTO,OPENSTREETMAP_NOMINATIM,APROXIMADA_DISTRITO,https://nominatim.openstreetmap.org,Coordenada referencial del distrito ILAVE. No representa la ubicación exacta de la infraestructura.,COMPLETADO_APROXIMADO
2168908,OFICIAL_SANEAMIENTO,Clasificado oficialmente por el MEF en la función SANEAMIENTO,170132,"CONSTRUCCIÓN DEL SISTEMA DE AGUA POTABLE Y SANEAMIENTO BÁSICO DE LA LOCALIDAD DE TUNI REQUENA, DISTRITO DE PUCARA, PROVINCIA DE LAMPA, DEPARTAMENTO PUNO",PIP MAYOR (SNIP),GN,"VIVIENDA, CONSTRUCCION Y SANEAMIENTO","MINISTERIO DE VIVIENDA, CONSTRUCCION Y SANEAMIENTO",,PROGRAMA AGUA PARA TODOS - PRONASAR,,1085,PROGRAMA NACIONAL DE SANEAMIENTO URBANO,SANEAMIENTO,SANEAMIENTO,SANEAMIENTO RURAL,,ACTIVO,VIABLE,2010-12-02 00:00:00,2010-12-20 00:00:00,SNIP,433214.0,465470.25,0.0,0.0,0.0,465470.25,NO,,,,,,,0.0,0.0,,0,,,SI,465470.25,NO,,NO,NO,,,,,,,,NO,NO,,,PUNO,LAMPA,PUCARA,210708,-15.068859,-70.4496726,SISTEMA DE AGUA POTABLECaptaciónSe ha identificado una fuente subterránea tipo manantial ubicado a 53 km del centro poblado denominado Kasapata I en la cota 41895 msnm en la que se construirá una nueva captación en ladera con un caudal de 115 ltseg de rendimiento Incluye cerco de protecciónLínea de ConducciónSe requiere construir una nueva línea de conducción desde el manantial  Kasapata I hasta la estructura de almacenamiento de 94770 m de longitud  con tubería PVC de 1 Incluye la construcción de  3 cámaras rompe presión TIPO VI 1 válvula de purga y 1 válvula de aire AlmacenamientoConstrucción de nuevo reservorio de 600 m3 de volumen en la cota 4003 msnm con caseta de válvulas y cerco de protección Línea de aducciónSe requiere construir una nueva línea de aducción de 447862 m de tubería PVC de  2 de diámetroIncluye la construcción de  2 cámaras rompe presión tipo VII y 1 válvula de aire Redes de distribuciónConstrucción de una red de distribución de 145728 m de tubería PVC de  1 1  y 2 con 1 válvula de purga y 5 válvulas de controlConexiones domiciliariasInstalación de 59 conexiones domiciliarias 53 para viviendas y 6 para institucionesSANEAMIENTO BASICO Se proyecta la construcción de 61 UBS con composteras de doble cámara de los cuales 53 son para viviendas 4 para los Centros Educativos y 4 para otras instituciones ASPECTO SOCIALPrograma de Educación Sanitaria a las familias Plan de Capacitación sobre Operación y Mantenimiento del Sistema a la JASS y Fortalecimiento de Capacidades al Gobierno Local,,NO,233,2026,0.0,0.0,SISTEMA DE AGUA POTABLECaptaciónSe ha identificado una fuente subterránea tipo manantial ubicado a 53 km del centro poblado denominado Kasapata I en la cota 41895 msnm en la que se construirá una nueva captación en ladera con un caudal de 115 ltseg de rendimiento Incluye cerco de protecciónLínea de ConducciónSe requiere construir una nueva línea de conducción desde el manantial  Kasapata I hasta la estructura de almacenamiento de 94770 m de longitud  con tubería PVC de 1 Incluye la construcción de  3 cámaras rompe presión TIPO VI 1 válvula de purga y 1 válvula de aire AlmacenamientoConstrucción de nuevo reservorio de 600 m3 de volumen en la cota 4003 msnm con caseta de válvulas y cerco de protección Línea de aducciónSe requiere construir una nueva línea de aducción de 447862 m de tubería PVC de  2 de diámetroIncluye la construcción de  2 cámaras rompe presión tipo VII y 1 válvula de aire Redes de distribuciónConstrucción de una red de distribución de 145728 m de tubería PVC de  1 1  y 2 con 1 válvula de purga y 5 válvulas de controlConexiones domiciliariasInstalación de 59 conexiones domiciliarias 53 para viviendas y 6 para institucionesSANEAMIENTO BASICO Se proyecta la construcción de 61 UBS con composteras de doble cámara de los cuales 53 son para viviendas 4 para los Centros Educativos y 4 para otras instituciones ASPECTO SOCIALPrograma de Educación Sanitaria a las familias Plan de Capacitación sobre Operación y Mantenimiento del Sistema a la JASS y Fortalecimiento de Capacidades al Gobierno Local,OPENSTREETMAP_NOMINATIM,APROXIMADA_DISTRITO,https://nominatim.openstreetmap.org,Coordenada referencial del distrito PUCARA. No representa la ubicación exacta de la infraestructura.,COMPLETADO_APROXIMADO
2189498,OFICIAL_SANEAMIENTO,Clasificado oficialmente por el MEF en la función SANEAMIENTO,252315,"MEJORAMIENTO Y AMPLIACIÓN DE LOS SERVICIOS DE AGUA POTABLE Y DISPOSICIÓN SANITARIA DE EXCRETAS DE LA COMUNIDAD CAMPESINA DE HUANTACACHI CHILA, C.P. COPAQUIRA, DISTRITO DE ACORA, PROVINCIA DE PUNO, DEPARTAMENTO DE PUNO",PIP MAYOR (SNIP),GR,GOBIERNOS REGIONALES,GOBIERNO REGIONAL PUNO,OPMI DEL GOBIERNO REGIONAL PUNO,UF DE LA GOBIERNO REGIONAL PUNO,UEI DEL PROGRAMA NACIONAL DE SANEAMIENTO RURAL,1443,PROGRAMA NACIONAL DE SANEAMIENTO RURAL,SANEAMIENTO,SANEAMIENTO,SANEAMIENTO RURAL,,ACTIVO,VIABLE,2013-03-01 00:00:00,2013-07-10 00:00:00,SNIP,4471009.0,3752417.01,0.0,0.0,0.0,384003.79,SI,10000.0,30000.0,30000.0,34003.79,201402,202606,3358413.22,10000.0,10000.0,10000,10000.0,10000.0,SI,3906122.94,SI,Ejecución física (C),SI,SI,95.28,89.21,2026-02-17 09:47:01,2013-07-10 00:00:00,2029-02-01 00:00:00,2017-12-23 00:00:00,2018-02-02 00:00:00,NO,NO,,,PUNO,PUNO,ACORA,210102,-16.2723754,-69.9035444,MEJORAMIENTO DE UNA 01 ESTRUCTURA DE CAPTACIÓN TIPO MANANTIAL DE LADERA E INSTALACIÓN DE UNA 01 NUEVA ESTRUCTURA DE CAPTACIÓN  TIPO MANANTIAL DE LADERA SIENDO EL NOMBRE DE LAS FUENTES HUMAJANTE EXISTENTE Y CHILAPAJTA PROYECTADO PARA ABASTECER A  214 VIVIENDAS INSTALACIÓN DE DOS 02 LÍNEAS DE CONDUCCIÓN UNA DE  6401 ML Y 6595 ML AMBAS DE PVC 63MM IMPLEMENTACIÓN DEL SISTEMA DE DESINFECCIÓN EN LOS RESERVORIOS PROYECTADOS CONSTRUCCIÓN DE DOS 02 RESERVORIOS APOYADOS DE 500 M3 Y 30 M3 CON CAPACIDAD PARA ABASTECER DE AGUA A LOS DOS SECTORES DE LA COMUNIDAD CAMPESINA PARA 16 Y 198 VIVIENDAS RESPECTIVAMENTE INSTALACIÓN DE DOS 02 LÍNEAS DE ADUCCIÓN PVC Ø 63 MM C75 DE LONGITUDES 6401 Y  45841 ML PARA ABASTECER A DOS 02 SECTORES  INSTALACIÓN DE 1043616 ML DE TUBERÍAS PARA LAS REDES DE DISTRIBUCIÓN PVC 48 MM C10 Y 63 MM C10 993519 ML SECTOR HUANCATACHI Y 50097 ML SECTOR CHILA E INSTALACIÓN DE CONEXIONES INTRADOMICILIARIAS INCLUYE LAVADERO Y POZO DE DRENAJE PARA UN TOTAL 214 VIVIENDAS HABITADAS INSTALACIÓN DE INSTALACIÓN DE CINCO 05 VÁLVULAS DE AIRE TRECE 13 VÁLVULAS DE PURGA Y DIECINUEVE 19 VÁLVULAS DE CONTROL EN LAS REDES PARA TODOS LOS SECTORES EN LAS REDES DE DISTRIBUCIÓN DE AMBOS SECTORES INSTALACIÓN DE 200 UNIDADES BÁSICAS DE SANEAMIENTO CON BIODIGESTOR Y ZANJAS DE INFILTRACIÓN PROGRAMA DE FORTALECIMIENTO Y CAPTACIÓN DE LA ATM Y JASS IMPLEMENTACIÓN DE UNA EDUCACIÓN SANITARIA EN LO QUE RESPECTA A PRÁCTICAS DE HIGIENE IMPLEMENTAR UN PROGRAMA DE CAPACITACIÓN PARA OPERACIÓN Y MANTENIMIENTO DE LAS UBS,ADMINISTRACIÓN INDIRECTA - POR CONTRATA,NO,610,2026,0.0,0.0,MEJORAMIENTO DE UNA 01 ESTRUCTURA DE CAPTACIÓN TIPO MANANTIAL DE LADERA E INSTALACIÓN DE UNA 01 NUEVA ESTRUCTURA DE CAPTACIÓN  TIPO MANANTIAL DE LADERA SIENDO EL NOMBRE DE LAS FUENTES HUMAJANTE EXISTENTE Y CHILAPAJTA PROYECTADO PARA ABASTECER A  214 VIVIENDAS INSTALACIÓN DE DOS 02 LÍNEAS DE CONDUCCIÓN UNA DE  6401 ML Y 6595 ML AMBAS DE PVC 63MM IMPLEMENTACIÓN DEL SISTEMA DE DESINFECCIÓN EN LOS RESERVORIOS PROYECTADOS CONSTRUCCIÓN DE DOS 02 RESERVORIOS APOYADOS DE 500 M3 Y 30 M3 CON CAPACIDAD PARA ABASTECER DE AGUA A LOS DOS SECTORES DE LA COMUNIDAD CAMPESINA PARA 16 Y 198 VIVIENDAS RESPECTIVAMENTE INSTALACIÓN DE DOS 02 LÍNEAS DE ADUCCIÓN PVC Ø 63 MM C75 DE LONGITUDES 6401 Y  45841 ML PARA ABASTECER A DOS 02 SECTORES  INSTALACIÓN DE 1043616 ML DE TUBERÍAS PARA LAS REDES DE DISTRIBUCIÓN PVC 48 MM C10 Y 63 MM C10 993519 ML SECTOR HUANCATACHI Y 50097 ML SECTOR CHILA E INSTALACIÓN DE CONEXIONES INTRADOMICILIARIAS INCLUYE LAVADERO Y POZO DE DRENAJE PARA UN TOTAL 214 VIVIENDAS HABITADAS INSTALACIÓN DE INSTALACIÓN DE CINCO 05 VÁLVULAS DE AIRE TRECE 13 VÁLVULAS DE PURGA Y DIECINUEVE 19 VÁLVULAS DE CONTROL EN LAS REDES PARA TODOS LOS SECTORES EN LAS REDES DE DISTRIBUCIÓN DE AMBOS SECTORES INSTALACIÓN DE 200 UNIDADES BÁSICAS DE SANEAMIENTO CON BIODIGESTOR Y ZANJAS DE INFILTRACIÓN PROGRAMA DE FORTALECIMIENTO Y CAPTACIÓN DE LA ATM Y JASS IMPLEMENTACIÓN DE UNA EDUCACIÓN SANITARIA EN LO QUE RESPECTA A PRÁCTICAS DE HIGIENE IMPLEMENTAR UN PROGRAMA DE CAPACITACIÓN PARA OPERACIÓN Y MANTENIMIENTO DE LAS UBS,OPENSTREETMAP_NOMINATIM,APROXIMADA_DISTRITO,https://nominatim.openstreetmap.org,Coordenada referencial del distrito ACORA. No representa la ubicación exacta de la infraestructura.,COMPLETADO_APROXIMADO
2225989,OFICIAL_SANEAMIENTO,Clasificado oficialmente por el MEF en la función SANEAMIENTO,232975,"MEJORAMIENTO Y AMPLIACION DEL SISTEMA DE AGUA POTABLE E INSTALACION DE LETRINAS EN COMUNIDAD CAMPESINA CCOÑAPATA, DISTRITO DE CUPI - MELGAR - PUNO",PIP MENOR (SNIP),GL,GOBIERNOS LOCALES,MUNICIPALIDAD DISTRITAL DE CAPASO,OPMI DE LA MUNICIPALIDAD DISTRITAL DE CUPI,UF DE LA MUNICIPALIDAD DISTRITAL DE CUPI,UEI DE LA MUNICIPALIDAD DISTRITAL DE CUPI,301665,MUNICIPALIDAD DISTRITAL DE CUPI,SANEAMIENTO,SANEAMIENTO,SANEAMIENTO RURAL,,ACTIVO,VIABLE,2012-09-18 00:00:00,2012-10-09 00:00:00,SNIP,829760.58,990647.92,0.0,0.0,0.0,0.0,NO,,,,,201309,202312,990647.92,0.0,,0,,,SI,999475.62,SI,Ejecución física (C),SI,SI,100.0,100.0,2024-02-23 11:16:54,2013-08-19 00:00:00,2023-12-21 00:00:00,2013-08-19 00:00:00,2014-03-31 00:00:00,NO,SI,2026-06-26 11:58:43,Pendiente de liquidación,PUNO,MELGAR,CUPI,210803,-14.904858,-70.8662301,INSTALACION DE  SISTEMAS DE AGUA POTABLE   MICRO SISTEMAS DE AGUA POTABLE  PILETAS DOMICILIARIAS E INSTALACION DE LETRINAS  DUCHAS DE ARRASTRE HIDRAULICO Y CAPACITACION EN EDUCACION SANITARIA,ADMINISTRACIÓN DIRECTA,NO,465,2026,0.0,0.0,INSTALACION DE  SISTEMAS DE AGUA POTABLE   MICRO SISTEMAS DE AGUA POTABLE  PILETAS DOMICILIARIAS E INSTALACION DE LETRINAS  DUCHAS DE ARRASTRE HIDRAULICO Y CAPACITACION EN EDUCACION SANITARIA,OPENSTREETMAP_NOMINATIM,APROXIMADA_DISTRITO,https://nominatim.openstreetmap.org,Coordenada referencial del distrito CUPI. No representa la ubicación exacta de la infraestructura.,COMPLETADO_APROXIMADO
2329841,OFICIAL_SANEAMIENTO,Clasificado oficialmente por el MEF en la función SANEAMIENTO,366174,"CREACION DEL SERVICIO DE AGUA POTABLE Y SANEAMIENTO RURAL EN LA COMUNIDAD CAMPESINA DE SAN MIGUEL DE QUILLISIRI, CHINGANI, Y LA PARCIALIDAD DE PRIMER LLAPACHURO DEL DISTRITO DE ILAVE, PROVINCIA DE EL COLLAO - PUNO",PIP MAYOR (SNIP),GL,GOBIERNOS LOCALES,MUNICIPALIDAD PROVINCIAL DE EL COLLAO,OPMI DE LA MUNICIPALIDAD PROVINCIAL DE EL COLLAO,UF DE LA MUNICIPALIDAD PROVINCIAL DE EL COLLAO,UEI DE LA MUNICIPALIDAD PROVINCIAL DE EL COLLAO,301640,MUNICIPALIDAD PROVINCIAL EL COLLAO - ILAVE,SANEAMIENTO,SANEAMIENTO,SANEAMIENTO RURAL,,ACTIVO,VIABLE,2016-09-05 00:00:00,2016-11-14 00:00:00,SNIP,3890265.0,4253322.61,0.0,0.0,0.0,4253322.61,NO,,,,,,,0.0,0.0,,0,,,SI,4253322.61,SI,Ejecución física (C),NO,NO,,,,2019-09-12 00:00:00,2020-08-09 00:00:00,2019-09-12 00:00:00,2020-08-09 00:00:00,NO,NO,,,PUNO,EL COLLAO,ILAVE,210501,-16.2344765,-69.6749664,Construcción de infraestructura del sistema de agua potable consistente en la construcción de 02 casetas de bombeo linea de impulsion de 76006 ml 02 reservorios de 15 m3 líneas de aducción y red de agua potable de 2039467 ml piletas de agua 163 usuarios construcción de 163 unidades básicas de saneamiento letrinas con biodigestor con zanja de infiltracion  implementar un programa de capacitación en educación sanitaria y prácticas de higiene  buena gestión técnica y administrativa por parte de la JASS,ADMINISTRACIÓN INDIRECTA - POR CONTRATA,NO,574,2026,0.0,0.0,Construcción de infraestructura del sistema de agua potable consistente en la construcción de 02 casetas de bombeo linea de impulsion de 76006 ml 02 reservorios de 15 m3 líneas de aducción y red de agua potable de 2039467 ml piletas de agua 163 usuarios construcción de 163 unidades básicas de saneamiento letrinas con biodigestor con zanja de infiltracion  implementar un programa de capacitación en educación sanitaria y prácticas de higiene  buena gestión técnica y administrativa por parte de la JASS,OPENSTREETMAP_NOMINATIM,APROXIMADA_DISTRITO,https://nominatim.openstreetmap.org,Coordenada referencial del distrito ILAVE. No representa la ubicación exacta de la infraestructura.,COMPLETADO_APROXIMADO
2248161,OFICIAL_SANEAMIENTO,Clasificado oficialmente por el MEF en la función SANEAMIENTO,307458,"INSTALACION DEL SISTEMA DE AGUA POTABLE Y SANEAMIENTO BASICO EN LAS COMUNIDADES DE TICOCA, BALSAPATA, CATUYO, CALUYO, SECTOR ISLAPAMPA, HUICHULLO Y SECTOR AÑAYPATA DEL C.P. BALSAPATA, DISTRITO DE ORURILLO, PROVINCIA DE MELGAR - PUNO",PIP MAYOR (SNIP),GL,GOBIERNOS LOCALES,MUNICIPALIDAD PROVINCIAL DE MELGAR,OPMI DE LA MUNICIPALIDAD PROVINCIAL DE MELGAR,UF DE LA MUNICIPALIDAD PROVINCIAL DE MELGAR,UEI DE LA MUNICIPALIDAD PROVINCIAL DE MELGAR,301663,MUNICIPALIDAD PROVINCIAL DE MELGAR - AYAVIRI,SANEAMIENTO,SANEAMIENTO,SANEAMIENTO RURAL,,ACTIVO,VIABLE,2014-11-26 00:00:00,2014-12-24 00:00:00,SNIP,6441276.0,21608071.39,0.0,0.0,0.0,21361271.39,SI,0.0,300000.0,100000.0,50000.0,201512,202310,246800.0,0.0,,0,,,NO,20104857.65,SI,Expediente técnico (B),SI,NO,,0.0,,2026-09-02 00:00:00,2027-09-03 00:00:00,2027-08-02 00:00:00,2028-08-07 00:00:00,NO,NO,,,PUNO,MELGAR,ORURILLO,210807,-14.6996442,-70.4991497,COMPONENTE N 01 SISTEMA DE AGUA POTABLE  En este componente se consideran los siguientes trabajos a realizar para la instalación del servicio de agua potable en la comunidad de Huichullo   CAPTACIÓN DE LADERA LÍNEA DE CONDUCCIÓN RESERVORIO DE 5M3 LÍNEA DE ADUCCIÓN y REDES DE DISTRIBUCIÓN  En este componente se consideran los siguientes trabajos a realizar para la instalación del servicio de agua potable en el Sector de Añaypata  CAMARA DE BOMBEO LÍNEA DE IMPULSIÓN RESERVORIO DE 5M3  LÍNEA DE ADUCCIÓN REDES DE DISTRIBUCIÓN y CONEXIONES DOMICILIARIAS se considera la instalación de 26 conexiones domiciliarias  En este componente se consideran los siguientes trabajos a realizar para la ampliación del servicio de agua potable en el sector de Islapampa  REDES DE DISTRIBUCIÓN CONEXIONES DOMICILIARIAS se considera la instalación de 10 conexiones domiciliarias  COMPONENTE N 02 SISTEMA DE ALCANTARILLADO  Se plantea la construcción del sistema del alcantarillado en el CP de Balsapata el cual contará con un sistema de alcantarillado y Planta de Tratamiento de Aguas Residuales  REDES COLECTORA Y EMISORES CONEXIONES DOMICILIARIAS  PLANTA DE TRATAMIENTO POR TANQUE IMHOFF El tratamiento será por medio de la utilización de Tanque Imhoff el cual además contará con una cámara de rejas desarenador filtro bilógico lecho  de secado caja de distribución y un cerco perimétrico con malla galvanizada cocada a fin de brindar seguridad  a la infraestructura   COMPONENTE N 03 BAÑOS CON ARRASTRE HIDRAULICO  Se plantea la construcción de baños con arrastre hidráulico los cuales será de material noble con estructuras de concreto fc210kgcm2 tanto en zapatas columnas y losa maciza las paredes son de ladrillo King Kong mecanizado de soga de 009x013x024m se instalara un inodoro y ducha en el interior del baño un tanque elevado en el exterior sobre el techo y un punto de agua en forma de pileta Para la eliminación de aguas residuales se plantea la instalación de un tanque biodigestor de 600 lts El cual además contará con un pozo percolador para la infiltración de líquidos y una cámara de retiro de lodos  COMPONENTE N 04 CAPACITACIÓN TÉCNICA Y EDUCACIÓN SANITARIA  Comprende las actividades de capacitación a la comunidad y personal de la JASS en cuanto a temas referidos a la operación y mantenimiento del sistema de abastecimiento de agua potable y alcantarillado y tratamiento de aguas residuales a fin de garantizar una forma de vida óptima,ADMINISTRACIÓN DIRECTA,NO,2594,2026,0.0,0.0,COMPONENTE N 01 SISTEMA DE AGUA POTABLE  En este componente se consideran los siguientes trabajos a realizar para la instalación del servicio de agua potable en la comunidad de Huichullo   CAPTACIÓN DE LADERA LÍNEA DE CONDUCCIÓN RESERVORIO DE 5M3 LÍNEA DE ADUCCIÓN y REDES DE DISTRIBUCIÓN  En este componente se consideran los siguientes trabajos a realizar para la instalación del servicio de agua potable en el Sector de Añaypata  CAMARA DE BOMBEO LÍNEA DE IMPULSIÓN RESERVORIO DE 5M3  LÍNEA DE ADUCCIÓN REDES DE DISTRIBUCIÓN y CONEXIONES DOMICILIARIAS se considera la instalación de 26 conexiones domiciliarias  En este componente se consideran los siguientes trabajos a realizar para la ampliación del servicio de agua potable en el sector de Islapampa  REDES DE DISTRIBUCIÓN CONEXIONES DOMICILIARIAS se considera la instalación de 10 conexiones domiciliarias  COMPONENTE N 02 SISTEMA DE ALCANTARILLADO  Se plantea la construcción del sistema del alcantarillado en el CP de Balsapata el cual contará con un sistema de alcantarillado y Planta de Tratamiento de Aguas Residuales  REDES COLECTORA Y EMISORES CONEXIONES DOMICILIARIAS  PLANTA DE TRATAMIENTO POR TANQUE IMHOFF El tratamiento será por medio de la utilización de Tanque Imhoff el cual además contará con una cámara de rejas desarenador filtro bilógico lecho  de secado caja de distribución y un cerco perimétrico con malla galvanizada cocada a fin de brindar seguridad  a la infraestructura   COMPONENTE N 03 BAÑOS CON ARRASTRE HIDRAULICO  Se plantea la construcción de baños con arrastre hidráulico los cuales será de material noble con estructuras de concreto fc210kgcm2 tanto en zapatas columnas y losa maciza las paredes son de ladrillo King Kong mecanizado de soga de 009x013x024m se instalara un inodoro y ducha en el interior del baño un tanque elevado en el exterior sobre el techo y un punto de agua en forma de pileta Para la eliminación de aguas residuales se plantea la instalación de un tanque biodigestor de 600 lts El cual además contará con un pozo percolador para la infiltración de líquidos y una cámara de retiro de lodos  COMPONENTE N 04 CAPACITACIÓN TÉCNICA Y EDUCACIÓN SANITARIA  Comprende las actividades de capacitación a la comunidad y personal de la JASS en cuanto a temas referidos a la operación y mantenimiento del sistema de abastecimiento de agua potable y alcantarillado y tratamiento de aguas residuales a fin de garantizar una forma de vida óptima,OPENSTREETMAP_NOMINATIM,APROXIMADA_DISTRITO,https://nominatim.openstreetmap.org,Coordenada referencial del distrito ORURILLO. No representa la ubicación exacta de la infraestructura.,COMPLETADO_APROXIMADO
2255956,OFICIAL_SANEAMIENTO,Clasificado oficialmente por el MEF en la función SANEAMIENTO,298362,"MEJORAMIENTO Y AMPLIACIÓN DEL SERVICIO DE AGUA POTABLE E INSTALACIÓN DEL SERVICIO DE DISPOSICIÓN SANITARIA DE EXCRETAS DEL CENTRO POBLADO DE CENTRAL SORAPA, DISTRITO DE JULI, PROVINCIA DE CHUCUITOS- REGIÓN PUNO",PIP MAYOR (SNIP),GN,"VIVIENDA, CONSTRUCCION Y SANEAMIENTO","MINISTERIO DE VIVIENDA, CONSTRUCCION Y SANEAMIENTO","OPMI DEL MINISTERIO DE VIVIENDA, CONSTRUCCION Y SANEAMIENTO","UF DE LA MINISTERIO DE VIVIENDA, CONSTRUCCION Y SANEAMIENTO",UEI DEL PROGRAMA NACIONAL DE SANEAMIENTO RURAL,1443,PROGRAMA NACIONAL DE SANEAMIENTO RURAL,SANEAMIENTO,SANEAMIENTO,SANEAMIENTO RURAL,,ACTIVO,VIABLE,2014-06-24 00:00:00,2015-03-03 00:00:00,SNIP,9503137.0,10278022.5,0.0,5937.03,0.0,117825.8,SI,17172.0,123762.83,0.0,0.0,201512,202508,10143024.7,0.0,0.0,17172,17172.0,17172.0,SI,9249573.72,SI,Ejecución física (C),SI,SI,100.0,99.96,2026-08-11 12:09:45,2015-03-04 00:00:00,2027-12-31 00:00:00,2021-07-19 00:00:00,2025-12-31 00:00:00,NO,NO,,,PUNO,CHUCUITO,JULI,210401,-16.310292,-69.5021872,Componente Nro 1Adecuada infraestructura de agua potableLa opción técnica planteada para el proyecto es un sistema que utiliza como fuente hídrica seis manantiales tipo ladera existente y proyectado ubicado en el centro poblado de Central SorapaLa necesidad de ejecutar el proyecto se debe a la mala calidad del agua consumida por acarreo por la población de las fuentes superficiales utilizado De lo descrito son razones por las cuales se optó como alternativa única para proyectar la construcción de una captación tipo ladera de los manantiales Chillina Putunku Qollpapujo Pajchapujo Qolpacucho II B Cumbrinipujio y Sala Pujo ubicados en el centro pobladoSe contemplara  los siguientes componentesADemolición y construcción de la captación existente Chillina Putunko y construcción de 5 captaciones tipo ladera b Instalación de línea de ConducciónC Construcción de una Planta de Tratamiento de Agua de Filtros Lentos Qd020 lpsD Construcción de tres reservorios de 3m3 5 m3 y 13 m3E Instalación de 23355m de línea de aducción y 3288215 red de distribución de aguaF Instalación de 225 conexiones de agua en total 210 para viviendas 4 para instituciones educativas 1 para centros de salud y 10 para instituciones públicasG Instalación de 5 Piletas públicas para un total de 19 viviendasHInstalación de 244 de lavaderos en total 210 para viviendas 12 para instituciones educativas 2 para centros de salud y 20 para instituciones públicasComponente Nro 2 Existente infraestructura de disposición sanitaria de excretas y aguas residualesA Instalación de UBS con arrastre hidráulico y pozo de percolación 244 en total 210 para viviendas 12 para instituciones educativas 2 para centros de salud y 20 para instituciones públicasB Construcción de UBS compostera seca para 19 viviendasComponente Nro 3 Mejora del nivel  de educación sanitariaA Programa de educación sanitaria de agua potableB Programa de educación sanitaria en disposición sanitaria de excretas y aguas servidasC Capacitación a los beneficiarios del proyecto en operación y mantenimiento de las UBSComponente Nro 4 Eficiente gestión técnica y administrativa de los servicios de agua y disposición sanitaria de excretas y aguas residualesA Capacitación a los miembros de la JASSB Capacitación del personal para la operación y mantenimiento de los sistemas,ADMINISTRACIÓN DIRECTA,NO,616,2026,0.0,0.0,Componente Nro 1Adecuada infraestructura de agua potableLa opción técnica planteada para el proyecto es un sistema que utiliza como fuente hídrica seis manantiales tipo ladera existente y proyectado ubicado en el centro poblado de Central SorapaLa necesidad de ejecutar el proyecto se debe a la mala calidad del agua consumida por acarreo por la población de las fuentes superficiales utilizado De lo descrito son razones por las cuales se optó como alternativa única para proyectar la construcción de una captación tipo ladera de los manantiales Chillina Putunku Qollpapujo Pajchapujo Qolpacucho II B Cumbrinipujio y Sala Pujo ubicados en el centro pobladoSe contemplara  los siguientes componentesADemolición y construcción de la captación existente Chillina Putunko y construcción de 5 captaciones tipo ladera b Instalación de línea de ConducciónC Construcción de una Planta de Tratamiento de Agua de Filtros Lentos Qd020 lpsD Construcción de tres reservorios de 3m3 5 m3 y 13 m3E Instalación de 23355m de línea de aducción y 3288215 red de distribución de aguaF Instalación de 225 conexiones de agua en total 210 para viviendas 4 para instituciones educativas 1 para centros de salud y 10 para instituciones públicasG Instalación de 5 Piletas públicas para un total de 19 viviendasHInstalación de 244 de lavaderos en total 210 para viviendas 12 para instituciones educativas 2 para centros de salud y 20 para instituciones públicasComponente Nro 2 Existente infraestructura de disposición sanitaria de excretas y aguas residualesA Instalación de UBS con arrastre hidráulico y pozo de percolación 244 en total 210 para viviendas 12 para instituciones educativas 2 para centros de salud y 20 para instituciones públicasB Construcción de UBS compostera seca para 19 viviendasComponente Nro 3 Mejora del nivel  de educación sanitariaA Programa de educación sanitaria de agua potableB Programa de educación sanitaria en disposición sanitaria de excretas y aguas servidasC Capacitación a los beneficiarios del proyecto en operación y mantenimiento de las UBSComponente Nro 4 Eficiente gestión técnica y administrativa de los servicios de agua y disposición sanitaria de excretas y aguas residualesA Capacitación a los miembros de la JASSB Capacitación del personal para la operación y mantenimiento de los sistemas,OPENSTREETMAP_NOMINATIM,APROXIMADA_DISTRITO,https://nominatim.openstreetmap.org,Coordenada referencial del distrito JULI. No representa la ubicación exacta de la infraestructura.,COMPLETADO_APROXIMADO
2302961,OFICIAL_SANEAMIENTO,Clasificado oficialmente por el MEF en la función SANEAMIENTO,268055,MEJORAMIENTO Y AMPLIACION DEL SERVICIO DE AGUA POTABLE Y CREACION DEL SERVICIO DE DISPOSICION SANITARIA DE EXCRETAS EN EL SECTOR DE CHALLACOLLO DE LA COMUNIDAD CAMPESINA SISIPA CHALLACOLLO - DISTRITO DE POMATA - PROVINCIA DE CHUCUITO - DEPARTAMENTO DE PUNO,PIP MAYOR (SNIP),GR,GOBIERNOS REGIONALES,GOBIERNO REGIONAL PUNO,OPMI DEL GOBIERNO REGIONAL PUNO,UF DE LA GOBIERNO REGIONAL PUNO,UEI DEL PROGRAMA NACIONAL DE SANEAMIENTO RURAL,1443,PROGRAMA NACIONAL DE SANEAMIENTO RURAL,SANEAMIENTO,SANEAMIENTO,SANEAMIENTO RURAL,,ACTIVO,VIABLE,2013-07-18 00:00:00,2016-03-31 00:00:00,SNIP,3957786.0,4299338.36,0.0,61477.11,0.0,385390.62,SI,5000.0,30000.0,30000.0,30190.62,201606,202608,3909147.74,4800.0,5000.0,4800,4800.0,4800.0,SI,4589702.08,SI,Ejecución física (C),SI,SI,90.87,90.87,2026-02-16 19:53:53,2016-03-31 00:00:00,2029-01-01 00:00:00,2017-10-27 00:00:00,2019-06-19 00:00:00,NO,NO,,,PUNO,CHUCUITO,POMATA,210406,-16.3694998,-69.2947975,COMPONENTE 01 ADECUADA INFRAESTRUCTURA PARA EL ABASTECIMIENTO DE AGUA POTABLE   ACCIÓN 11 OBRAS PROVISIONALES  SISTEMA 01  ACCIÓN 12 CAPTACIÓN  RESERVORIO V25M3  MANANTIAL CHALLACOLLO 02 HUAYLLANPUJO  ACCIÓN 13 LÍNEA DE ADUCCION L131908M  ACCIÓN 14 REDES DE DISTRIBUCIÓN L41217M  SISTEMA 02  ACCIÓN 15 CAPTACIÓN  MANANTIAL CHALLACOLLO 01 KAURAMPUJO  ACCIÓN 16 LINEA DE CONDUCCIÓN L45920M  ACCIÓN 17 RESERVORIO APOYADO PROYECTADO RP01 V2400 M3  ACCIÓN 18 LINEA DE ADUCCION L21817M  ACCIÓN 19 REDES DE DISTRIBUCIÓN L541706M  ACCIÓN 110 CONEXIONES DOMICILIARIAS  ACCIÓN 111 FLETE AGUA POTABLE  ACCIÓN 112 MONITOREO AMBIENTAL    COMPONENTE 02 INFRAESTRUCTURA ADECUADA PARA LA DISPOSICION SANITARIA DE EXCRETAS Y AGUAS RESIDUALES ALTERNATIVA ÚNICA  ACCIÓN 21 UNIDAD BASICA DE SANEAMIENTO CON COMPOSTERA  157 UND  ACCIÓN 22 FLETE UBS  ACCIÓN 23 MONITOREO AMBIENTAL    COMPONENTE 03  ADECUADOS NIVELES DE EDUCACION SANITARIA  ACCIÓN 3A PLAN DE COMUNICACIÓN Y EDUCACIÓN SANITARIA FASE INVERSÓN  ACCIÓN 3B PLAN DE COMUNICACIÓN Y EDUCACIÓN SANITARIA FASE POST INVERSIÓN INCORPORACION DE PRACTICAS SANITARIAS    COMPONENTE 04  MEJORA EN LA GESTION TECNICA Y ADMINISTRATIVA DE LA JASS  ACCIÓN 4A PLAN DE CAPACITACIÓN Y FORTALECIMIENTO DE LA JASS Y ATM  FASE INVERSÓN  ACCIÓN 4B PLAN DE CAPACITACIÓN Y FORTALECIMIENTO DE LA JASS Y ATM  FASE POST INVERSION,ADMINISTRACIÓN INDIRECTA - POR CONTRATA,NO,467,2026,0.0,0.0,COMPONENTE 01 ADECUADA INFRAESTRUCTURA PARA EL ABASTECIMIENTO DE AGUA POTABLE   ACCIÓN 11 OBRAS PROVISIONALES  SISTEMA 01  ACCIÓN 12 CAPTACIÓN  RESERVORIO V25M3  MANANTIAL CHALLACOLLO 02 HUAYLLANPUJO  ACCIÓN 13 LÍNEA DE ADUCCION L131908M  ACCIÓN 14 REDES DE DISTRIBUCIÓN L41217M  SISTEMA 02  ACCIÓN 15 CAPTACIÓN  MANANTIAL CHALLACOLLO 01 KAURAMPUJO  ACCIÓN 16 LINEA DE CONDUCCIÓN L45920M  ACCIÓN 17 RESERVORIO APOYADO PROYECTADO RP01 V2400 M3  ACCIÓN 18 LINEA DE ADUCCION L21817M  ACCIÓN 19 REDES DE DISTRIBUCIÓN L541706M  ACCIÓN 110 CONEXIONES DOMICILIARIAS  ACCIÓN 111 FLETE AGUA POTABLE  ACCIÓN 112 MONITOREO AMBIENTAL    COMPONENTE 02 INFRAESTRUCTURA ADECUADA PARA LA DISPOSICION SANITARIA DE EXCRETAS Y AGUAS RESIDUALES ALTERNATIVA ÚNICA  ACCIÓN 21 UNIDAD BASICA DE SANEAMIENTO CON COMPOSTERA  157 UND  ACCIÓN 22 FLETE UBS  ACCIÓN 23 MONITOREO AMBIENTAL    COMPONENTE 03  ADECUADOS NIVELES DE EDUCACION SANITARIA  ACCIÓN 3A PLAN DE COMUNICACIÓN Y EDUCACIÓN SANITARIA FASE INVERSÓN  ACCIÓN 3B PLAN DE COMUNICACIÓN Y EDUCACIÓN SANITARIA FASE POST INVERSIÓN INCORPORACION DE PRACTICAS SANITARIAS    COMPONENTE 04  MEJORA EN LA GESTION TECNICA Y ADMINISTRATIVA DE LA JASS  ACCIÓN 4A PLAN DE CAPACITACIÓN Y FORTALECIMIENTO DE LA JASS Y ATM  FASE INVERSÓN  ACCIÓN 4B PLAN DE CAPACITACIÓN Y FORTALECIMIENTO DE LA JASS Y ATM  FASE POST INVERSION,OPENSTREETMAP_NOMINATIM,APROXIMADA_DISTRITO,https://nominatim.openstreetmap.org,Coordenada referencial del distrito POMATA. No representa la ubicación exacta de la infraestructura.,COMPLETADO_APROXIMADO
2244926,OFICIAL_SANEAMIENTO,Clasificado oficialmente por el MEF en la función SANEAMIENTO,295657,"MEJORAMIENTO DEL SERVICIO DE AGUA POTABLE Y DISPOSICION SANITARIA DE EXCRETAS EN LOS SECTORES DE CENTRAL LLAQTA, CHOJELA, KANCOLLANI, ALTO LLAQTA Y CERRO PORTEÑO, DISTRITO DE CAPACHICA - PUNO - PUNO",PIP MAYOR (SNIP),GL,GOBIERNOS LOCALES,MUNICIPALIDAD DISTRITAL DE CAPACHICA,OPMI DE LA MUNICIPALIDAD DISTRITAL DE CAPACHICA,UF DE LA MUNICIPALIDAD DISTRITAL DE CAPACHICA,,301597,MUNICIPALIDAD DISTRITAL DE CAPACHICA,SANEAMIENTO,SANEAMIENTO,SANEAMIENTO RURAL,,ACTIVO,VIABLE,2014-05-22 00:00:00,2014-06-12 00:00:00,SNIP,1878032.0,2218919.16,0.0,0.0,0.0,42313.62,NO,,,,,201507,201809,2176605.54,0.0,,0,,,SI,2218919.16,SI,Aprobación de consistencia o modificaciones antes de la aprobación del ET o ET (A),NO,NO,,,,,,,,NO,NO,,,PUNO,PUNO,CAPACHICA,210105,-15.6420185,-69.8307928,EL PROYECTO COMPRENDE EL SISTEMA DE AGUA POTABLE  QUE ATIENDE LOS SECTORES DE KANKULLANI CERRO PORTEÑO ALTO LLAQTA CENTRAL LLAQTA CHOJELA CONFORMADO POR DOS SISTEMAS DE AGUA POTABLE SISTEMA UNO EN EL SECTOR KANKULLANI CONFORMADO POR CAPTACIONES TIPO LADERA 03 UNID LÍNEA DE CONDUCCIÓN TUBERÍA PVC SAP C10 381ML CÁMARA DE REUNIÓN 01UND 01 RESERVORIO 04 M3 CON CASETA DE VÁLVULA Y SISTEMA DE CLORACIÓN  RED DE DISTRIBUCIÓN TUBERÍA PVC SAP Ø 1  1 Y  1329ML CONEXIONES DOMICILIARIA CON SUS LAVADEROS MULTIUSOS 35 UNID VIVIENDAS HABITADAS Y LOCALES PÚBLICOS SISTEMA DOS COMPRENDE LOS SECTORES DE CERRO PORTEÑO ALTO LLAQTA CENTRAL LLAQTA CHOJELA CONFORMADO POR CAPTACIONES TIPO LADERA 04 UNID LÍNEA DE CONDUCCIÓN TUBERÍA PVC SAP Ø 1  1306 ML CÁMARA DE REUNIÓN 03 UNID  01 RESERVORIO DE 20 M3 CON SU CASETA DE VÁLVULAS Y SISTEMA DE CLORACIÓN RED DE DISTRIBUCIÓN TUBERÍA PVC SAP CLASE 10 4109 ML CONEXIONES DOMICILIARIAS CON SUS LAVADERO MULTIUSOS 126 UNID VIVIENDAS HABITADAS Y LOCALES PÚBLICOS  DISPOSICION SANITARIA DE EXCRETAS COMPRENDE LA INSTALACION DE 161 UNIDADES BASICAS DE SANEAMIENTO UBS Y SU TRATAMIENTO CON BIODIGESTOR LAS UBS SE PROYECTARA CON MATERIAL DE CONCRETO SIMPLE MUROS DE UNIDADES DE ALBAÑILERIA DE LADRILLO COBERTURA  DE CONCRETO ARMADO Y CALAMINA TRASPARENTE  Y ACABADOS CON MORTERO CEMENTO ARENA Y CERAMICO  PISOS DE CEMENTO COLOREADO Y CERÁMICO PUERTAS METÁLICAS VENTANAS CON VIDRIO MODUGLAS INSTALACION DE INODORO LAVATORIO DUCHA Y BAÑADEROS   CAPACITACIÓN QUE COMPRENDE TECNICA Y SOCIAL A LA POBLACIÓN EN EDUCACIÓN SANITARIA Y EN GESTIÓN ADMINISTRATIVA Y OPERATIVA DEL SERVICIO DE AGUA Y DISPOSICIÓN SANITARIA DE EXCRETAS Y MITIGACION DE IMPACTO AMBIENTAL,ADMINISTRACIÓN DIRECTA,NO,805,2026,0.0,0.0,EL PROYECTO COMPRENDE EL SISTEMA DE AGUA POTABLE  QUE ATIENDE LOS SECTORES DE KANKULLANI CERRO PORTEÑO ALTO LLAQTA CENTRAL LLAQTA CHOJELA CONFORMADO POR DOS SISTEMAS DE AGUA POTABLE SISTEMA UNO EN EL SECTOR KANKULLANI CONFORMADO POR CAPTACIONES TIPO LADERA 03 UNID LÍNEA DE CONDUCCIÓN TUBERÍA PVC SAP C10 381ML CÁMARA DE REUNIÓN 01UND 01 RESERVORIO 04 M3 CON CASETA DE VÁLVULA Y SISTEMA DE CLORACIÓN  RED DE DISTRIBUCIÓN TUBERÍA PVC SAP Ø 1  1 Y  1329ML CONEXIONES DOMICILIARIA CON SUS LAVADEROS MULTIUSOS 35 UNID VIVIENDAS HABITADAS Y LOCALES PÚBLICOS SISTEMA DOS COMPRENDE LOS SECTORES DE CERRO PORTEÑO ALTO LLAQTA CENTRAL LLAQTA CHOJELA CONFORMADO POR CAPTACIONES TIPO LADERA 04 UNID LÍNEA DE CONDUCCIÓN TUBERÍA PVC SAP Ø 1  1306 ML CÁMARA DE REUNIÓN 03 UNID  01 RESERVORIO DE 20 M3 CON SU CASETA DE VÁLVULAS Y SISTEMA DE CLORACIÓN RED DE DISTRIBUCIÓN TUBERÍA PVC SAP CLASE 10 4109 ML CONEXIONES DOMICILIARIAS CON SUS LAVADERO MULTIUSOS 126 UNID VIVIENDAS HABITADAS Y LOCALES PÚBLICOS  DISPOSICION SANITARIA DE EXCRETAS COMPRENDE LA INSTALACION DE 161 UNIDADES BASICAS DE SANEAMIENTO UBS Y SU TRATAMIENTO CON BIODIGESTOR LAS UBS SE PROYECTARA CON MATERIAL DE CONCRETO SIMPLE MUROS DE UNIDADES DE ALBAÑILERIA DE LADRILLO COBERTURA  DE CONCRETO ARMADO Y CALAMINA TRASPARENTE  Y ACABADOS CON MORTERO CEMENTO ARENA Y CERAMICO  PISOS DE CEMENTO COLOREADO Y CERÁMICO PUERTAS METÁLICAS VENTANAS CON VIDRIO MODUGLAS INSTALACION DE INODORO LAVATORIO DUCHA Y BAÑADEROS   CAPACITACIÓN QUE COMPRENDE TECNICA Y SOCIAL A LA POBLACIÓN EN EDUCACIÓN SANITARIA Y EN GESTIÓN ADMINISTRATIVA Y OPERATIVA DEL SERVICIO DE AGUA Y DISPOSICIÓN SANITARIA DE EXCRETAS Y MITIGACION DE IMPACTO AMBIENTAL,OPENSTREETMAP_NOMINATIM,APROXIMADA_DISTRITO,https://nominatim.openstreetmap.org,Coordenada referencial del distrito CAPACHICA. No representa la ubicación exacta de la infraestructura.,COMPLETADO_APROXIMADO
2330331,OFICIAL_SANEAMIENTO,Clasificado oficialmente por el MEF en la función SANEAMIENTO,368157,"MEJORAMIENTO Y AMPLIACION DE LOS SISTEMAS DE AGUA POTABLE Y SANEAMIENTO BASICO EN LAS COMUNIDADES CAMPESINAS DE AGUAY MILAGRO Y RINCONADA, DISTRITO DE CHUPA - AZANGARO - PUNO",PIP MAYOR (SNIP),GL,GOBIERNOS LOCALES,MUNICIPALIDAD DISTRITAL DE CHUPA,OPMI DE LA MUNICIPALIDAD DISTRITAL DE CHUPA,UF DE LA MUNICIPALIDAD DISTRITAL DE CHUPA,UEI DE LA MUNICIPALIDAD DISTRITAL DE CHUPA,301613,MUNICIPALIDAD DISTRITAL DE CHUPA,SANEAMIENTO,SANEAMIENTO,SANEAMIENTO RURAL,,ACTIVO,VIABLE,2016-09-14 00:00:00,2016-09-27 00:00:00,SNIP,5911565.0,3049940.95,0.0,0.0,0.0,2910140.95,NO,,,,,201803,202510,139800.0,0.0,,0,,,NO,2687778.46,SI,Aprobación de consistencia o modificaciones antes de la aprobación del ET o ET (A),SI,NO,,0.0,,2027-01-01 00:00:00,2028-08-31 00:00:00,2027-01-01 00:00:00,2028-08-31 00:00:00,NO,NO,,,PUNO,AZANGARO,CHUPA,210206,-15.1059765,-69.9865962,Infraestructura para el sistema de Agua Potable Consiste en la Captación de agua en 04 unidades Agua y Milagro y 02 unidades Rinconada por gravedad de concreto fc210 kgcm2 para estructuras menores Cerco perimétrico de concreto simple fc140 kgcm2 Instalación de línea de conducción con longitud L152300 m Agua y Milagro y L35750 Rinconada  Reservorio de almacenamiento de agua potable en 04 unidades Agua y Milagro y 02 unidades Rinconada con una capacidad de 5 m3  Instalación de línea de aducción con una longitud de L27900m Agua y Milagro y L28225 Rinconada con tubería PVC SAP C10 D63mm  Instalación de red de distribución con longitud de L583000m Agua y Milagro y L236050 Rinconada con tubería PVC SAP C10 D63mm y C10 D1  Instalación de cámara rompe presión7 en 0200 unidades Agua y Milagro y 02 unidades Rinconada con concreto fc210kgcm2 para estructuras menores y acero FY4200kgcm2 y suministro de accesorios CRPT7  Instalación de válvulas en 18 unidades Agua y Milagro y 05 unidades Rinconada con concreto fc175kgcm2  Cruce de carretera se instalaran 2 unidades Agua y Milagro y 1 unidad Rinconada de cruce de carretera en toda la línea de distribución para una mejor distribución del sistema de agua potable  Cruce de riachuelo se instalaran 6 unidades Agua y Milagro y 1 unidad Rinconada de cruce de riachuelo en toda la línea de distribución para una mejor distribución del sistema de agua potable  Instalación de conexión domiciliaria en 14100 unidades Agua y Milagro y 35 unidades Rinconada con lavadero multiuso 2 Existencia de infraestructura para la disposición sanitaria de excretas Consiste en la Construcción de UBS con arrastre hidráulico en 176 unidades 141 UBS Agua y Milagro 35 UBS Rinconada con muros de bloqueta de concreto 15x40x20cm mezcla 15 y cobertura con planchas onduladas de fibrocemento 3 Adecuada implementación de medidas de mitigación ambiental consiste en la Mitigación de Impacto Ambiental mediante 18 unidades de programas de participación ciudadana mitigación prevención y corrección manejo de residuos sólidos monitoreo ambiental contingencia y primeros auxilios y cierre o abandono de obra 4 Elevados niveles de educación sanitaria consiste en la Capacitación mediante 16 módulos en hábitos de higiene operación y mantenimiento de agua potable y del sistema de UBS,ADMINISTRACIÓN INDIRECTA - POR CONTRATA,NO,870,2026,0.0,0.0,Infraestructura para el sistema de Agua Potable Consiste en la Captación de agua en 04 unidades Agua y Milagro y 02 unidades Rinconada por gravedad de concreto fc210 kgcm2 para estructuras menores Cerco perimétrico de concreto simple fc140 kgcm2 Instalación de línea de conducción con longitud L152300 m Agua y Milagro y L35750 Rinconada  Reservorio de almacenamiento de agua potable en 04 unidades Agua y Milagro y 02 unidades Rinconada con una capacidad de 5 m3  Instalación de línea de aducción con una longitud de L27900m Agua y Milagro y L28225 Rinconada con tubería PVC SAP C10 D63mm  Instalación de red de distribución con longitud de L583000m Agua y Milagro y L236050 Rinconada con tubería PVC SAP C10 D63mm y C10 D1  Instalación de cámara rompe presión7 en 0200 unidades Agua y Milagro y 02 unidades Rinconada con concreto fc210kgcm2 para estructuras menores y acero FY4200kgcm2 y suministro de accesorios CRPT7  Instalación de válvulas en 18 unidades Agua y Milagro y 05 unidades Rinconada con concreto fc175kgcm2  Cruce de carretera se instalaran 2 unidades Agua y Milagro y 1 unidad Rinconada de cruce de carretera en toda la línea de distribución para una mejor distribución del sistema de agua potable  Cruce de riachuelo se instalaran 6 unidades Agua y Milagro y 1 unidad Rinconada de cruce de riachuelo en toda la línea de distribución para una mejor distribución del sistema de agua potable  Instalación de conexión domiciliaria en 14100 unidades Agua y Milagro y 35 unidades Rinconada con lavadero multiuso 2 Existencia de infraestructura para la disposición sanitaria de excretas Consiste en la Construcción de UBS con arrastre hidráulico en 176 unidades 141 UBS Agua y Milagro 35 UBS Rinconada con muros de bloqueta de concreto 15x40x20cm mezcla 15 y cobertura con planchas onduladas de fibrocemento 3 Adecuada implementación de medidas de mitigación ambiental consiste en la Mitigación de Impacto Ambiental mediante 18 unidades de programas de participación ciudadana mitigación prevención y corrección manejo de residuos sólidos monitoreo ambiental contingencia y primeros auxilios y cierre o abandono de obra 4 Elevados niveles de educación sanitaria consiste en la Capacitación mediante 16 módulos en hábitos de higiene operación y mantenimiento de agua potable y del sistema de UBS,OPENSTREETMAP_NOMINATIM,APROXIMADA_DISTRITO,https://nominatim.openstreetmap.org,Coordenada referencial del distrito CHUPA. No representa la ubicación exacta de la infraestructura.,COMPLETADO_APROXIMADO
2182598,OFICIAL_SANEAMIENTO,Clasificado oficialmente por el MEF en la función SANEAMIENTO,256558,"MEJORAMIENTO DEL SISTEMA DE SANEAMIENTO INTEGRAL EN LOS CP ALTOS HUAYRAPATA, CC MULLUCHINI, CRUZPATA, CHUYMACOLLO, JALLIRI, KIMSA LACCAYA, POMAOCA Y TOTORANI, DISTRITO DE HUAYRAPATA - MOHO - PUNO",PIP MAYOR (SNIP),GL,GOBIERNOS LOCALES,MUNICIPALIDAD DISTRITAL DE HUAYRAPATA,OPMI DE LA MUNICIPALIDAD DISTRITAL DE HUAYRAPATA,UF DE LA MUNICIPALIDAD DISTRITAL DE HUAYRAPATA,UEI DE LA MUNICIPALIDAD DISTRITAL DE HUAYRAPATA,301674,MUNICIPALIDAD DISTRITAL DE HUAYRAPATA,SANEAMIENTO,SANEAMIENTO,SANEAMIENTO RURAL,,ACTIVO,VIABLE,2013-04-23 00:00:00,2015-07-29 00:00:00,SNIP,7797419.0,5692508.55,0.0,0.0,0.0,99714.19,NO,,,,,201610,202103,5592794.36,0.0,,0,,,SI,5769241.08,SI,Ejecución física (C),SI,SI,98.79,98.84,2021-04-14 17:46:17,2015-10-01 00:00:00,2022-02-08 00:00:00,2016-09-15 00:00:00,2021-12-31 00:00:00,NO,NO,,,PUNO,MOHO,HUAYRAPATA,210903,-15.3214488,-69.341349,En el sistema de agua potable se plantea la construcción de 14 captaciones 12 cámaras de reunión líneas de conducción con 127922 m de longitud cámara rompe presión de 10 unidades 02 pases aéreos construcción de 12 reservorios instalación de 12 casetas de válvulas líneas de aducción y distribución con una longitud de 47484 m 38 unidades de válvulas de paso 20 válvulas de purga 13 válvulas de aire y 413 conexiones domiciliarias Mientras en sistema de alcantarillado la alternativa plantea una red colectora de 2371 m 31 buzones red colectora red emisor de 28691 m 52 buzones de red emisor 177 conexiones domiciliarias y dos 02 lagunas de estabilización Y para las Unidades Básicas de Saneamiento la alternativa plantea la construcción de 236 casetas de servicios higiénicos 236 lavaderos de uso múltiple instalación de biodigestor de 600 litros y la construcción de 3776 m de zanja de infiltración Ejecución de Talleres de capacitación en operación y mantenimiento y talleres en educación sanitaria Ejecución de planes de mitigación de impacto ambiental controles de calidad y obras provisionales y preliminares El sistema de agua potable es para las 08 localidades mientras el sistema de alcantarilado y la planta de tratamiento son para CP Altos Huayrapata y CC Mulluchini y UBS para los restantes sectores,ADMINISTRACIÓN INDIRECTA - POR CONTRATA,NO,2040,2026,0.0,0.0,En el sistema de agua potable se plantea la construcción de 14 captaciones 12 cámaras de reunión líneas de conducción con 127922 m de longitud cámara rompe presión de 10 unidades 02 pases aéreos construcción de 12 reservorios instalación de 12 casetas de válvulas líneas de aducción y distribución con una longitud de 47484 m 38 unidades de válvulas de paso 20 válvulas de purga 13 válvulas de aire y 413 conexiones domiciliarias Mientras en sistema de alcantarillado la alternativa plantea una red colectora de 2371 m 31 buzones red colectora red emisor de 28691 m 52 buzones de red emisor 177 conexiones domiciliarias y dos 02 lagunas de estabilización Y para las Unidades Básicas de Saneamiento la alternativa plantea la construcción de 236 casetas de servicios higiénicos 236 lavaderos de uso múltiple instalación de biodigestor de 600 litros y la construcción de 3776 m de zanja de infiltración Ejecución de Talleres de capacitación en operación y mantenimiento y talleres en educación sanitaria Ejecución de planes de mitigación de impacto ambiental controles de calidad y obras provisionales y preliminares El sistema de agua potable es para las 08 localidades mientras el sistema de alcantarilado y la planta de tratamiento son para CP Altos Huayrapata y CC Mulluchini y UBS para los restantes sectores,OPENSTREETMAP_NOMINATIM,APROXIMADA_DISTRITO,https://nominatim.openstreetmap.org,Coordenada referencial del distrito HUAYRAPATA. No representa la ubicación exacta de la infraestructura.,COMPLETADO_APROXIMADO
2275165,OFICIAL_SANEAMIENTO,Clasificado oficialmente por el MEF en la función SANEAMIENTO,318021,"INSTALACION DEL SISTEMA DE AGUA POTABLE Y UNIDADES BASICAS DE SANEAMIENTO  EN CHILA, OCCOMANI Y CAYRANI HUAYLLANI , DISTRITO DE TIQUILLACA - PUNO - PUNO",PIP MAYOR (SNIP),GL,GOBIERNOS LOCALES,MUNICIPALIDAD DISTRITAL DE MAÑAZO,OPMI DE LA MUNICIPALIDAD DISTRITAL DE TIQUILLACA,UF DE LA MUNICIPALIDAD DISTRITAL DE TIQUILLACA,,301606,MUNICIPALIDAD DISTRITAL DE TIQUILLACA,SANEAMIENTO,SANEAMIENTO,SANEAMIENTO RURAL,,ACTIVO,VIABLE,2015-04-15 00:00:00,2015-05-17 00:00:00,SNIP,4257580.0,4414878.69,0.0,0.0,0.0,0.0,NO,,,,,201512,201708,4414878.69,0.0,,0,,,SI,4414878.69,SI,Aprobación de consistencia o modificaciones antes de la aprobación del ET o ET (A),NO,NO,,,,,,,,NO,NO,,,PUNO,PUNO,TIQUILLACA,210114,-15.7973641,-70.1868662,EL SERVICIO DE AGUA POTABLE CONSISTE EN LA INSTALACIÓN DE SUB SISTEMAS DE AGUA POTABLE OBRAS DE CAPTACIÓN CONDUCCIÓN RESERVORIO REDES DE DISTRIBUCIÓN Y CONEXIONES DOMICILIARIAS EN LA COMUNIDAD CAMPESINA DE CHILA 102 CONEXIONES DOMICILIARIAS Y SECTORES DE OCCOMANI 54 CONEXIONES DOMICILIARIAS Y CAYRANI HUAYLLANI 36 CONEXIONES DOMICILIARIAS SERVICIO DE DESAGUE CONSISTE EN LA INSTALACIÓN DE BAÑOS CON ARRASTRE HIDRÁULICO CON EL USO DE BIODIGESTOR 102 BAÑOS EN CHILA 54 BAÑOS EN OCCOMANI Y 36 BAÑOS EN CAYRANI HUAYLLANI SEGÚN LA RESOLUCIÓN MINISTERIAL N 2012012  VIVIENDA CONSISTE EN LA INSTALACIÓN INTRADOMICILIARIA ESTÁ COMPUESTO POR LAVADERO DE USOS MÚLTIPLES Y ACCESORIOS BAÑO QUE INCLUYE LAVATORIO DUCHA INODORO Y URINARIO PARA LA DISPOSICIÓN FINAL DE EXCRETAS QUE PERMITIRÁ EL CONFINAMIENTO DE LAS HECES PARA SU POSTERIOR DISPOSICIÓN AL MEDIO AMBIENTE SERÁ A TRAVÉS DE UN TANQUE BIODIGESTOR EL TANQUE BIODIGESTOR CLARIFICADOR FOSAPLAS ES UN SISTEMA QUE SE CONECTA A LOS DESAGÜES DE LA VIVIENDA Y RECIBE DIRECTAMENTE LOS DESECHOS GENERADOS LOS CUALES SON SOMETIDOS A UN PROCESO DE DESCOMPOSICIÓN NATURAL SEPARANDO Y FILTRANDO EL LÍQUIDO A TRAVÉS DE UN FILTRO BIOLÓGICO ANAERÓBICA QUE ATRAPA LA MATERIA ORGÁNICA Y DEJA PASAR ÚNICAMENTE EL AGUA TRATADA LA CUAL SALE DEL BIODIGESTOR TRAS SUFRIR UN SEGUNDO PROCESO DE LIMPIEZA CON PIEDRAS CHANCADAS O ANGULOSAS METAS DE SANEAMIENTO COMUNIDAD CAMPESINA DE CHILA 102 UNIDADES BÁSICAS DE SANEAMIENTO SECTOR OCCOMANI 54 UNIDADES BÁSICAS DE SANEAMIENTO SECTOR CAYRANI HUAYLLANI 36 UNIDADES BÁSICAS DE SANEAMIENTO SE DESARROLLARAN EVENTOS DE CAPACITACIÓN EN EDUCACIÓN SANITARIA Y ADMINISTRACIÓN DE LA JASS,ADMINISTRACIÓN INDIRECTA - POR CONTRATA,NO,768,2026,0.0,0.0,EL SERVICIO DE AGUA POTABLE CONSISTE EN LA INSTALACIÓN DE SUB SISTEMAS DE AGUA POTABLE OBRAS DE CAPTACIÓN CONDUCCIÓN RESERVORIO REDES DE DISTRIBUCIÓN Y CONEXIONES DOMICILIARIAS EN LA COMUNIDAD CAMPESINA DE CHILA 102 CONEXIONES DOMICILIARIAS Y SECTORES DE OCCOMANI 54 CONEXIONES DOMICILIARIAS Y CAYRANI HUAYLLANI 36 CONEXIONES DOMICILIARIAS SERVICIO DE DESAGUE CONSISTE EN LA INSTALACIÓN DE BAÑOS CON ARRASTRE HIDRÁULICO CON EL USO DE BIODIGESTOR 102 BAÑOS EN CHILA 54 BAÑOS EN OCCOMANI Y 36 BAÑOS EN CAYRANI HUAYLLANI SEGÚN LA RESOLUCIÓN MINISTERIAL N 2012012  VIVIENDA CONSISTE EN LA INSTALACIÓN INTRADOMICILIARIA ESTÁ COMPUESTO POR LAVADERO DE USOS MÚLTIPLES Y ACCESORIOS BAÑO QUE INCLUYE LAVATORIO DUCHA INODORO Y URINARIO PARA LA DISPOSICIÓN FINAL DE EXCRETAS QUE PERMITIRÁ EL CONFINAMIENTO DE LAS HECES PARA SU POSTERIOR DISPOSICIÓN AL MEDIO AMBIENTE SERÁ A TRAVÉS DE UN TANQUE BIODIGESTOR EL TANQUE BIODIGESTOR CLARIFICADOR FOSAPLAS ES UN SISTEMA QUE SE CONECTA A LOS DESAGÜES DE LA VIVIENDA Y RECIBE DIRECTAMENTE LOS DESECHOS GENERADOS LOS CUALES SON SOMETIDOS A UN PROCESO DE DESCOMPOSICIÓN NATURAL SEPARANDO Y FILTRANDO EL LÍQUIDO A TRAVÉS DE UN FILTRO BIOLÓGICO ANAERÓBICA QUE ATRAPA LA MATERIA ORGÁNICA Y DEJA PASAR ÚNICAMENTE EL AGUA TRATADA LA CUAL SALE DEL BIODIGESTOR TRAS SUFRIR UN SEGUNDO PROCESO DE LIMPIEZA CON PIEDRAS CHANCADAS O ANGULOSAS METAS DE SANEAMIENTO COMUNIDAD CAMPESINA DE CHILA 102 UNIDADES BÁSICAS DE SANEAMIENTO SECTOR OCCOMANI 54 UNIDADES BÁSICAS DE SANEAMIENTO SECTOR CAYRANI HUAYLLANI 36 UNIDADES BÁSICAS DE SANEAMIENTO SE DESARROLLARAN EVENTOS DE CAPACITACIÓN EN EDUCACIÓN SANITARIA Y ADMINISTRACIÓN DE LA JASS,OPENSTREETMAP_NOMINATIM,APROXIMADA_DISTRITO,https://nominatim.openstreetmap.org,Coordenada referencial del distrito TIQUILLACA. No representa la ubicación exacta de la infraestructura.,COMPLETADO_APROXIMADO
2291955,OFICIAL_SANEAMIENTO,Clasificado oficialmente por el MEF en la función SANEAMIENTO,333380,"MEJORAMIENTO Y AMPLIACION INTEGRAL DEL SERVICIO DE AGUA POTABLE, ALCANTARILLADO Y TRATAMIENTO DE AGUAS RESIDUALES EN EL PUEBLO DE MUÑANI, DISTRITO DE MUNANI - AZANGARO - PUNO",PIP MAYOR (SNIP),GL,GOBIERNOS LOCALES,MUNICIPALIDAD DISTRITAL DE MUÑANI,OPMI DE LA MUNICIPALIDAD DISTRITAL DE MUÑANI,UF DE LA MUNICIPALIDAD DISTRITAL DE MUÑANI,UEI DE LA MUNICIPALIDAD DISTRITAL DE MUÑANI,301615,MUNICIPALIDAD DISTRITAL DE MUÑANI,SANEAMIENTO,SANEAMIENTO,SANEAMIENTO URBANO,,ACTIVO,VIABLE,2015-09-08 00:00:00,2015-09-09 00:00:00,SNIP,19819934.0,26191291.97,0.0,0.0,0.0,4459044.7,SI,800000.0,100000.0,100000.0,100000.0,201604,202608,15919043.27,13203.43,800000.0,5813204,5813203.13,13203.43,SI,19924214.86,SI,Ejecución física (C),SI,SI,60.52,60.93,2026-08-13 14:22:33,2017-01-05 00:00:00,2027-04-02 00:00:00,2017-01-05 00:00:00,2027-04-02 00:00:00,NO,NO,,,PUNO,AZANGARO,MUÑANI,210208,-14.7707724,-69.9557279,Sistema de agua potable  Mejoramiento y construcción de 6 captaciones de tipo ladera Cháyala Vacacalani MiskiHuanayoc MiskiHuanayoc 2 MiskiHuanayoc 3 y MiskiHuanayoc 4  Instalación de las líneas de conducción consiste en Línea de conducción tramo 1 línea de conducción tramo 2 contempla 4 cámaras de reunión cámara de rompe presión y 6 cruces aéreos  Construcción del reservorio para almacenamiento  Instalación de la línea de aducción  Instalación y ampliación de las redes de distribución  Instalación y ampliación de conexiones domiciliarias    Sistema de alcantarillado    Mejoramiento y ampliación del colector principal  Ampliación e instalación de colector secundario  Instalación de red emisor  Instalación y ampliación de conexiones domiciliarias de desagüe  Planta de tratamiento para aguas residuales    Construcción de planta de tratamiento de agua residual empleando filtros BIOLÓGICOS consiste en Descarga final cámara de descarga cámara de rejas desgrasador sedimentador primario y secundario filtro vertical reactores biológicos nave de macrofitas de totora nave de macrofitas de lentejas losa de secado de arena pozo de lavado de arena y digestor de lodos    Capacitación    Capacitación en educación sanitaria a los beneficiarios sobre adecuadas prácticas de higiene y uso adecuado de los servicios  Conformación y capacitación a los miembros de la Unidad de Gestión de Saneamiento sobre la operación mantenimiento y administración de los sistemas de saneamiento,ADMINISTRACIÓN INDIRECTA - POR CONTRATA,NO,3658,2026,0.0,0.0,Sistema de agua potable  Mejoramiento y construcción de 6 captaciones de tipo ladera Cháyala Vacacalani MiskiHuanayoc MiskiHuanayoc 2 MiskiHuanayoc 3 y MiskiHuanayoc 4  Instalación de las líneas de conducción consiste en Línea de conducción tramo 1 línea de conducción tramo 2 contempla 4 cámaras de reunión cámara de rompe presión y 6 cruces aéreos  Construcción del reservorio para almacenamiento  Instalación de la línea de aducción  Instalación y ampliación de las redes de distribución  Instalación y ampliación de conexiones domiciliarias    Sistema de alcantarillado    Mejoramiento y ampliación del colector principal  Ampliación e instalación de colector secundario  Instalación de red emisor  Instalación y ampliación de conexiones domiciliarias de desagüe  Planta de tratamiento para aguas residuales    Construcción de planta de tratamiento de agua residual empleando filtros BIOLÓGICOS consiste en Descarga final cámara de descarga cámara de rejas desgrasador sedimentador primario y secundario filtro vertical reactores biológicos nave de macrofitas de totora nave de macrofitas de lentejas losa de secado de arena pozo de lavado de arena y digestor de lodos    Capacitación    Capacitación en educación sanitaria a los beneficiarios sobre adecuadas prácticas de higiene y uso adecuado de los servicios  Conformación y capacitación a los miembros de la Unidad de Gestión de Saneamiento sobre la operación mantenimiento y administración de los sistemas de saneamiento,OPENSTREETMAP_NOMINATIM,APROXIMADA_DISTRITO,https://nominatim.openstreetmap.org,Coordenada referencial del distrito MUÑANI. No representa la ubicación exacta de la infraestructura.,COMPLETADO_APROXIMADO
2332880,OFICIAL_SANEAMIENTO,Clasificado oficialmente por el MEF en la función SANEAMIENTO,372180,"CREACION DEL SISTEMA DE AGUA POTABLE EN LA PARCIALIDAD DE YAPUPALLCAPAMPA DEL CENTRO POBLADO DE TITIHUE, DISTRITO DE HUANCANE, PROVINCIA DE HUANCANE - PUNO",PIP MENOR (SNIP),GL,GOBIERNOS LOCALES,MUNICIPALIDAD PROVINCIAL DE HUANCANE,OPMI DE LA MUNICIPALIDAD PROVINCIAL DE HUANCANE,UF DE LA MUNICIPALIDAD PROVINCIAL DE HUANCANE,UEI DE LA MUNICIPALIDAD PROVINCIAL DE HUANCANE,301645,MUNICIPALIDAD PROVINCIAL DE HUANCANE,SANEAMIENTO,SANEAMIENTO,SANEAMIENTO RURAL,,ACTIVO,VIABLE,2016-10-26 00:00:00,2017-07-12 00:00:00,SNIP,145572.0,167267.64,0.0,0.0,0.0,9063.44,NO,,,,,201811,202212,158204.2,0.0,,0,,,SI,149000.2,SI,Ejecución física (C),SI,SI,100.0,100.0,2025-10-15 15:20:16,2018-08-13 00:00:00,2026-06-08 00:00:00,2018-08-13 00:00:00,2026-06-08 00:00:00,NO,NO,,,PUNO,HUANCANE,HUANCANE,210601,-15.1842883,-69.8235022,CONSTRUCCIÓN DE UN POZO CAISSON DE 855 M2 CON CASETA DE BOMBEO Y LINEA DE IMPULSIÓN CON TUBERIA PVC C10 Ø1 CONSTRUCCIÓN DE 01 TANQUE ELEVADO  DE CONCRETO FC210KGCM2 PARA ALMACENAMIENTO DEL AGUA CONSTRUCCIÓN DE RED DE ADUCCIÓN Y DISTRIBUCIÓN CON TUBERIA DE PVC SP Ø1 PROGRAMA DE CAPACITACIÓN,ADMINISTRACIÓN DIRECTA,NO,85,2026,0.0,0.0,CONSTRUCCIÓN DE UN POZO CAISSON DE 855 M2 CON CASETA DE BOMBEO Y LINEA DE IMPULSIÓN CON TUBERIA PVC C10 Ø1 CONSTRUCCIÓN DE 01 TANQUE ELEVADO  DE CONCRETO FC210KGCM2 PARA ALMACENAMIENTO DEL AGUA CONSTRUCCIÓN DE RED DE ADUCCIÓN Y DISTRIBUCIÓN CON TUBERIA DE PVC SP Ø1 PROGRAMA DE CAPACITACIÓN,OPENSTREETMAP_NOMINATIM,APROXIMADA_DISTRITO,https://nominatim.openstreetmap.org,Coordenada referencial del distrito HUANCANE. No representa la ubicación exacta de la infraestructura.,COMPLETADO_APROXIMADO
2186026,OFICIAL_SANEAMIENTO,Clasificado oficialmente por el MEF en la función SANEAMIENTO,249881,"INSTALACION DEL SERVICIO DE AGUA POTABLE Y DISPOSICION SANITARIA DE EXCRETAS EN LA COMUNIDAD CAMPESINA ARACACHI JAHUERJA, DISTRITO KELLUYO - CHUCUITO - PUNO",PIP MAYOR (SNIP),GR,GOBIERNOS REGIONALES,GOBIERNO REGIONAL PUNO,OPMI DEL GOBIERNO REGIONAL PUNO,UF DE LA GOBIERNO REGIONAL PUNO,UEI DEL PROGRAMA NACIONAL DE SANEAMIENTO RURAL,1443,PROGRAMA NACIONAL DE SANEAMIENTO RURAL,SANEAMIENTO,SANEAMIENTO,SANEAMIENTO RURAL,,ACTIVO,VIABLE,2013-02-04 00:00:00,2013-06-17 00:00:00,SNIP,5529304.0,4318996.95,0.0,34196.45,0.0,83905.56,SI,5000.0,30000.0,33705.56,0.0,201403,202608,4230291.39,4800.0,5000.0,4800,4800.0,4800.0,SI,4612959.07,SI,Ejecución física (C),SI,SI,97.86,97.86,2026-02-16 20:06:11,2014-12-16 00:00:00,2028-08-01 00:00:00,2014-12-16 00:00:00,2028-08-01 00:00:00,NO,NO,,,PUNO,CHUCUITO,KELLUYO,210404,-16.7270638,-69.2499805,COMPONENTE 01 ADECUADO SERVICIO DE AGUA POTABLE  a Captación Construcción de Pozo excavado tipo Caisson 15 m de Diámetro H12m para captar 10 ls  bLínea de Conducción Línea de Conducción proyectada de DN 2 12 PVC clase  75 kgcm2  Línea de alimentación eléctrica en baja tensión 152 ml  c Almacenamiento Construcción de Reservorio Elevado 20 m de fuste de 50 m3 de capacidad Incluye instalaciones hidráulicas y cerco perimétrico  Hipocloradores de Flujo Difusor 01 unidad  d Línea de aducción Suministro e instalación de Tubería de DN 50 mm  C75 4490 ml  Suministro e instalación de Tubería de DN 1 12  C75 3506 ml Suministro e instalación de Tubería de DN 1  C75 5661 ml  Suministro e instalación de Tubería de DN 34C75 2850 ml Suministro e instalación de Tubería de DN 12 C75 3345 ml  Instalación de Válvulas de Purga de DN 34 en redes proyectada Incluye caja de concreto armado 06 unidades  e Conexiones domiciliarias Conexión de agua de 12 con caja de paso para válvula de cierre  lavadero domiciliario de dos cuerpos y dos grifos de salida de agua 187 Unid Uno para la IE tres para los locales comunales e iglesias  COMPONENTE 02 ADECUADA SERVICIO DE DISPOSICIÓN SANITARIA DE EXCRETAS  190 UBSs sin arrastre hidráulico composteraecológica doble cámara Dos para IEI 05 para los locales comunales e iglesias  Construcción de zanjas de percolación 190 unidades  COMPONENTE 03 CAPACIDADES DE GESTIÓN ADMINISTRACIÓN OPERACIÓN Y MANTENIMIENTO DE LOS SISTEMAS Taller I Administración Contabilidad y Manejo de Almacén  Taller II Operación y Mantenimiento del Sistema de Agua  Taller III Cloración y Desinfección del Sistema de Agua  COMPONENTE 04 PROGRAMA DE FORTALECIMIENTO DE CAPACIDADES PARA LA POBLACIÓN Taller I   Metodología de capacitación a adultos dirigido a facilitadores sociales  Taller IIEnfermedades prevalentes ligadas al saneamiento básico y hábitos de higiene  Taller IIIHigiene personal vivienda y ambiental  Taller IVUso y cuidado del agua   Taller VEliminación adecuada de excretas,ADMINISTRACIÓN INDIRECTA - POR CONTRATA,NO,615,2026,0.0,0.0,COMPONENTE 01 ADECUADO SERVICIO DE AGUA POTABLE  a Captación Construcción de Pozo excavado tipo Caisson 15 m de Diámetro H12m para captar 10 ls  bLínea de Conducción Línea de Conducción proyectada de DN 2 12 PVC clase  75 kgcm2  Línea de alimentación eléctrica en baja tensión 152 ml  c Almacenamiento Construcción de Reservorio Elevado 20 m de fuste de 50 m3 de capacidad Incluye instalaciones hidráulicas y cerco perimétrico  Hipocloradores de Flujo Difusor 01 unidad  d Línea de aducción Suministro e instalación de Tubería de DN 50 mm  C75 4490 ml  Suministro e instalación de Tubería de DN 1 12  C75 3506 ml Suministro e instalación de Tubería de DN 1  C75 5661 ml  Suministro e instalación de Tubería de DN 34C75 2850 ml Suministro e instalación de Tubería de DN 12 C75 3345 ml  Instalación de Válvulas de Purga de DN 34 en redes proyectada Incluye caja de concreto armado 06 unidades  e Conexiones domiciliarias Conexión de agua de 12 con caja de paso para válvula de cierre  lavadero domiciliario de dos cuerpos y dos grifos de salida de agua 187 Unid Uno para la IE tres para los locales comunales e iglesias  COMPONENTE 02 ADECUADA SERVICIO DE DISPOSICIÓN SANITARIA DE EXCRETAS  190 UBSs sin arrastre hidráulico composteraecológica doble cámara Dos para IEI 05 para los locales comunales e iglesias  Construcción de zanjas de percolación 190 unidades  COMPONENTE 03 CAPACIDADES DE GESTIÓN ADMINISTRACIÓN OPERACIÓN Y MANTENIMIENTO DE LOS SISTEMAS Taller I Administración Contabilidad y Manejo de Almacén  Taller II Operación y Mantenimiento del Sistema de Agua  Taller III Cloración y Desinfección del Sistema de Agua  COMPONENTE 04 PROGRAMA DE FORTALECIMIENTO DE CAPACIDADES PARA LA POBLACIÓN Taller I   Metodología de capacitación a adultos dirigido a facilitadores sociales  Taller IIEnfermedades prevalentes ligadas al saneamiento básico y hábitos de higiene  Taller IIIHigiene personal vivienda y ambiental  Taller IVUso y cuidado del agua   Taller VEliminación adecuada de excretas,OPENSTREETMAP_NOMINATIM,APROXIMADA_DISTRITO,https://nominatim.openstreetmap.org,Coordenada referencial del distrito KELLUYO. No representa la ubicación exacta de la infraestructura.,COMPLETADO_APROXIMADO
2189495,OFICIAL_SANEAMIENTO,Clasificado oficialmente por el MEF en la función SANEAMIENTO,267994,"MEJORAMIENTO Y AMPLIACION DEL SERVICIO DE AGUA POTABLE Y DISPOSICION SANITARIA DE EXCRETAS EN LOS SECTORES FARIPIÑA, VILACAYA, PUCARA Y CAUSILLUMA DE LA COMUNIDAD CAMPESINA HUACASUMA, DISTRITO HUACULLANI - CHUCUITO - PUNO",PIP MAYOR (SNIP),GR,GOBIERNOS REGIONALES,GOBIERNO REGIONAL PUNO,OPMI DEL GOBIERNO REGIONAL PUNO,UF DE LA GOBIERNO REGIONAL PUNO,UEI DEL PROGRAMA NACIONAL DE SANEAMIENTO RURAL,1443,PROGRAMA NACIONAL DE SANEAMIENTO RURAL,SANEAMIENTO,SANEAMIENTO,SANEAMIENTO RURAL,,ACTIVO,VIABLE,2013-07-18 00:00:00,2013-12-16 00:00:00,SNIP,9233945.0,9804256.26,0.0,0.0,344694.27,580999.35,SI,586783.0,100000.0,48299.22,0.0,201403,202608,6979679.91,1728100.66,586783.0,2243577,2243575.47,2243575.47,SI,6490434.51,SI,Ejecución física (C),SI,SI,81.0,81.58,2026-06-19 15:24:25,2015-08-15 00:00:00,2028-09-01 00:00:00,2025-09-15 00:00:00,2026-02-11 00:00:00,NO,NO,,,PUNO,CHUCUITO,HUACULLANI,210403,-16.6302449,-69.3222231,COMPONENTE 01 ADECUADO SERVICIO DE AGUA POTABLE     CONSTRUCCIÓN DE 4 CAPTACIONES DE MANANTIAL DE LADERA Y REHABILITACIÓN DE CAPTACIÓN DE MANANTIAL DE LADERA   INSTALACIÓN DE 161348 M DE LÍNEA DE CONDUCCIÓN   CONSTRUCCIÓN DE 2 RESERVORIOS APOYADOS DE 35 M3 CONSTRUCCIÓN DE 1 RESERVORIO APOYADOS DE 45 M3 CONSTRUCCIÓN DE 2 RESERVORIOS APOYADOS DE 9 M3 CONSTRUCCIÓN DE 1 RESERVORIO APOYADOS DE 15 M3 CONSTRUCCIÓN DE 1 RESERVORIO1 APOYADOS DE 20 M3 Y REHABILITACIÓN DE UN RESERVORIO APOYADO DE 20 M3   INSTALACIÓN DE 48757 M DE LÍNEA DE CONDUCCIÓN   INSTALACIÓN DE 247 CONEXIONES DOMICILIARIAS   IMPLEMENTACIÓN DE UN PLAN DE MANEJO AMBIENTAL    COMPONENTE 02 ADECUADO SERVICIO DE DISPOSICIÓN SANITARIA DE EXCRETAS     INSTALACIÓN DE 249 UBS TIPO COMPOSTERA    COMPONENTE 03 CAPACIDAD TÉCNICA Y ADMINISTRATIVA FORTALECIDA DE LA JASS    IMPLEMENTACIÓN DE UN PROGRAMA DE FORTALECIMIENTO DE LA GESTIÓN ADMINSITRACIÓN Y OPERACIÓN DE LOS SISTEMAS    COMPONENTE 04 PROGRAMA DE FORTALECIMIENTO DE CAPACIDADES PARA LA POBLACIÓN     IMPLEMENTACIÓN DE PROGRAMAS DE EDUCACIÓN SANITARIA   FORTALECIMIENTO DE LAS CAPACIDADES DE LOS BENEFICIARIOS EN OPERACIÓN Y MANTENIMIENTO DE LAS UNIDADES BÁSICAS DE SANEAMIENTO,ADMINISTRACIÓN INDIRECTA - POR CONTRATA,NO,808,2026,0.0,0.0,COMPONENTE 01 ADECUADO SERVICIO DE AGUA POTABLE     CONSTRUCCIÓN DE 4 CAPTACIONES DE MANANTIAL DE LADERA Y REHABILITACIÓN DE CAPTACIÓN DE MANANTIAL DE LADERA   INSTALACIÓN DE 161348 M DE LÍNEA DE CONDUCCIÓN   CONSTRUCCIÓN DE 2 RESERVORIOS APOYADOS DE 35 M3 CONSTRUCCIÓN DE 1 RESERVORIO APOYADOS DE 45 M3 CONSTRUCCIÓN DE 2 RESERVORIOS APOYADOS DE 9 M3 CONSTRUCCIÓN DE 1 RESERVORIO APOYADOS DE 15 M3 CONSTRUCCIÓN DE 1 RESERVORIO1 APOYADOS DE 20 M3 Y REHABILITACIÓN DE UN RESERVORIO APOYADO DE 20 M3   INSTALACIÓN DE 48757 M DE LÍNEA DE CONDUCCIÓN   INSTALACIÓN DE 247 CONEXIONES DOMICILIARIAS   IMPLEMENTACIÓN DE UN PLAN DE MANEJO AMBIENTAL    COMPONENTE 02 ADECUADO SERVICIO DE DISPOSICIÓN SANITARIA DE EXCRETAS     INSTALACIÓN DE 249 UBS TIPO COMPOSTERA    COMPONENTE 03 CAPACIDAD TÉCNICA Y ADMINISTRATIVA FORTALECIDA DE LA JASS    IMPLEMENTACIÓN DE UN PROGRAMA DE FORTALECIMIENTO DE LA GESTIÓN ADMINSITRACIÓN Y OPERACIÓN DE LOS SISTEMAS    COMPONENTE 04 PROGRAMA DE FORTALECIMIENTO DE CAPACIDADES PARA LA POBLACIÓN     IMPLEMENTACIÓN DE PROGRAMAS DE EDUCACIÓN SANITARIA   FORTALECIMIENTO DE LAS CAPACIDADES DE LOS BENEFICIARIOS EN OPERACIÓN Y MANTENIMIENTO DE LAS UNIDADES BÁSICAS DE SANEAMIENTO,OPENSTREETMAP_NOMINATIM,APROXIMADA_DISTRITO,https://nominatim.openstreetmap.org,Coordenada referencial del distrito HUACULLANI. No representa la ubicación exacta de la infraestructura.,COMPLETADO_APROXIMADO
2317160,OFICIAL_SANEAMIENTO,Clasificado oficialmente por el MEF en la función SANEAMIENTO,354356,"MEJORAMIENTO Y AMPLIACIÓN DEL SERVICIO DE AGUA POTABLE Y SANEAMIENTO RURAL EN EL SECTOR QUITA DE LA COMUNIDAD DE HUATAQUITA, DISTRITO DE CABANILLAS - SAN ROMAN - PUNO",PIP MAYOR (SNIP),GL,GOBIERNOS LOCALES,MUNICIPALIDAD DISTRITAL DE CABANILLAS,OPMI DE LA MUNICIPALIDAD DISTRITAL DE CABANILLAS,UF DE LA MUNICIPALIDAD DISTRITAL DE CABANILLAS,UEI DE LA MUNICIPALIDAD DISTRITAL DE CABANILLAS,301683,MUNICIPALIDAD DISTRITAL DE CABANILLAS,SANEAMIENTO,SANEAMIENTO,SANEAMIENTO RURAL,,ACTIVO,VIABLE,2016-04-07 00:00:00,2016-04-08 00:00:00,SNIP,2553282.0,2502667.69,0.0,0.0,0.0,-0.31,SI,2290077.0,0.0,0.0,0.0,201712,202407,212590.0,0.0,2290077.0,2290078,2290077.69,0.0,SI,2502667.69,SI,Ejecución física (C),SI,NO,,8.49,2026-06-26 12:05:38,2026-05-04 00:00:00,2026-08-28 00:00:00,2023-05-31 00:00:00,2025-06-28 00:00:00,NO,NO,,,PUNO,SAN ROMAN,CABANILLAS,211103,-15.8266778,-70.6433537,MEJORAMIENTO Y AMPLIACIÓN DEL SERVICIO DE AGUA POTABLE Y SANEAMIENTO RURAL QUE CONSISTE EN LA CONSTRUCCIÓN DEL SISTEMA DE AGUA POTABLE IINSTALACIÓN DE 01 CAPTACIÓN DE AGUA DE LADERA MANANTIAL INSTALACIÓN DE LA LÍNEA DE CONDUCCIÓN EN 49855 ML CON TUBERÍA PVC SAP C10 D2 C75 D2 Y C75 D1 12 INSTALACIÓN DE 01 CÁMARA ROMPE PRESIÓN INSTALACIÓN DE 20 PASES AÉREOS INSTALACIÓN DE 01 RESERVORIO DE 25 M3 INSTALACIÓN DE LA LÍNEA DE ADUCCIÓN EN 19503 ML CON TUBERÍA PVC SAP C75 D2 INSTALACIÓN DE 20 VÁLVULAS DE CONTROL INSTALACIÓN DE LA LÍNEA DE DISTRIBUCIÓN EN 2044784ML CON TUBERÍA PVC SAP C75 D2 C75 D1 12 C10 D1 C10 D34 C10 D12 INSTALACIÓN DE 07 VÁLVULAS DE PURGA INSTALACIÓN DE 06 VÁLVULAS DE AIRE INSTALACIÓN DE 148 PILETAS DOMICILIARIAS DOMÉSTICAS Y NO DOMESTICAS Y MITIGACIÓN DE IMPACTO AMBIENTAL ADEMÁS PLANTEA LA CONSTRUCCIÓN DE UNIDADES BÁSICAS DE SANEAMIENTO 148 UBS TIPO ARRASTRE HIDRÁULICO CON BIODIGESTORES CON MUROS DE BLOQUETA COBERTURA CON PLANCHA ONDULADA INCLUYE DUCHAS Y LAVATORIOS Y SE REALIZARÁ ACTIVIDADES DE CAPACITACIÓN EN EDUCACIÓN SANITARIA Y ORGANIZACIÓN DE LA JASS IMPLEMENTACIÓN DE ACCIONES PRELIMINARES ACCIONES DEL DURANTE Y ACCIONES DEL DESPUÉS,ADMINISTRACIÓN INDIRECTA - POR CONTRATA,NO,674,2026,0.0,0.0,MEJORAMIENTO Y AMPLIACIÓN DEL SERVICIO DE AGUA POTABLE Y SANEAMIENTO RURAL QUE CONSISTE EN LA CONSTRUCCIÓN DEL SISTEMA DE AGUA POTABLE IINSTALACIÓN DE 01 CAPTACIÓN DE AGUA DE LADERA MANANTIAL INSTALACIÓN DE LA LÍNEA DE CONDUCCIÓN EN 49855 ML CON TUBERÍA PVC SAP C10 D2 C75 D2 Y C75 D1 12 INSTALACIÓN DE 01 CÁMARA ROMPE PRESIÓN INSTALACIÓN DE 20 PASES AÉREOS INSTALACIÓN DE 01 RESERVORIO DE 25 M3 INSTALACIÓN DE LA LÍNEA DE ADUCCIÓN EN 19503 ML CON TUBERÍA PVC SAP C75 D2 INSTALACIÓN DE 20 VÁLVULAS DE CONTROL INSTALACIÓN DE LA LÍNEA DE DISTRIBUCIÓN EN 2044784ML CON TUBERÍA PVC SAP C75 D2 C75 D1 12 C10 D1 C10 D34 C10 D12 INSTALACIÓN DE 07 VÁLVULAS DE PURGA INSTALACIÓN DE 06 VÁLVULAS DE AIRE INSTALACIÓN DE 148 PILETAS DOMICILIARIAS DOMÉSTICAS Y NO DOMESTICAS Y MITIGACIÓN DE IMPACTO AMBIENTAL ADEMÁS PLANTEA LA CONSTRUCCIÓN DE UNIDADES BÁSICAS DE SANEAMIENTO 148 UBS TIPO ARRASTRE HIDRÁULICO CON BIODIGESTORES CON MUROS DE BLOQUETA COBERTURA CON PLANCHA ONDULADA INCLUYE DUCHAS Y LAVATORIOS Y SE REALIZARÁ ACTIVIDADES DE CAPACITACIÓN EN EDUCACIÓN SANITARIA Y ORGANIZACIÓN DE LA JASS IMPLEMENTACIÓN DE ACCIONES PRELIMINARES ACCIONES DEL DURANTE Y ACCIONES DEL DESPUÉS,OPENSTREETMAP_NOMINATIM,APROXIMADA_DISTRITO,https://nominatim.openstreetmap.org,Coordenada referencial del distrito CABANILLAS. No representa la ubicación exacta de la infraestructura.,COMPLETADO_APROXIMADO
2225744,OFICIAL_SANEAMIENTO,Clasificado oficialmente por el MEF en la función SANEAMIENTO,244143,"MEJORAMIENTO Y AMPLIACION DE  SISTEMA DE ABASTECIMIENTO DE AGUA POTABLE Y TRATAMIENTO DE EXCRETAS EN LA COMUNIDAD  CAMPESINA DE HUANCASAYANI, DISTRITO DE CUYOCUYO - SANDIA - PUNO",PIP MAYOR (SNIP),GL,GOBIERNOS LOCALES,MUNICIPALIDAD DISTRITAL DE CUYOCUYO,OPMI DE LA MUNICIPALIDAD DISTRITAL DE CUYOCUYO,UF DE LA MUNICIPALIDAD DISTRITAL DE CUYOCUYO,UEI DE LA MUNICIPALIDAD DISTRITAL DE CUYOCUYO,301686,MUNICIPALIDAD DISTRITAL DE CUYOCUYO,SANEAMIENTO,SANEAMIENTO,SANEAMIENTO RURAL,,ACTIVO,VIABLE,2012-12-11 00:00:00,2016-10-08 00:00:00,SNIP,2595480.0,2502231.68,0.0,0.0,0.0,547.72,NO,,,,,201904,202412,2501683.96,0.0,,0,,,SI,2468972.08,SI,Ejecución física (C),SI,SI,46.03,48.67,2024-01-18 18:18:09,2022-10-03 00:00:00,2024-12-31 00:00:00,2023-08-07 00:00:00,2024-06-03 00:00:00,NO,NO,,,PUNO,SANDIA,CUYOCUYO,211202,-14.4700389,-69.5369258,ADECUADA INFRAESTRUCTURA DEL SISTEMA DE ABASTECIMIENTO DE AGUA POTABLE Captación tipo Superficial Esta captación será a través de un manantial ojo de agua este tendrá un área de construcción de 900 m2  Línea de Conducción La línea de conducción se ha diseñado para conducir el gasto máximo diario de 45414 Ltsseg  La línea tendrá una longitud de 235156 ml la tubería será de  2 12 clase 10 PVC Para efectos de controlar la presión del agua se construirá cuatro 01 cámaras de Rompe Presión y controlar la continuidad en la red se construirá 01 Válvula de Purga 01 Válvula de Aire  Reservorios Este componente se encargara de almacenar el agua para su posterior distribución la longitud yo tamaño proyectado es de  RS01 V  2000 m3 Redes de Distribución En lo que respecta a las redes de distribución se ha realizado el levantamiento topográfico en la zona de influencia del Proyecto  con la utilización de un equipo de ESTACIÓN TOTAL para proceder al diseño correspondiente la longitud de la red de distribución es de 171728 ml con diámetros de 1 1  y 2 El terreno para la excavación también es de la misma longitudEstructuras en líneas de aducción y red de distribución La línea de aducción y red de distribución ha sido diseñada para conducir el gasto máximo horario Q  45414 Ltsseg  La longitud de la línea de aducción en toda el área del proyecto es de 7466 ml utilizando tuberías PVC Clase 10 de un diámetro Ø de 2Conexiones domiciliarias la misma que será en un total de 122  viviendas beneficiarias 04 instituciones educativas y 03 instituciones estatales y comunales ADECUADA INFRAESTRUCTURA PARA DISPOSICIÓN SANITARIA DE EXCRETAS se instalará 122 Módulos de SSHH Domiciliarios 04 Módulos de SSHH para instituciones educativas y 03 módulos de SSHH para instituciones sociales  MEJORES NIVELES DE EDUCACIÓN SANITARIA Y ADECUADA CAPACITACIÓN  TÉCNICA Y ADMINISTRATIVA DE LOS SERVICIOS DE SANEAMIENTO,ADMINISTRACIÓN INDIRECTA - POR CONTRATA,NO,571,2026,0.0,0.0,ADECUADA INFRAESTRUCTURA DEL SISTEMA DE ABASTECIMIENTO DE AGUA POTABLE Captación tipo Superficial Esta captación será a través de un manantial ojo de agua este tendrá un área de construcción de 900 m2  Línea de Conducción La línea de conducción se ha diseñado para conducir el gasto máximo diario de 45414 Ltsseg  La línea tendrá una longitud de 235156 ml la tubería será de  2 12 clase 10 PVC Para efectos de controlar la presión del agua se construirá cuatro 01 cámaras de Rompe Presión y controlar la continuidad en la red se construirá 01 Válvula de Purga 01 Válvula de Aire  Reservorios Este componente se encargara de almacenar el agua para su posterior distribución la longitud yo tamaño proyectado es de  RS01 V  2000 m3 Redes de Distribución En lo que respecta a las redes de distribución se ha realizado el levantamiento topográfico en la zona de influencia del Proyecto  con la utilización de un equipo de ESTACIÓN TOTAL para proceder al diseño correspondiente la longitud de la red de distribución es de 171728 ml con diámetros de 1 1  y 2 El terreno para la excavación también es de la misma longitudEstructuras en líneas de aducción y red de distribución La línea de aducción y red de distribución ha sido diseñada para conducir el gasto máximo horario Q  45414 Ltsseg  La longitud de la línea de aducción en toda el área del proyecto es de 7466 ml utilizando tuberías PVC Clase 10 de un diámetro Ø de 2Conexiones domiciliarias la misma que será en un total de 122  viviendas beneficiarias 04 instituciones educativas y 03 instituciones estatales y comunales ADECUADA INFRAESTRUCTURA PARA DISPOSICIÓN SANITARIA DE EXCRETAS se instalará 122 Módulos de SSHH Domiciliarios 04 Módulos de SSHH para instituciones educativas y 03 módulos de SSHH para instituciones sociales  MEJORES NIVELES DE EDUCACIÓN SANITARIA Y ADECUADA CAPACITACIÓN  TÉCNICA Y ADMINISTRATIVA DE LOS SERVICIOS DE SANEAMIENTO,OPENSTREETMAP_NOMINATIM,APROXIMADA_DISTRITO,https://nominatim.openstreetmap.org,Coordenada referencial del distrito CUYOCUYO. No representa la ubicación exacta de la infraestructura.,COMPLETADO_APROXIMADO
2277060,OFICIAL_SANEAMIENTO,Clasificado oficialmente por el MEF en la función SANEAMIENTO,322056,"MEJORAMIENTO Y AMPLIACIÓN DEL SERVICIO DE SANEAMIENTO BÁSICO INTEGRAL EN LA COMUNIDAD CAMPESINA DE CCATUYO CONDORIRI, DISTRITO DE SAN ANTON - AZANGARO - PUNO",PIP MAYOR (SNIP),GL,GOBIERNOS LOCALES,MUNICIPALIDAD DISTRITAL DE SAN ANTON,OPMI DE LA MUNICIPALIDAD DISTRITAL DE SAN ANTON,UF DE LA MUNICIPALIDAD DISTRITAL DE SAN ANTON,UEI DE LA MUNICIPALIDAD DISTRITAL DE SAN ANTON,301618,MUNICIPALIDAD DISTRITAL DE SAN ANTON,SANEAMIENTO,SANEAMIENTO,SANEAMIENTO RURAL,,ACTIVO,VIABLE,2015-06-04 00:00:00,2015-06-18 00:00:00,SNIP,3126123.0,3772300.38,0.0,0.0,0.0,373807.64,NO,,,,,201703,201812,3398492.74,0.0,,0,,,SI,4044525.33,SI,Aprobación de consistencia o modificaciones antes de la aprobación del ET o ET (A),NO,NO,,,,,,,,NO,NO,,,PUNO,AZANGARO,SAN ANTON,210211,-14.5196208,-70.2502627,CONSISTE EN MEJORAMIENTO Y AMPLIACIÓN DEL SERVICIO DE SANEAMIENTO BÁSICO INTEGRAL QUE CONSISTE EN LA CONSTRUCCIÓN DE TRES 03 SISTEMAS DE AGUA POTABLE 05 CAPTACIONES AGUA DE LADERA MANANTIALES LÍNEAS DE CONDUCCIÓN 03 CÁMARAS DE REUNIÓN 05 CÁMARAS ROMPE PRESIÓN 04 PASES AÉREOS 03 RESERVORIOS LÍNEAS DE ADUCCIÓN 10 VÁLVULAS DE CONTROL REDES DE DISTRIBUCIÓN 20 VÁLVULAS DE PURGA 22 VÁLVULAS DE AIRE Y 179 INSTALACIONES DOMICILIARIAS ASIMISMO CONSTRUCCIÓN DE UNIDADES BÁSICAS DE SANEAMIENTO TIPO ARRASTRE HIDRÁULICO CON BIODIGESTORES CON MUROS DE BLOQUES DE CONCRETO CUBIERTA DE CALAMINA TIPO TEJA ANDINA INCLUYE DUCHAS Y LAVATORIO ACOMPAÑADO CON CAPACITACIÓN EN EDUCACIÓN SANITARIA Y ORGANIZACIÓN,ADMINISTRACIÓN INDIRECTA - POR CONTRATA,NO,872,2026,0.0,0.0,CONSISTE EN MEJORAMIENTO Y AMPLIACIÓN DEL SERVICIO DE SANEAMIENTO BÁSICO INTEGRAL QUE CONSISTE EN LA CONSTRUCCIÓN DE TRES 03 SISTEMAS DE AGUA POTABLE 05 CAPTACIONES AGUA DE LADERA MANANTIALES LÍNEAS DE CONDUCCIÓN 03 CÁMARAS DE REUNIÓN 05 CÁMARAS ROMPE PRESIÓN 04 PASES AÉREOS 03 RESERVORIOS LÍNEAS DE ADUCCIÓN 10 VÁLVULAS DE CONTROL REDES DE DISTRIBUCIÓN 20 VÁLVULAS DE PURGA 22 VÁLVULAS DE AIRE Y 179 INSTALACIONES DOMICILIARIAS ASIMISMO CONSTRUCCIÓN DE UNIDADES BÁSICAS DE SANEAMIENTO TIPO ARRASTRE HIDRÁULICO CON BIODIGESTORES CON MUROS DE BLOQUES DE CONCRETO CUBIERTA DE CALAMINA TIPO TEJA ANDINA INCLUYE DUCHAS Y LAVATORIO ACOMPAÑADO CON CAPACITACIÓN EN EDUCACIÓN SANITARIA Y ORGANIZACIÓN,OPENSTREETMAP_NOMINATIM,APROXIMADA_DISTRITO,https://nominatim.openstreetmap.org,Coordenada referencial del distrito SAN ANTON. No representa la ubicación exacta de la infraestructura.,COMPLETADO_APROXIMADO
2331661,OFICIAL_SANEAMIENTO,Clasificado oficialmente por el MEF en la función SANEAMIENTO,370985,AMPLIACION Y MEJORAMIENTO DE LOS SERVICIOS DE AGUA POTABLE Y ALCANTARILLADO DE LA CIUDAD DE JULIACA - PUNO,PIP MAYOR (SNIP),GN,"VIVIENDA, CONSTRUCCION Y SANEAMIENTO","MINISTERIO DE VIVIENDA, CONSTRUCCION Y SANEAMIENTO","OPMI DEL MINISTERIO DE VIVIENDA, CONSTRUCCION Y SANEAMIENTO",UF DEL PROGRAMA NACIONAL DE SANEAMIENTO URBANO,PROGRAMA NACIONAL DE SANEAMIENTO URBANO,1085,PROGRAMA NACIONAL DE SANEAMIENTO URBANO,SANEAMIENTO,SANEAMIENTO,SANEAMIENTO URBANO,,ACTIVO,VIABLE,2016-10-04 00:00:00,2017-07-26 00:00:00,SNIP,708956179.0,1636309386.14,21907419.75,2201147.5,0.0,1232305105.06,SI,352935250.0,409522494.82,442723874.04,428244279.77,201803,202608,72984476.83,216048123.5,352935250.0,352927224,343533777.63,296196527.36,SI,1224422441.12,SI,Ejecución física (C),SI,SI,16.24,16.81,2026-08-13 16:53:04,2018-10-15 00:00:00,2029-10-13 00:00:00,2021-09-01 00:00:00,2030-03-23 00:00:00,NO,NO,,,PUNO,SAN ROMAN,JULIACA,211101,-15.4932314,-70.1356177,Sistema de agua potable Comprende lo siguiente construcción de una nueva captación tipo barraje del rio Cabanillas aguas arriba del Sector denominado  Estancia  Maravillas construcción de un PTAP de filtración rápida completa con pre tratamiento para un QMD 980 lps construcción de 10 reservorios con volumen total de 18300 m3 construcción de líneas de conducción de agua cruda y tratada de 7704232 ml de longitud construcción de líneas de aducción de agua tratada y rebose de 15807 ml y mejoramiento 10536 ml instalación de redes primarias de 133957 ml instalación de redes segundarias de 500643 ml y conexiones nuevas 38879 y renovación 4784 de igual manera se  instalaran 63104 micromedidores  Sistema de Alcantarillado se ha considerado una sola alternativa de solución Debido a su topografía el sistema de alcantarillado ha sido dividido de acuerdo al área de influencia del estudio y comprende  17 Áreas  de drenaje y tendrá 89280 usuarios conectados al año 2020 año 1 instalación de la línea de impulsión de aguas residuales de 243459 ml instalación de colectores principales de 110032 ml instalación de redes secundarios de 458509 ml construcción de 16 cámaras de bombeo e instalación de 37476 conexiones y 3218 rehabilitados  Fortalecimiento de capacidades comprende capacitación técnica a los operadores de la EPS como también el equipamiento  Intervención Social comprende charlas y capacitación a la población a las dirigencias de las habilitaciones para el ahorro y un mejor uso del agua,ADMINISTRACIÓN INDIRECTA - POR CONTRATA,NO,480129,2026,0.0,0.0,Sistema de agua potable Comprende lo siguiente construcción de una nueva captación tipo barraje del rio Cabanillas aguas arriba del Sector denominado  Estancia  Maravillas construcción de un PTAP de filtración rápida completa con pre tratamiento para un QMD 980 lps construcción de 10 reservorios con volumen total de 18300 m3 construcción de líneas de conducción de agua cruda y tratada de 7704232 ml de longitud construcción de líneas de aducción de agua tratada y rebose de 15807 ml y mejoramiento 10536 ml instalación de redes primarias de 133957 ml instalación de redes segundarias de 500643 ml y conexiones nuevas 38879 y renovación 4784 de igual manera se  instalaran 63104 micromedidores  Sistema de Alcantarillado se ha considerado una sola alternativa de solución Debido a su topografía el sistema de alcantarillado ha sido dividido de acuerdo al área de influencia del estudio y comprende  17 Áreas  de drenaje y tendrá 89280 usuarios conectados al año 2020 año 1 instalación de la línea de impulsión de aguas residuales de 243459 ml instalación de colectores principales de 110032 ml instalación de redes secundarios de 458509 ml construcción de 16 cámaras de bombeo e instalación de 37476 conexiones y 3218 rehabilitados  Fortalecimiento de capacidades comprende capacitación técnica a los operadores de la EPS como también el equipamiento  Intervención Social comprende charlas y capacitación a la población a las dirigencias de las habilitaciones para el ahorro y un mejor uso del agua,OPENSTREETMAP_NOMINATIM,APROXIMADA_DISTRITO,https://nominatim.openstreetmap.org,Coordenada referencial del distrito JULIACA. No representa la ubicación exacta de la infraestructura.,COMPLETADO_APROXIMADO
2192849,OFICIAL_SANEAMIENTO,Clasificado oficialmente por el MEF en la función SANEAMIENTO,273404,"INSTALACION DEL SERVICIO DE SANEAMIENTO BASICO INTEGRAL EN EL SECTOR KARIPATA DE LA COMUNIDAD CAMPESINA DE LIZACIA, DISTRITO DE CABANILLA - LAMPA - PUNO",PIP MAYOR (SNIP),GL,GOBIERNOS LOCALES,MUNICIPALIDAD DISTRITAL DE CABANILLA,OPMI DE LA MUNICIPALIDAD DISTRITAL DE CABANILLA,UF DE LA MUNICIPALIDAD DISTRITAL DE CABANILLA,UEI DE LA MUNICIPALIDAD DISTRITAL DE CABANILLA,301654,MUNICIPALIDAD DISTRITAL DE CABANILLA,SANEAMIENTO,SANEAMIENTO,SANEAMIENTO RURAL,,ACTIVO,VIABLE,2013-09-12 00:00:00,2013-09-17 00:00:00,SNIP,1296023.0,2105410.49,0.0,0.0,0.0,2047091.97,SI,2047092.0,0.0,0.0,0.0,201909,202504,58318.52,0.0,,0,,,SI,2105410.49,SI,Ejecución física (C),SI,NO,,2.77,2026-07-21 15:46:58,2019-03-06 00:00:00,2026-12-19 00:00:00,2026-10-01 00:00:00,2026-12-31 00:00:00,NO,NO,,,PUNO,LAMPA,CABANILLA,210702,-15.6203163,-70.345873,INSTALACIÓN DEL SERVICIO DE SANEAMIENTO BÁSICO INTEGRAL QUE CONSISTE EN LA INSTALACIÓN DEL SISTEMA DE AGUA POTABLE POR BOMBEO QUE CONSISTE EN CAPTACIÓN POZO CASETA DE BOMBEO LÍNEA DE IMPULSIÓN RESERVORIO APOYADO LÍNEA DE ADUCCIÓN RED DE DISTRIBUCIÓN E INSTALACIÓN DE PILETAS DOMICILIARIAS ASIMISMO INSTALACIÓN DE UNIDADES BÁSICAS DE SANEAMIENTO TIPO ARRASTRE HIDRÁULICO CON BIODIGESTORES CON MUROS DE BLOQUES DE CONCRETO CUBIERTA DE CALAMINA TIPO TEJA ANDINA INCLUYE DUCHAS Y LAVATORIO ACOMPAÑADO CON CAPACITACIÓN EN EDUCACIÓN SANITARIA Y ORGANIZACIÓN,ADMINISTRACIÓN DIRECTA,NO,522,2026,0.0,0.0,INSTALACIÓN DEL SERVICIO DE SANEAMIENTO BÁSICO INTEGRAL QUE CONSISTE EN LA INSTALACIÓN DEL SISTEMA DE AGUA POTABLE POR BOMBEO QUE CONSISTE EN CAPTACIÓN POZO CASETA DE BOMBEO LÍNEA DE IMPULSIÓN RESERVORIO APOYADO LÍNEA DE ADUCCIÓN RED DE DISTRIBUCIÓN E INSTALACIÓN DE PILETAS DOMICILIARIAS ASIMISMO INSTALACIÓN DE UNIDADES BÁSICAS DE SANEAMIENTO TIPO ARRASTRE HIDRÁULICO CON BIODIGESTORES CON MUROS DE BLOQUES DE CONCRETO CUBIERTA DE CALAMINA TIPO TEJA ANDINA INCLUYE DUCHAS Y LAVATORIO ACOMPAÑADO CON CAPACITACIÓN EN EDUCACIÓN SANITARIA Y ORGANIZACIÓN,OPENSTREETMAP_NOMINATIM,APROXIMADA_DISTRITO,https://nominatim.openstreetmap.org,Coordenada referencial del distrito CABANILLA. No representa la ubicación exacta de la infraestructura.,COMPLETADO_APROXIMADO
2134541,OFICIAL_SANEAMIENTO,Clasificado oficialmente por el MEF en la función SANEAMIENTO,181133,"CONSTRUCCION DEL SISTEMA DE AGUA POTABLE Y LETRINAS EN LA COMUNIDAD CAMPESINA DE HUENQUEA, DISTRITO DE CHUPA - AZANGARO - PUNO",PIP MENOR (SNIP),GL,GOBIERNOS LOCALES,MUNICIPALIDAD DISTRITAL DE CHUPA,OPMI DE LA MUNICIPALIDAD DISTRITAL DE CHUPA,UF DE LA MUNICIPALIDAD DISTRITAL DE CHUPA,UEI DE LA MUNICIPALIDAD DISTRITAL DE CHUPA,301613,MUNICIPALIDAD DISTRITAL DE CHUPA,SANEAMIENTO,SANEAMIENTO,SANEAMIENTO RURAL,,ACTIVO,VIABLE,2011-06-06 00:00:00,2011-06-07 00:00:00,SNIP,453393.49,453393.49,0.0,0.0,0.0,109674.1,SI,0.0,0.0,34674.0,0.0,201107,201202,343719.39,0.0,,0,,,SI,453393.49,SI,Ejecución física (C),SI,SI,100.0,95.68,2026-02-24 14:06:15,2011-01-20 00:00:00,2028-05-09 00:00:00,2011-01-20 00:00:00,2028-05-09 00:00:00,NO,NO,,,PUNO,AZANGARO,CHUPA,210206,-15.1059765,-69.9865962,CONSTRUCCIÓN DE 02 SISTEMAS DE AGUA POTABLE CON CAPTACIÓN DE MANANTIALES Y LETRINAS SANITARIAS CONVENCIONALES EN LA COMUNIDAD CAMPESINA DE HUENQUEA,,NO,492,2026,0.0,0.0,CONSTRUCCIÓN DE 02 SISTEMAS DE AGUA POTABLE CON CAPTACIÓN DE MANANTIALES Y LETRINAS SANITARIAS CONVENCIONALES EN LA COMUNIDAD CAMPESINA DE HUENQUEA,OPENSTREETMAP_NOMINATIM,APROXIMADA_DISTRITO,https://nominatim.openstreetmap.org,Coordenada referencial del distrito CHUPA. No representa la ubicación exacta de la infraestructura.,COMPLETADO_APROXIMADO
2303193,OFICIAL_SANEAMIENTO,Clasificado oficialmente por el MEF en la función SANEAMIENTO,320205,"CREACION DEL SERVICIO AGUA POTABLE Y SANEAMIENTO EN LOS SECTORES DE CHILLIHUA, COMBO, MARIANO MELGAR, CANGALLI PICHACANI, ALIANZA Y ANTACALLA, DISTRITO DE NUNOA - MELGAR - PUNO",PIP MAYOR (SNIP),GL,GOBIERNOS LOCALES,MUNICIPALIDAD DISTRITAL DE NUÑOA,OPMI DE LA MUNICIPALIDAD DISTRITAL DE NUÑOA,UF DE LA MUNICIPALIDAD DISTRITAL DE NUÑOA,UEI3 DE LA MUNICIPALIDAD DISTRITAL DE NUÑOA,301668,MUNICIPALIDAD DISTRITAL DE NUÑOA,SANEAMIENTO,SANEAMIENTO,SANEAMIENTO RURAL,,ACTIVO,VIABLE,2015-05-10 00:00:00,2015-12-02 00:00:00,SNIP,3428000.0,6790071.23,0.0,0.0,0.0,275199.85,NO,,,,,201605,202206,6514871.38,0.0,,0,,,SI,7237980.0,SI,Ejecución física (C),SI,SI,100.0,100.0,2023-02-08 13:27:05,2020-11-30 00:00:00,2023-12-31 00:00:00,2020-12-01 00:00:00,2021-01-31 00:00:00,NO,NO,,,PUNO,MELGAR,NUÑOA,210806,-14.3774034,-70.711518,SISTEMA DE AGUA POTABLE CONSISTE EN LA CONSTRUCCION DE 15 CAPTACIONES DE LADERA DE CONCRETO ARMADO PARA UN CAUDAL DE DISEÑO DE 25 LS INSTALACION DE 888000 ML DE LINEA DE CONDUCCION CON TUBERIA PVC SAP C10 D1 CONSTRUCCION DE 15 RESERVORIOS DE ALMACENAMIENTO DE CONCRETO ARMADO CON CAPACIDAD DE 50 M3 01 UNIDAD 40 M3 01 UNIDAD Y 20 M3 13 UNIDADES CON 15 CASETAS DE VALVULAS TENDIDO DE 7992000  ML DE LINEA DE ADUCCION Y DISTRIBUCION CON TUBERIA PVC SAP C10 D1 12 TUBERIA PVC SAP C10 D1 TUBERIA PVC SAP C10 D34 ADEMAS SE CONSTRUIRAN 10 CAJAS DE VALVULAS DE CONTROL 04 CAJAS DE VALVULA DE PURGA Y 04 CAJAS DE VALVULA DE AIRE TAMBIEN SE INSTALARAN 192 LAVADEROS MULTIUSOS Y 02 CAMARAS DE ROMPE PRESION T7  SISTEMA DE DISPOSICIOND E EXCRETAS CONSISTE EN LA CONSTRUCCION DE 192 SERVICIOS HIGIENICOS CON ARRASTRE HIDRAULICO CON COBERTURA DE CALAMINON CON MURO DE LADRILLO PULIDO CON CEMENTO PUERTA Y VENTANAS METALICAS INODORO Y LAVADEROS MULTIUSO INSTALACION DE AGUA Y DESAGUE ADEMAS CONSIDERA LA CONSTRUCCION DE SISTEMA DE TRATAMIENTO CON BIODIGESTORES Y PERCOLADOR  CAPACITACIÓN EN EDUCACIÓN SANITARIA Y  CAPACITACIÓN EN GESTIÓN DE LOS SERVICIOS SE DESARROLLARAN EVENTOS DE PROMOCION CAPACITACION Y EDUCACION SANITARIA A LA POBLACION Y TAMBIEN CONTRUBUIR A QUE EL RECURSO HUMANO DE LA UNIDAD DE GESTION DE SERVICIOS DE SANEAMIENTO JASS MEJORE EFICIENTEMENTE LA GESTION OPERACIONAL FINANCIERA Y ADMINISTRATIVA,ADMINISTRACIÓN DIRECTA,NO,804,2026,0.0,0.0,SISTEMA DE AGUA POTABLE CONSISTE EN LA CONSTRUCCION DE 15 CAPTACIONES DE LADERA DE CONCRETO ARMADO PARA UN CAUDAL DE DISEÑO DE 25 LS INSTALACION DE 888000 ML DE LINEA DE CONDUCCION CON TUBERIA PVC SAP C10 D1 CONSTRUCCION DE 15 RESERVORIOS DE ALMACENAMIENTO DE CONCRETO ARMADO CON CAPACIDAD DE 50 M3 01 UNIDAD 40 M3 01 UNIDAD Y 20 M3 13 UNIDADES CON 15 CASETAS DE VALVULAS TENDIDO DE 7992000  ML DE LINEA DE ADUCCION Y DISTRIBUCION CON TUBERIA PVC SAP C10 D1 12 TUBERIA PVC SAP C10 D1 TUBERIA PVC SAP C10 D34 ADEMAS SE CONSTRUIRAN 10 CAJAS DE VALVULAS DE CONTROL 04 CAJAS DE VALVULA DE PURGA Y 04 CAJAS DE VALVULA DE AIRE TAMBIEN SE INSTALARAN 192 LAVADEROS MULTIUSOS Y 02 CAMARAS DE ROMPE PRESION T7  SISTEMA DE DISPOSICIOND E EXCRETAS CONSISTE EN LA CONSTRUCCION DE 192 SERVICIOS HIGIENICOS CON ARRASTRE HIDRAULICO CON COBERTURA DE CALAMINON CON MURO DE LADRILLO PULIDO CON CEMENTO PUERTA Y VENTANAS METALICAS INODORO Y LAVADEROS MULTIUSO INSTALACION DE AGUA Y DESAGUE ADEMAS CONSIDERA LA CONSTRUCCION DE SISTEMA DE TRATAMIENTO CON BIODIGESTORES Y PERCOLADOR  CAPACITACIÓN EN EDUCACIÓN SANITARIA Y  CAPACITACIÓN EN GESTIÓN DE LOS SERVICIOS SE DESARROLLARAN EVENTOS DE PROMOCION CAPACITACION Y EDUCACION SANITARIA A LA POBLACION Y TAMBIEN CONTRUBUIR A QUE EL RECURSO HUMANO DE LA UNIDAD DE GESTION DE SERVICIOS DE SANEAMIENTO JASS MEJORE EFICIENTEMENTE LA GESTION OPERACIONAL FINANCIERA Y ADMINISTRATIVA,OPENSTREETMAP_NOMINATIM,APROXIMADA_DISTRITO,https://nominatim.openstreetmap.org,Coordenada referencial del distrito NUÑOA. No representa la ubicación exacta de la infraestructura.,COMPLETADO_APROXIMADO
2240633,OFICIAL_SANEAMIENTO,Clasificado oficialmente por el MEF en la función SANEAMIENTO,278281,"INSTALACION Y MEJORAMIENTO DEL SERVICIO DE AGUA POTABLE Y SANEAMIENTO BASICO EN 11 LOCALIDADES DE LAS COMUNIDADES DE CRUZANI, LLANQUERI Y CACHIPASCANA, DISTRITO DE SAN ANTONIO - PUNO - PUNO",PIP MAYOR (SNIP),GL,GOBIERNOS LOCALES,MUNICIPALIDAD DISTRITAL DE SAN ANTONIO,OPMI DE LA MUNICIPALIDAD DISTRITAL DE SAN ANTONIO,UF DE LA MUNICIPALIDAD DISTRITAL DE SAN ANTONIO,UEI DE LA MUNICIPALIDAD DISTRITAL DE SAN ANTONIO,301605,MUNICIPALIDAD DISTRITAL DE SAN ANTONIO,SANEAMIENTO,SANEAMIENTO,SANEAMIENTO RURAL,,ACTIVO,VIABLE,2013-10-29 00:00:00,2013-10-30 00:00:00,SNIP,3712405.0,1934736.78,0.0,0.0,0.0,10311.53,NO,,,,,201612,201708,1924425.25,0.0,,0,,,SI,3481687.4,SI,Aprobación de consistencia o modificaciones antes de la aprobación del ET o ET (A),SI,NO,,,,,,,,NO,NO,,,PUNO,PUNO,SAN ANTONIO,210113,-16.0936914,-70.3224035,Mejoramiento de infraestructura física para el abastecimiento de agua potable por vivienda en localidades con servicio restringido construcción de infraestructura física para el abastecimiento de agua potable por vivienda en localidades sin servicio básico incluye fuente de abastecimiento captación de agua Pukara Pujo Localidad de Vila Apacheta unidades básicas de saneamiento en localidades con letrinas instaladas y en localidades sin servicio de saneamiento implementación de medidas de riesgo pase aéreo cámara de redistribución cercos de protección construcción de baños y lavatorios implementación de medidas de mitigación prevención instalación de la Oficina Técnica de Saneamiento Básico Juncal OTESABAJ talleres de capacitación de la JASS Oficina Técnica de Saneamiento Básico adquisición de materiales Sensibilización y asistencia técnica dirigida a las familias instituciones educativas adquisición de materiales para diferentes campañas de salud e higiene y talleres de promoción,ADMINISTRACIÓN INDIRECTA - POR CONTRATA,NO,398,2026,0.0,0.0,Mejoramiento de infraestructura física para el abastecimiento de agua potable por vivienda en localidades con servicio restringido construcción de infraestructura física para el abastecimiento de agua potable por vivienda en localidades sin servicio básico incluye fuente de abastecimiento captación de agua Pukara Pujo Localidad de Vila Apacheta unidades básicas de saneamiento en localidades con letrinas instaladas y en localidades sin servicio de saneamiento implementación de medidas de riesgo pase aéreo cámara de redistribución cercos de protección construcción de baños y lavatorios implementación de medidas de mitigación prevención instalación de la Oficina Técnica de Saneamiento Básico Juncal OTESABAJ talleres de capacitación de la JASS Oficina Técnica de Saneamiento Básico adquisición de materiales Sensibilización y asistencia técnica dirigida a las familias instituciones educativas adquisición de materiales para diferentes campañas de salud e higiene y talleres de promoción,OPENSTREETMAP_NOMINATIM,APROXIMADA_DISTRITO,https://nominatim.openstreetmap.org,Coordenada referencial del distrito SAN ANTONIO. No representa la ubicación exacta de la infraestructura.,COMPLETADO_APROXIMADO
2236156,OFICIAL_SANEAMIENTO,Clasificado oficialmente por el MEF en la función SANEAMIENTO,232054,CREACION DEL SERVICIO DE AGUA POTABLE Y SANEAMIENTO RURAL EN LA COMUNIDAD CAMPESINA DE JICHUYO PAMAYA DEL DISTRITO DE PUNO - PROVINCIA DE PUNO - DEPARTAMENTO DE PUNO,PROYECTO DE INVERSION,GL,GOBIERNOS LOCALES,MUNICIPALIDAD PROVINCIAL DE PUNO,OPMI DE LA MUNICIPALIDAD PROVINCIAL DE PUNO,UF DE LA MUNICIPALIDAD PROVINCIAL DE PUNO,UEI DE LA MUNICIPALIDAD PROVINCIAL DE PUNO,301593,MUNICIPALIDAD PROVINCIAL DE PUNO,SANEAMIENTO,SANEAMIENTO,SANEAMIENTO RURAL,SISTEMA DE SANEAMIENTO RURAL,ACTIVO,VIABLE,2018-11-16 00:00:00,2018-11-16 00:00:00,INVIERTE,1413079.78,2978679.62,0.0,0.0,0.0,2887543.33,SI,2500.0,97543.0,180000.0,180000.0,202105,202606,87761.29,2399.77,0.0,3375,2500.0,2500.0,SI,2978679.62,SI,Ejecución física (C),SI,NO,,1.75,2026-05-25 09:36:01,2021-06-10 00:00:00,2037-06-18 00:00:00,2021-06-10 00:00:00,2037-06-18 00:00:00,NO,NO,,,PUNO,PUNO,PUNO,210101,-15.8407499,-70.0284053,1 COMPONENTE 1 PRESENCIA DE INFRAESTRUCTURA PARA EL SISTEMA DE AGUA POTABLEOBRAS PROVISIONALES CAPTACION TIPO LADERA 4 UNIDADES LINEA DE CONDUCCION 1239 METROS LINEALES ESTACION DE BOMBEOCISTERNA 1 UNIDAD LINEA DE IMPULSION 375 METROS LINEALES RESERVORIO CIRCULAR Y CASETA DE VALVULAS 1 UNIDAD LINEA DE ADUCCION Y RED DE DISTRIBUCION 590928 METROS LINEALES CONEXIÓN DOMICILIARIA DE AGUA DE 72 UNIDADES VALVULA REDOCTORA DE PRESION 2 UNIDADES CRUCE DE REACHUELOSUBTERRANEO 3 UNIDADES VALVULA PURGA DE LODOS 5 UNIDADES SUMINISTRO E INSTALACION DE VALVULA DE CONTROL 5 UNIDADES Y EVALUACION Y CONTROL AMBIENTAL 5 UNIDADESCOMPONENETE 02 EXISTENCIA DE INFRAESTRUCTURA DE SANEAMIENTO RURAL INSTALACIÓN DE CASETA SANITARIA DE UBS TIPO ARASTRE HUDRAULICO BIODIGESTOR 72 UND INSTALACIÓN DE SISTEMA DE BIODIGESTOR DE UBS TIPO ARASTRE HUDRAULICO 72 UND  Y INSTALACIÓN DE POZO PERCOLADOR DE UBS TIPO ARASTRE HUDRAULICO BIODIGESTOR 72 UND COMPONENTE 3 EXISTENCIA DE CAPACITACION EN EDUCACION SANITARIA CAPACITACIÓN DE EDUCACIÓN SANITARIA DEL IMPACTO DEL PROYECTO Y MANEJO Y OPTIMIZACIÓN DEL AGUA 3 TALLERES MATERIALES PARA EDUCACIÓN SANITARIA 72 UNIDADES MEDIOS DE COMUNICACIÓN Y DIFUSIÓN 4 UNIDADES PASANTÍAS TÉCNICAS 2 Y SEGUIMIENTO Y MONITOREO 4 UNIDADES Y CAPACITACIÓN EN ORGANIZACIÓN COMUNAL ESPECIALMENTE EN OPERACIÓN Y MANTENIMIENTO DE TODO EL SISTEMA DE AGUA POTABLE Y UNIDADES BÁSICA DE SANEAMIENTO  UBS 4 UNIDADES MATERIALES DE GESTIÓN 72 UNIDADES EQUIPO Y HERRAMIENTAS 1 UNIDAD Y MATERIALES DE COMUNICACIÓN 3 UNIDADES,"ADMINISTRACIÓN DIRECTA,ADMINISTRACIÓN INDIRECTA - POR CONTRATA",NO,366,2026,0.0,0.0,1 COMPONENTE 1 PRESENCIA DE INFRAESTRUCTURA PARA EL SISTEMA DE AGUA POTABLEOBRAS PROVISIONALES CAPTACION TIPO LADERA 4 UNIDADES LINEA DE CONDUCCION 1239 METROS LINEALES ESTACION DE BOMBEOCISTERNA 1 UNIDAD LINEA DE IMPULSION 375 METROS LINEALES RESERVORIO CIRCULAR Y CASETA DE VALVULAS 1 UNIDAD LINEA DE ADUCCION Y RED DE DISTRIBUCION 590928 METROS LINEALES CONEXIÓN DOMICILIARIA DE AGUA DE 72 UNIDADES VALVULA REDOCTORA DE PRESION 2 UNIDADES CRUCE DE REACHUELOSUBTERRANEO 3 UNIDADES VALVULA PURGA DE LODOS 5 UNIDADES SUMINISTRO E INSTALACION DE VALVULA DE CONTROL 5 UNIDADES Y EVALUACION Y CONTROL AMBIENTAL 5 UNIDADESCOMPONENETE 02 EXISTENCIA DE INFRAESTRUCTURA DE SANEAMIENTO RURAL INSTALACIÓN DE CASETA SANITARIA DE UBS TIPO ARASTRE HUDRAULICO BIODIGESTOR 72 UND INSTALACIÓN DE SISTEMA DE BIODIGESTOR DE UBS TIPO ARASTRE HUDRAULICO 72 UND  Y INSTALACIÓN DE POZO PERCOLADOR DE UBS TIPO ARASTRE HUDRAULICO BIODIGESTOR 72 UND COMPONENTE 3 EXISTENCIA DE CAPACITACION EN EDUCACION SANITARIA CAPACITACIÓN DE EDUCACIÓN SANITARIA DEL IMPACTO DEL PROYECTO Y MANEJO Y OPTIMIZACIÓN DEL AGUA 3 TALLERES MATERIALES PARA EDUCACIÓN SANITARIA 72 UNIDADES MEDIOS DE COMUNICACIÓN Y DIFUSIÓN 4 UNIDADES PASANTÍAS TÉCNICAS 2 Y SEGUIMIENTO Y MONITOREO 4 UNIDADES Y CAPACITACIÓN EN ORGANIZACIÓN COMUNAL ESPECIALMENTE EN OPERACIÓN Y MANTENIMIENTO DE TODO EL SISTEMA DE AGUA POTABLE Y UNIDADES BÁSICA DE SANEAMIENTO  UBS 4 UNIDADES MATERIALES DE GESTIÓN 72 UNIDADES EQUIPO Y HERRAMIENTAS 1 UNIDAD Y MATERIALES DE COMUNICACIÓN 3 UNIDADES,OPENSTREETMAP_NOMINATIM,APROXIMADA_DISTRITO,https://nominatim.openstreetmap.org,Coordenada referencial del distrito PUNO. No representa la ubicación exacta de la infraestructura.,COMPLETADO_APROXIMADO
2236439,OFICIAL_SANEAMIENTO,Clasificado oficialmente por el MEF en la función SANEAMIENTO,245971,MEJORAMIENTO Y AMPLIACION DE LOS SISTEMAS DE ALCANTARILLADO Y TRATAMIENTO DE AGUAS SERVIDAS DE LA LOCALIDAD DE SANTA LUCÍA - SANTA LUCÍA - LAMPA - PUNO,PIP MAYOR (SNIP),GN,"VIVIENDA, CONSTRUCCION Y SANEAMIENTO","MINISTERIO DE VIVIENDA, CONSTRUCCION Y SANEAMIENTO",OPMI DE LA MUNICIPALIDAD DISTRITAL DE SANTA LUCIA,UF DE LA MUNICIPALIDAD DISTRITAL DE SANTA LUCIA,UEI DE LA MUNICIPALIDAD DISTRITAL DE SANTA LUCIA,301661,MUNICIPALIDAD DISTRITAL DE SANTA LUCIA,SANEAMIENTO,SANEAMIENTO,SANEAMIENTO URBANO,,ACTIVO,VIABLE,2012-12-26 00:00:00,2013-05-17 00:00:00,SNIP,8799384.0,7952605.16,0.0,0.0,0.0,470187.98,NO,,,,,201712,202012,7482417.18,0.0,,0,,,SI,7952605.16,SI,Ejecución física (C),SI,SI,95.13,95.4,2021-04-15 17:02:40,2016-08-01 00:00:00,2022-08-24 00:00:00,2018-01-12 00:00:00,2018-11-08 00:00:00,NO,SI,2021-04-15 17:16:36,Pendiente de liquidación,PUNO,LAMPA,SANTA LUCIA,210709,-15.584065,-70.6162631,ALCANTARILLADO  INSTALACIÓN DE REDES COLECTORAS MEDIANTE TUBERÍAS DE PVC ISO 4435 DN 160 MM POR UN TOTAL DE 52901 M PVC ISO 4435 DN 200 MM POR UN TOTAL DE 1914661 M Y TUBERÍAS DE PVC ISO 4435 DN 250 MM POR UN TOTAL DE 59276 M ADEMÁS SE CONTEMPLA LA CONSTRUCCIÓN DE 276 BUZONES Y 38 BUZONETAS  INSTALACIÓN DE EMISOR MEDIANTE TUBERÍAS DE PVC ISO 4435 DN 250 MM POR UN TOTAL DE 121314 M ADEMÁS LA CONSTRUCCIÓN DE 15 BUZONES    INSTALACIÓN DE 1556 CONEXIONES DE ALCANTARILLADO Y 15 CONEXIONES ADICIONALES DE OTROS USUARIOS MITIGACIÓN AMBIENTAL EDUCACIÓN SANITARIA Y CAPACITACIÓN TÉCNICA ADMINISTRATIVA    PTAR  CONSTRUCCIÓN DE PLANTA DE TRATAMIENTO DE AGUAS RESIDUALES MEDIANTE CÁMARA DE REJAS 02 LAGUNAS FACULTATIVAS PRIMARIAS DE 160 M DE PROFUNDIDAD Y DE 124 HA CADA UNA 02 LAGUNAS FACULTATIVAS SECUNDARIAS DE 20 M DE PROFUNDIDAD Y 006 HA CADA UNA INSTALACION DE EMISOR DE DESCARGA AL CUERPO RECEPTOR MEDIANTE TUBERIAS DE PVC ISO 4435 DN 250 MM POR UN TOTAL DE 33000 M ADEMÁS DE CONSTRUCCION DE 4 BUZONES,ADMINISTRACIÓN INDIRECTA - POR CONTRATA,NO,6550,2026,0.0,0.0,ALCANTARILLADO  INSTALACIÓN DE REDES COLECTORAS MEDIANTE TUBERÍAS DE PVC ISO 4435 DN 160 MM POR UN TOTAL DE 52901 M PVC ISO 4435 DN 200 MM POR UN TOTAL DE 1914661 M Y TUBERÍAS DE PVC ISO 4435 DN 250 MM POR UN TOTAL DE 59276 M ADEMÁS SE CONTEMPLA LA CONSTRUCCIÓN DE 276 BUZONES Y 38 BUZONETAS  INSTALACIÓN DE EMISOR MEDIANTE TUBERÍAS DE PVC ISO 4435 DN 250 MM POR UN TOTAL DE 121314 M ADEMÁS LA CONSTRUCCIÓN DE 15 BUZONES    INSTALACIÓN DE 1556 CONEXIONES DE ALCANTARILLADO Y 15 CONEXIONES ADICIONALES DE OTROS USUARIOS MITIGACIÓN AMBIENTAL EDUCACIÓN SANITARIA Y CAPACITACIÓN TÉCNICA ADMINISTRATIVA    PTAR  CONSTRUCCIÓN DE PLANTA DE TRATAMIENTO DE AGUAS RESIDUALES MEDIANTE CÁMARA DE REJAS 02 LAGUNAS FACULTATIVAS PRIMARIAS DE 160 M DE PROFUNDIDAD Y DE 124 HA CADA UNA 02 LAGUNAS FACULTATIVAS SECUNDARIAS DE 20 M DE PROFUNDIDAD Y 006 HA CADA UNA INSTALACION DE EMISOR DE DESCARGA AL CUERPO RECEPTOR MEDIANTE TUBERIAS DE PVC ISO 4435 DN 250 MM POR UN TOTAL DE 33000 M ADEMÁS DE CONSTRUCCION DE 4 BUZONES,OPENSTREETMAP_NOMINATIM,APROXIMADA_DISTRITO,https://nominatim.openstreetmap.org,Coordenada referencial del distrito SANTA LUCIA. No representa la ubicación exacta de la infraestructura.,COMPLETADO_APROXIMADO
2189483,OFICIAL_SANEAMIENTO,Clasificado oficialmente por el MEF en la función SANEAMIENTO,251462,"MEJORAMIENTO Y AMPLIACION DEL SERVICIO DE AGUA POTABLE Y DISPOSICION SANITARIA DE EXCRETAS EN LA COMUNIDAD CAMPESINA QUILCA, DISTRITO DE ZEPITA - CHUCUITO - PUNO",PIP MAYOR (SNIP),GR,GOBIERNOS REGIONALES,GOBIERNO REGIONAL PUNO,OPMI DEL GOBIERNO REGIONAL PUNO,UF DE LA GOBIERNO REGIONAL PUNO,UEI DEL PROGRAMA NACIONAL DE SANEAMIENTO RURAL,1443,PROGRAMA NACIONAL DE SANEAMIENTO RURAL,SANEAMIENTO,SANEAMIENTO,SANEAMIENTO RURAL,,ACTIVO,VIABLE,2013-02-21 00:00:00,2013-07-15 00:00:00,SNIP,4251586.0,2943567.04,0.0,0.0,0.0,20001.43,NO,,,,,201403,201907,2923565.61,0.0,,0,,,SI,3496554.6,SI,Ejecución física (C),SI,NO,,0.0,,2014-12-16 00:00:00,2023-10-17 00:00:00,2014-12-16 00:00:00,2023-10-17 00:00:00,NO,NO,,,PUNO,CHUCUITO,ZEPITA,210407,-16.4970626,-69.1901129,REHABILITACIÓN DE 02 MANANTIALES DE LADERA  EXISTENTE   INSTALACIÓN DE LÍNEA DE CONDUCCIÓN DE 2080 M DE PVC  SP  112   C10 CON 02 CÁMARAS ROMPE PRESIÓN  CONSTRUCCIÓN  01 RESERVORIO DE TIPO APOYADO DE CONCRETO ARMADO DE VOLÚMENES DE 7500 M3  HIPOCLORADOR DE FLUJO DIFUSOR  INSTALACIÓN DE REDES DE DISTRIBUCIÓN  TUBERÍA DE Ø 50 MM PVC PN 10 LONGITUD 33193 M  TUBERÍA DE Ø 40 MM PVC PN 10 LONGITUD 49728 M  TUBERÍA DE Ø 25 MM PVC PN 10 LONGITUD 353622 M  TUBERÍA DE Ø 20 MM PVC PN 10 LONGITUD 691874 M    INSTALACIÓN DE 163 CONEXIONES DOMICILIARIAS DE AGUA POTABLE  INSTALACIÓN DE 165 UNIDADES BÁSICAS DE SANEAMIENTO SIN ARRASTRE HIDRÁULICO LETRINA COMPOSTERA DE DOBLE CÁMARA DUCHA LAVATORIO Y URINARIO  IMPLANTACIÓN DE UN PROGRAMA DE MEJORA DE LAS CAPACIDADES DE GESTIÓN ADMINISTRACIÓN OPERACIÓN Y MANTENIMIENTO DE LOS SISTEMAS  IMPLANTACIÓN DE UN PROGRAMA DE  FORTALECIMIENTO DE CAPACIDADES PARA LA POBLACIÓN,ADMINISTRACIÓN INDIRECTA - POR CONTRATA,NO,582,2026,0.0,0.0,REHABILITACIÓN DE 02 MANANTIALES DE LADERA  EXISTENTE   INSTALACIÓN DE LÍNEA DE CONDUCCIÓN DE 2080 M DE PVC  SP  112   C10 CON 02 CÁMARAS ROMPE PRESIÓN  CONSTRUCCIÓN  01 RESERVORIO DE TIPO APOYADO DE CONCRETO ARMADO DE VOLÚMENES DE 7500 M3  HIPOCLORADOR DE FLUJO DIFUSOR  INSTALACIÓN DE REDES DE DISTRIBUCIÓN  TUBERÍA DE Ø 50 MM PVC PN 10 LONGITUD 33193 M  TUBERÍA DE Ø 40 MM PVC PN 10 LONGITUD 49728 M  TUBERÍA DE Ø 25 MM PVC PN 10 LONGITUD 353622 M  TUBERÍA DE Ø 20 MM PVC PN 10 LONGITUD 691874 M    INSTALACIÓN DE 163 CONEXIONES DOMICILIARIAS DE AGUA POTABLE  INSTALACIÓN DE 165 UNIDADES BÁSICAS DE SANEAMIENTO SIN ARRASTRE HIDRÁULICO LETRINA COMPOSTERA DE DOBLE CÁMARA DUCHA LAVATORIO Y URINARIO  IMPLANTACIÓN DE UN PROGRAMA DE MEJORA DE LAS CAPACIDADES DE GESTIÓN ADMINISTRACIÓN OPERACIÓN Y MANTENIMIENTO DE LOS SISTEMAS  IMPLANTACIÓN DE UN PROGRAMA DE  FORTALECIMIENTO DE CAPACIDADES PARA LA POBLACIÓN,OPENSTREETMAP_NOMINATIM,APROXIMADA_DISTRITO,https://nominatim.openstreetmap.org,Coordenada referencial del distrito ZEPITA. No representa la ubicación exacta de la infraestructura.,COMPLETADO_APROXIMADO
2325159,OFICIAL_SANEAMIENTO,Clasificado oficialmente por el MEF en la función SANEAMIENTO,361862,"MEJORAMIENTO DEL SERVICIO DE AGUA POTABLE Y SANEAMIENTO RURAL EN LA COMUNIDAD DE POTOJANI CHICO, DISTRITO DE PLATERIA - PUNO - PUNO",PIP MAYOR (SNIP),GL,GOBIERNOS LOCALES,MUNICIPALIDAD DISTRITAL DE PLATERIA,OPMI DE LA MUNICIPALIDAD DISTRITAL DE PLATERIA,UF DE LA MUNICIPALIDAD DISTRITAL DE PLATERIA,UEI DE LA MUNICIPALIDAD DISTRITAL DE PLATERIA,301604,MUNICIPALIDAD DISTRITAL DE PLATERIA,SANEAMIENTO,SANEAMIENTO,SANEAMIENTO RURAL,,ACTIVO,VIABLE,2016-07-10 00:00:00,2016-08-29 00:00:00,SNIP,1736446.0,3595964.17,0.0,0.0,0.0,1923556.15,SI,2371064.0,0.0,0.0,0.0,201712,202607,1224900.02,406916.0,0.0,447508,447507.41,406916.0,SI,3969600.86,SI,Ejecución física (C),SI,SI,100.0,100.0,2025-11-19 11:21:58,2023-03-03 00:00:00,2026-11-27 00:00:00,2024-11-15 00:00:00,2025-05-09 00:00:00,NO,NO,,,PUNO,PUNO,PLATERIA,210112,-15.9479698,-69.8328681,MEJORAMIENTO DE LOS SERVICIOS DE AGUA POTABLE  CONEXIONES DOMICILIARIAS SE INSTALARA 196 CONEXIONES DOMICILIARIAS DE LA RED MATRIZ EXISTENTE DE AGUA HACIA LA VIVIENDA RURAL PILETAS SE INSTALARAN 196 PILETAS CON LAVATORIO DE CONCRETO ARMADO Y ACCESORIOS SEGÚN DISEÑO BAÑOS CON ARRASTRE HIDRÁULICO INSTALACIÓN DE 196 MÓDULOS UBS BAÑOS CON ARRASTRE HIDRÁULICO EQUIPADA CON 01 INODORO DE TANQUE BAJO 01 DUCHA TIPO REGADERA SIMPLE Y CONTARA CON UN SISTEMA DE TRATAMIENTO DE AGUAS RESIDUALES CON UN BIODIGESTOR DE 600 LTS CAPACIDAD PARA 5 PERSONAS Y ZANJA DE INFILTRACIÓN ESTRUCTURALMENTE CUENTA CON MUROS DE LADRILLO REVESTIDAS CON MORTERO DE CONCRETO CA 15 PISO DE CON CEMENTO COLOREADO COBERTURA CON CALAMINA GALVANIZADA SOBRE ESTRUCTURA DE MADERA VIGA Y CORREAS PUERTA Y VENTA METÁLICAS SEGÚN DISEÑO PLAN DE IMPLEMENTACIÓN DEL PROGRAMA DE EDUCACIÓN SANITARIA IMPLEMENTACIÓN DE TALLERES EN EDUCACIÓN SANITARIA Y CAPACITACIÓN TÉCNICA A LA JASS PLAN AMBIENTAL,ADMINISTRACIÓN INDIRECTA - POR CONTRATA,NO,980,2026,0.0,0.0,MEJORAMIENTO DE LOS SERVICIOS DE AGUA POTABLE  CONEXIONES DOMICILIARIAS SE INSTALARA 196 CONEXIONES DOMICILIARIAS DE LA RED MATRIZ EXISTENTE DE AGUA HACIA LA VIVIENDA RURAL PILETAS SE INSTALARAN 196 PILETAS CON LAVATORIO DE CONCRETO ARMADO Y ACCESORIOS SEGÚN DISEÑO BAÑOS CON ARRASTRE HIDRÁULICO INSTALACIÓN DE 196 MÓDULOS UBS BAÑOS CON ARRASTRE HIDRÁULICO EQUIPADA CON 01 INODORO DE TANQUE BAJO 01 DUCHA TIPO REGADERA SIMPLE Y CONTARA CON UN SISTEMA DE TRATAMIENTO DE AGUAS RESIDUALES CON UN BIODIGESTOR DE 600 LTS CAPACIDAD PARA 5 PERSONAS Y ZANJA DE INFILTRACIÓN ESTRUCTURALMENTE CUENTA CON MUROS DE LADRILLO REVESTIDAS CON MORTERO DE CONCRETO CA 15 PISO DE CON CEMENTO COLOREADO COBERTURA CON CALAMINA GALVANIZADA SOBRE ESTRUCTURA DE MADERA VIGA Y CORREAS PUERTA Y VENTA METÁLICAS SEGÚN DISEÑO PLAN DE IMPLEMENTACIÓN DEL PROGRAMA DE EDUCACIÓN SANITARIA IMPLEMENTACIÓN DE TALLERES EN EDUCACIÓN SANITARIA Y CAPACITACIÓN TÉCNICA A LA JASS PLAN AMBIENTAL,OPENSTREETMAP_NOMINATIM,APROXIMADA_DISTRITO,https://nominatim.openstreetmap.org,Coordenada referencial del distrito PLATERIA. No representa la ubicación exacta de la infraestructura.,COMPLETADO_APROXIMADO
2220489,OFICIAL_SANEAMIENTO,Clasificado oficialmente por el MEF en la función SANEAMIENTO,217642,"INSTALACION DE SISTEMA DE SANEAMIENTO BASICO INTEGRAL EN LA COMUNIDAD SAN CARLOS MARCAKOLLU DEL DISTRITO DE ILAVE, PROVINCIA DE EL COLLAO - PUNO",PIP MENOR (SNIP),GL,GOBIERNOS LOCALES,MUNICIPALIDAD PROVINCIAL DE EL COLLAO,OPMI DE LA MUNICIPALIDAD PROVINCIAL DE EL COLLAO,UF DE LA MUNICIPALIDAD PROVINCIAL DE EL COLLAO,UEI DE LA MUNICIPALIDAD PROVINCIAL DE EL COLLAO,301640,MUNICIPALIDAD PROVINCIAL EL COLLAO - ILAVE,SANEAMIENTO,SANEAMIENTO,SANEAMIENTO RURAL,,ACTIVO,VIABLE,2012-06-10 00:00:00,2012-10-01 00:00:00,SNIP,808384.05,757573.96,0.0,0.0,0.0,19138.87,NO,,,,,201309,201410,738435.09,0.0,,0,,,SI,757573.96,SI,Aprobación de consistencia o modificaciones antes de la aprobación del ET o ET (A),NO,NO,,,,,,,,NO,SI,2019-11-28 18:19:33,Pendiente de liquidación,PUNO,EL COLLAO,ILAVE,210501,-16.2344765,-69.6749664,INSTALACION DE UN SISTEMA DE AGUA POTABLE POR GRAVEDAD INSTALACIÓN DE 100 LETRINAS DE ARRASTRE HIDRAULICO CAPACITACIÓN A 100 JEFES DE HOGAR EN PROGRAMA DE EDUCACIÓN SANITARIA Y CAPACITACION A 100 JEFES DE HOGAR EN MANEJO DE RESIDUOS SOLIDOS,ADMINISTRACIÓN DIRECTA,NO,500,2026,0.0,0.0,INSTALACION DE UN SISTEMA DE AGUA POTABLE POR GRAVEDAD INSTALACIÓN DE 100 LETRINAS DE ARRASTRE HIDRAULICO CAPACITACIÓN A 100 JEFES DE HOGAR EN PROGRAMA DE EDUCACIÓN SANITARIA Y CAPACITACION A 100 JEFES DE HOGAR EN MANEJO DE RESIDUOS SOLIDOS,OPENSTREETMAP_NOMINATIM,APROXIMADA_DISTRITO,https://nominatim.openstreetmap.org,Coordenada referencial del distrito ILAVE. No representa la ubicación exacta de la infraestructura.,COMPLETADO_APROXIMADO
2202942,OFICIAL_SANEAMIENTO,Clasificado oficialmente por el MEF en la función SANEAMIENTO,298515,"INSTALACION DEL SERVICIO DE AGUA POTABLE Y DISPOSICION SANITARIA DE EXCRETAS DEL CENTRO POBLADO DE ROSASANI , DISTRITO DE PALCA - LAMPA - PUNO",PIP MAYOR (SNIP),GN,"VIVIENDA, CONSTRUCCION Y SANEAMIENTO","MINISTERIO DE VIVIENDA, CONSTRUCCION Y SANEAMIENTO","OPMI DEL MINISTERIO DE VIVIENDA, CONSTRUCCION Y SANEAMIENTO","UF DE LA MINISTERIO DE VIVIENDA, CONSTRUCCION Y SANEAMIENTO",UEI DEL PROGRAMA NACIONAL DE SANEAMIENTO RURAL,1443,PROGRAMA NACIONAL DE SANEAMIENTO RURAL,SANEAMIENTO,SANEAMIENTO,SANEAMIENTO RURAL,,ACTIVO,VIABLE,2014-07-02 00:00:00,2014-10-01 00:00:00,SNIP,5285797.0,2438065.71,0.0,5937.03,0.0,2375897.27,NO,,,,,201504,202312,62168.44,0.0,,0,,,SI,2438065.71,SI,Aprobación de consistencia o modificaciones antes de la aprobación del ET o ET (A),SI,NO,,0.0,,,,,,NO,NO,,,PUNO,LAMPA,PALCA,210706,-15.2363854,-70.5974936,Componente 1INFRAESTRUCTURA DE AGUA POTABLE  Se propone para el proyecto la construcción de un sistema de abastecimiento de agua potable por gravedad cuya fuente será de dos manantiales tipo ladera desde donde se conducirá a un reservorio proyectado de 9 m3 el cual contara con los siguientes componentes    Acción 11Obras Provisionales trabajos preliminares seguridad y salud Construcción de dos captaciones tipo ladera Unoujamai y Chulla Sachayoc    Acción 12Instalación de línea de Conducción    Acción 13Construcción de un reservorio apoyado de 9m3     Acción 14Instalación de línea de aducción y red de distribución de agua    Acción 15Conexión domiciliaria de agua y lavaderos      Componente 2INFRAESTRUCTURA DE SANEAMIENTO  Se propone la construcción de unidades básicas de saneamiento UBS tipo compostera más zanjas de percolación Se contará con los siguientes componentes    Acción 21Instalación de 95 UBS tipo compostera más zanjas de percolación 93 para viviendas y 2 para Organizaciones Sociales      Componente 3MEJORA DE LA EDUCACIÓN SANITARIA    Acción 31Programa de educación sanitaria del agua potable  Acción 32Programa de educación sanitaria en disposición de excretas y aguas servidas  Acción 33Capacitación a los beneficiarios del proyecto en operación y mantenimiento de las unidades básicas de saneamiento       Componente 4CAPACIDAD TÉCNICA Y ADMINISTRATIVA DE LA JASS     Implementación del programa de fortalecimiento de capacidades en gestión operativa y mantenimiento del sistema de agua y saneamiento    Acción 41Capacitación a los miembros de JASS  Acción 42Capacitación del personal para la operación y mantenimiento de los sistemas,ADMINISTRACIÓN INDIRECTA - POR CONTRATA,NO,328,2026,0.0,0.0,Componente 1INFRAESTRUCTURA DE AGUA POTABLE  Se propone para el proyecto la construcción de un sistema de abastecimiento de agua potable por gravedad cuya fuente será de dos manantiales tipo ladera desde donde se conducirá a un reservorio proyectado de 9 m3 el cual contara con los siguientes componentes    Acción 11Obras Provisionales trabajos preliminares seguridad y salud Construcción de dos captaciones tipo ladera Unoujamai y Chulla Sachayoc    Acción 12Instalación de línea de Conducción    Acción 13Construcción de un reservorio apoyado de 9m3     Acción 14Instalación de línea de aducción y red de distribución de agua    Acción 15Conexión domiciliaria de agua y lavaderos      Componente 2INFRAESTRUCTURA DE SANEAMIENTO  Se propone la construcción de unidades básicas de saneamiento UBS tipo compostera más zanjas de percolación Se contará con los siguientes componentes    Acción 21Instalación de 95 UBS tipo compostera más zanjas de percolación 93 para viviendas y 2 para Organizaciones Sociales      Componente 3MEJORA DE LA EDUCACIÓN SANITARIA    Acción 31Programa de educación sanitaria del agua potable  Acción 32Programa de educación sanitaria en disposición de excretas y aguas servidas  Acción 33Capacitación a los beneficiarios del proyecto en operación y mantenimiento de las unidades básicas de saneamiento       Componente 4CAPACIDAD TÉCNICA Y ADMINISTRATIVA DE LA JASS     Implementación del programa de fortalecimiento de capacidades en gestión operativa y mantenimiento del sistema de agua y saneamiento    Acción 41Capacitación a los miembros de JASS  Acción 42Capacitación del personal para la operación y mantenimiento de los sistemas,OPENSTREETMAP_NOMINATIM,APROXIMADA_DISTRITO,https://nominatim.openstreetmap.org,Coordenada referencial del distrito PALCA. No representa la ubicación exacta de la infraestructura.,COMPLETADO_APROXIMADO
2307401,OFICIAL_SANEAMIENTO,Clasificado oficialmente por el MEF en la función SANEAMIENTO,346054,"MEJORAMIENTO DEL SISTEMA DE AGUA POTABLE Y SANEAMIENTO INTEGRAL EN EL SECTOR CENTRAL DE LA COMUNIDAD CAMPESINA DE JATUN SAYNA, DISTRITO DE MACARI - MELGAR - PUNO",PIP MENOR (SNIP),GL,GOBIERNOS LOCALES,MUNICIPALIDAD DISTRITAL DE MACARI,OPMI DE LA MUNICIPALIDAD DISTRITAL DE MACARI,UF DE LA MUNICIPALIDAD DISTRITAL DE MACARI,UEI DE LA MUNICIPALIDAD DISTRITAL DE MACARI,301667,MUNICIPALIDAD DISTRITAL DE MACARI,SANEAMIENTO,SANEAMIENTO,SANEAMIENTO RURAL,,ACTIVO,VIABLE,2016-01-13 00:00:00,2016-01-13 00:00:00,SNIP,1089857.96,1865726.97,0.0,0.0,0.0,3937.97,NO,,,,,201612,202112,1861789.0,0.0,,0,,,SI,1879949.1,SI,Ejecución física (C),SI,SI,99.18,99.22,2021-12-22 15:31:39,2016-09-21 00:00:00,2026-04-01 00:00:00,2021-01-04 00:00:00,2021-07-18 00:00:00,NO,SI,2026-01-15 18:18:58,Pendiente de liquidación,PUNO,MELGAR,MACARI,210805,-14.7708759,-70.9025677,CONSTRUCCIÓN DE UN SISTEMA DE AGUA POTABLE CON LAS SIGUIENTES ACCIONES SE CONSTRUIRÁ 04 CAPTACIONES Y CÁMARA DE REUNIÓN TIPO MANANTIAL DE LADERA Y TODA LA LÍNEA DE CONDUCCIÓN CONSTARÁ DE UNA LONGITUD TOTAL DE 978 ML TAMBIÉN SE CONSTRUIRÁN 02 RESERVORIOS  DE 5 Y 12 M3 CONSTRUIRÁ UNA LÍNEA DE ADUCCIÓN EN 345ML SE PLANTEA LA CONSTRUCCIÓN DE LA RED DE DISTRIBUCIÓN 8002 ML CON 06 CÁMARAS ROMPE PRESIÓN TIPO VII 05 VÁLVULA DE CONTROL 05 VÁLVULAS DE PURGA 98 CONEXIONES DOMICILIARIAS Y 98 LAVADEROS MULTIUSOSCONSTRUCCIÓN DE UNIDADES BÁSICAS DE SANEAMIENTO CON LAS SIGUIENTES CARACTERÍSTICAS ASÍ MISMO SE CONSTRUIRÁN 98 UNIDADES BÁSICAS DE SANEAMIENTO UBS CON ARRASTRE HIDRÁULICO DE MUROS DE LADRILLO Y COBERTURA DE CALAMINA CON SU DUCHA CON UN INODORO LAVA MANOS Y LAVATORIO CON TODOS SUS ACCESORIOS PARA SU CORRECTO FUNCIONAMIENTOIMPACTO AMBIENTAL  EDUCACIÓN SANITARIA CON LAS SIGUIENTES ACCIONES SE REALIZARÁ 02 TALLERES DE EDUCACIÓN SANITARIA Y DE IMPACTO AMBIENTAL,ADMINISTRACIÓN INDIRECTA - POR CONTRATA,NO,537,2026,0.0,0.0,CONSTRUCCIÓN DE UN SISTEMA DE AGUA POTABLE CON LAS SIGUIENTES ACCIONES SE CONSTRUIRÁ 04 CAPTACIONES Y CÁMARA DE REUNIÓN TIPO MANANTIAL DE LADERA Y TODA LA LÍNEA DE CONDUCCIÓN CONSTARÁ DE UNA LONGITUD TOTAL DE 978 ML TAMBIÉN SE CONSTRUIRÁN 02 RESERVORIOS  DE 5 Y 12 M3 CONSTRUIRÁ UNA LÍNEA DE ADUCCIÓN EN 345ML SE PLANTEA LA CONSTRUCCIÓN DE LA RED DE DISTRIBUCIÓN 8002 ML CON 06 CÁMARAS ROMPE PRESIÓN TIPO VII 05 VÁLVULA DE CONTROL 05 VÁLVULAS DE PURGA 98 CONEXIONES DOMICILIARIAS Y 98 LAVADEROS MULTIUSOSCONSTRUCCIÓN DE UNIDADES BÁSICAS DE SANEAMIENTO CON LAS SIGUIENTES CARACTERÍSTICAS ASÍ MISMO SE CONSTRUIRÁN 98 UNIDADES BÁSICAS DE SANEAMIENTO UBS CON ARRASTRE HIDRÁULICO DE MUROS DE LADRILLO Y COBERTURA DE CALAMINA CON SU DUCHA CON UN INODORO LAVA MANOS Y LAVATORIO CON TODOS SUS ACCESORIOS PARA SU CORRECTO FUNCIONAMIENTOIMPACTO AMBIENTAL  EDUCACIÓN SANITARIA CON LAS SIGUIENTES ACCIONES SE REALIZARÁ 02 TALLERES DE EDUCACIÓN SANITARIA Y DE IMPACTO AMBIENTAL,OPENSTREETMAP_NOMINATIM,APROXIMADA_DISTRITO,https://nominatim.openstreetmap.org,Coordenada referencial del distrito MACARI. No representa la ubicación exacta de la infraestructura.,COMPLETADO_APROXIMADO
2303556,OFICIAL_SANEAMIENTO,Clasificado oficialmente por el MEF en la función SANEAMIENTO,342534,"INSTALACION Y MEJORAMIENTO DEL SISTEMA DE AGUA POTABLE Y UNIDADES BÁSICAS DE SANEAMIENTO RURAL EN PAUCARCOLLA, DISTRITO DE PAUCARCOLLA - PUNO - PUNO",PIP MAYOR (SNIP),GL,GOBIERNOS LOCALES,MUNICIPALIDAD DISTRITAL DE PAUCARCOLLA,OPMI DE LA MUNICIPALIDAD DISTRITAL DE PAUCARCOLLA,UF DE LA MUNICIPALIDAD DISTRITAL DE PAUCARCOLLA,UEI DE LA MUNICIPALIDAD DISTRITAL DE PAUCARCOLLA,301602,MUNICIPALIDAD DISTRITAL DE PAUCARCOLLA,SANEAMIENTO,SANEAMIENTO,SANEAMIENTO RURAL,,ACTIVO,VIABLE,2015-12-05 00:00:00,2015-12-14 00:00:00,SNIP,19323478.0,20434681.47,0.0,0.0,0.0,19352394.07,SI,600000.0,9700000.0,9652394.0,0.0,201603,202012,482287.4,0.0,0.0,600000,600000.0,0.0,SI,19937014.96,SI,Ejecución física (C),SI,SI,7.58,7.17,2022-04-26 15:43:56,2022-07-01 00:00:00,2023-12-31 00:00:00,2024-02-15 00:00:00,2024-04-17 00:00:00,NO,NO,,,PUNO,PUNO,PAUCARCOLLA,210110,-15.725087,-70.0737002,EL SERVICIO DE AGUA POTABLE CONSISTE EN LA INSTALACIÓN DE SUB SISTEMAS DE AGUA POTABLE OBRAS DE CAPTACIÓN CONDUCCIÓN RESERVORIO REDES DE DISTRIBUCIÓN Y CONEXIONES DOMICILIARIAS EN LAS COMUNIDADES CAMPESINAS Y SECTORES DEL DISTRITO DE PAUCARCOLLA COMPRENDIDAS EN 06 SUB SISTEMAS DEL SERVICIO DE AGUA POTABLE DE MANANTIALES Y POR GRAVEDAD SUB SISTEMA DE AGUA POTABLE COLLANA 481 CONEXIONES DOMICILIARIAS SUB SISTEMA DE AGUA POTABLE SAN MIGUEL DE ANTONIANI Y SAN SALVADOR DE MACHALLATA 45 CONEXIONES DOMICILIARIAS SUB SISTEMA DE AGUA POTABLE CHINGARANI 61 CONEXIONES DOMICILIARIAS SUB SISTEMA DE AGUA POTABLE CUEVA 38 CONEXIONES DOMICILIARIAS SUB SISTEMA DE AGUA POTABLE ESPARANI 32 CONEXIONES DOMICILIARIAS SUB SISTEMA DE AGUA POTABLE SAN JOSÉ DE COLLANA 138 CONEXIONES DOMICILIARIAS Y 01 SUB SISTEMA DE AGUA POTABLE YANICO CON 1088 CONEXIONES DOMICILIARIAS SUB SISTEMA QUE SERÁ CAPTADO DE LA LAGUNA UMAYO MEDIANTE BOMBEO EL SERVICIO DE DESAGUE CONSISTE EN LA INSTALACIÓN DE BAÑOS CON ARRASTRE HIDRÁULICO CON EL USO DE BIODIGESTOR EN LOS 07 SUBSITEMAS SEGÚN LA RESOLUCIÓN MINISTERIAL N 2012012  VIVIENDA CONSISTE EN LA INSTALACIÓN INTRADOMICILIARIA COMPUESTO POR LAVADERO DE USOS MÚLTIPLES Y ACCESORIOS BAÑO QUE INCLUYE LAVATORIO DUCHA INODORO Y URINARIO PARA LA DISPOSICIÓN FINAL DE EXCRETAS QUE PERMITIRÁ EL CONFINAMIENTO DE LAS HECES PARA SU POSTERIOR DISPOSICIÓN AL MEDIO AMBIENTE QUE SERÁ A TRAVÉS DE UN TANQUE BIODIGESTOR EL TANQUE BIODIGESTOR CLARIFICADOR FOSAPLAS ES UN SISTEMA QUE SE CONECTA A LOS DESAGÜES DE LA VIVIENDA Y RECIBE DIRECTAMENTE LOS DESECHOS GENERADOS LOS CUALES SON SOMETIDOS A UN PROCESO DE DESCOMPOSICIÓN NATURAL SEPARANDO Y FILTRANDO EL LÍQUIDO A TRAVÉS DE UN FILTRO BIOLÓGICO ANAERÓBICA QUE ATRAPA LA MATERIA ORGÁNICA Y DEJA PASAR ÚNICAMENTE EL AGUA TRATADA LA CUAL SALE DEL BIODIGESTOR TRAS SUFRIR UN SEGUNDO PROCESO DE LIMPIEZA CON PIEDRAS CHANCADAS O ANGULOSAS METAS DE SANEAMIENTO SUB SISTEMA COLLANA 358 SUB SISTEMA YANICO 928 SUB SISTEMA BELEN TOTORANI 82 SUB SISTEMA SAN MIGUEL ANTONIANI Y SAN SALVADOR MACHALLANTA 45 SUB SISTEMA ESPARANI 32 SUB SISTEMA CUEVA 38 SUB SISTEMA CHINGARANI 61 Y SUB SISTEMA SAN JOSE DE PATALLANI 74 UNIDADES BÁSICAS DE SANEAMIENTO SE DESARROLLARAN EVENTOS DE CAPACITACIÓN EN EDUCACIÓN SANITARIA Y ADMINISTRACIÓN DE LA JASS PARA EL 100 DE LAS VIVIENDAS CONFORME AL LEVANTAMIENTO TOTPOGRAFICO,ADMINISTRACIÓN INDIRECTA - POR CONTRATA,NO,6494,2026,0.0,0.0,EL SERVICIO DE AGUA POTABLE CONSISTE EN LA INSTALACIÓN DE SUB SISTEMAS DE AGUA POTABLE OBRAS DE CAPTACIÓN CONDUCCIÓN RESERVORIO REDES DE DISTRIBUCIÓN Y CONEXIONES DOMICILIARIAS EN LAS COMUNIDADES CAMPESINAS Y SECTORES DEL DISTRITO DE PAUCARCOLLA COMPRENDIDAS EN 06 SUB SISTEMAS DEL SERVICIO DE AGUA POTABLE DE MANANTIALES Y POR GRAVEDAD SUB SISTEMA DE AGUA POTABLE COLLANA 481 CONEXIONES DOMICILIARIAS SUB SISTEMA DE AGUA POTABLE SAN MIGUEL DE ANTONIANI Y SAN SALVADOR DE MACHALLATA 45 CONEXIONES DOMICILIARIAS SUB SISTEMA DE AGUA POTABLE CHINGARANI 61 CONEXIONES DOMICILIARIAS SUB SISTEMA DE AGUA POTABLE CUEVA 38 CONEXIONES DOMICILIARIAS SUB SISTEMA DE AGUA POTABLE ESPARANI 32 CONEXIONES DOMICILIARIAS SUB SISTEMA DE AGUA POTABLE SAN JOSÉ DE COLLANA 138 CONEXIONES DOMICILIARIAS Y 01 SUB SISTEMA DE AGUA POTABLE YANICO CON 1088 CONEXIONES DOMICILIARIAS SUB SISTEMA QUE SERÁ CAPTADO DE LA LAGUNA UMAYO MEDIANTE BOMBEO EL SERVICIO DE DESAGUE CONSISTE EN LA INSTALACIÓN DE BAÑOS CON ARRASTRE HIDRÁULICO CON EL USO DE BIODIGESTOR EN LOS 07 SUBSITEMAS SEGÚN LA RESOLUCIÓN MINISTERIAL N 2012012  VIVIENDA CONSISTE EN LA INSTALACIÓN INTRADOMICILIARIA COMPUESTO POR LAVADERO DE USOS MÚLTIPLES Y ACCESORIOS BAÑO QUE INCLUYE LAVATORIO DUCHA INODORO Y URINARIO PARA LA DISPOSICIÓN FINAL DE EXCRETAS QUE PERMITIRÁ EL CONFINAMIENTO DE LAS HECES PARA SU POSTERIOR DISPOSICIÓN AL MEDIO AMBIENTE QUE SERÁ A TRAVÉS DE UN TANQUE BIODIGESTOR EL TANQUE BIODIGESTOR CLARIFICADOR FOSAPLAS ES UN SISTEMA QUE SE CONECTA A LOS DESAGÜES DE LA VIVIENDA Y RECIBE DIRECTAMENTE LOS DESECHOS GENERADOS LOS CUALES SON SOMETIDOS A UN PROCESO DE DESCOMPOSICIÓN NATURAL SEPARANDO Y FILTRANDO EL LÍQUIDO A TRAVÉS DE UN FILTRO BIOLÓGICO ANAERÓBICA QUE ATRAPA LA MATERIA ORGÁNICA Y DEJA PASAR ÚNICAMENTE EL AGUA TRATADA LA CUAL SALE DEL BIODIGESTOR TRAS SUFRIR UN SEGUNDO PROCESO DE LIMPIEZA CON PIEDRAS CHANCADAS O ANGULOSAS METAS DE SANEAMIENTO SUB SISTEMA COLLANA 358 SUB SISTEMA YANICO 928 SUB SISTEMA BELEN TOTORANI 82 SUB SISTEMA SAN MIGUEL ANTONIANI Y SAN SALVADOR MACHALLANTA 45 SUB SISTEMA ESPARANI 32 SUB SISTEMA CUEVA 38 SUB SISTEMA CHINGARANI 61 Y SUB SISTEMA SAN JOSE DE PATALLANI 74 UNIDADES BÁSICAS DE SANEAMIENTO SE DESARROLLARAN EVENTOS DE CAPACITACIÓN EN EDUCACIÓN SANITARIA Y ADMINISTRACIÓN DE LA JASS PARA EL 100 DE LAS VIVIENDAS CONFORME AL LEVANTAMIENTO TOTPOGRAFICO,OPENSTREETMAP_NOMINATIM,APROXIMADA_DISTRITO,https://nominatim.openstreetmap.org,Coordenada referencial del distrito PAUCARCOLLA. No representa la ubicación exacta de la infraestructura.,COMPLETADO_APROXIMADO
2168916,OFICIAL_SANEAMIENTO,Clasificado oficialmente por el MEF en la función SANEAMIENTO,170611,"CONSTRUCCIÓN DEL SISTEMA DE AGUA POTABLE Y SANEAMIENTO BÁSICO DE LA LOCALIDAD URINSAYA HILATA, DISTRITO INCHUPALLA, PROVINCIA HUANCANÉ, DEPARTAMENTO DE PUNO",PIP MAYOR (SNIP),GN,"VIVIENDA, CONSTRUCCION Y SANEAMIENTO","MINISTERIO DE VIVIENDA, CONSTRUCCION Y SANEAMIENTO","OPMI DEL MINISTERIO DE VIVIENDA, CONSTRUCCION Y SANEAMIENTO","UF DE LA MINISTERIO DE VIVIENDA, CONSTRUCCION Y SANEAMIENTO",UEI DEL PROGRAMA NACIONAL DE SANEAMIENTO RURAL,1443,PROGRAMA NACIONAL DE SANEAMIENTO RURAL,SANEAMIENTO,SANEAMIENTO,SANEAMIENTO RURAL,,ACTIVO,VIABLE,2010-12-10 00:00:00,2010-12-13 00:00:00,SNIP,1046509.0,2388138.0,0.0,0.0,0.0,2388138.0,NO,,,,,,,0.0,0.0,,0,,,SI,1184269.5,SI,Aprobación de consistencia o modificaciones antes de la aprobación del ET o ET (A),SI,NO,,0.0,,,,,,NO,NO,,,PUNO,HUANCANE,INCHUPALLA,210604,-15.0094132,-69.6825135,SISTEMA DE AGUA POTABLESistema de Abastecimiento N1 Construir una nueva captación ubicada en el Cerro Saltopatani para un caudal de 200 lps Instalación de tapas sanitarias en la cámara humead y caseta de válvulas y contara con un cerco perimétrico a la estructura Construir  01 pase aéreo en la línea de conducción En la Línea de conducción se proyecta trazar un nuevo recorrido que conducirá el caudal de la captación Cerro Saltopatani hasta el reservorio a rehabilitar de 20m3 será una tubería de 2  PVC SAP Clase 75  con L371087m Rehabilitación del reservorio de forma rectangular cuyo volumen es de 200m3 al igual que la caseta de válvulas este reservorio será exclusivamente para el sector 1 En el reservorio contara con un sistema de hipoclorador y cerco perimétrico para evitar posibles fuentes de contaminación del agua  Línea de Aducción y Redes de distribución se instalara  13075m de tubería PVC en toda la línea de aducción y de 869006 ml PVC en al red de distribución Construir 14 válvulas de control en toda la red de distribución Construcción de 01 válvulas de aire en la línea de conducción Instalación de 04 válvulas de purga tipo II 02 und de ø 01 und de ø 1 y 01 und de ø 1 en toda la red de distribución y 02 válvulas de purga tipo I ø 2 en la línea de conducción esto con fines de poder operar y mantener el sistema de manera óptimaConexiones domiciliariasInstalación de 100 conexiones y 102 lavaderos domiciliarios la caja será de concreto armado con llaves y cajas de paso de PVC  Sistema de Abastecimiento  Construir  una captación en reemplazo de la existente que está en pésimo estado Patapatani 02 Se instalaran tapas sanitarias en la cámara húmeda y caseta de válvulas y contara con cerco perimétrico a la estructura Línea de conducción se proyecta para el sistema Quimori una línea de conducción de L92874 m tubería de 1 PVC SAP Clase 75 Construcción de un reservorio de 3m3 para el sector 2 que abastecerá a de dieciséis viviendas que se ubican en una zona apartada de la población  Instalación  de 18063m de tubería PVC en toda la línea de aducción  y 229537 ml PVC  en la red de distribución Construir 01 válvula de control  de ø 34 en toda la red de distribución  Construcción de 01 válvula de aire en la línea de conducción  Instalación de una válvula  de purga Tipo II  en toda la red de distribución y 01 válvulas de purga I en la línea de conducción  Instalación 16 conexiones domiciliarias y sus respectivos alavaderos CONSTRUCCION UBSConstrucción de 118 UBS  compostera de doble cámara de los cuales 113 para viviendas 04 para instituciones educativas y 01 para el local comunalASPECTO SOCIALPrograma de Educación Sanitaria a las familias Plan de Capacitación sobre Operación y Mantenimiento del Sistema a la JASS y Fortalecimiento de Capacidades al Gobierno Local,,NO,411,2026,0.0,0.0,SISTEMA DE AGUA POTABLESistema de Abastecimiento N1 Construir una nueva captación ubicada en el Cerro Saltopatani para un caudal de 200 lps Instalación de tapas sanitarias en la cámara humead y caseta de válvulas y contara con un cerco perimétrico a la estructura Construir  01 pase aéreo en la línea de conducción En la Línea de conducción se proyecta trazar un nuevo recorrido que conducirá el caudal de la captación Cerro Saltopatani hasta el reservorio a rehabilitar de 20m3 será una tubería de 2  PVC SAP Clase 75  con L371087m Rehabilitación del reservorio de forma rectangular cuyo volumen es de 200m3 al igual que la caseta de válvulas este reservorio será exclusivamente para el sector 1 En el reservorio contara con un sistema de hipoclorador y cerco perimétrico para evitar posibles fuentes de contaminación del agua  Línea de Aducción y Redes de distribución se instalara  13075m de tubería PVC en toda la línea de aducción y de 869006 ml PVC en al red de distribución Construir 14 válvulas de control en toda la red de distribución Construcción de 01 válvulas de aire en la línea de conducción Instalación de 04 válvulas de purga tipo II 02 und de ø 01 und de ø 1 y 01 und de ø 1 en toda la red de distribución y 02 válvulas de purga tipo I ø 2 en la línea de conducción esto con fines de poder operar y mantener el sistema de manera óptimaConexiones domiciliariasInstalación de 100 conexiones y 102 lavaderos domiciliarios la caja será de concreto armado con llaves y cajas de paso de PVC  Sistema de Abastecimiento  Construir  una captación en reemplazo de la existente que está en pésimo estado Patapatani 02 Se instalaran tapas sanitarias en la cámara húmeda y caseta de válvulas y contara con cerco perimétrico a la estructura Línea de conducción se proyecta para el sistema Quimori una línea de conducción de L92874 m tubería de 1 PVC SAP Clase 75 Construcción de un reservorio de 3m3 para el sector 2 que abastecerá a de dieciséis viviendas que se ubican en una zona apartada de la población  Instalación  de 18063m de tubería PVC en toda la línea de aducción  y 229537 ml PVC  en la red de distribución Construir 01 válvula de control  de ø 34 en toda la red de distribución  Construcción de 01 válvula de aire en la línea de conducción  Instalación de una válvula  de purga Tipo II  en toda la red de distribución y 01 válvulas de purga I en la línea de conducción  Instalación 16 conexiones domiciliarias y sus respectivos alavaderos CONSTRUCCION UBSConstrucción de 118 UBS  compostera de doble cámara de los cuales 113 para viviendas 04 para instituciones educativas y 01 para el local comunalASPECTO SOCIALPrograma de Educación Sanitaria a las familias Plan de Capacitación sobre Operación y Mantenimiento del Sistema a la JASS y Fortalecimiento de Capacidades al Gobierno Local,OPENSTREETMAP_NOMINATIM,APROXIMADA_DISTRITO,https://nominatim.openstreetmap.org,Coordenada referencial del distrito INCHUPALLA. No representa la ubicación exacta de la infraestructura.,COMPLETADO_APROXIMADO
2364961,COMPLEMENTARIO_VALIDADO,Inversión de otra función cuya finalidad directa corresponde al servicio de agua y saneamiento,157629,"MEJORAMIENTO DEL SERVICIO INSTITUCIONAL DE LA EMPRESA MUNICIPAL DE SANEAMIENTO BASICO DE PUNO  - EMSAPUNO S.A., DISTRITO DE PUNO, PROVINCIA Y DEPARTAMENTO DE PUNO",PIP MAYOR (SNIP),GN,"VIVIENDA, CONSTRUCCION Y SANEAMIENTO","MINISTERIO DE VIVIENDA, CONSTRUCCION Y SANEAMIENTO",OPMI DE LA MUNICIPALIDAD PROVINCIAL DE PUNO,UF DE LA MUNICIPALIDAD PROVINCIAL DE PUNO,UEI DE LA MUNICIPALIDAD PROVINCIAL DE PUNO,500139,EMPRESA MUNICIPAL DE SANEAMIENTO BASICO DE PUNO S.A.,"PLANEAMIENTO, GESTIÓN Y RESERVA DE CONTINGENCIA",GESTIÓN,INFRAESTRUCTURA Y EQUIPAMIENTO,,ACTIVO,VIABLE,2010-07-01 00:00:00,2015-04-14 00:00:00,SNIP,5057592.0,7803379.89,0.0,0.0,0.0,815580.83,NO,,,,,201709,202405,6987799.06,0.0,,0,,,SI,7311268.01,SI,Ejecución física (C),SI,SI,89.74,90.19,2026-02-26 19:44:30,2017-08-03 00:00:00,2027-12-31 00:00:00,2021-01-20 00:00:00,2023-12-01 00:00:00,NO,NO,,,PUNO,PUNO,PUNO,210101,-15.8407499,-70.0284053,CONSTRUCCION E IMPLEMENTACIÓN DE INFRAESTRUCTURA PARA ATENCIÓN AL CLIENTE Y SERVICIOS ADMINISTRATIVOS CON EQUIPOS INFORMÁTICOS Y MOBILIARIO PARA EL MEJORAMIENTO DEL SERVICIO DE ATENCION AL CLIENTE EN LA SEDE ADMINISTRATIVA CENTRAL DE LA EMPRESA MUNICIPAL DE SANEAMIENTO BASICO DE PUNO DISTRITO DE PUNO DFEPARTAMENTO DE PUNO  Consistirá en la construcción de una nueva infraestructura administrativa de atención al cliente teniendo en cuenta 78 ambientes de las cuales 33 son oficinas 12 servicios generales  almacenes archivos estacionamientos depósitos  11 servicios complementarios cafetería auditórium y salas de reuniones 16 unidades de SSHH 10 Halls y salas de estar considerando además la implementación que consiste en mobiliario y equipamiento de unidades informáticas complementando con la capacitación al personal de tal forma que se mejoren sus capacidades dándoles herramientas con las que puedan cumplir mejor su trabajo y por ende mejorar el servicio a la población usuaria,ADMINISTRACIÓN DIRECTA,NO,119208,2026,0.0,0.0,CONSTRUCCION E IMPLEMENTACIÓN DE INFRAESTRUCTURA PARA ATENCIÓN AL CLIENTE Y SERVICIOS ADMINISTRATIVOS CON EQUIPOS INFORMÁTICOS Y MOBILIARIO PARA EL MEJORAMIENTO DEL SERVICIO DE ATENCION AL CLIENTE EN LA SEDE ADMINISTRATIVA CENTRAL DE LA EMPRESA MUNICIPAL DE SANEAMIENTO BASICO DE PUNO DISTRITO DE PUNO DFEPARTAMENTO DE PUNO  Consistirá en la construcción de una nueva infraestructura administrativa de atención al cliente teniendo en cuenta 78 ambientes de las cuales 33 son oficinas 12 servicios generales  almacenes archivos estacionamientos depósitos  11 servicios complementarios cafetería auditórium y salas de reuniones 16 unidades de SSHH 10 Halls y salas de estar considerando además la implementación que consiste en mobiliario y equipamiento de unidades informáticas complementando con la capacitación al personal de tal forma que se mejoren sus capacidades dándoles herramientas con las que puedan cumplir mejor su trabajo y por ende mejorar el servicio a la población usuaria,OPENSTREETMAP_NOMINATIM,APROXIMADA_DISTRITO,https://nominatim.openstreetmap.org,Coordenada referencial del distrito PUNO. No representa la ubicación exacta de la infraestructura.,COMPLETADO_APROXIMADO
2187530,OFICIAL_SANEAMIENTO,Clasificado oficialmente por el MEF en la función SANEAMIENTO,257107,"MEJORAMIENTO Y AMPLIACION DE LOS  SERVICIOS DE AGUA POTABLE Y DISPOSICIÓN SANITARIA DE EXCRETAS DE LA COMUNIDAD CAMPESINA  DE ACCOCOLLO, DISTRITO DE HUANCANÉ, PROVINCIA DE HUANCANÉ, DEPARTAMENTO DE PUNO",PIP MAYOR (SNIP),GR,GOBIERNOS REGIONALES,GOBIERNO REGIONAL PUNO,OPMI DEL GOBIERNO REGIONAL PUNO,UF DE LA GOBIERNO REGIONAL PUNO,UEI DEL PROGRAMA NACIONAL DE SANEAMIENTO RURAL,1443,PROGRAMA NACIONAL DE SANEAMIENTO RURAL,SANEAMIENTO,SANEAMIENTO,SANEAMIENTO RURAL,,ACTIVO,VIABLE,2013-04-18 00:00:00,2013-05-28 00:00:00,SNIP,4429230.0,4207607.31,0.0,0.0,0.0,116200.04,SI,30000.0,30000.0,40000.0,35693.04,201404,202607,4061914.27,10600.0,30000.0,29493,29492.5,29492.5,SI,5238074.65,SI,Ejecución física (C),SI,SI,96.54,96.54,2026-02-10 17:26:56,2014-03-01 00:00:00,2029-01-01 00:00:00,2014-03-01 00:00:00,2029-01-01 00:00:00,NO,NO,,,PUNO,HUANCANE,HUANCANE,210601,-15.1842883,-69.8235022,SISTEMA DE AGUA POTABLE POR GRAVEDAD SIN TRATAMIENTO ABASTECIMIENTO MEDIANTE TRES 03 CAPTACIONES TIPO MANANTIALES DE LADERA TOCORCUYO 1 TOCORCUYO 2 Y KICHACAME CONSTRUCCIÓN DE TRES 03 NUEVAS ESTRUCTURAS DE CAPTACIÓN  TIPO MANANTIAL DE LADERA SIENDO EL NOMBRE DE LAS FUENTES TOCORCUYO 1 TOCORCUYO 2 Y KICHACAME PARA 200 VIVIENDAS DOMÉSTICAS 03 ESTATALES Y 04 SOCIALES INSTALACIÓN DE DOS 02 CÁMARAS DE REUNIÓN EN LA LÍNEA DE CONDUCCIÓN INSTALACIÓN DE DOS 02 CÁMARAS ROMPE PRESIÓN EN LA LÍNEA DE CONDUCCIÓN INSTALACIÓN DE LA LÍNEA DE CONDUCCIÓN PVC DE LONGITUD DE 351763 ML INSTALACIÓN DE TRES 03 VÁLVULA DE AIRE Y TRES 03 VÁLVULAS DE PURGAEN LA LÍNEA DE CONDUCCIÓN  IMPLEMENTACIÓN DEL SISTEMA DE DESINFECCIÓN EN EL RESERVORIO PROYECTADO CONSTRUCCIÓN DE UN RESERVORIO APOYADO DE 35 M3 CON CAPACIDAD PARA ABASTECER DE AGUA A TODA LA LOCALIDAD PARA 207 VIVIENDAS INSTALACIÓN DE LA LÍNEA DE ADUCCIÓN1 Y 2 PVC DE LONGITUDES DE 36339 Y 79617 ML RESPECTIVAMENTE INSTALACIÓN DE TUBERÍAS PARA LAS REDES DE DISTRIBUCIÓN PVC 1349568 ML E INSTALACIÓN DE CONEXIONES INTRADOMICILIARIAS INCLUYE LAVADERO Y POZO DE DRENAJE PARA 207 VIVIENDAS HABITADAS INSTALACIÓN DE VEINTISIETE 27 VÁLVULAS DE CONTROL Y DIEZ 10 VÁLVULAS DE PURGAEN LAS REDES DE DISTRIBUCIÓN  INSTALACIÓN Y CONSTRUCCIÓN DE UNIDAD BÁSICA DE SANEAMIENTOS TIPO UBS CON BIODIGESTOR Y ZANJA DE INFILTRACIÓN EN UN TOTAL DE 210 UBS PROGRAMA DE FORTALECIMIENTO Y CAPACITACIÓN DE LA ATM Y JASS IMPLEMENTACIÓN DE UNA EDUCACIÓN SANITARIA EN PRÁCTICAS DE HIGIENE IMPLEMENTAR UN PROGRAMA DE CAPACITACIÓN PARA OPERACIÓN Y MANTENIMIENTO DE LAS UBS,ADMINISTRACIÓN INDIRECTA - POR CONTRATA,NO,623,2026,0.0,0.0,SISTEMA DE AGUA POTABLE POR GRAVEDAD SIN TRATAMIENTO ABASTECIMIENTO MEDIANTE TRES 03 CAPTACIONES TIPO MANANTIALES DE LADERA TOCORCUYO 1 TOCORCUYO 2 Y KICHACAME CONSTRUCCIÓN DE TRES 03 NUEVAS ESTRUCTURAS DE CAPTACIÓN  TIPO MANANTIAL DE LADERA SIENDO EL NOMBRE DE LAS FUENTES TOCORCUYO 1 TOCORCUYO 2 Y KICHACAME PARA 200 VIVIENDAS DOMÉSTICAS 03 ESTATALES Y 04 SOCIALES INSTALACIÓN DE DOS 02 CÁMARAS DE REUNIÓN EN LA LÍNEA DE CONDUCCIÓN INSTALACIÓN DE DOS 02 CÁMARAS ROMPE PRESIÓN EN LA LÍNEA DE CONDUCCIÓN INSTALACIÓN DE LA LÍNEA DE CONDUCCIÓN PVC DE LONGITUD DE 351763 ML INSTALACIÓN DE TRES 03 VÁLVULA DE AIRE Y TRES 03 VÁLVULAS DE PURGAEN LA LÍNEA DE CONDUCCIÓN  IMPLEMENTACIÓN DEL SISTEMA DE DESINFECCIÓN EN EL RESERVORIO PROYECTADO CONSTRUCCIÓN DE UN RESERVORIO APOYADO DE 35 M3 CON CAPACIDAD PARA ABASTECER DE AGUA A TODA LA LOCALIDAD PARA 207 VIVIENDAS INSTALACIÓN DE LA LÍNEA DE ADUCCIÓN1 Y 2 PVC DE LONGITUDES DE 36339 Y 79617 ML RESPECTIVAMENTE INSTALACIÓN DE TUBERÍAS PARA LAS REDES DE DISTRIBUCIÓN PVC 1349568 ML E INSTALACIÓN DE CONEXIONES INTRADOMICILIARIAS INCLUYE LAVADERO Y POZO DE DRENAJE PARA 207 VIVIENDAS HABITADAS INSTALACIÓN DE VEINTISIETE 27 VÁLVULAS DE CONTROL Y DIEZ 10 VÁLVULAS DE PURGAEN LAS REDES DE DISTRIBUCIÓN  INSTALACIÓN Y CONSTRUCCIÓN DE UNIDAD BÁSICA DE SANEAMIENTOS TIPO UBS CON BIODIGESTOR Y ZANJA DE INFILTRACIÓN EN UN TOTAL DE 210 UBS PROGRAMA DE FORTALECIMIENTO Y CAPACITACIÓN DE LA ATM Y JASS IMPLEMENTACIÓN DE UNA EDUCACIÓN SANITARIA EN PRÁCTICAS DE HIGIENE IMPLEMENTAR UN PROGRAMA DE CAPACITACIÓN PARA OPERACIÓN Y MANTENIMIENTO DE LAS UBS,OPENSTREETMAP_NOMINATIM,APROXIMADA_DISTRITO,https://nominatim.openstreetmap.org,Coordenada referencial del distrito HUANCANE. No representa la ubicación exacta de la infraestructura.,COMPLETADO_APROXIMADO
2186045,OFICIAL_SANEAMIENTO,Clasificado oficialmente por el MEF en la función SANEAMIENTO,252322,"MEJORAMIENTO Y AMPLIACIÓN DE LOS SERVICIOS DE AGUA POTABLE Y DISPOSICIÓN SANITARIA DE EXCRETAS DE LA COMUNIDAD CAMPESINA DE MOLLOCCO ,  DISTRITO DE ACORA, PROVINCIA DE PUNO, DEPARTAMENTO DE PUNO",PIP MAYOR (SNIP),GR,GOBIERNOS REGIONALES,GOBIERNO REGIONAL PUNO,OPMI DEL GOBIERNO REGIONAL PUNO,UF DE LA GOBIERNO REGIONAL PUNO,UEI DEL PROGRAMA NACIONAL DE SANEAMIENTO RURAL,1443,PROGRAMA NACIONAL DE SANEAMIENTO RURAL,SANEAMIENTO,SANEAMIENTO,SANEAMIENTO RURAL,,ACTIVO,VIABLE,2013-03-01 00:00:00,2013-06-07 00:00:00,SNIP,4324309.0,4166169.76,0.0,0.0,0.0,109405.48,SI,30000.0,30000.0,20398.48,0.0,201403,202607,4035771.28,7500.0,30000.0,20993,20992.5,20992.5,SI,4269643.85,SI,Ejecución física (C),SI,SI,96.9,96.9,2026-02-10 16:36:48,2015-10-01 00:00:00,2028-08-01 00:00:00,2015-10-01 00:00:00,2028-08-01 00:00:00,NO,NO,,,PUNO,PUNO,ACORA,210102,-16.2723754,-69.9035444,COMPONENTE 01SISTEMA DE AGUA POTABLE CONSTRUCCIÓN DE UNA 01 ESTRUCTURA DE CAPTACIÓN  TIPO MANANTIAL DE LADERA SIENDO EL NOMBRE DE LA FUENTE CABALLUNI  PARA ABASTECER A 182 VIVIENDAS 179 VIVIENDAS DOMICILIARIAS 03 INSTITUCIÓN ESTATAL INSTALACIÓN DE LA LÍNEA DE CONDUCCIÓN PVC Ø 63 MM C75 DE LONGITUD DE  222225 ML IMPLEMENTACIÓN DEL SISTEMA DE DESINFECCIÓN EN EL RESERVORIO PROYECTADO CONSTRUCCIÓN DE UN RESERVORIO APOYADO DE 4000 M3 INSTALACIÓN DE LA LÍNEA DE ADUCCIÓN PVC Ø 63 MM C75 DE LONGITUD DE  18520 ML INSTALACIÓN DE TUBERÍAS PARA LAS REDES DE DISTRIBUCIÓN PVC  Ø 48 MM 1568373 ML E INSTALACIÓN DE CONEXIONES INTRADOMICILIARIAS INCLUYE LAVADERO Y POZO DE DRENAJE PARA 182 VIVIENDAS HABITADAS INSTALACIÓN DE VÁLVULAS DE CONTROL VÁLVULAS DE AIRE  Y  VÁLVULAS DE PURGA EN LAS REDES DE DISTRIBUCIÓN  COMPONENTE 02 DISPOSICIÓN  SANITARIA DE EXCRETAS CONSTRUCCIÓN DE 185 UNIDADES BÁSICA DE SANEAMIENTO PARA EL TODOS LOS SECTORES DE MOLLOCCO  COMPONENTE 03 GESTIÓN DE LOS SERVICIOS SE PLANTEA LA CONFORMACIÓN DE UN ÁREA TÉCNICA MUNICIPAL ATM EN LA MUNICIPALIDAD DISTRITAL COMO ENTE SUPERVISOR Y FISCALIZADOR CONFORMAR Y FORTALECER LA JASS PROPORCIONAR A LA GENTE EDUCACIÓN SANITARIA A LO LARGO DE TODO EL PROCESO EMPEZANDO DESDE LA ETAPA DE PRE EJECUCIÓN A TRAVÉS DE LA ETAPA DE MONITOREO Y SEGUIMIENTO DE LA OPERACIÓN DEL SISTEMA HASTA TODO EL TIEMPO DE VIDA DEL SISTEMA  COMPONENTE 04 EDUCACIÓN SANITARIA FINALMENTE LA ALTERNATIVA SELECCIONADA DEL SISTEMA DE AGUA POTABLE Y DISPOSICIÓN SANITARIA DE EXCRETAS EN ESTE COMPONENTE SERÁ MEDIANTE LA APLICACIÓN DE UNA EDUCACIÓN SANITARIA EN LO QUE RESPECTA A PRÁCTICAS DE HIGIENE Y A IMPLEMENTAR UN PROGRAMA DE CAPACITACIÓN PARA OPERACIÓN Y MANTENIMIENTO DE LAS UBS,ADMINISTRACIÓN INDIRECTA - POR CONTRATA,NO,689,2026,0.0,0.0,COMPONENTE 01SISTEMA DE AGUA POTABLE CONSTRUCCIÓN DE UNA 01 ESTRUCTURA DE CAPTACIÓN  TIPO MANANTIAL DE LADERA SIENDO EL NOMBRE DE LA FUENTE CABALLUNI  PARA ABASTECER A 182 VIVIENDAS 179 VIVIENDAS DOMICILIARIAS 03 INSTITUCIÓN ESTATAL INSTALACIÓN DE LA LÍNEA DE CONDUCCIÓN PVC Ø 63 MM C75 DE LONGITUD DE  222225 ML IMPLEMENTACIÓN DEL SISTEMA DE DESINFECCIÓN EN EL RESERVORIO PROYECTADO CONSTRUCCIÓN DE UN RESERVORIO APOYADO DE 4000 M3 INSTALACIÓN DE LA LÍNEA DE ADUCCIÓN PVC Ø 63 MM C75 DE LONGITUD DE  18520 ML INSTALACIÓN DE TUBERÍAS PARA LAS REDES DE DISTRIBUCIÓN PVC  Ø 48 MM 1568373 ML E INSTALACIÓN DE CONEXIONES INTRADOMICILIARIAS INCLUYE LAVADERO Y POZO DE DRENAJE PARA 182 VIVIENDAS HABITADAS INSTALACIÓN DE VÁLVULAS DE CONTROL VÁLVULAS DE AIRE  Y  VÁLVULAS DE PURGA EN LAS REDES DE DISTRIBUCIÓN  COMPONENTE 02 DISPOSICIÓN  SANITARIA DE EXCRETAS CONSTRUCCIÓN DE 185 UNIDADES BÁSICA DE SANEAMIENTO PARA EL TODOS LOS SECTORES DE MOLLOCCO  COMPONENTE 03 GESTIÓN DE LOS SERVICIOS SE PLANTEA LA CONFORMACIÓN DE UN ÁREA TÉCNICA MUNICIPAL ATM EN LA MUNICIPALIDAD DISTRITAL COMO ENTE SUPERVISOR Y FISCALIZADOR CONFORMAR Y FORTALECER LA JASS PROPORCIONAR A LA GENTE EDUCACIÓN SANITARIA A LO LARGO DE TODO EL PROCESO EMPEZANDO DESDE LA ETAPA DE PRE EJECUCIÓN A TRAVÉS DE LA ETAPA DE MONITOREO Y SEGUIMIENTO DE LA OPERACIÓN DEL SISTEMA HASTA TODO EL TIEMPO DE VIDA DEL SISTEMA  COMPONENTE 04 EDUCACIÓN SANITARIA FINALMENTE LA ALTERNATIVA SELECCIONADA DEL SISTEMA DE AGUA POTABLE Y DISPOSICIÓN SANITARIA DE EXCRETAS EN ESTE COMPONENTE SERÁ MEDIANTE LA APLICACIÓN DE UNA EDUCACIÓN SANITARIA EN LO QUE RESPECTA A PRÁCTICAS DE HIGIENE Y A IMPLEMENTAR UN PROGRAMA DE CAPACITACIÓN PARA OPERACIÓN Y MANTENIMIENTO DE LAS UBS,OPENSTREETMAP_NOMINATIM,APROXIMADA_DISTRITO,https://nominatim.openstreetmap.org,Coordenada referencial del distrito ACORA. No representa la ubicación exacta de la infraestructura.,COMPLETADO_APROXIMADO
2278056,OFICIAL_SANEAMIENTO,Clasificado oficialmente por el MEF en la función SANEAMIENTO,322957,"CREACION DEL SERVICIO DE AGUA POTABLE Y DISPOSICION SANITARIA DE EXCRETAS EN LA COMUNIDAD DE CHAUPI COMPUYO, DISTRITO DE ASILLO - AZANGARO - PUNO",PIP MAYOR (SNIP),GL,GOBIERNOS LOCALES,MUNICIPALIDAD DISTRITAL DE ASILLO,OPMI DE LA MUNICIPALIDAD DISTRITAL DE ASILLO,UF DE LA MUNICIPALIDAD DISTRITAL DE ASILLO,UEI DE LA MUNICIPALIDAD DISTRITAL DE ASILLO,301611,MUNICIPALIDAD DISTRITAL DE ASILLO,SANEAMIENTO,SANEAMIENTO,SANEAMIENTO RURAL,,ACTIVO,VIABLE,2015-06-23 00:00:00,2016-11-13 00:00:00,SNIP,7287802.0,9794361.14,0.0,0.0,0.0,2096.92,NO,,,,,201709,202412,9792264.22,0.0,,0,,,SI,9824408.39,SI,Ejecución física (C),SI,SI,97.03,97.13,2026-03-25 10:11:56,2022-10-10 00:00:00,2024-10-15 00:00:00,2024-04-22 00:00:00,2024-11-17 00:00:00,NO,NO,,,PUNO,AZANGARO,ASILLO,210204,-14.7272398,-70.3567731,INSTALACIÓN DEL SISTEMA DE CAPTACIÓN SE CONTEMPLA LA CONSTRUCCIÓN DE 05 UND CAPTACIÓN SIENDO LA FUENTE BANDERANI 1Y2 PUNCUPATA 1Y 2  HUMALASTRO MEDIANTE UN SISTEMA DE GRAVEDAD DE MANANTIAL CONSTRUCCIÓN DE REDES DE DISTRIBUCIÓN Y CONEXIONES DOMICILIARIAS 364  PILETAS DOMICILIARIAS CON SUS RESPECTIVAS VÁLVULAS DE PASO DOMICILIARIO CON VÁLVULAS TIPO GLOBO O ESFÉRICAS INSTALACIÓN DE UBS TIPO LETRINAS CON SISTEMA COMPOSTERA CAPACITACIÓN A LA POBLACIÓN EN EDUCACIÓN SANITARIA CON ACTIVIDADES DE CAPACITACIÓN Y EDUCACIÓN SANITARIA Y CAPACITACIÓN Y FORTALECIMIENTO  A LA JASS Y ATM EN OPERACIÓN MANTENIMIENTO Y SOSTENIBILIDAD DE LOS SISTEMAS DE AGUA Y DISPOSICIÓN SANITARIA,ADMINISTRACIÓN INDIRECTA - POR CONTRATA,NO,1638,2026,0.0,0.0,INSTALACIÓN DEL SISTEMA DE CAPTACIÓN SE CONTEMPLA LA CONSTRUCCIÓN DE 05 UND CAPTACIÓN SIENDO LA FUENTE BANDERANI 1Y2 PUNCUPATA 1Y 2  HUMALASTRO MEDIANTE UN SISTEMA DE GRAVEDAD DE MANANTIAL CONSTRUCCIÓN DE REDES DE DISTRIBUCIÓN Y CONEXIONES DOMICILIARIAS 364  PILETAS DOMICILIARIAS CON SUS RESPECTIVAS VÁLVULAS DE PASO DOMICILIARIO CON VÁLVULAS TIPO GLOBO O ESFÉRICAS INSTALACIÓN DE UBS TIPO LETRINAS CON SISTEMA COMPOSTERA CAPACITACIÓN A LA POBLACIÓN EN EDUCACIÓN SANITARIA CON ACTIVIDADES DE CAPACITACIÓN Y EDUCACIÓN SANITARIA Y CAPACITACIÓN Y FORTALECIMIENTO  A LA JASS Y ATM EN OPERACIÓN MANTENIMIENTO Y SOSTENIBILIDAD DE LOS SISTEMAS DE AGUA Y DISPOSICIÓN SANITARIA,OPENSTREETMAP_NOMINATIM,APROXIMADA_DISTRITO,https://nominatim.openstreetmap.org,Coordenada referencial del distrito ASILLO. No representa la ubicación exacta de la infraestructura.,COMPLETADO_APROXIMADO
2221039,OFICIAL_SANEAMIENTO,Clasificado oficialmente por el MEF en la función SANEAMIENTO,230778,"MEJORAMIENTO Y AMPLIACIÓN DEL SERVICIO DE AGUA POTABLE Y DISPOSICION SANITARIA DE EXCRETAS  EN LOS SECTORES ALTO, MEDIO Y BAJO DE LA COMUNIDAD CAMPESINA SORAYCHO UMABAMBA, DISTRITO DE COJATA - HUANCANE - PUNO",PIP MAYOR (SNIP),GL,GOBIERNOS LOCALES,MUNICIPALIDAD DISTRITAL DE COJATA,OPMI DE LA MUNICIPALIDAD DISTRITAL DE COJATA,UF DE LA MUNICIPALIDAD DISTRITAL DE COJATA,UEI DE LA MUNICIPALIDAD DISTRITAL DE COJATA,301646,MUNICIPALIDAD DISTRITAL DE COJATA,SANEAMIENTO,SANEAMIENTO,SANEAMIENTO RURAL,,ACTIVO,VIABLE,2012-08-28 00:00:00,2016-10-27 00:00:00,SNIP,2480357.0,2520888.46,0.0,0.0,0.0,177803.18,NO,,,,,201612,202012,2343085.28,0.0,,0,,,SI,2520888.46,SI,Ejecución física (C),SI,SI,100.0,97.99,2022-02-14 10:58:25,2018-02-09 00:00:00,2023-02-01 00:00:00,2018-11-06 00:00:00,2020-08-15 00:00:00,NO,NO,,,PUNO,HUANCANE,COJATA,210602,-15.0151528,-69.3652199,MEJORAMIENTO Y AMPLIACION DEL SERVICIO DE AGUA A TRAVEZ DE INSTALACION DE 04 SUB SISTEMAS DE AGUA POTABLE EN LOS SECTORES CON INSTALACION DE PILETAS A DOMICILIO INSTALACION DE SANEAMIENTO A TRAVEZ DE BAÑOS CON SISTEMA HIDRAULICO Y BAÑOS ECOLOGICOS CON COBERTURA DE CALAMINA GALVANIZADA Y  LA IMPLEMENTACION DE ADECUADOS CONOCIMIENTOS DE  EDUCACION SANITARIA Y ASISTENCIA TECNICA,ADMINISTRACIÓN INDIRECTA - POR CONTRATA,NO,500,2026,0.0,0.0,MEJORAMIENTO Y AMPLIACION DEL SERVICIO DE AGUA A TRAVEZ DE INSTALACION DE 04 SUB SISTEMAS DE AGUA POTABLE EN LOS SECTORES CON INSTALACION DE PILETAS A DOMICILIO INSTALACION DE SANEAMIENTO A TRAVEZ DE BAÑOS CON SISTEMA HIDRAULICO Y BAÑOS ECOLOGICOS CON COBERTURA DE CALAMINA GALVANIZADA Y  LA IMPLEMENTACION DE ADECUADOS CONOCIMIENTOS DE  EDUCACION SANITARIA Y ASISTENCIA TECNICA,OPENSTREETMAP_NOMINATIM,APROXIMADA_DISTRITO,https://nominatim.openstreetmap.org,Coordenada referencial del distrito COJATA. No representa la ubicación exacta de la infraestructura.,COMPLETADO_APROXIMADO
2244529,OFICIAL_SANEAMIENTO,Clasificado oficialmente por el MEF en la función SANEAMIENTO,293989,"INSTALACION DEL SERVICIO DE AGUA POTABLE Y SANEAMIENTO PARA LA LOCALIDAD DE TERAQUECHA, DISTRITO DE CRUCERO - CARABAYA - PUNO",PIP MENOR (SNIP),GL,GOBIERNOS LOCALES,MUNICIPALIDAD DISTRITAL DE CRUCERO,OPMI DE LA MUNICIPALIDAD DISTRITAL DE CRUCERO,UF DE LA MUNICIPALIDAD DISTRITAL DE CRUCERO,UEI DE LA MUNICIPALIDAD DISTRITAL DE CRUCERO,301628,MUNICIPALIDAD DISTRITAL DE CRUCERO,SANEAMIENTO,SANEAMIENTO,SANEAMIENTO RURAL,,ACTIVO,VIABLE,2014-05-04 00:00:00,2014-05-13 00:00:00,SNIP,435819.25,1236017.67,0.0,0.0,0.0,145680.5,NO,,,,,201610,202112,1090337.17,0.0,,0,,,SI,1060250.69,SI,Ejecución física (C),SI,SI,100.0,99.05,2021-09-29 12:14:23,2018-06-01 00:00:00,2022-01-30 00:00:00,2019-12-02 00:00:00,2020-02-29 00:00:00,NO,NO,,,PUNO,CARABAYA,CRUCERO,210306,-14.3508047,-69.9293371,INSTALACIÓN DEL SISTEMA DE AGUA POTABLE CON TUBERÍA PVC CONEXIONES A DOMICILIÓ CONSTRUCCIÓN DE 25 UNIDADES DE LETRINAS SANITARIAS CON BIODIGESTOR BAÑOS CON ARRASTRE HIDRÁULICO E INSTALACIÓN DE POZA DE PERCOLACIÓN 02 CAPTACIONES DE LADERA RESERVORIOS INSTALACIÓN DE 25 UNIDADES DE AGUA DOMICILIARIA Y CAPACITACIÓN SOCIAL,ADMINISTRACIÓN INDIRECTA - POR CONTRATA,NO,125,2026,0.0,0.0,INSTALACIÓN DEL SISTEMA DE AGUA POTABLE CON TUBERÍA PVC CONEXIONES A DOMICILIÓ CONSTRUCCIÓN DE 25 UNIDADES DE LETRINAS SANITARIAS CON BIODIGESTOR BAÑOS CON ARRASTRE HIDRÁULICO E INSTALACIÓN DE POZA DE PERCOLACIÓN 02 CAPTACIONES DE LADERA RESERVORIOS INSTALACIÓN DE 25 UNIDADES DE AGUA DOMICILIARIA Y CAPACITACIÓN SOCIAL,OPENSTREETMAP_NOMINATIM,APROXIMADA_DISTRITO,https://nominatim.openstreetmap.org,Coordenada referencial del distrito CRUCERO. No representa la ubicación exacta de la infraestructura.,COMPLETADO_APROXIMADO
2267138,OFICIAL_SANEAMIENTO,Clasificado oficialmente por el MEF en la función SANEAMIENTO,317789,"CREACION DEL SERVICIO DE SANEAMIENTO BASICO INTEGRAL EN LA COMUNIDAD CAMPESINA DE CHACAMARCA, DISTRITO DE SAMAN - AZANGARO - PUNO",PIP MAYOR (SNIP),GL,GOBIERNOS LOCALES,MUNICIPALIDAD DISTRITAL DE SAMAN,OPMI DE LA MUNICIPALIDAD DISTRITAL DE SAMAN,UNIDAD FORMULADORA,SUB GERENCIA DE DESARROLLO URBANO Y OBRAS DE LA MUNICIPALIDAD DISTRITAL DE SAMAN,301617,MUNICIPALIDAD DISTRITAL DE SAMAN,SANEAMIENTO,SANEAMIENTO,SANEAMIENTO RURAL,,ACTIVO,VIABLE,2015-04-13 00:00:00,2015-04-17 00:00:00,SNIP,5163617.0,5831011.78,0.0,0.0,0.0,330603.13,NO,,,,,201707,201808,5500408.65,0.0,,0,,,SI,5831011.78,SI,Aprobación de consistencia o modificaciones antes de la aprobación del ET o ET (A),SI,NO,,,,,,,,NO,NO,,,PUNO,AZANGARO,SAMAN,210210,-15.2915175,-70.0171834,CREACIÓN DEL SERVICIO DE SANEAMIENTO BÁSICO INTEGRAL QUE CONSISTE EN LA CONSTRUCCIÓN DEL SISTEMA DE AGUA POTABLE POR BOMBEO QUE CONSISTE EN CAPTACIÓN GALERÍA FILTRANTE CASETA DE BOMBEO LÍNEA DE IMPULSIÓN RESERVORIO ELEVADO LÍNEA DE ADUCCIÓN RED DE DISTRIBUCIÓN E INSTALACIÓN DE PILETAS DOMICILIARIAS ASIMISMO CONSTRUCCIÓN DE UNIDADES BÁSICAS DE SANEAMIENTO TIPO ARRASTRE HIDRÁULICO CON BIODIGESTORES CON MUROS DE BLOQUES DE CONCRETO CUBIERTA DE CALAMINA TIPO TEJA ANDINA INCLUYE DUCHAS Y LAVATORIO ACOMPAÑADO CON CAPACITACIÓN EN EDUCACIÓN SANITARIA Y ORGANIZACIÓN,ADMINISTRACIÓN INDIRECTA - POR CONTRATA,NO,1036,2026,0.0,0.0,CREACIÓN DEL SERVICIO DE SANEAMIENTO BÁSICO INTEGRAL QUE CONSISTE EN LA CONSTRUCCIÓN DEL SISTEMA DE AGUA POTABLE POR BOMBEO QUE CONSISTE EN CAPTACIÓN GALERÍA FILTRANTE CASETA DE BOMBEO LÍNEA DE IMPULSIÓN RESERVORIO ELEVADO LÍNEA DE ADUCCIÓN RED DE DISTRIBUCIÓN E INSTALACIÓN DE PILETAS DOMICILIARIAS ASIMISMO CONSTRUCCIÓN DE UNIDADES BÁSICAS DE SANEAMIENTO TIPO ARRASTRE HIDRÁULICO CON BIODIGESTORES CON MUROS DE BLOQUES DE CONCRETO CUBIERTA DE CALAMINA TIPO TEJA ANDINA INCLUYE DUCHAS Y LAVATORIO ACOMPAÑADO CON CAPACITACIÓN EN EDUCACIÓN SANITARIA Y ORGANIZACIÓN,OPENSTREETMAP_NOMINATIM,APROXIMADA_DISTRITO,https://nominatim.openstreetmap.org,Coordenada referencial del distrito SAMAN. No representa la ubicación exacta de la infraestructura.,COMPLETADO_APROXIMADO
2217406,OFICIAL_SANEAMIENTO,Clasificado oficialmente por el MEF en la función SANEAMIENTO,233568,"AMPLIACION Y MEJORAMIENTO DEL SERVICIO DE AGUA POTABLE Y LETRINAS SANITARIAS EN EL CENTRO POBLADO DE HUARAYA Y SUS PARCIALIDADES, DISTRITO DE MOHO, PROVINCIA DE MOHO - PUNO",PIP MAYOR (SNIP),GL,GOBIERNOS LOCALES,MUNICIPALIDAD PROVINCIAL DE MOHO,OPMI DE LA MUNICIPALIDAD PROVINCIAL DE MOHO,UF DE LA MUNICIPALIDAD PROVINCIAL DE MOHO,UEI DE LA MUNICIPALIDAD PROVINCIAL DE MOHO,301672,MUNICIPALIDAD PROVINCIAL DE MOHO,SANEAMIENTO,SANEAMIENTO,SANEAMIENTO RURAL,,ACTIVO,VIABLE,2012-09-21 00:00:00,2013-01-05 00:00:00,SNIP,8537876.0,7168003.62,0.0,0.0,0.0,74496.05,NO,,,,,201405,202103,7093507.57,0.0,,0,,,SI,7168003.62,SI,Ejecución física (C),SI,SI,100.0,100.0,2022-12-20 22:03:07,2014-05-16 00:00:00,2023-12-29 00:00:00,2014-05-16 00:00:00,2023-12-29 00:00:00,NO,NO,,,PUNO,MOHO,MOHO,210901,-15.3427491,-69.4925674,SISTEMA DE AGUA POTABLE MEDIANTE SISTEMA DE BOMBEO CON CAPTACIÓN SUMERGIDA SISTEMA DE TRATAMIENTO CON FILTRO LENTO CON 03 UNIDADES DE CAISSON CASETA DE BOMBEO CON 02 RESERVORIOS INSTALACIÓN DE REDES Y  CONEXIONES DE AGUA MEDIANTE PILETAS 629  DOMICILIARIAS PARA SANEAMIENTO INSTALACIÓN DE 836 LETRINAS DE ARRASTRE HIDRÁULICO EN UNIDADES FAMILIARES REALIZANDO PROGRAMAS DE CAPACITACIÓN DIRIGIDA A LA POBLACIÓN Y A LA JASS,ADMINISTRACIÓN INDIRECTA - POR CONTRATA,NO,4837,2026,0.0,0.0,SISTEMA DE AGUA POTABLE MEDIANTE SISTEMA DE BOMBEO CON CAPTACIÓN SUMERGIDA SISTEMA DE TRATAMIENTO CON FILTRO LENTO CON 03 UNIDADES DE CAISSON CASETA DE BOMBEO CON 02 RESERVORIOS INSTALACIÓN DE REDES Y  CONEXIONES DE AGUA MEDIANTE PILETAS 629  DOMICILIARIAS PARA SANEAMIENTO INSTALACIÓN DE 836 LETRINAS DE ARRASTRE HIDRÁULICO EN UNIDADES FAMILIARES REALIZANDO PROGRAMAS DE CAPACITACIÓN DIRIGIDA A LA POBLACIÓN Y A LA JASS,OPENSTREETMAP_NOMINATIM,APROXIMADA_DISTRITO,https://nominatim.openstreetmap.org,Coordenada referencial del distrito MOHO. No representa la ubicación exacta de la infraestructura.,COMPLETADO_APROXIMADO
2310519,OFICIAL_SANEAMIENTO,Clasificado oficialmente por el MEF en la función SANEAMIENTO,344133,"MEJORAMIENTO Y AMPLIACION DEL SISTEMA DE AGUA POTABLE Y SANEAMIENTO EN LAS LOCALIDADES DE PARKO HUAYTAHUACHO, HUAYLLANI - CERA CUCHO Y SUCRE CCARAÑAUI, DISTRITO DE LLALLI - MELGAR - PUNO",PIP MAYOR (SNIP),GL,GOBIERNOS LOCALES,MUNICIPALIDAD DISTRITAL DE LLALLI,OPMI DE LA MUNICIPALIDAD DISTRITAL DE LLALLI,UF DE LA MUNICIPALIDAD DISTRITAL DE LLALLI,UEI DE LA MUNICIPALIDAD DISTRITAL DE LLALLI,301666,MUNICIPALIDAD DISTRITAL DE LLALLI,SANEAMIENTO,SANEAMIENTO,SANEAMIENTO RURAL,,ACTIVO,VIABLE,2016-01-28 00:00:00,2016-01-28 00:00:00,SNIP,1409101.0,3903002.7,0.0,0.0,0.0,118360.95,NO,,,,,201705,202411,3784641.75,0.0,,0,,,SI,3903002.7,SI,Ejecución física (C),SI,SI,96.8,96.91,2024-02-06 11:17:24,2021-01-01 00:00:00,2025-07-31 00:00:00,2023-07-24 00:00:00,2023-11-24 00:00:00,NO,NO,,,PUNO,MELGAR,LLALLI,210804,-14.9477752,-70.8803183,Mejoramiento de infraestructura física para el abastecimiento de agua potable por vivienda en localidades con servicio restringido construcción de infraestructura física para el abastecimiento de agua potable por vivienda en localidades incluye fuente de abastecimiento captación de agua Localidad de Parko Huaytahuacho Huayllani  Cera Cucho y Sucre Ccarañahui unidades básicas de saneamiento en localidades con letrinas instaladas implementación de medidas de riesgo pase aéreo cámara de redistribución cercos de protección construcción de baños y lavatorios implementación de medidas de mitigación prevención instalación de la Oficina Técnica de Saneamiento Básico Llalli OTESABAL talleres de capacitación de la JASS Oficina Técnica de Saneamiento Básico adquisición de materiales Sensibilización y asistencia técnica dirigida a las familias instituciones educativas adquisición de materiales para diferentes campañas de salud e higiene y talleres de promoción,ADMINISTRACIÓN INDIRECTA - POR CONTRATA,NO,450,2026,0.0,0.0,Mejoramiento de infraestructura física para el abastecimiento de agua potable por vivienda en localidades con servicio restringido construcción de infraestructura física para el abastecimiento de agua potable por vivienda en localidades incluye fuente de abastecimiento captación de agua Localidad de Parko Huaytahuacho Huayllani  Cera Cucho y Sucre Ccarañahui unidades básicas de saneamiento en localidades con letrinas instaladas implementación de medidas de riesgo pase aéreo cámara de redistribución cercos de protección construcción de baños y lavatorios implementación de medidas de mitigación prevención instalación de la Oficina Técnica de Saneamiento Básico Llalli OTESABAL talleres de capacitación de la JASS Oficina Técnica de Saneamiento Básico adquisición de materiales Sensibilización y asistencia técnica dirigida a las familias instituciones educativas adquisición de materiales para diferentes campañas de salud e higiene y talleres de promoción,OPENSTREETMAP_NOMINATIM,APROXIMADA_DISTRITO,https://nominatim.openstreetmap.org,Coordenada referencial del distrito LLALLI. No representa la ubicación exacta de la infraestructura.,COMPLETADO_APROXIMADO
2276883,OFICIAL_SANEAMIENTO,Clasificado oficialmente por el MEF en la función SANEAMIENTO,321899,"INSTALACION DEL SISTEMA DE AGUA POTABLE Y SANEAMIENTO EN LAS LOCALIDADES DE KENAMARI BAJO Y PUKATORRE, DISTRITO DE LLALLI - MELGAR - PUNO",PIP MENOR (SNIP),GL,GOBIERNOS LOCALES,MUNICIPALIDAD DISTRITAL DE LLALLI,OPMI DE LA MUNICIPALIDAD DISTRITAL DE LLALLI,UF DE LA MUNICIPALIDAD DISTRITAL DE LLALLI,UEI DE LA MUNICIPALIDAD DISTRITAL DE LLALLI,301666,MUNICIPALIDAD DISTRITAL DE LLALLI,SANEAMIENTO,SANEAMIENTO,SANEAMIENTO RURAL,,ACTIVO,VIABLE,2015-05-26 00:00:00,2015-05-26 00:00:00,SNIP,1163442.37,1536665.27,0.0,0.0,0.0,1567.32,NO,,,,,201707,202107,1535097.95,0.0,,0,,,SI,1527100.07,SI,Ejecución física (C),SI,SI,100.0,100.0,2021-11-09 12:49:55,2018-02-01 00:00:00,2023-03-30 00:00:00,2018-09-19 00:00:00,2019-03-05 00:00:00,NO,NO,,,PUNO,MELGAR,LLALLI,210804,-14.9477752,-70.8803183,CONSTRUCCIÓN DE UN SISTEMA DE CAPTACIÓN DE MANANTIAL DE LADERA POR GRAVEDAD CON LINEA DE CONDUCCION DE 83001 ML INSTALACIÓN DE REDES Y CONEXIONES DOMICILIARIAS DE AGUA INSTALACIÓN DE LETRINAS CON SISTEMA DE BIODIGESTORES CON COBERTURA DE CALAMINA Y MUROS DE LADRILLO REALIZANDO TALLERES DE ADECUADOS HÁBITOS Y PRÁCTICAS DE HIGIENE Y EDUCACIÓN SANITARIA,ADMINISTRACIÓN INDIRECTA - POR CONTRATA,NO,393,2026,0.0,0.0,CONSTRUCCIÓN DE UN SISTEMA DE CAPTACIÓN DE MANANTIAL DE LADERA POR GRAVEDAD CON LINEA DE CONDUCCION DE 83001 ML INSTALACIÓN DE REDES Y CONEXIONES DOMICILIARIAS DE AGUA INSTALACIÓN DE LETRINAS CON SISTEMA DE BIODIGESTORES CON COBERTURA DE CALAMINA Y MUROS DE LADRILLO REALIZANDO TALLERES DE ADECUADOS HÁBITOS Y PRÁCTICAS DE HIGIENE Y EDUCACIÓN SANITARIA,OPENSTREETMAP_NOMINATIM,APROXIMADA_DISTRITO,https://nominatim.openstreetmap.org,Coordenada referencial del distrito LLALLI. No representa la ubicación exacta de la infraestructura.,COMPLETADO_APROXIMADO
2180810,OFICIAL_SANEAMIENTO,Clasificado oficialmente por el MEF en la función SANEAMIENTO,199069,"INSTALACION DEL SISTEMA DE AGUA POTABLE Y LETRINAS SANITARIAS EN LA PARCIALIDAD DE AJUYANI, CENTRO POBLADO  PASIRI, DISTRITO DE JULI, PROVINCIA DE CHUCUITO - PUNO",PIP MENOR (SNIP),GL,GOBIERNOS LOCALES,MUNICIPALIDAD PROVINCIAL DE CHUCUITO - JULI,OPMI DE LA MUNICIPALIDAD PROVINCIAL DE CHUCUITO - JULI,UF DE LA MUNICIPALIDAD PROVINCIAL DE CHUCUITO - JULI,UEI DE LA MUNICIPALIDAD PROVINCIAL DE CHUCUITO - JULI,301633,MUNICIPALIDAD PROVINCIAL DE CHUCUITO - JULI,SANEAMIENTO,SANEAMIENTO,SANEAMIENTO RURAL,,ACTIVO,VIABLE,2011-12-15 00:00:00,2013-05-28 00:00:00,SNIP,529728.22,705409.33,0.0,0.0,0.0,705409.33,NO,,,,,,,0.0,0.0,,0,,,SI,705409.33,SI,Aprobación de consistencia o modificaciones antes de la aprobación del ET o ET (A),SI,NO,,0.0,,,,,,NO,NO,,,PUNO,CHUCUITO,JULI,210401,-16.310292,-69.5021872,INSTALACIÓN DEL SISTEMA DE AGUA POTABLE CON DOS CÁMARAS DE CAPTACIÓN CAJA DE VÁLVULAS 34 CONEXIONES DOMICILIARIAS CON TUBERÍAS PVC SAP  CLASE 10 LÍNEAS DE CONDUCCIÓN DE 963380M DOS RESERVORIOS DE 3M3Y 116182 ML LÍNEAS DE DISTRIBUCIÓN DIEZ VÁLVULAS DE CONTROL Y DE PURGA CONSTRUCCIÓN CRUCE DE RIACHUELO DE 16 METROSCONSTRUCCIÓN 34 DE LETRINAS CON ARRASTRE HIDRAULICO CON MUROS DE ADOBE PISO DE CONCRETO PUERTA CONTRA PLACADA Y PICAPORTE RED DE DESAGÜÉ POZO CIEGO CON FILTRO DE GRAVA DE 4 A 6 CON COBERTURA DE CALAMINA  IMPLEMENTACIÓN DE UN PROGRAMA DE CAPACITACIÓN,ADMINISTRACIÓN DIRECTA,NO,169,2026,0.0,0.0,INSTALACIÓN DEL SISTEMA DE AGUA POTABLE CON DOS CÁMARAS DE CAPTACIÓN CAJA DE VÁLVULAS 34 CONEXIONES DOMICILIARIAS CON TUBERÍAS PVC SAP  CLASE 10 LÍNEAS DE CONDUCCIÓN DE 963380M DOS RESERVORIOS DE 3M3Y 116182 ML LÍNEAS DE DISTRIBUCIÓN DIEZ VÁLVULAS DE CONTROL Y DE PURGA CONSTRUCCIÓN CRUCE DE RIACHUELO DE 16 METROSCONSTRUCCIÓN 34 DE LETRINAS CON ARRASTRE HIDRAULICO CON MUROS DE ADOBE PISO DE CONCRETO PUERTA CONTRA PLACADA Y PICAPORTE RED DE DESAGÜÉ POZO CIEGO CON FILTRO DE GRAVA DE 4 A 6 CON COBERTURA DE CALAMINA  IMPLEMENTACIÓN DE UN PROGRAMA DE CAPACITACIÓN,OPENSTREETMAP_NOMINATIM,APROXIMADA_DISTRITO,https://nominatim.openstreetmap.org,Coordenada referencial del distrito JULI. No representa la ubicación exacta de la infraestructura.,COMPLETADO_APROXIMADO
2182827,OFICIAL_SANEAMIENTO,Clasificado oficialmente por el MEF en la función SANEAMIENTO,258519,"MEJORAMIENTO Y AMPLIACION DEL SISTEMA DE AGUA POTABLE Y DESAGUE E INSTALACION LETRINAS SANITARIAS  EN EL CENTRO POBLADO SULLCA Y SUS OCHO SECTORES, DISTRITO DE MOHO, PROVINCIA DE MOHO - PUNO",PIP MAYOR (SNIP),GL,GOBIERNOS LOCALES,MUNICIPALIDAD PROVINCIAL DE MOHO,OPMI DE LA MUNICIPALIDAD PROVINCIAL DE MOHO,UF DE LA MUNICIPALIDAD PROVINCIAL DE MOHO,UEI DE LA MUNICIPALIDAD PROVINCIAL DE MOHO,301672,MUNICIPALIDAD PROVINCIAL DE MOHO,SANEAMIENTO,SANEAMIENTO,SANEAMIENTO RURAL,,ACTIVO,VIABLE,2013-06-05 00:00:00,2013-06-17 00:00:00,SNIP,8451616.0,7003240.0,0.0,0.0,0.0,89040.23,NO,,,,,201506,201911,6914199.77,0.0,,0,,,SI,7003240.0,SI,Ejecución física (C),SI,SI,100.0,100.0,2022-02-02 17:02:15,2015-10-20 00:00:00,2023-05-11 00:00:00,2016-12-15 00:00:00,2017-09-20 00:00:00,NO,NO,,,PUNO,MOHO,MOHO,210901,-15.3427491,-69.4925674,SUSTITUCIÓN TOTAL DE SISTEMAS DE CAPTACIÓN LÍNEA DE CONDUCCIÓN Y RESERVORIOS AMPLIACIÓN Y MEJORAMIENTO DE REDES DE DISTRIBUCIÓN Y CONEXIONES AMPLIACIÓN Y MEJORAMIENTO DE REDES DE RECOLECCIÓN Y CONEXIONES DOMICILIARIAS INSTALACIÓN DE LETRINAS SANITARIAS Y TRATAMIENTO DE RESIDUOS SÓLIDOS INSTALACIÓN DE TRATAMIENTO DE AGUAS SERVIDAS CON SISTEMA DE  LAGUNAS FACULTATIVAS IMPLEMENTACIÓN DE UN PROGRAMA DE EDUCACIÓN SANITARIA SOBRE ADECUADAS PRÁCTICAS DE HIGIENE CAPACITACIÓN DEL PERSONAL TÉCNICO EN OPERACIÓN Y MANTENIMIENTO DEL SISTEMACAPACITACIÓN DEL PERSONAL ADMINISTRATIVO EN GESTIÓN ADMINISTRATIVA,ADMINISTRACIÓN INDIRECTA - POR CONTRATA,NO,1819,2026,0.0,0.0,SUSTITUCIÓN TOTAL DE SISTEMAS DE CAPTACIÓN LÍNEA DE CONDUCCIÓN Y RESERVORIOS AMPLIACIÓN Y MEJORAMIENTO DE REDES DE DISTRIBUCIÓN Y CONEXIONES AMPLIACIÓN Y MEJORAMIENTO DE REDES DE RECOLECCIÓN Y CONEXIONES DOMICILIARIAS INSTALACIÓN DE LETRINAS SANITARIAS Y TRATAMIENTO DE RESIDUOS SÓLIDOS INSTALACIÓN DE TRATAMIENTO DE AGUAS SERVIDAS CON SISTEMA DE  LAGUNAS FACULTATIVAS IMPLEMENTACIÓN DE UN PROGRAMA DE EDUCACIÓN SANITARIA SOBRE ADECUADAS PRÁCTICAS DE HIGIENE CAPACITACIÓN DEL PERSONAL TÉCNICO EN OPERACIÓN Y MANTENIMIENTO DEL SISTEMACAPACITACIÓN DEL PERSONAL ADMINISTRATIVO EN GESTIÓN ADMINISTRATIVA,OPENSTREETMAP_NOMINATIM,APROXIMADA_DISTRITO,https://nominatim.openstreetmap.org,Coordenada referencial del distrito MOHO. No representa la ubicación exacta de la infraestructura.,COMPLETADO_APROXIMADO
2307910,OFICIAL_SANEAMIENTO,Clasificado oficialmente por el MEF en la función SANEAMIENTO,297872,"MEJORAMIENTO Y AMPLIACION DEL SERVICIO DE AGUA POTABLE Y SANEAMIENTO BASICO DEL CENTRO POBLADO DE RUKUS , DISTRITO DE CHUPA - AZANGARO - PUNO",PIP MAYOR (SNIP),GN,"VIVIENDA, CONSTRUCCION Y SANEAMIENTO","MINISTERIO DE VIVIENDA, CONSTRUCCION Y SANEAMIENTO","OPMI DEL MINISTERIO DE VIVIENDA, CONSTRUCCION Y SANEAMIENTO","UF DE LA MINISTERIO DE VIVIENDA, CONSTRUCCION Y SANEAMIENTO",UEI DEL PROGRAMA NACIONAL DE SANEAMIENTO RURAL,1443,PROGRAMA NACIONAL DE SANEAMIENTO RURAL,SANEAMIENTO,SANEAMIENTO,SANEAMIENTO RURAL,,ACTIVO,VIABLE,2014-06-20 00:00:00,2015-09-10 00:00:00,SNIP,5871372.0,6502222.93,0.0,5937.03,0.0,5969323.64,SI,219619.0,239619.0,50000.0,2832821.0,201706,202512,313280.29,0.0,0.0,219619,219618.95,219618.95,NO,5544852.05,SI,Aprobación de consistencia o modificaciones antes de la aprobación del ET o ET (A),SI,NO,,0.0,,2015-03-01 00:00:00,2015-05-30 00:00:00,2015-03-01 00:00:00,2015-05-30 00:00:00,NO,NO,,,PUNO,AZANGARO,CHUPA,210206,-15.1059765,-69.9865962,COMPONENTE 1 ADECUADA INFRAESTRUCTURA PARA EL SERVICIO DE AGUA POTABLE La opción técnica planteada para el proyecto es un sistema mixto que utiliza como fuente hídrica el manantial Unollocsi y la otra se obtendrá de la construcción de un pozo perforado en la parte baja del rio Ccarimayo ambas cubrirán la demanda de la población del centro poblado de Rukus contará con los siguientes componentes  Mejoramiento de la captación existente Unollocsi Qd 016 lps  Perforación de pozo proyectado PP01 Prof 45m Qb 246 lps  Instalación de línea de conducción PVCSP DN2 C10 y de 4200 ml de longitud  Instalación de línea de impulsión de HDPE DN 2 12 de L13786 ml y de DN112 de L24000 ml  Construcción de cisterna de bombeo de agua de V2m3 y de cisterna de rebombeo de V10m3  Construcción de 1 reservorios RAP02 V25m3 y mejoramiento del reservorio existente RAE01 de 27 m3  Instalación de línea de aducción de PVC C10 de DN1 de 8291ml de longitud y de DN 212 de 2308ml de longitud e instalación de redes de distribución de PVC C10 de DN 11122212 de 80432 482194 20971 y 52577 ml de longitud respectivamente  Construcción de 05 cámaras rompe presión  Construcción de 02 cámaras para válvulas de aire  Construcción de 02 cámaras para válvulas de purga  Instalación de 10 mts de tubería para pase aéreo PVC DN 50mm  Instalación de 155 conexiones domiciliarias de agua en total de las cuales 150 son para viviendas 3 para instituciones educativas y 2 para instituciones públicas  Construcción de 163 lavaderos en total de las cuales 150 son para viviendas 9 para instituciones educativa y 4 para instituciones públicas COMPONENTE 2 ADECUADA INFRAESTRUCTURA PARA LA DISPOSICIÓN SANITARIA DE EXCRETAS Y AGUAS SERVIDAS Instalación de 166 UBS en total de las cuales 150 son para viviendas 12 UBS para instituciones educativas y 4 UBS para organizaciones sociales las UBS será tipo compostera mas zanja de percolación para que al año 1 el 100 de la población disponga de UBS en sus viviendas y en las respectivas instituciones educativas y sociales COMPONENTE 3 MEJORA DE LOS NIVELES DE EDUCACIÓN SANITARIA El Plan para la Mejora de los Niveles de Educación Sanitaria plantea intervenir en las variables básicas que señala la OPS y OMS es decir aspectos de  PROGRAMA DE EDUCACIÓN SANITARIA EN AGUA POTABLE  PROGRAMA DE EDUCACION SANITARIA EN DISPOSICIÓN DE EXCRETAS Y AGUAS SERVIDAS  CAPACITACIÓN A LOS BENEFICIARIOS DEL PROYECTO EN OPERACIÓN Y MANTENIMIENTO DE LAS UNIDADES BÁSICAS DE SANEAMIENTO Durante la fase de inversión y post inversión se desarrollarán sesiones educativas visitas domiciliarias talleres de evaluación y spots radiales agrupados en 15 módulos COMPONENTE 4  CAPACIDADES DE GESTIÓN ADMINISTRACION OPERACIÓN Y MANTENIMIENTO DE LOS SISTEMAS Plantea la implementación de los Planes de Fortalecimiento de Capacidades para la Junta Administradora de Servicios de Saneamiento JASS y del Área Técnica Municipal ATM Los Planes de Fortalecimiento de Capacidades se desarrolla en los plazos determinados por la Estrategia de comunicación y educación sanitaria para la promoción de la valoración del servicio buen uso y prácticas saludables y de la higiene familiar Se desarrollaran talleres teóricos yo prácticos 06 Módulos para la Operación y Mantenimiento del Sistema de Agua Potable 07 y Módulos para la Operación y Mantenimiento de las UBS 05,ADMINISTRACIÓN DIRECTA,NO,564,2026,0.0,0.0,COMPONENTE 1 ADECUADA INFRAESTRUCTURA PARA EL SERVICIO DE AGUA POTABLE La opción técnica planteada para el proyecto es un sistema mixto que utiliza como fuente hídrica el manantial Unollocsi y la otra se obtendrá de la construcción de un pozo perforado en la parte baja del rio Ccarimayo ambas cubrirán la demanda de la población del centro poblado de Rukus contará con los siguientes componentes  Mejoramiento de la captación existente Unollocsi Qd 016 lps  Perforación de pozo proyectado PP01 Prof 45m Qb 246 lps  Instalación de línea de conducción PVCSP DN2 C10 y de 4200 ml de longitud  Instalación de línea de impulsión de HDPE DN 2 12 de L13786 ml y de DN112 de L24000 ml  Construcción de cisterna de bombeo de agua de V2m3 y de cisterna de rebombeo de V10m3  Construcción de 1 reservorios RAP02 V25m3 y mejoramiento del reservorio existente RAE01 de 27 m3  Instalación de línea de aducción de PVC C10 de DN1 de 8291ml de longitud y de DN 212 de 2308ml de longitud e instalación de redes de distribución de PVC C10 de DN 11122212 de 80432 482194 20971 y 52577 ml de longitud respectivamente  Construcción de 05 cámaras rompe presión  Construcción de 02 cámaras para válvulas de aire  Construcción de 02 cámaras para válvulas de purga  Instalación de 10 mts de tubería para pase aéreo PVC DN 50mm  Instalación de 155 conexiones domiciliarias de agua en total de las cuales 150 son para viviendas 3 para instituciones educativas y 2 para instituciones públicas  Construcción de 163 lavaderos en total de las cuales 150 son para viviendas 9 para instituciones educativa y 4 para instituciones públicas COMPONENTE 2 ADECUADA INFRAESTRUCTURA PARA LA DISPOSICIÓN SANITARIA DE EXCRETAS Y AGUAS SERVIDAS Instalación de 166 UBS en total de las cuales 150 son para viviendas 12 UBS para instituciones educativas y 4 UBS para organizaciones sociales las UBS será tipo compostera mas zanja de percolación para que al año 1 el 100 de la población disponga de UBS en sus viviendas y en las respectivas instituciones educativas y sociales COMPONENTE 3 MEJORA DE LOS NIVELES DE EDUCACIÓN SANITARIA El Plan para la Mejora de los Niveles de Educación Sanitaria plantea intervenir en las variables básicas que señala la OPS y OMS es decir aspectos de  PROGRAMA DE EDUCACIÓN SANITARIA EN AGUA POTABLE  PROGRAMA DE EDUCACION SANITARIA EN DISPOSICIÓN DE EXCRETAS Y AGUAS SERVIDAS  CAPACITACIÓN A LOS BENEFICIARIOS DEL PROYECTO EN OPERACIÓN Y MANTENIMIENTO DE LAS UNIDADES BÁSICAS DE SANEAMIENTO Durante la fase de inversión y post inversión se desarrollarán sesiones educativas visitas domiciliarias talleres de evaluación y spots radiales agrupados en 15 módulos COMPONENTE 4  CAPACIDADES DE GESTIÓN ADMINISTRACION OPERACIÓN Y MANTENIMIENTO DE LOS SISTEMAS Plantea la implementación de los Planes de Fortalecimiento de Capacidades para la Junta Administradora de Servicios de Saneamiento JASS y del Área Técnica Municipal ATM Los Planes de Fortalecimiento de Capacidades se desarrolla en los plazos determinados por la Estrategia de comunicación y educación sanitaria para la promoción de la valoración del servicio buen uso y prácticas saludables y de la higiene familiar Se desarrollaran talleres teóricos yo prácticos 06 Módulos para la Operación y Mantenimiento del Sistema de Agua Potable 07 y Módulos para la Operación y Mantenimiento de las UBS 05,OPENSTREETMAP_NOMINATIM,APROXIMADA_DISTRITO,https://nominatim.openstreetmap.org,Coordenada referencial del distrito CHUPA. No representa la ubicación exacta de la infraestructura.,COMPLETADO_APROXIMADO
2189449,OFICIAL_SANEAMIENTO,Clasificado oficialmente por el MEF en la función SANEAMIENTO,259849,"MEJORAMIENTO Y AMPLIACION DEL SERVICIO DE AGUA POTABLE Y DISPOSICION SANITARIA DE EXCRETAS EN LOS SECTORES CENTRAL FLORES, COLLAPATA, MAMANI A Y MAMANI B DE LA COMUNIDAD CAMPESINA LOS ANDES, DISTRITO ZEPITA - CHUCUITO - PUNO",PIP MAYOR (SNIP),GR,GOBIERNOS REGIONALES,GOBIERNO REGIONAL PUNO,OPMI DEL GOBIERNO REGIONAL PUNO,UF DE LA GOBIERNO REGIONAL PUNO,UEI DEL PROGRAMA NACIONAL DE SANEAMIENTO RURAL,1443,PROGRAMA NACIONAL DE SANEAMIENTO RURAL,SANEAMIENTO,SANEAMIENTO,SANEAMIENTO RURAL,,ACTIVO,VIABLE,2013-05-14 00:00:00,2013-07-12 00:00:00,SNIP,3063656.0,2572986.23,0.0,0.0,0.0,228097.2,SI,10000.0,38097.2,0.0,0.0,201403,202608,2334889.03,8500.0,10000.0,10000,10000.0,10000.0,SI,2828919.87,SI,Ejecución física (C),SI,SI,92.44,92.44,2026-02-16 21:05:04,2013-07-13 00:00:00,2027-01-20 00:00:00,2017-05-16 00:00:00,2018-07-03 00:00:00,NO,NO,,,PUNO,CHUCUITO,ZEPITA,210407,-16.4970626,-69.1901129,COMPONENTE 01 ADECUADO SERVICIO DE AGUA POTABLESE PLANTEA LA CONSTRUCCIÓN DE UN SISTEMA DE AGUA POTABLE QUE CONTEMPLA LA CONSTRUCCIÓN DE 04 CAPTACIONES EN EL SECTOR HALAYPUNKU SILLINCANY INSTALACIÓN DE LÍNEA DE CONDUCCIÓN DE LONGITUDES143ML 22ML 55ML  9ML 44ML 339ML Y  228ML CON TUBERÍAS DE LONGITUDES  PVCC10   PVC C10  PVC C10  PVC C10 1 PVC C10 1 12 PVC C75 Y  PVC C10 RESPECTIVAMENTE SE REALIZA EL MEJORAMIENTO DE 03 CÁMARAS DE REUNIÓN EXISTENTE MEJORAMIENTO DEL RESERVORIO EXISTENTE V12M3 SE CONSTRUIRÁ UN RESERVORIO DE V15M3SE INSTALA LÍNEA DE ADUCCIÓN CUYA LONGITUD ES DE 651 ML DE Ø 2 DE DIÁMETRO INSTALACIÓN DE LA LÍNEA DE DISTRIBUCIÓN EN UNA LONGITUD DE 705ML DE Ø 1  DE DIÁMETRO Y SE INSTALARAN 119 CONEXIONES DOMICILIARIAS  COMPONENTE 02 ADECUADO SERVICIO DE DISPOSICIÓN SANITARIA DE EXCRETAS  SE HA CONSIDERADO LA IMPLEMENTACIÓN DE 121 UBS113 PARA VIVIENDAS UNA POR VIVIENDA 04 UBS PARA LAS ORGANIZACIONES SOCIALES Y 04 UBS PARA INSTITUCIONES EDUCATIVA DOS POR INSTITUCIÓN EDUCATIVA  COMPONENTE 03 ADECUADA CAPACIDAD TÉCNICA Y ADMINISTRATIVA DE LA JASS  SE PLANTEA LA REALIZACIÓN DE UN PROGRAMA DE CAPACITACIÓN PARA LA JASS DONDE SE REALIZAN 03 TALLERES EN TEMAS COMO T1 ADMINISTRACIÓN CONTABILIDAD Y MANEJO DE ALMACÉN T2 OPERACIÓN Y MANTENIMIENTO DEL SISTEMA DE AGUA Y T3 CLORACIÓN Y DESINFECCIÓN DEL SISTEMA DE AGUA  COMPONENTE 04 MEJORA DE LOS NIVELES DE EDUCACIÓN SANITARIA  SE PLANTA UN PROGRAMA DE CAPACITACIÓN EN EDUCACIÓN SANITARIA DIRIGIDO A LOS BENEFICIARIOS DEL PROYECTO DONDE SE DESARROLLAN 06 TALLERES EN TEMAS COMO T1 METODOLOGÍA DE CAPACITACIÓN A ADULTOS T2 ENFERMEDADES PREVALENTES LIGADAS AL SANEAMIENTO BÁSICO Y HÁBITOS DE HIGIENE T3HIGIENE PERSONAL VIVIENDA Y AMBIENTAL USO Y T4 CUIDADO DEL AGUA T5 ELIMINACIÓN ADECUADA DE EXCRETAS Y T6 OPERACIÓN Y MANTENIMIENTO DE LA UBS,ADMINISTRACIÓN INDIRECTA - POR CONTRATA,NO,308,2026,0.0,0.0,COMPONENTE 01 ADECUADO SERVICIO DE AGUA POTABLESE PLANTEA LA CONSTRUCCIÓN DE UN SISTEMA DE AGUA POTABLE QUE CONTEMPLA LA CONSTRUCCIÓN DE 04 CAPTACIONES EN EL SECTOR HALAYPUNKU SILLINCANY INSTALACIÓN DE LÍNEA DE CONDUCCIÓN DE LONGITUDES143ML 22ML 55ML  9ML 44ML 339ML Y  228ML CON TUBERÍAS DE LONGITUDES  PVCC10   PVC C10  PVC C10  PVC C10 1 PVC C10 1 12 PVC C75 Y  PVC C10 RESPECTIVAMENTE SE REALIZA EL MEJORAMIENTO DE 03 CÁMARAS DE REUNIÓN EXISTENTE MEJORAMIENTO DEL RESERVORIO EXISTENTE V12M3 SE CONSTRUIRÁ UN RESERVORIO DE V15M3SE INSTALA LÍNEA DE ADUCCIÓN CUYA LONGITUD ES DE 651 ML DE Ø 2 DE DIÁMETRO INSTALACIÓN DE LA LÍNEA DE DISTRIBUCIÓN EN UNA LONGITUD DE 705ML DE Ø 1  DE DIÁMETRO Y SE INSTALARAN 119 CONEXIONES DOMICILIARIAS  COMPONENTE 02 ADECUADO SERVICIO DE DISPOSICIÓN SANITARIA DE EXCRETAS  SE HA CONSIDERADO LA IMPLEMENTACIÓN DE 121 UBS113 PARA VIVIENDAS UNA POR VIVIENDA 04 UBS PARA LAS ORGANIZACIONES SOCIALES Y 04 UBS PARA INSTITUCIONES EDUCATIVA DOS POR INSTITUCIÓN EDUCATIVA  COMPONENTE 03 ADECUADA CAPACIDAD TÉCNICA Y ADMINISTRATIVA DE LA JASS  SE PLANTEA LA REALIZACIÓN DE UN PROGRAMA DE CAPACITACIÓN PARA LA JASS DONDE SE REALIZAN 03 TALLERES EN TEMAS COMO T1 ADMINISTRACIÓN CONTABILIDAD Y MANEJO DE ALMACÉN T2 OPERACIÓN Y MANTENIMIENTO DEL SISTEMA DE AGUA Y T3 CLORACIÓN Y DESINFECCIÓN DEL SISTEMA DE AGUA  COMPONENTE 04 MEJORA DE LOS NIVELES DE EDUCACIÓN SANITARIA  SE PLANTA UN PROGRAMA DE CAPACITACIÓN EN EDUCACIÓN SANITARIA DIRIGIDO A LOS BENEFICIARIOS DEL PROYECTO DONDE SE DESARROLLAN 06 TALLERES EN TEMAS COMO T1 METODOLOGÍA DE CAPACITACIÓN A ADULTOS T2 ENFERMEDADES PREVALENTES LIGADAS AL SANEAMIENTO BÁSICO Y HÁBITOS DE HIGIENE T3HIGIENE PERSONAL VIVIENDA Y AMBIENTAL USO Y T4 CUIDADO DEL AGUA T5 ELIMINACIÓN ADECUADA DE EXCRETAS Y T6 OPERACIÓN Y MANTENIMIENTO DE LA UBS,OPENSTREETMAP_NOMINATIM,APROXIMADA_DISTRITO,https://nominatim.openstreetmap.org,Coordenada referencial del distrito ZEPITA. No representa la ubicación exacta de la infraestructura.,COMPLETADO_APROXIMADO
2274713,OFICIAL_SANEAMIENTO,Clasificado oficialmente por el MEF en la función SANEAMIENTO,298545,"MEJORAMIENTO Y AMPLIACION DEL SERVICIO DE AGUA POTABLE Y SANEAMIENTO BASICO EN EL CENTRO POBLADO DE COARITA , DISTRITO DE PARATIA - LAMPA - PUNO",PIP MAYOR (SNIP),GN,"VIVIENDA, CONSTRUCCION Y SANEAMIENTO","MINISTERIO DE VIVIENDA, CONSTRUCCION Y SANEAMIENTO","OPMI DEL MINISTERIO DE VIVIENDA, CONSTRUCCION Y SANEAMIENTO","UF DE LA MINISTERIO DE VIVIENDA, CONSTRUCCION Y SANEAMIENTO",UEI DEL PROGRAMA NACIONAL DE SANEAMIENTO RURAL,1443,PROGRAMA NACIONAL DE SANEAMIENTO RURAL,SANEAMIENTO,SANEAMIENTO,SANEAMIENTO RURAL,,ACTIVO,VIABLE,2014-07-02 00:00:00,2015-05-22 00:00:00,SNIP,5214485.0,8005777.74,40021.34,5937.03,0.0,7993118.53,SI,30323.0,0.0,5599339.0,2399717.0,201512,202607,22357.55,30322.88,0.0,30323,30322.88,30322.88,SI,8004267.14,SI,Ejecución física (C),SI,NO,0.0,0.58,2026-07-31 17:56:40,2015-05-22 00:00:00,2029-10-27 00:00:00,2015-05-22 00:00:00,2029-10-27 00:00:00,NO,NO,,,PUNO,LAMPA,PARATIA,210707,-15.453907,-70.5993792,SISTEMA DE AGUA POTABLE  El Sistema de Agua Potable propuesto para el proyecto será mediante la construcción un sistema de abastecimiento de agua potable por gravedad cuya fuente será de un manantial tipo ladera desde donde se conducirá a cada reservorio apoyado proyectado el cual contara con los siguientes componentes     Construcción de las captaciones proyectadas CP01 Qd180 lps CP02 Qd040 lps y CP03 Qd060 lps     Instalación de Líneas de conducción     LC01       430000 m PVCSP DN 1 12       415050 m HD PN40 DN 112     LC02 28850 m PVCSP DN 1 12     LC03 23350 m PVCSP DN 1 12     Construcción de los reservorios proyectados RAP01 V10m3 RAP02 V30m3 y RAP03 V150m3     Instalación de Línea de Aducción  38790 m Tub PVCSP DN 1     Ampliación de Redes de Distribución  1830600 m Tub PVCSP DN 1      Instalación de 89 conexiones de agua en total 84 para viviendas 2 para educación 1 para salud y 2 para instituciones públicas  Instalación de 3 Piletas públicas para 7 viviendas en total     Instalación de 96 lavaderos en total 84 para viviendas 6 para educación 2 para salud y 4 para instituciones públicas  Instalación de 3 lavaderos públicos para 7 viviendas en total    SISTEMA DE SANEAMIENTO            Se propone la construcción de unidades básicas de saneamiento UBS con el sistema de arrastre hidráulico con un sistema de tratamiento primario a través de un Biodigestor más una zanja de percolación Se contará con los siguientes componentes     Instalación de 98 casetas UBS 84 para viviendas 8 para instituciones educativas 2 para salud y   4 para instituciones públicas     Instalación de 90 Biodigestores de 1600 l en total 84 para viviendas 2 para salud y 4 para instituciones públicas     Instalación de 2 Biodigestores de 5000 l para instituciones educativas     Instalación de 92 Zanjas de Percolación en total 84 para viviendas 2 para educación 2 para salud y 4 para instituciones públicas     Instalación de 7 UBS tipo Compostera Seca para 7 viviendas    EDUCACION SANITARIA  Tomando los resultados del análisis técnico se ha establecido las metas de productos para la fase de inversión incluyendo las relacionadas con la gestión del riesgo de desastres y la mitigación de los impactos ambientales negativos de ser el caso  Implementación de un programa de educación sanitaria en agua potable  Implementación de un programa de educación sanitaria en disposición de excretas y aguas servidas  Capacitación a los beneficiarios del proyecto en operación y mantenimiento de las unidades básicas de saneamiento  MEJORA EN LA GESTION TECNICA  Mejora en la gestión técnica y administrativa de los servicios de agua y disposición sanitaria de excretas y aguas residuales    Capacitación a los miembros de JASS  Capacitación del personal para la operación y mantenimiento del sistema de agua potable   Capacitación del personal para la operación y manteamiento de las UBS,ADMINISTRACIÓN INDIRECTA - POR CONTRATA,NO,359,2026,0.0,0.0,SISTEMA DE AGUA POTABLE  El Sistema de Agua Potable propuesto para el proyecto será mediante la construcción un sistema de abastecimiento de agua potable por gravedad cuya fuente será de un manantial tipo ladera desde donde se conducirá a cada reservorio apoyado proyectado el cual contara con los siguientes componentes     Construcción de las captaciones proyectadas CP01 Qd180 lps CP02 Qd040 lps y CP03 Qd060 lps     Instalación de Líneas de conducción     LC01       430000 m PVCSP DN 1 12       415050 m HD PN40 DN 112     LC02 28850 m PVCSP DN 1 12     LC03 23350 m PVCSP DN 1 12     Construcción de los reservorios proyectados RAP01 V10m3 RAP02 V30m3 y RAP03 V150m3     Instalación de Línea de Aducción  38790 m Tub PVCSP DN 1     Ampliación de Redes de Distribución  1830600 m Tub PVCSP DN 1      Instalación de 89 conexiones de agua en total 84 para viviendas 2 para educación 1 para salud y 2 para instituciones públicas  Instalación de 3 Piletas públicas para 7 viviendas en total     Instalación de 96 lavaderos en total 84 para viviendas 6 para educación 2 para salud y 4 para instituciones públicas  Instalación de 3 lavaderos públicos para 7 viviendas en total    SISTEMA DE SANEAMIENTO            Se propone la construcción de unidades básicas de saneamiento UBS con el sistema de arrastre hidráulico con un sistema de tratamiento primario a través de un Biodigestor más una zanja de percolación Se contará con los siguientes componentes     Instalación de 98 casetas UBS 84 para viviendas 8 para instituciones educativas 2 para salud y   4 para instituciones públicas     Instalación de 90 Biodigestores de 1600 l en total 84 para viviendas 2 para salud y 4 para instituciones públicas     Instalación de 2 Biodigestores de 5000 l para instituciones educativas     Instalación de 92 Zanjas de Percolación en total 84 para viviendas 2 para educación 2 para salud y 4 para instituciones públicas     Instalación de 7 UBS tipo Compostera Seca para 7 viviendas    EDUCACION SANITARIA  Tomando los resultados del análisis técnico se ha establecido las metas de productos para la fase de inversión incluyendo las relacionadas con la gestión del riesgo de desastres y la mitigación de los impactos ambientales negativos de ser el caso  Implementación de un programa de educación sanitaria en agua potable  Implementación de un programa de educación sanitaria en disposición de excretas y aguas servidas  Capacitación a los beneficiarios del proyecto en operación y mantenimiento de las unidades básicas de saneamiento  MEJORA EN LA GESTION TECNICA  Mejora en la gestión técnica y administrativa de los servicios de agua y disposición sanitaria de excretas y aguas residuales    Capacitación a los miembros de JASS  Capacitación del personal para la operación y mantenimiento del sistema de agua potable   Capacitación del personal para la operación y manteamiento de las UBS,OPENSTREETMAP_NOMINATIM,APROXIMADA_DISTRITO,https://nominatim.openstreetmap.org,Coordenada referencial del distrito PARATIA. No representa la ubicación exacta de la infraestructura.,COMPLETADO_APROXIMADO
2189337,OFICIAL_SANEAMIENTO,Clasificado oficialmente por el MEF en la función SANEAMIENTO,251539,"MEJORAMIENTO Y AMPLIACION DEL SERVICIO DE AGUA POTABLE Y DISPOSICION SANITARIA DE EXCRETAS EN LA COMUNIDAD CAMPESINA HUILACAYA, DISTRITO ZEPITA - CHUCUITO - PUNO",PIP MAYOR (SNIP),GR,GOBIERNOS REGIONALES,GOBIERNO REGIONAL PUNO,OPMI DEL GOBIERNO REGIONAL PUNO,UF DE LA GOBIERNO REGIONAL PUNO,UEI DEL PROGRAMA NACIONAL DE SANEAMIENTO RURAL,1443,PROGRAMA NACIONAL DE SANEAMIENTO RURAL,SANEAMIENTO,SANEAMIENTO,SANEAMIENTO RURAL,,ACTIVO,VIABLE,2013-02-21 00:00:00,2013-07-23 00:00:00,SNIP,3790336.0,2750798.02,0.0,0.0,107572.3,168266.42,SI,10000.0,30000.0,30000.0,24738.72,201403,202607,2573631.6,7900.0,10000.0,8900,8900.0,8900.0,SI,3184853.72,SI,Ejecución física (C),SI,SI,91.64,86.99,2026-02-17 09:54:18,2013-07-24 00:00:00,2029-02-01 00:00:00,2017-05-16 00:00:00,2018-05-25 00:00:00,NO,NO,,,PUNO,CHUCUITO,ZEPITA,210407,-16.4970626,-69.1901129,COMPONENTE 01 ADECUADO SERVICIO DE AGUA POTABLE SE PLANTEA LA CONSTRUCCIÓN DE UN SISTEMAS DE AGUA POTABLE LA CUAL CONSISTE EN LA REHABILITACIÓN DE LAS CAPTACIONES EXISTENTES02 UBICADAS EN EL SECTOR COTAPATA  REHABILITACIÓN DE UNA CÁMARA DE REUNIÓN PARA DECEPCIONAR LAS AGUAS PROVENIENTES DE LAS TRES CAPTACIONES CONSTRUCCIÓN DE UN POZO TUBULAR CONSTRUCCIÓN DE UNA ESTACIÓN DE BOMBEO CON CAUDAL QB  190 LS  Y HDT 8619M INSTALACIÓN DE LÍNEA DE CONDUCCIÓN CON UNA LONGITUD DE 278ML Y 1931ML CON TUBERÍA  DE PVC Ø 1 CLASE 75 INSTALACIÓN DE LÍNEA DE IMPULSIÓN CON UNA LONGITUD DE 372ML TUBERÍA PVC C10 DE DIÁMETRO  Ø 2 REHABILITACIÓN DEL RESERVORIO EXISTENTE V15M3 Y CONSTRUCCIÓN DE UN NUEVO RESERVORIO V45M3 INSTALACIÓN DE 155ML DE LÍNEA DE ADUCCIÓN TUBERÍA PVC C75 DE Ø 2 DE DIÁM145 CONEXIONES DOMICILIARIAS COMPONENTE 02 ADECUADO SERVICIO DE DISPOSICIÓN SANITARIA DE EXCRETAS SE HA CONSIDERADO IMPLEMENTAR 147 UBS 141 PARA VIVIENDAS UNA POR VIVIENDA 02 UBS PARA LAS ORGANIZACIONES SOCIALES Y 04 UBS PARA CADA INSTITUCIÓN EDUCATIVA  COMPONENTE 03 ADECUADA CAPACIDAD TÉCNICA Y ADMINISTRATIVA DE LA JASS SE PLANTEA LA REALIZACIÓN DE UN PROGRAMA DE CAPACITACIÓN PARA LA JASS DONDE SE REALIZAN 03 TALLERES EN TEMAS COMO T1 ADMINISTRACIÓN CONTABILIDAD Y MANEJO DE ALMACÉN T2 OPERACIÓN Y MANTENIMIENTO DEL SISTEMA DE AGUA Y T3 CLORACIÓN Y DESINFECCIÓN DEL SISTEMA DE AGUA  COMPONENTE 04 MEJORA DE LOS NIVELES DE EDUCACIÓN SANITARIA SE PLANTA UN PROGRAMA DE CAPACITACIÓN EN EDUCACIÓN SANITARIA DIRIGIDO A LOS BENEFICIARIOS DEL PROYECTO DONDE SE DESARROLLAN 06 TALLERES EN TEMAS COMO T1 METODOLOGÍA DE CAPACITACIÓN A ADULTOS T2 ENFERMEDADES PREVALENTES LIGADAS AL SANEAMIENTO BÁSICO Y HÁBITOS DE HIGIENE T3HIGIENE PERSONAL VIVIENDA Y AMBIENTAL USO Y T4 CUIDADO DEL AGUA T5 ELIMINACIÓN ADECUADA DE EXCRETAS Y T6 OPERACIÓN Y MANTENIMIENTO DE LA UBS,ADMINISTRACIÓN INDIRECTA - POR CONTRATA,NO,499,2026,0.0,0.0,COMPONENTE 01 ADECUADO SERVICIO DE AGUA POTABLE SE PLANTEA LA CONSTRUCCIÓN DE UN SISTEMAS DE AGUA POTABLE LA CUAL CONSISTE EN LA REHABILITACIÓN DE LAS CAPTACIONES EXISTENTES02 UBICADAS EN EL SECTOR COTAPATA  REHABILITACIÓN DE UNA CÁMARA DE REUNIÓN PARA DECEPCIONAR LAS AGUAS PROVENIENTES DE LAS TRES CAPTACIONES CONSTRUCCIÓN DE UN POZO TUBULAR CONSTRUCCIÓN DE UNA ESTACIÓN DE BOMBEO CON CAUDAL QB  190 LS  Y HDT 8619M INSTALACIÓN DE LÍNEA DE CONDUCCIÓN CON UNA LONGITUD DE 278ML Y 1931ML CON TUBERÍA  DE PVC Ø 1 CLASE 75 INSTALACIÓN DE LÍNEA DE IMPULSIÓN CON UNA LONGITUD DE 372ML TUBERÍA PVC C10 DE DIÁMETRO  Ø 2 REHABILITACIÓN DEL RESERVORIO EXISTENTE V15M3 Y CONSTRUCCIÓN DE UN NUEVO RESERVORIO V45M3 INSTALACIÓN DE 155ML DE LÍNEA DE ADUCCIÓN TUBERÍA PVC C75 DE Ø 2 DE DIÁM145 CONEXIONES DOMICILIARIAS COMPONENTE 02 ADECUADO SERVICIO DE DISPOSICIÓN SANITARIA DE EXCRETAS SE HA CONSIDERADO IMPLEMENTAR 147 UBS 141 PARA VIVIENDAS UNA POR VIVIENDA 02 UBS PARA LAS ORGANIZACIONES SOCIALES Y 04 UBS PARA CADA INSTITUCIÓN EDUCATIVA  COMPONENTE 03 ADECUADA CAPACIDAD TÉCNICA Y ADMINISTRATIVA DE LA JASS SE PLANTEA LA REALIZACIÓN DE UN PROGRAMA DE CAPACITACIÓN PARA LA JASS DONDE SE REALIZAN 03 TALLERES EN TEMAS COMO T1 ADMINISTRACIÓN CONTABILIDAD Y MANEJO DE ALMACÉN T2 OPERACIÓN Y MANTENIMIENTO DEL SISTEMA DE AGUA Y T3 CLORACIÓN Y DESINFECCIÓN DEL SISTEMA DE AGUA  COMPONENTE 04 MEJORA DE LOS NIVELES DE EDUCACIÓN SANITARIA SE PLANTA UN PROGRAMA DE CAPACITACIÓN EN EDUCACIÓN SANITARIA DIRIGIDO A LOS BENEFICIARIOS DEL PROYECTO DONDE SE DESARROLLAN 06 TALLERES EN TEMAS COMO T1 METODOLOGÍA DE CAPACITACIÓN A ADULTOS T2 ENFERMEDADES PREVALENTES LIGADAS AL SANEAMIENTO BÁSICO Y HÁBITOS DE HIGIENE T3HIGIENE PERSONAL VIVIENDA Y AMBIENTAL USO Y T4 CUIDADO DEL AGUA T5 ELIMINACIÓN ADECUADA DE EXCRETAS Y T6 OPERACIÓN Y MANTENIMIENTO DE LA UBS,OPENSTREETMAP_NOMINATIM,APROXIMADA_DISTRITO,https://nominatim.openstreetmap.org,Coordenada referencial del distrito ZEPITA. No representa la ubicación exacta de la infraestructura.,COMPLETADO_APROXIMADO
2275106,OFICIAL_SANEAMIENTO,Clasificado oficialmente por el MEF en la función SANEAMIENTO,321202,"CREACION DEL SERVICIO DE AGUA POTABLE Y SANEAMIENTO  EN LAS PARCIALIDADES DE ALQUIPA, INCHUPALLA Y QUECAÑAMAYA, DEL CENTRO POBLADO DE SAN ISIDRO, DEL DISTRITO DE ILAVE, PROVINCIA DE EL COLLAO - PUNO",PIP MAYOR (SNIP),GL,GOBIERNOS LOCALES,MUNICIPALIDAD PROVINCIAL DE EL COLLAO,OPMI DE LA MUNICIPALIDAD PROVINCIAL DE EL COLLAO,UF DE LA MUNICIPALIDAD PROVINCIAL DE EL COLLAO,UEI DE LA MUNICIPALIDAD PROVINCIAL DE EL COLLAO,301640,MUNICIPALIDAD PROVINCIAL EL COLLAO - ILAVE,SANEAMIENTO,SANEAMIENTO,SANEAMIENTO RURAL,,ACTIVO,VIABLE,2015-09-18 00:00:00,2015-09-18 00:00:00,SNIP,3660877.0,4732274.47,0.0,0.0,0.0,83581.67,NO,,,,,201912,202212,4648692.8,0.0,0.0,0,0.0,0.0,SI,4581879.73,SI,Ejecución física (C),SI,SI,99.94,99.94,2026-05-22 16:46:37,2016-03-30 00:00:00,2023-08-08 00:00:00,2019-12-16 00:00:00,2021-01-13 00:00:00,NO,NO,,,PUNO,EL COLLAO,ILAVE,210501,-16.2344765,-69.6749664,CAPTACIÓN DE POZO TUBULAR PARA BOMBEO DE 12 CON SISTEMA ROTATORIO CON UNA PROFUNDIDAD CON TUBERÍA PVC CON FILTRO D6 Y SUMINISTRO E INSTALACIÓN DE TUBERÍAS VÁLVULAS CLORADOR Y MUROS CONSTRUCCIÓN DE RESERVORIO DE CONCRETO FC 210 KGCM2   INSTALACIÓN DE REDES DE CONDUCCIÓN  DISTRIBUCIÓN CON TUBERÍAS DE PVC SAP DE 3 PVC SAP C10 DE 1 12 PVC SAP  1 PVC SAP C75  34 Y PVC SAP C75  12 INSTALACIÓN DE PILETAS DOMICILIARIAS DE CONCRETO SIMPLE DE FC145 KGCM2 CON ACABADO TARRAJEADO CONSTRUCCIÓN DE CASETA DE BOMBEO DE CONCRETO ARMADO DE FC175 KGCM2 CON MUROS DE LADRILLO Y CERCO PERÍMETRO DE CONCRETO FC140 KGCM2 CON POSTES DE FIERRO GALVANIZADO DE D2 CONSTRUCCIÓN DE CASETA SANITARIA PARA BIODIGESTORES DE CONCRETO FC210 KGCM2 EN VIGAS Y CON PISO DE CONCRETO DE 4 CON PUERTA METÁLICA DE 075X180 M INCLUIDO COLOCACIÓN CONSTRUCCIÓN DE CAJA DE CONTROL DE VÁLVULAS Y LODOS DE CONCRETO FC175 KGCM2 INCLUIDO SOLADO DE CONCRETO DE E4 INSTALACIONES SANITARIAS PARA BIODIGESTORES E INSTALACIÓN DE TUBERÍAS PARA BIODIGESTORES CRIBADA PVC D2 CON SUMINISTRO E INSTALACIÓN CAPACITACIONES A LA POBLACIÓN Y LA JASS EN ACCIONES PRELIMINARES DURANTE Y DESPUÉS DEL PROYECTO,ADMINISTRACIÓN INDIRECTA - POR CONTRATA,NO,1077,2026,0.0,0.0,CAPTACIÓN DE POZO TUBULAR PARA BOMBEO DE 12 CON SISTEMA ROTATORIO CON UNA PROFUNDIDAD CON TUBERÍA PVC CON FILTRO D6 Y SUMINISTRO E INSTALACIÓN DE TUBERÍAS VÁLVULAS CLORADOR Y MUROS CONSTRUCCIÓN DE RESERVORIO DE CONCRETO FC 210 KGCM2   INSTALACIÓN DE REDES DE CONDUCCIÓN  DISTRIBUCIÓN CON TUBERÍAS DE PVC SAP DE 3 PVC SAP C10 DE 1 12 PVC SAP  1 PVC SAP C75  34 Y PVC SAP C75  12 INSTALACIÓN DE PILETAS DOMICILIARIAS DE CONCRETO SIMPLE DE FC145 KGCM2 CON ACABADO TARRAJEADO CONSTRUCCIÓN DE CASETA DE BOMBEO DE CONCRETO ARMADO DE FC175 KGCM2 CON MUROS DE LADRILLO Y CERCO PERÍMETRO DE CONCRETO FC140 KGCM2 CON POSTES DE FIERRO GALVANIZADO DE D2 CONSTRUCCIÓN DE CASETA SANITARIA PARA BIODIGESTORES DE CONCRETO FC210 KGCM2 EN VIGAS Y CON PISO DE CONCRETO DE 4 CON PUERTA METÁLICA DE 075X180 M INCLUIDO COLOCACIÓN CONSTRUCCIÓN DE CAJA DE CONTROL DE VÁLVULAS Y LODOS DE CONCRETO FC175 KGCM2 INCLUIDO SOLADO DE CONCRETO DE E4 INSTALACIONES SANITARIAS PARA BIODIGESTORES E INSTALACIÓN DE TUBERÍAS PARA BIODIGESTORES CRIBADA PVC D2 CON SUMINISTRO E INSTALACIÓN CAPACITACIONES A LA POBLACIÓN Y LA JASS EN ACCIONES PRELIMINARES DURANTE Y DESPUÉS DEL PROYECTO,OPENSTREETMAP_NOMINATIM,APROXIMADA_DISTRITO,https://nominatim.openstreetmap.org,Coordenada referencial del distrito ILAVE. No representa la ubicación exacta de la infraestructura.,COMPLETADO_APROXIMADO
2189450,OFICIAL_SANEAMIENTO,Clasificado oficialmente por el MEF en la función SANEAMIENTO,268557,"INSTALACION DE SERVICIOS DE AGUA POTABLE Y DISPOSICION SANITARIA DE EXCRETAS EN EL SECTOR HUARA HUARA DE LA COMUNIDAD CAMPESINA SICUYANI, DISTRITO DE ZEPITA - CHUCUITO - PUNO",PIP MAYOR (SNIP),GR,GOBIERNOS REGIONALES,GOBIERNO REGIONAL PUNO,OPMI DEL GOBIERNO REGIONAL PUNO,UF DE LA GOBIERNO REGIONAL PUNO,UEI DEL PROGRAMA NACIONAL DE SANEAMIENTO RURAL,1443,PROGRAMA NACIONAL DE SANEAMIENTO RURAL,SANEAMIENTO,SANEAMIENTO,SANEAMIENTO RURAL,,ACTIVO,VIABLE,2013-07-23 00:00:00,2013-08-21 00:00:00,SNIP,5146811.0,4465759.08,0.0,0.0,0.0,62211.74,SI,5000.0,36961.74,0.0,0.0,201403,202608,4398797.34,3250.0,5000.0,4750,4750.0,4750.0,SI,4876032.09,SI,Ejecución física (C),SI,SI,98.31,98.31,2026-02-16 19:48:51,2015-09-22 00:00:00,2027-01-14 00:00:00,2015-09-22 00:00:00,2027-01-14 00:00:00,NO,NO,,,PUNO,CHUCUITO,ZEPITA,210407,-16.4970626,-69.1901129,Componente 01 Adecuado servicio de agua potablese plantea la construcción de un sistema de agua potable que contempla La construcción de 02 Pozos excavados TIPO CAISSON de 15 m de profundidad con su respectiva caseta de bombeo y equipamiento hidráulico diseñado para un caudal acumulado de  Q  127 lp se instalara líneas de  impulsión de 7830 ml con tubería de PVC  U UF NTP ISO 4422 PN 10 DN 2 y PVC  U SP PN 10 DN 1  se construirán 02 reservorios de tipo elevado de 41 m3 y 25m con fuste de 10 m se Instalaran de línea de aducción y redes de distribución 1152160 ml de tubería de PVC U SP PN 10 DN 1 185967 ml tubería de PVC U SP PN 10 DN y 419177 ml tubería de PVC U SP PN 10 DN  Instalación de 178 conexiones domiciliarias de agua potable incluye lavadero y ducha  Componente 02 Adecuado servicio de disposición sanitaria de excretas  Se ha considerado la implementación de 182 UBS tipo sin arrastre hidráulico 169 para viviendas una por vivienda 03 para instituciones sociales y 10 UBS para la Institución Educativa  Componente 03 Adecuada capacidad técnica y administrativa de la JASS  Se plantea la realización de un programa de capacitación para la JASS donde se realizan 03 talleres en temas como T1 Administración Contabilidad y Manejo de Almacén T2 Operación y Mantenimiento del Sistema de Agua y T3 Cloración y Desinfección del Sistema de Agua  Componente 04 Mejora de los niveles de educación sanitaria  Se planta un programa de capacitación en educación sanitaria dirigido a los beneficiarios del proyecto donde se desarrollan 06 talleres en temas como T1 Metodología de capacitación a adultos T2 Enfermedades prevalentes ligadas al saneamiento básico y hábitos de higiene T3Higiene personal vivienda y ambiental T4Uso y Cuidado del agua T5 Eliminación adecuada de excretas y T6 Operación y Mantenimiento de la UBS,ADMINISTRACIÓN INDIRECTA - POR CONTRATA,NO,694,2026,0.0,0.0,Componente 01 Adecuado servicio de agua potablese plantea la construcción de un sistema de agua potable que contempla La construcción de 02 Pozos excavados TIPO CAISSON de 15 m de profundidad con su respectiva caseta de bombeo y equipamiento hidráulico diseñado para un caudal acumulado de  Q  127 lp se instalara líneas de  impulsión de 7830 ml con tubería de PVC  U UF NTP ISO 4422 PN 10 DN 2 y PVC  U SP PN 10 DN 1  se construirán 02 reservorios de tipo elevado de 41 m3 y 25m con fuste de 10 m se Instalaran de línea de aducción y redes de distribución 1152160 ml de tubería de PVC U SP PN 10 DN 1 185967 ml tubería de PVC U SP PN 10 DN y 419177 ml tubería de PVC U SP PN 10 DN  Instalación de 178 conexiones domiciliarias de agua potable incluye lavadero y ducha  Componente 02 Adecuado servicio de disposición sanitaria de excretas  Se ha considerado la implementación de 182 UBS tipo sin arrastre hidráulico 169 para viviendas una por vivienda 03 para instituciones sociales y 10 UBS para la Institución Educativa  Componente 03 Adecuada capacidad técnica y administrativa de la JASS  Se plantea la realización de un programa de capacitación para la JASS donde se realizan 03 talleres en temas como T1 Administración Contabilidad y Manejo de Almacén T2 Operación y Mantenimiento del Sistema de Agua y T3 Cloración y Desinfección del Sistema de Agua  Componente 04 Mejora de los niveles de educación sanitaria  Se planta un programa de capacitación en educación sanitaria dirigido a los beneficiarios del proyecto donde se desarrollan 06 talleres en temas como T1 Metodología de capacitación a adultos T2 Enfermedades prevalentes ligadas al saneamiento básico y hábitos de higiene T3Higiene personal vivienda y ambiental T4Uso y Cuidado del agua T5 Eliminación adecuada de excretas y T6 Operación y Mantenimiento de la UBS,OPENSTREETMAP_NOMINATIM,APROXIMADA_DISTRITO,https://nominatim.openstreetmap.org,Coordenada referencial del distrito ZEPITA. No representa la ubicación exacta de la infraestructura.,COMPLETADO_APROXIMADO
2171246,OFICIAL_SANEAMIENTO,Clasificado oficialmente por el MEF en la función SANEAMIENTO,240626,"MEJORAMIENTO, AMPLIACION DEL SERVICIO DE AGUA POTABLE Y DISPOSICIÓN SANITARIA DE EXCRETAS EN LA COMUNIDAD CAMPESINA DE LACACHI DEL CENTRO POBLADO DE TOTORANI, DISTRITO DE ACORA - PUNO - PUNO",PIP MAYOR (SNIP),GR,GOBIERNOS REGIONALES,GOBIERNO REGIONAL PUNO,OPMI DEL GOBIERNO REGIONAL PUNO,UF DE LA GOBIERNO REGIONAL PUNO,UEI DEL PROGRAMA NACIONAL DE SANEAMIENTO RURAL,1443,PROGRAMA NACIONAL DE SANEAMIENTO RURAL,SANEAMIENTO,SANEAMIENTO,SANEAMIENTO RURAL,,ACTIVO,VIABLE,2012-11-19 00:00:00,2013-03-08 00:00:00,SNIP,3317533.0,3434457.97,0.0,0.0,0.0,459338.13,SI,0.0,35000.0,45000.0,29338.13,201403,202511,2975119.84,0.0,,0,,,SI,3384606.55,SI,Ejecución física (C),SI,SI,86.6,84.63,2026-02-17 10:05:24,2013-03-08 00:00:00,2029-02-01 00:00:00,2013-03-08 00:00:00,2029-02-01 00:00:00,NO,NO,,,PUNO,PUNO,ACORA,210102,-16.2723754,-69.9035444,SISTEMA DE AGUA POTABLE POR GRAVEDAD SIN TRATAMIENTO ABASTECIMIENTO MEDIANTE TRES 03 CAPTACIONES TIPO MANANTIALES DE LADERA JANCO PHUJO MOROCCOY CHUNTA Y ISWAARANY PHUJO PARA LOS SECTORES DE JAMCHALLANI WILACCOLLO MOLLOJANI SANTA ROSA NUEVA ESPERANZA Y ABASTECIMIENTO MEDIANTE UNA 01 CAPTACIÓN TIPO MANANTIAL DE LADERA LETRA CCALA PARA EL SECTOR LETRA CCALA 1CONSTRUCCIÓN DE TRES 03 NUEVAS ESTRUCTURAS DE CAPTACIÓN  TIPO MANANTIAL DE LADERA SIENDO EL NOMBRE DE LAS FUENTES JANCO PHUJO MOROCCOY CHUNTA Y ISWAARANY PHUJO PARA 134 VIVIENDAS DOMÉSTICAS 02 ESTATALES Y 03 SOCIALES INSTALACIÓN DE DOS 02 CÁMARAS DE REUNIÓN EN LA LÍNEA DE CONDUCCIÓN INSTALACIÓN DE UNA 01 CÁMARAS ROMPE PRESIÓN EN LA LÍNEA DE CONDUCCIÓN INSTALACIÓN DE LA LÍNEA DE CONDUCCIÓN PVC DE LONGITUD DE  162545 ML Y UN 01 PASE AÉREO INSTALACIÓN DE UNA 01 VÁLVULA DE AIRE Y CUATRO 04 VÁLVULAS DE PURGA EN LA LÍNEA DE CONDUCCIÓN IMPLEMENTACIÓN DEL SISTEMA DE DESINFECCIÓN EN EL RESERVORIO PROYECTADO CONSTRUCCIÓN DE UN RESERVORIO APOYADO DE 25 M3 CON CAPACIDAD PARA ABASTECER DE AGUA A TODA LA LOCALIDAD PARA 134 VIVIENDAS INSTALACIÓN DE LA LÍNEA DE ADUCCIÓN PVC DE LONGITUD DE  138265 ML INSTALACIÓN DE TUBERÍAS PARA LAS REDES DE DISTRIBUCIÓN PVC 836173 ML E INSTALACIÓN DE CONEXIONES INTRADOMICILIARIAS INCLUYE LAVADERO Y POZO DE DRENAJE PARA 139 VIVIENDAS HABITADAS INSTALACIÓN DE DIEZ 10 VÁLVULAS DE CONTROL Y TRECE 13 VÁLVULAS DE PURGA EN LAS REDES DE DISTRIBUCIÓN CONSTRUCCIÓN DE UNA 01 NUEVA ESTRUCTURA DE CAPTACIÓN TIPO MANANTIAL DE LADERA SIENDO EL NOMBRE DE LA FUENTE LETRA CCALA PARA 13 VIVIENDAS INSTALACIÓN DE LA LÍNEA DE CONDUCCIÓN PVC DE LONGITUD DE  4350 ML  IMPLEMENTACIÓN DEL SISTEMA DE DESINFECCIÓN EN EL RESERVORIO PROYECTADO CONSTRUCCIÓN DE UN RESERVORIO APOYADO DE 5 M3 CON CAPACIDAD PARA ABASTECER DE AGUA A TODA LA LOCALIDAD PARA 13 VIVIENDAS UN SECTOR INSTALACIÓN DE LA LÍNEA DE ADUCCIÓN PVC DE LONGITUD DE  9345 ML  INSTALACIÓN DE TUBERÍAS PARA LAS REDES DE DISTRIBUCIÓN PVC 164656 ML E INSTALACIÓN DE CONEXIONES INTRADOMICILIARIAS INCLUYE LAVADERO Y POZO DE DRENAJE PARA 13 VIVIENDAS HABITADAS INSTALACIÓN DE DOS 02 VÁLVULAS DE CONTROL Y TRES 03 VÁLVULAS DE PURGA EN LAS REDES DE DISTRIBUCIÓN CONSTRUCCIÓN DE 13 UBS PARA EL SECTOR LETRA CALA Y 141 UBS PARA LOS SECTORES DE JAMCHALLANI WILACCOLLO MOLLOJANI SANTA ROSA NUEVA ESPERANZA FORTALECIMIENTO EN GESTIÓN DE SERVICIOS E INTERVENCIÓN SOCIAL,ADMINISTRACIÓN INDIRECTA - POR CONTRATA,NO,481,2026,0.0,0.0,SISTEMA DE AGUA POTABLE POR GRAVEDAD SIN TRATAMIENTO ABASTECIMIENTO MEDIANTE TRES 03 CAPTACIONES TIPO MANANTIALES DE LADERA JANCO PHUJO MOROCCOY CHUNTA Y ISWAARANY PHUJO PARA LOS SECTORES DE JAMCHALLANI WILACCOLLO MOLLOJANI SANTA ROSA NUEVA ESPERANZA Y ABASTECIMIENTO MEDIANTE UNA 01 CAPTACIÓN TIPO MANANTIAL DE LADERA LETRA CCALA PARA EL SECTOR LETRA CCALA 1CONSTRUCCIÓN DE TRES 03 NUEVAS ESTRUCTURAS DE CAPTACIÓN  TIPO MANANTIAL DE LADERA SIENDO EL NOMBRE DE LAS FUENTES JANCO PHUJO MOROCCOY CHUNTA Y ISWAARANY PHUJO PARA 134 VIVIENDAS DOMÉSTICAS 02 ESTATALES Y 03 SOCIALES INSTALACIÓN DE DOS 02 CÁMARAS DE REUNIÓN EN LA LÍNEA DE CONDUCCIÓN INSTALACIÓN DE UNA 01 CÁMARAS ROMPE PRESIÓN EN LA LÍNEA DE CONDUCCIÓN INSTALACIÓN DE LA LÍNEA DE CONDUCCIÓN PVC DE LONGITUD DE  162545 ML Y UN 01 PASE AÉREO INSTALACIÓN DE UNA 01 VÁLVULA DE AIRE Y CUATRO 04 VÁLVULAS DE PURGA EN LA LÍNEA DE CONDUCCIÓN IMPLEMENTACIÓN DEL SISTEMA DE DESINFECCIÓN EN EL RESERVORIO PROYECTADO CONSTRUCCIÓN DE UN RESERVORIO APOYADO DE 25 M3 CON CAPACIDAD PARA ABASTECER DE AGUA A TODA LA LOCALIDAD PARA 134 VIVIENDAS INSTALACIÓN DE LA LÍNEA DE ADUCCIÓN PVC DE LONGITUD DE  138265 ML INSTALACIÓN DE TUBERÍAS PARA LAS REDES DE DISTRIBUCIÓN PVC 836173 ML E INSTALACIÓN DE CONEXIONES INTRADOMICILIARIAS INCLUYE LAVADERO Y POZO DE DRENAJE PARA 139 VIVIENDAS HABITADAS INSTALACIÓN DE DIEZ 10 VÁLVULAS DE CONTROL Y TRECE 13 VÁLVULAS DE PURGA EN LAS REDES DE DISTRIBUCIÓN CONSTRUCCIÓN DE UNA 01 NUEVA ESTRUCTURA DE CAPTACIÓN TIPO MANANTIAL DE LADERA SIENDO EL NOMBRE DE LA FUENTE LETRA CCALA PARA 13 VIVIENDAS INSTALACIÓN DE LA LÍNEA DE CONDUCCIÓN PVC DE LONGITUD DE  4350 ML  IMPLEMENTACIÓN DEL SISTEMA DE DESINFECCIÓN EN EL RESERVORIO PROYECTADO CONSTRUCCIÓN DE UN RESERVORIO APOYADO DE 5 M3 CON CAPACIDAD PARA ABASTECER DE AGUA A TODA LA LOCALIDAD PARA 13 VIVIENDAS UN SECTOR INSTALACIÓN DE LA LÍNEA DE ADUCCIÓN PVC DE LONGITUD DE  9345 ML  INSTALACIÓN DE TUBERÍAS PARA LAS REDES DE DISTRIBUCIÓN PVC 164656 ML E INSTALACIÓN DE CONEXIONES INTRADOMICILIARIAS INCLUYE LAVADERO Y POZO DE DRENAJE PARA 13 VIVIENDAS HABITADAS INSTALACIÓN DE DOS 02 VÁLVULAS DE CONTROL Y TRES 03 VÁLVULAS DE PURGA EN LAS REDES DE DISTRIBUCIÓN CONSTRUCCIÓN DE 13 UBS PARA EL SECTOR LETRA CALA Y 141 UBS PARA LOS SECTORES DE JAMCHALLANI WILACCOLLO MOLLOJANI SANTA ROSA NUEVA ESPERANZA FORTALECIMIENTO EN GESTIÓN DE SERVICIOS E INTERVENCIÓN SOCIAL,OPENSTREETMAP_NOMINATIM,APROXIMADA_DISTRITO,https://nominatim.openstreetmap.org,Coordenada referencial del distrito ACORA. No representa la ubicación exacta de la infraestructura.,COMPLETADO_APROXIMADO
2189446,OFICIAL_SANEAMIENTO,Clasificado oficialmente por el MEF en la función SANEAMIENTO,261390,"AMPLIACION Y MEJORAMIENTO DEL SERVICIO DE AGUA POTABLE Y DISPOSICION SANITARIA DE EXCRETAS EN LAS PARCIALIDADES DE QUIMBALITA Y CONCEPCION INGENIO, DISTRITO DE HUACULLANI - CHUCUITO - PUNO",PIP MAYOR (SNIP),GR,GOBIERNOS REGIONALES,GOBIERNO REGIONAL PUNO,OPMI DEL GOBIERNO REGIONAL PUNO,UF DE LA GOBIERNO REGIONAL PUNO,UEI DEL PROGRAMA NACIONAL DE SANEAMIENTO RURAL,1443,PROGRAMA NACIONAL DE SANEAMIENTO RURAL,SANEAMIENTO,SANEAMIENTO,SANEAMIENTO RURAL,,ACTIVO,VIABLE,2013-05-23 00:00:00,2013-07-15 00:00:00,SNIP,3059597.0,2833805.87,0.0,0.0,61867.49,296370.14,SI,10000.0,35000.0,32137.63,0.0,201403,202607,2528535.73,8000.0,10000.0,8900,8900.0,8900.0,SI,3105493.67,SI,Ejecución física (C),SI,SI,97.2,97.2,2026-02-17 14:45:23,2013-07-16 00:00:00,2028-06-30 00:00:00,2017-05-16 00:00:00,2018-06-11 00:00:00,NO,NO,,,PUNO,CHUCUITO,HUACULLANI,210403,-16.6302449,-69.3222231,SISTEMA DE AGUA     CONSTRUCCIÓN DE 9 CAPTACIONES TIPO MANANTIAL EN LADERA    INSTALACIÓN DE 585 ML DE LÍNEA DE CONDUCCIÓN DE 1 Y  DE DIÁMETRO     CONSTRUCCIÓN DE 03 RESERVORIO DE TIPO APOYADO 2  RESERVORIOS DE 12 M3 Y 1 DE 35 M3 DE CAPACIDAD     INSTALACIÓN DE 15158 ML DE LÍNEA DE ADUCCIÓN Y RED DE DISTRIBUCIÓN CON LAS SIGUIENTES LONGITUDES       241 M DE 114 DE DIÁMETRO        3854 M DE 1 DE DIÁMETRO       9800 M DE 34 DE DIÁMETRO       1263 M DE 12 DE DIÁMETRO     INSTALACIÓN DE 69 CONEXIONES DOMICILIARIAS INCLUYE LAVADERO SIMPLE      INSTALACIÓN DE 69UBSS TIPO CON ARRASTRE HIDRÁULICO 67 EN VIVIENDAS Y 02 EN LOCALES  SOCIALES      IMPLEMENTACIÓN DE UN PROGRAMA DE FORTALECIMIENTO DE GESTIÓN ADMINISTRATIVA Y OPERACIONAL DE LOS SISTEMAS     IMPLEMENTACIÓN DE UN PROGRAMA DE CAPACITACIÓN Y SENSIBILIZACIÓN DE LA POBLACIÓN,ADMINISTRACIÓN INDIRECTA - POR CONTRATA,NO,198,2026,0.0,0.0,SISTEMA DE AGUA     CONSTRUCCIÓN DE 9 CAPTACIONES TIPO MANANTIAL EN LADERA    INSTALACIÓN DE 585 ML DE LÍNEA DE CONDUCCIÓN DE 1 Y  DE DIÁMETRO     CONSTRUCCIÓN DE 03 RESERVORIO DE TIPO APOYADO 2  RESERVORIOS DE 12 M3 Y 1 DE 35 M3 DE CAPACIDAD     INSTALACIÓN DE 15158 ML DE LÍNEA DE ADUCCIÓN Y RED DE DISTRIBUCIÓN CON LAS SIGUIENTES LONGITUDES       241 M DE 114 DE DIÁMETRO        3854 M DE 1 DE DIÁMETRO       9800 M DE 34 DE DIÁMETRO       1263 M DE 12 DE DIÁMETRO     INSTALACIÓN DE 69 CONEXIONES DOMICILIARIAS INCLUYE LAVADERO SIMPLE      INSTALACIÓN DE 69UBSS TIPO CON ARRASTRE HIDRÁULICO 67 EN VIVIENDAS Y 02 EN LOCALES  SOCIALES      IMPLEMENTACIÓN DE UN PROGRAMA DE FORTALECIMIENTO DE GESTIÓN ADMINISTRATIVA Y OPERACIONAL DE LOS SISTEMAS     IMPLEMENTACIÓN DE UN PROGRAMA DE CAPACITACIÓN Y SENSIBILIZACIÓN DE LA POBLACIÓN,OPENSTREETMAP_NOMINATIM,APROXIMADA_DISTRITO,https://nominatim.openstreetmap.org,Coordenada referencial del distrito HUACULLANI. No representa la ubicación exacta de la infraestructura.,COMPLETADO_APROXIMADO
2180946,OFICIAL_SANEAMIENTO,Clasificado oficialmente por el MEF en la función SANEAMIENTO,263970,"INSTALACION Y MEJORAMIENTO DEL SERVICIO DE DISPOSICION SANITARIA DE EXCRETAS CON EL SISTEMA BIODIGESTOR EN LA ISLA SUANA, DISTRITO DE ANAPIA - YUNGUYO - PUNO",PIP MENOR (SNIP),GL,GOBIERNOS LOCALES,MUNICIPALIDAD DISTRITAL DE ANAPIA,OPMI DE LA MUNICIPALIDAD DISTRITAL DE ANAPIA,UF DE LA MUNICIPALIDAD DISTRITAL DE ANAPIA,UEI DE LA MUNICIPALIDAD DISTRITAL DE ANAPIA,301695,MUNICIPALIDAD DISTRITAL DE ANAPIA,SANEAMIENTO,SANEAMIENTO,SANEAMIENTO RURAL,,ACTIVO,VIABLE,2013-06-14 00:00:00,2013-06-14 00:00:00,SNIP,183100.0,183100.0,0.0,0.0,0.0,36427.8,NO,,,,,201309,201312,146672.2,0.0,,0,,,NO,0.0,SI,Aprobación de consistencia o modificaciones antes de la aprobación del ET o ET (A),NO,NO,,,,,,,,NO,SI,2019-11-29 22:14:07,Pendiente de liquidación,PUNO,YUNGUYO,ANAPIA,211302,-16.3137957,-68.8528908,INSTALACIÓN Y MEJORAMIENTO DE 78 UNIDADES DE SISTEMA SANITARIO BIODIGESTOR DE 600 LITROS ESTRUCTURA DE CAJAS DE REGISTRO DE LODOS  CON MUROS DE CONCRETO Y LAS TAPAS DE CONCRETO ARMADO CON TUBERÍA DE PVC SAL DE 2 CONSTRUCCIÓN DE REDES COLECTORAS CON TUBERÍA PVC SAL DE 4,ADMINISTRACIÓN DIRECTA,NO,390,2026,0.0,0.0,INSTALACIÓN Y MEJORAMIENTO DE 78 UNIDADES DE SISTEMA SANITARIO BIODIGESTOR DE 600 LITROS ESTRUCTURA DE CAJAS DE REGISTRO DE LODOS  CON MUROS DE CONCRETO Y LAS TAPAS DE CONCRETO ARMADO CON TUBERÍA DE PVC SAL DE 2 CONSTRUCCIÓN DE REDES COLECTORAS CON TUBERÍA PVC SAL DE 4,OPENSTREETMAP_NOMINATIM,APROXIMADA_DISTRITO,https://nominatim.openstreetmap.org,Coordenada referencial del distrito ANAPIA. No representa la ubicación exacta de la infraestructura.,COMPLETADO_APROXIMADO
2220466,OFICIAL_SANEAMIENTO,Clasificado oficialmente por el MEF en la función SANEAMIENTO,232545,"INSTALACION DE SISTEMA DE AGUA POTABLE, SANEAMIENTO Y SISTEMA DE GESTION AMBIENTAL EN LA COMUNIDAD CAMPESINA TRAPICHE, DISTRITO DE ANANEA - SAN ANTONIO DE PUTINA - PUNO",PIP MENOR (SNIP),GL,GOBIERNOS LOCALES,MUNICIPALIDAD DISTRITAL DE ANANEA,OPMI DE LA MUNICIPALIDAD DISTRITAL DE ANANEA,UF DE LA MUNICIPALIDAD DISTRITAL DE ANANEA,UEI DE LA MUNICIPALIDAD DISTRITAL DE ANANEA,301677,MUNICIPALIDAD DISTRITAL DE ANANEA,SANEAMIENTO,SANEAMIENTO,SANEAMIENTO RURAL,,ACTIVO,VIABLE,2012-09-21 00:00:00,2012-09-27 00:00:00,SNIP,683898.0,1435611.82,0.0,0.0,0.0,35090.59,NO,,,,,201309,202312,1400521.23,0.0,,0,,,SI,865260.42,SI,Ejecución física (C),SI,SI,100.0,100.0,2024-01-16 22:22:05,2021-05-03 00:00:00,2025-11-28 00:00:00,2021-09-16 00:00:00,2021-11-29 00:00:00,NO,NO,,,PUNO,SAN ANTONIO DE PUTINA,ANANEA,211002,-14.6784404,-69.5352298,INSTALACIÓN DEL SISTEMA DE AGUA POTABLE CON CAPTACIÓN DE UN MANANTIAL AGUA SUBTERRÁNEA POR GRAVEDAD SIN TRATAMIENTO INSTALACIÓN DE REDES DE CONDUCCIÓN Y CONEXIONES DOMICILIARIAS CONSTRUCCIÓN DE LETRINAS SANITARIAS CON SISTEMA DE ARRASTRE HIDRÁULICO  POZO U HOYO INSTALACIÓN DE MICRO RELLENOS SANITARIOS UNO POR FAMILIA Y CAPACITACIÓN EN EDUCACIÓN SANITARIA SOBRE ADECUADOS PRÁCTICAS DE HIGIENE A LA POBLACIÓN BENEFICIARIA Y A LA JASS Y CAPACITACIÓN EN ADECUADO MANEJO DE RESIDUOS SALIDOS,ADMINISTRACIÓN DIRECTA,NO,689,2026,0.0,0.0,INSTALACIÓN DEL SISTEMA DE AGUA POTABLE CON CAPTACIÓN DE UN MANANTIAL AGUA SUBTERRÁNEA POR GRAVEDAD SIN TRATAMIENTO INSTALACIÓN DE REDES DE CONDUCCIÓN Y CONEXIONES DOMICILIARIAS CONSTRUCCIÓN DE LETRINAS SANITARIAS CON SISTEMA DE ARRASTRE HIDRÁULICO  POZO U HOYO INSTALACIÓN DE MICRO RELLENOS SANITARIOS UNO POR FAMILIA Y CAPACITACIÓN EN EDUCACIÓN SANITARIA SOBRE ADECUADOS PRÁCTICAS DE HIGIENE A LA POBLACIÓN BENEFICIARIA Y A LA JASS Y CAPACITACIÓN EN ADECUADO MANEJO DE RESIDUOS SALIDOS,OPENSTREETMAP_NOMINATIM,APROXIMADA_DISTRITO,https://nominatim.openstreetmap.org,Coordenada referencial del distrito ANANEA. No representa la ubicación exacta de la infraestructura.,COMPLETADO_APROXIMADO
2197315,OFICIAL_SANEAMIENTO,Clasificado oficialmente por el MEF en la función SANEAMIENTO,274690,"MEJORAMIENTO DEL SISTEMA DE AGUA POTABLE E INSTALACION DE LETRINAS CON ARRASTRE HIDRAULICO PARA LAS LOCALIDADES DE QUENTA, CENTRO Y BAJO CHAMBALAYA, DISTRITO DE PISACOMA - CHUCUITO - PUNO",PIP MENOR (SNIP),GL,GOBIERNOS LOCALES,MUNICIPALIDAD DISTRITAL DE PISACOMA,OPMI DE LA MUNICIPALIDAD DISTRITAL DE PISACOMA,UF DE LA MUNICIPALIDAD DISTRITAL DE PISACOMA,UEI DE LA MUNICIPALIDAD DISTRITAL DE PISACOMA,301637,MUNICIPALIDAD DISTRITAL DE PISACOMA,SANEAMIENTO,SANEAMIENTO,SANEAMIENTO RURAL,,ACTIVO,VIABLE,2013-09-24 00:00:00,2013-09-27 00:00:00,SNIP,840174.77,954296.46,0.0,0.0,0.0,23051.49,NO,,,,,201510,201807,931244.97,0.0,,0,,,SI,954296.46,SI,Aprobación de consistencia o modificaciones antes de la aprobación del ET o ET (A),NO,NO,,,,,,,,NO,NO,,,PUNO,CHUCUITO,PISACOMA,210405,-16.9081006,-69.3713066,INSTALACION DEL SISTEMA DE AGUA POTABLE INSTALACION DE SANEAMIENTO BASICO EXPEDIENTE SOCIAL Y MITIGACION AMBIENTAL,ADMINISTRACIÓN DIRECTA,NO,743,2026,0.0,0.0,INSTALACION DEL SISTEMA DE AGUA POTABLE INSTALACION DE SANEAMIENTO BASICO EXPEDIENTE SOCIAL Y MITIGACION AMBIENTAL,OPENSTREETMAP_NOMINATIM,APROXIMADA_DISTRITO,https://nominatim.openstreetmap.org,Coordenada referencial del distrito PISACOMA. No representa la ubicación exacta de la infraestructura.,COMPLETADO_APROXIMADO
2238785,OFICIAL_SANEAMIENTO,Clasificado oficialmente por el MEF en la función SANEAMIENTO,269803,"MEJORAMIENTO Y AMPLIACIÓN DE LOS SERVICIOS DE AGUA POTABLE, ALCANTARILLADO Y DISPOSICIÓN DE EXCRETAS EN LA LOCALIDAD DE SAMAN Y SECTORES ., DISTRITO DE SAMAN - AZANGARO - PUNO",PIP MAYOR (SNIP),GL,GOBIERNOS LOCALES,MUNICIPALIDAD DISTRITAL DE SAMAN,OPMI DE LA MUNICIPALIDAD DISTRITAL DE SAMAN,UF DE LA MUNICIPALIDAD DISTRITAL DE SAMAN,UEI DE LA MUNICIPALIDAD DISTRITAL DE SAMAN,301617,MUNICIPALIDAD DISTRITAL DE SAMAN,SANEAMIENTO,SANEAMIENTO,SANEAMIENTO RURAL,,ACTIVO,VIABLE,2013-08-05 00:00:00,2013-09-04 00:00:00,SNIP,6601723.0,5699163.97,0.0,0.0,0.0,10641.32,NO,,,,,201609,202212,5688522.65,0.0,,0,,,SI,5699163.97,SI,Aprobación de consistencia o modificaciones antes de la aprobación del ET o ET (A),NO,NO,,,,,,,,NO,NO,,,PUNO,AZANGARO,SAMAN,210210,-15.2915175,-70.0171834,CONSISTE EN MEJORAR Y AMPLIAR LA INFRAESTRUCTURA EXISTENTE DEL SISTEMA DE AGUA POTABLE CON UNA NUEVA CAPTACIÓN POR BOMBEO CON LA LÍNEA DE IMPULSIÓN DE 506 ML CON TUBERÍAS HDPE DE 3 PLANTA DE TRATAMIENTO DE AGUA POTABLE CON SU ALIMENTADOR DE MEDIANA TENSIÓN RESERVORIO DE 100 M3 AMPLIAR LA RED LINEA DE ADUCCION DISTRIBUCION CON TUBERIA PVC SAP Ø 4 Y CON CONEXIONES DOMICILIARIAS AMPLIACIÓN Y MEJORAMIENTO DE LAS REDES DE ALCANTARILLADO DE PVC S20 DE 160 MM Y DE 200 MM Y CONEXIONES DOMICILIARIAS CON TUBERÍA DE 200 MM CONSTRUCCIÓN DE UNA PLANTA DE TRATAMIENTO DE AGUAS RESIDUALES POR FILTRACIÓN BIOLÓGICA INSTALACIÓN DE UNIDADES DE BÁSICAS DE SANEAMIENTO DE TIPO ECOLÓGICO SENSIBILIZACIÓN A LA POBLACIÓN CON CAMPAÑAS DE EDUCACIÓN SANITARIA CAPACITACIÓN AL PERSONAL TÉCNICO Y ADMINISTRATIVO,ADMINISTRACIÓN INDIRECTA - POR CONTRATA,NO,2192,2026,0.0,0.0,CONSISTE EN MEJORAR Y AMPLIAR LA INFRAESTRUCTURA EXISTENTE DEL SISTEMA DE AGUA POTABLE CON UNA NUEVA CAPTACIÓN POR BOMBEO CON LA LÍNEA DE IMPULSIÓN DE 506 ML CON TUBERÍAS HDPE DE 3 PLANTA DE TRATAMIENTO DE AGUA POTABLE CON SU ALIMENTADOR DE MEDIANA TENSIÓN RESERVORIO DE 100 M3 AMPLIAR LA RED LINEA DE ADUCCION DISTRIBUCION CON TUBERIA PVC SAP Ø 4 Y CON CONEXIONES DOMICILIARIAS AMPLIACIÓN Y MEJORAMIENTO DE LAS REDES DE ALCANTARILLADO DE PVC S20 DE 160 MM Y DE 200 MM Y CONEXIONES DOMICILIARIAS CON TUBERÍA DE 200 MM CONSTRUCCIÓN DE UNA PLANTA DE TRATAMIENTO DE AGUAS RESIDUALES POR FILTRACIÓN BIOLÓGICA INSTALACIÓN DE UNIDADES DE BÁSICAS DE SANEAMIENTO DE TIPO ECOLÓGICO SENSIBILIZACIÓN A LA POBLACIÓN CON CAMPAÑAS DE EDUCACIÓN SANITARIA CAPACITACIÓN AL PERSONAL TÉCNICO Y ADMINISTRATIVO,OPENSTREETMAP_NOMINATIM,APROXIMADA_DISTRITO,https://nominatim.openstreetmap.org,Coordenada referencial del distrito SAMAN. No representa la ubicación exacta de la infraestructura.,COMPLETADO_APROXIMADO
2336732,OFICIAL_SANEAMIENTO,Clasificado oficialmente por el MEF en la función SANEAMIENTO,375745,"CREACION DEL SISTEMA DE AGUA POTABLE Y LETRINAS EN EL SECTOR TRIUNFO SANTA MARIA DE LA COMUNIDAD DE HUANACOMAYO DEL, DISTRITO DE SAN ANTON - AZANGARO - PUNO",PIP MAYOR (SNIP),GL,GOBIERNOS LOCALES,MUNICIPALIDAD DISTRITAL DE SAN ANTON,OPMI DE LA MUNICIPALIDAD DISTRITAL DE SAN ANTON,UF DE LA MUNICIPALIDAD DISTRITAL DE SAN ANTON,UEI DE LA MUNICIPALIDAD DISTRITAL DE SAN ANTON,301618,MUNICIPALIDAD DISTRITAL DE SAN ANTON,SANEAMIENTO,SANEAMIENTO,SANEAMIENTO RURAL,,ACTIVO,VIABLE,2016-12-13 00:00:00,2016-12-20 00:00:00,SNIP,2098640.0,2084393.48,0.0,0.0,0.0,563.26,NO,,,,,201808,202112,2083830.22,0.0,,0,,,SI,2303577.8,SI,Ejecución física (C),SI,SI,99.57,99.57,2021-11-25 10:41:02,2018-11-29 00:00:00,2021-09-16 00:00:00,2020-12-21 00:00:00,2021-04-20 00:00:00,NO,NO,,,PUNO,AZANGARO,SAN ANTON,210211,-14.5196208,-70.2502627,CONSTRUCCIÓN DEL SERVICIO DE SANEAMIENTO BASICO INTEGRAL QUE CONSISTE EN LA CONSTRUCCIÓN DE UN 01 SISTEMA DE AGUA POTABLE 01 PARA EL SECTOR DE TRIUNFO SANTA MARIA DE LA COMUNIDAD DE HUANACOMAYO 02 CAPTACIONES AGUA DE LADERA MANANTIALES LÍNEA DE CONDUCCIÓN EN 713975 ML 04 CÁMARAS ROMPE PRESIÓN 01 RESERVORIO DE 10 M3 LÍNEA DE ADUCCIÓN EN 825 ML 10 VÁLVULAS DE CONTROL LÍNEA DE DISTRIBUCIÓN EN 286770 ML 10 VÁLVULAS DE PURGA Y 66 INSTALACIONES DOMICILIARIAS DOMÉSTICAS Y NO DOMESTICAS ASIMISMO CONSTRUCCIÓN DE 66 UNIDADES BÁSICAS DE SANEAMIENTO TIPO ARRASTRE HIDRÁULICO CON BIODIGESTORES CON MUROS DE LADRILLO KING KONG CUBIERTA DE CALAMINA TIPO TEJA ANDINA INCLUYE DUCHAS Y LAVATORIO FINALMENTE SE IMPLEMENTARÁ ACTIVIDADES DE CAPACITACIÓN EN EDUCACIÓN SANITARIA Y ORGANIZACIÓN,ADMINISTRACIÓN INDIRECTA - POR CONTRATA,NO,360,2026,0.0,0.0,CONSTRUCCIÓN DEL SERVICIO DE SANEAMIENTO BASICO INTEGRAL QUE CONSISTE EN LA CONSTRUCCIÓN DE UN 01 SISTEMA DE AGUA POTABLE 01 PARA EL SECTOR DE TRIUNFO SANTA MARIA DE LA COMUNIDAD DE HUANACOMAYO 02 CAPTACIONES AGUA DE LADERA MANANTIALES LÍNEA DE CONDUCCIÓN EN 713975 ML 04 CÁMARAS ROMPE PRESIÓN 01 RESERVORIO DE 10 M3 LÍNEA DE ADUCCIÓN EN 825 ML 10 VÁLVULAS DE CONTROL LÍNEA DE DISTRIBUCIÓN EN 286770 ML 10 VÁLVULAS DE PURGA Y 66 INSTALACIONES DOMICILIARIAS DOMÉSTICAS Y NO DOMESTICAS ASIMISMO CONSTRUCCIÓN DE 66 UNIDADES BÁSICAS DE SANEAMIENTO TIPO ARRASTRE HIDRÁULICO CON BIODIGESTORES CON MUROS DE LADRILLO KING KONG CUBIERTA DE CALAMINA TIPO TEJA ANDINA INCLUYE DUCHAS Y LAVATORIO FINALMENTE SE IMPLEMENTARÁ ACTIVIDADES DE CAPACITACIÓN EN EDUCACIÓN SANITARIA Y ORGANIZACIÓN,OPENSTREETMAP_NOMINATIM,APROXIMADA_DISTRITO,https://nominatim.openstreetmap.org,Coordenada referencial del distrito SAN ANTON. No representa la ubicación exacta de la infraestructura.,COMPLETADO_APROXIMADO
2199131,OFICIAL_SANEAMIENTO,Clasificado oficialmente por el MEF en la función SANEAMIENTO,256032,"INSTALACION DE SISTEMA DE AGUA POTABLE Y LETRINAS EN EL SECTOR PANCCA YANCAÑA , DISTRITO DE SANTA ROSA - MELGAR - PUNO",PIP MENOR (SNIP),GL,GOBIERNOS LOCALES,MUNICIPALIDAD DISTRITAL DE SANTA ROSA - MELGAR,OPMI DE LA MUNICIPALIDAD DISTRITAL DE SANTA ROSA - MELGAR,UF DE LA MUNICIPALIDAD DISTRITAL DE SANTA ROSA - MELGAR,UEI DE LA MUNICIPALIDAD DISTRITAL DE SANTA ROSA - MELGAR,301670,MUNICIPALIDAD DISTRITAL DE SANTA ROSA,SANEAMIENTO,SANEAMIENTO,SANEAMIENTO RURAL,,ACTIVO,VIABLE,2013-04-08 00:00:00,2013-12-03 00:00:00,SNIP,295513.46,781864.81,0.0,0.0,0.0,89600.51,NO,,,,,201607,202209,692264.3,0.0,,0,,,SI,781864.81,SI,Ejecución física (C),SI,SI,100.0,92.82,2022-10-15 17:51:29,2018-01-02 00:00:00,2023-10-31 00:00:00,2018-01-02 00:00:00,2023-10-31 00:00:00,NO,SI,2026-06-26 15:23:22,Pendiente de liquidación,PUNO,MELGAR,SANTA ROSA,210808,-14.607427,-70.7874774,CAPTACIÓN DE LOS MANANTIALES  ACCO PUJIO VIZCCACHANI PALTACANCHA PANCCA RETIRO KCURI PUJIO MUNAYPATA SALLCA MOCCO N 01 CHULLUNQUIANI TRES CLAVELES LLUTUPUJO PANCCA 10 POR EL SISTEMA DE GRAVEDAD INSTALACIÓN DE LÍNEAS DE CONDUCCIÓN EN 33439 ML CON TUBERÍA PVC DIÁMETRO DE 2 CLASE 10 INSTALACIÓN DE RED MATRIZ CON TUBERÍA PVC CLASE 10 DE  1 EN UNA LONGITUD DE 456110 ML INSTALACIÓN DE RED DE DISTRIBUCIÓN EN 79186 ML CONSTRUCCIÓN DE 04 RESERVORIOS DE 3 M3 CADA UNO Y 07 RESERVORIOS DE 1 M3 CADA UNO INSTALACIÓN DE 22 PILETAS Y 03 PILETAS MEDIANTE POZO TUBULAR CONSTRUCCIÓN DE 25 SERVICIOS HIGIÉNICOS LETRINAS POR ARRASTRE HIDRÁULICO CON ARRASTRE HIDRÁULICO Y CAPACITACIÓN AL JAAS Y CAPACITACIÓN EN IMPORTANCIA DEL VALOR DEL AGUA Y EDUCACIÓN SANITARIA A LA POBLACIÓN ADEMÁS DE MITIGACIÓN DE IMPACTO AMBIENTAL,ADMINISTRACIÓN DIRECTA,NO,107,2026,0.0,0.0,CAPTACIÓN DE LOS MANANTIALES  ACCO PUJIO VIZCCACHANI PALTACANCHA PANCCA RETIRO KCURI PUJIO MUNAYPATA SALLCA MOCCO N 01 CHULLUNQUIANI TRES CLAVELES LLUTUPUJO PANCCA 10 POR EL SISTEMA DE GRAVEDAD INSTALACIÓN DE LÍNEAS DE CONDUCCIÓN EN 33439 ML CON TUBERÍA PVC DIÁMETRO DE 2 CLASE 10 INSTALACIÓN DE RED MATRIZ CON TUBERÍA PVC CLASE 10 DE  1 EN UNA LONGITUD DE 456110 ML INSTALACIÓN DE RED DE DISTRIBUCIÓN EN 79186 ML CONSTRUCCIÓN DE 04 RESERVORIOS DE 3 M3 CADA UNO Y 07 RESERVORIOS DE 1 M3 CADA UNO INSTALACIÓN DE 22 PILETAS Y 03 PILETAS MEDIANTE POZO TUBULAR CONSTRUCCIÓN DE 25 SERVICIOS HIGIÉNICOS LETRINAS POR ARRASTRE HIDRÁULICO CON ARRASTRE HIDRÁULICO Y CAPACITACIÓN AL JAAS Y CAPACITACIÓN EN IMPORTANCIA DEL VALOR DEL AGUA Y EDUCACIÓN SANITARIA A LA POBLACIÓN ADEMÁS DE MITIGACIÓN DE IMPACTO AMBIENTAL,OPENSTREETMAP_NOMINATIM,APROXIMADA_DISTRITO,https://nominatim.openstreetmap.org,Coordenada referencial del distrito SANTA ROSA. No representa la ubicación exacta de la infraestructura.,COMPLETADO_APROXIMADO
2307947,OFICIAL_SANEAMIENTO,Clasificado oficialmente por el MEF en la función SANEAMIENTO,346519,"INSTALACION DE SISTEMA DE ABASTECIMIENTO DE AGUA POTABLE Y SANEAMIENTO RURAL EN LAS COMUNIDADES DE MACHUKAIRANI, AGUA BUENA, HUANCASAYA, CATACHILLA, POSTA, OLLAGACHI DE COCHAPATA  DEL, DISTRITO DE VILQUE - PUNO - PUNO",PIP MAYOR (SNIP),GL,GOBIERNOS LOCALES,MUNICIPALIDAD DISTRITAL DE VILQUE,OPMI DE LA MUNICIPALIDAD DISTRITAL DE VILQUE,AREA DE INFRAESTRUCTURA,UEI DE LA MUNICIPALIDAD DISTRITAL DE VILQUE,301607,MUNICIPALIDAD DISTRITAL DE VILQUE,SANEAMIENTO,SANEAMIENTO,SANEAMIENTO RURAL,,ACTIVO,VIABLE,2016-01-25 00:00:00,2016-05-02 00:00:00,SNIP,5686639.0,9250402.64,0.0,0.0,0.0,492888.98,NO,,,,,201707,202512,8757513.66,0.0,,0,,,SI,9280230.54,SI,Ejecución física (C),SI,SI,90.76,87.91,2024-09-27 10:21:22,2016-12-12 00:00:00,2025-01-31 00:00:00,2022-08-17 00:00:00,2023-12-18 00:00:00,NO,NO,,,PUNO,PUNO,VILQUE,210115,-15.765821,-70.2586427,Consiste en la INSTALACIÓN DE SISTEMA DE SERVICIO DE AGUA POTABLE por sistema de gravedad Se construirá 01 Captación ubicadas en los predios Chacalaya ubicado en la comunidad de Chacalaya línea de conducción de una longitud de 1465600 metros con PVC SAP clase 10 de 1 2 y 3 construcción de 02 Reservorios de 42 m3 con base de concreto FC210 kgcm2 con refuerzo de acero Construcción de 02 cámaras de rompepresión de 340 m2 de terreno con encofrado y desencofrado de muros de concreto fc 210 kgcm2 en 339 m3 y acero de refuerzo de 4200 kgcm2 de 8326 kg con 02 tapas metálicas de inspección de 060x060 m Redes de distribución en 7055895m con tuberías de PVC de 1 1 2 Construcción de cámaras de rompepresión  CRP7 01 UND en 170 m2 Cruce de carretera 07 und En trazo de tierra de 70 m3 con tuberías de PVC de 2 1 1 Cruce de riachuelo 08 und en 48 m suministro de tendido de tuberías de PVC HDPE de 2 1 1 Caseta de válvula 12 und con Válvulas de Control construcción de 12 válvulas de control de d 1   1 Válvulas de purga construcción de 10 und con suministro y colocación de accesorios válvula Purga d 1  1   tipo I flete terrestre prueba de laboratorio plaza recordatoria e impacto ambiental CONSTRUCCIÓN DE SISTEMAS DE EXCRETAS UBS Mediante Sistema de arrastre hidráulico tanque séptica la caseta es albañilería confinada de 310x150x235m de concreto armado fc210 kgcm2 La cubierta es de concreto armado sostenida por vigas de concreto armado La puerta es de metal de 080x200m y la ventana es de metal de 100x040m Programa de Capacitación para las 418 familias sobre EDUCACIÓN SANITARIA y 07 cursos de capacitación para las JASS de las 7 comunidades sobre GESTIÓN DEL SERVICIO,ADMINISTRACIÓN INDIRECTA - POR CONTRATA,NO,2090,2026,0.0,0.0,Consiste en la INSTALACIÓN DE SISTEMA DE SERVICIO DE AGUA POTABLE por sistema de gravedad Se construirá 01 Captación ubicadas en los predios Chacalaya ubicado en la comunidad de Chacalaya línea de conducción de una longitud de 1465600 metros con PVC SAP clase 10 de 1 2 y 3 construcción de 02 Reservorios de 42 m3 con base de concreto FC210 kgcm2 con refuerzo de acero Construcción de 02 cámaras de rompepresión de 340 m2 de terreno con encofrado y desencofrado de muros de concreto fc 210 kgcm2 en 339 m3 y acero de refuerzo de 4200 kgcm2 de 8326 kg con 02 tapas metálicas de inspección de 060x060 m Redes de distribución en 7055895m con tuberías de PVC de 1 1 2 Construcción de cámaras de rompepresión  CRP7 01 UND en 170 m2 Cruce de carretera 07 und En trazo de tierra de 70 m3 con tuberías de PVC de 2 1 1 Cruce de riachuelo 08 und en 48 m suministro de tendido de tuberías de PVC HDPE de 2 1 1 Caseta de válvula 12 und con Válvulas de Control construcción de 12 válvulas de control de d 1   1 Válvulas de purga construcción de 10 und con suministro y colocación de accesorios válvula Purga d 1  1   tipo I flete terrestre prueba de laboratorio plaza recordatoria e impacto ambiental CONSTRUCCIÓN DE SISTEMAS DE EXCRETAS UBS Mediante Sistema de arrastre hidráulico tanque séptica la caseta es albañilería confinada de 310x150x235m de concreto armado fc210 kgcm2 La cubierta es de concreto armado sostenida por vigas de concreto armado La puerta es de metal de 080x200m y la ventana es de metal de 100x040m Programa de Capacitación para las 418 familias sobre EDUCACIÓN SANITARIA y 07 cursos de capacitación para las JASS de las 7 comunidades sobre GESTIÓN DEL SERVICIO,OPENSTREETMAP_NOMINATIM,APROXIMADA_DISTRITO,https://nominatim.openstreetmap.org,Coordenada referencial del distrito VILQUE. No representa la ubicación exacta de la infraestructura.,COMPLETADO_APROXIMADO
2248818,OFICIAL_SANEAMIENTO,Clasificado oficialmente por el MEF en la función SANEAMIENTO,309242,"INSTALACION DEL SISTEMA DE DISPOSICION SANITARIA DE EXCRETAS EN LA COMUNIDAD CAMPESINA DE SUSTIA MUNAYPA, DISTRITO DE HUANCANE, PROVINCIA DE HUANCANE - PUNO",PIP MENOR (SNIP),GL,GOBIERNOS LOCALES,MUNICIPALIDAD PROVINCIAL DE HUANCANE,,UNIDAD FORMULADORA,,301645,MUNICIPALIDAD PROVINCIAL DE HUANCANE,SANEAMIENTO,SANEAMIENTO,SANEAMIENTO RURAL,,ACTIVO,EN FORMULACION,2014-12-18 00:00:00,,SNIP,,0.0,0.0,0.0,0.0,-4392.0,NO,,,,,201611,201611,4392.0,0.0,,0,,,NO,,NO,,NO,NO,,,,,,,,NO,NO,,,PUNO,HUANCANE,HUANCANE,210601,-15.1842883,-69.8235022,INSTALACIÓN DE 79 UNIDADES BÁSICAS DE SANEAMIENTO CONFORMADO POR UN INODORO Y UNA DUCHA ESTARÁ CONSTRUIDO DE CIMIENTOS CORRIDOS MEZCLA 110 CH  30  P G SOBRECIMIENTOS MEZCLA 18 CH  25  P M CON MUROS DE LADRILLO CON UNA CARAVISTA EXTERIOR CON 04 COLUMNETAS CUBIERTO CON TECHO DE LOZA MACIZA DE FC   210 KGCM2DE 520 M2 CON TARRAJEO DE MUROS INTERIORES MEZCLA 15 CA E15 CM LAVADEROS DOMICILIARIOS POZO DE PERCOLACIÓN PARA 600 TL E INSTALACIÓN DE BIODIGESTOR DE 600 LT,ADMINISTRACIÓN DIRECTA,NO,237,2026,0.0,0.0,INSTALACIÓN DE 79 UNIDADES BÁSICAS DE SANEAMIENTO CONFORMADO POR UN INODORO Y UNA DUCHA ESTARÁ CONSTRUIDO DE CIMIENTOS CORRIDOS MEZCLA 110 CH  30  P G SOBRECIMIENTOS MEZCLA 18 CH  25  P M CON MUROS DE LADRILLO CON UNA CARAVISTA EXTERIOR CON 04 COLUMNETAS CUBIERTO CON TECHO DE LOZA MACIZA DE FC   210 KGCM2DE 520 M2 CON TARRAJEO DE MUROS INTERIORES MEZCLA 15 CA E15 CM LAVADEROS DOMICILIARIOS POZO DE PERCOLACIÓN PARA 600 TL E INSTALACIÓN DE BIODIGESTOR DE 600 LT,OPENSTREETMAP_NOMINATIM,APROXIMADA_DISTRITO,https://nominatim.openstreetmap.org,Coordenada referencial del distrito HUANCANE. No representa la ubicación exacta de la infraestructura.,COMPLETADO_APROXIMADO
2101905,OFICIAL_SANEAMIENTO,Clasificado oficialmente por el MEF en la función SANEAMIENTO,111219,"INSTALACION DEL SISTEMA DE AGUA POTABLE Y DESAGUE  EN LA ZONA NOR ESTE DE LA URBANIZACION SANTA ADRIANA II ETAPA DE LA CIUDAD DE JULIACA, , PROVINCIA DE SAN ROMAN - PUNO",PIP MAYOR (SNIP),GL,GOBIERNOS LOCALES,MUNICIPALIDAD PROVINCIAL DE SAN ROMAN,OPMI DE LA MUNICIPALIDAD PROVINCIAL DE SAN ROMAN,UF DE LA MUNICIPALIDAD PROVINCIAL DE SAN ROMAN,UEI DE LA MUNICIPALIDAD PROVINCIAL DE SAN ROMAN,147,HOSPITAL DE EMERGENCIAS PEDIATRICAS,SANEAMIENTO,SANEAMIENTO,SANEAMIENTO URBANO,,ACTIVO,VIABLE,2009-02-12 00:00:00,2009-05-12 00:00:00,SNIP,2085036.0,2969852.47,0.0,0.0,0.0,1256226.37,NO,,,,,201205,201312,1713626.1,0.0,,0,,,SI,399167.18,SI,Aprobación de consistencia o modificaciones antes de la aprobación del ET o ET (A),NO,NO,,,,,,,,NO,SI,2023-10-23 13:18:32,Pendiente de liquidación,PUNO,SAN ROMAN,JULIACA,211101,-15.4932314,-70.1356177,Instalación de redes de agua potable y desagüe con conexión domiciliaria programa de capacitación y sensibilización en educación sanitaria y manejo adecuado del servicio de agua y desagüe,,NO,3083,2026,0.0,0.0,Instalación de redes de agua potable y desagüe con conexión domiciliaria programa de capacitación y sensibilización en educación sanitaria y manejo adecuado del servicio de agua y desagüe,OPENSTREETMAP_NOMINATIM,APROXIMADA_DISTRITO,https://nominatim.openstreetmap.org,Coordenada referencial del distrito JULIACA. No representa la ubicación exacta de la infraestructura.,COMPLETADO_APROXIMADO
2276132,OFICIAL_SANEAMIENTO,Clasificado oficialmente por el MEF en la función SANEAMIENTO,302288,"MEJORAMIENTO Y AMPLIACION DE LOS SERVICIOS DE AGUA POTABLE Y SANEAMIENTO DEL CENTRO POBLADO AYO, DISTRITO DE SANDIA , PROVINCIA DE SANDIA - PUNO",PIP MAYOR (SNIP),GN,"VIVIENDA, CONSTRUCCION Y SANEAMIENTO","MINISTERIO DE VIVIENDA, CONSTRUCCION Y SANEAMIENTO","OPMI DEL MINISTERIO DE VIVIENDA, CONSTRUCCION Y SANEAMIENTO","UF DE LA MINISTERIO DE VIVIENDA, CONSTRUCCION Y SANEAMIENTO",UEI DEL PROGRAMA NACIONAL DE SANEAMIENTO RURAL,1443,PROGRAMA NACIONAL DE SANEAMIENTO RURAL,SANEAMIENTO,SANEAMIENTO,SANEAMIENTO RURAL,,ACTIVO,VIABLE,2014-08-29 00:00:00,2015-06-08 00:00:00,SNIP,2717245.0,3428474.03,0.0,15895.0,0.0,231074.99,SI,10000.0,246969.99,0.0,0.0,201510,202310,3197399.04,0.0,10000.0,0,0.0,0.0,SI,3055913.76,SI,Ejecución física (C),SI,SI,100.0,100.0,2020-08-19 22:04:11,2015-06-01 00:00:00,2027-12-31 00:00:00,2019-07-16 00:00:00,2020-01-31 00:00:00,NO,SI,2021-07-23 17:42:25,Pendiente de liquidación,PUNO,SANDIA,SANDIA,211201,-14.3113672,-69.4353423,SISTEMA DE AGUA POTABLE  MEJORAMIENTO DE CAPTACION TIPO  BARRAJE LATERAL SISTEMA 1 Y CONSTRUCCION DE CAPTACION DE MANANTIAL TIPO LADERA SISTEMA 2  LÍNEA DE CONDUCCION  INSTALACIÓN DE 45947 ML SISTEMA 1 Y 86600 ML SISTEMA 2  MEJORAMIENTO DE RESERVORIO APOYADO RECTANGULAR  V15 M3 SISTEMA 1 Y V 15 M3 SISTEMA 2  LÍNEA DE ADUCCION INSTALACION DE 4775 ML SISTEMA 1 Y 10547 ML SISTEMA 2 REDES DE DISTRIBUCIÓN DE  AGUA POTABLE INSTALACIÓN DE  229606 ML SISTEMA 1 Y 350968 ML SISTEMA 2 DE LÍNEAS Y REDES DE DISTRIBUCIÓN DE AGUA POTABLE  CONEXIONES DOMICILIARIAS DE AGUA POTABLE INSTALACIÓN DE 39 CONEXIONES DOMICILIARIAS DE AGUA FAMILIARES Y 01 CONEXION ESTATAL  SISTEMA 1 Y 51 CONEXIONES DOMICILIARIAS FAMILIARES 01 CONEXIÓN ESTATAL Y 01 CONEXIÓN SOCIALES TOTAL 93 CONEXIONES DOMICILIARIAS DE AGUA                               DISPOSICIÓN SANITARIA DE EXCRETAS  CONSTRUCCIÓN DE 39 UBS TIPO ARRASTRE HIDRAULICO PARA VIVIENDAS Y 02 PARA INSTITUCIONES EDUCATIVAS SISTEMA 1 CONSTRUCCION DE 51 UBS TIPO ARRASTRE HIDRAULICO PARA VIVIENDAS Y 02 PARA INSTITUCIONES EDUCATIVAS SISTEMA 2 TOTAL 94 UBSARRASTRE HIDRAULICO LAS CUALES COMPRENDEN LOS SIGUIENTES COMPONENTES CONSTRUCCIÓN DE  SSHH COMPLETO LAVATORIO SANITARIO Y DUCHA DE MATERIAL NOBLE INSTALACIÓN DE LAVADERO EXTERIOR PARA LAVADO DE ROPA INSTALACIÓN DE TUBERÍAS DE PVC  CONSTRUCCIÓN DE CAJA DE REGISTRO Y POZO DE PERCOLACION  ADECUADOS NIVELES DE EDUCACIÓN SANITARIA                    PARA 90 FAMILIAS CON 06 MODULOS EN LA TEMATICA DE AGUA POTABLE Y 02 MODULOS REFERIDOS A DISPOSICION DE EXCRETAS                                               ADECUADA GESTIÓN TÉCNICA Y ADMINISTRATIVA DE LA JASS Y ATM   10 PERSONAS CAPACITADAS CON 6 TALLERES Y CAPACITACIONES DESARROLLADAS,ADMINISTRACIÓN INDIRECTA - POR CONTRATA,NO,345,2026,0.0,0.0,SISTEMA DE AGUA POTABLE  MEJORAMIENTO DE CAPTACION TIPO  BARRAJE LATERAL SISTEMA 1 Y CONSTRUCCION DE CAPTACION DE MANANTIAL TIPO LADERA SISTEMA 2  LÍNEA DE CONDUCCION  INSTALACIÓN DE 45947 ML SISTEMA 1 Y 86600 ML SISTEMA 2  MEJORAMIENTO DE RESERVORIO APOYADO RECTANGULAR  V15 M3 SISTEMA 1 Y V 15 M3 SISTEMA 2  LÍNEA DE ADUCCION INSTALACION DE 4775 ML SISTEMA 1 Y 10547 ML SISTEMA 2 REDES DE DISTRIBUCIÓN DE  AGUA POTABLE INSTALACIÓN DE  229606 ML SISTEMA 1 Y 350968 ML SISTEMA 2 DE LÍNEAS Y REDES DE DISTRIBUCIÓN DE AGUA POTABLE  CONEXIONES DOMICILIARIAS DE AGUA POTABLE INSTALACIÓN DE 39 CONEXIONES DOMICILIARIAS DE AGUA FAMILIARES Y 01 CONEXION ESTATAL  SISTEMA 1 Y 51 CONEXIONES DOMICILIARIAS FAMILIARES 01 CONEXIÓN ESTATAL Y 01 CONEXIÓN SOCIALES TOTAL 93 CONEXIONES DOMICILIARIAS DE AGUA                               DISPOSICIÓN SANITARIA DE EXCRETAS  CONSTRUCCIÓN DE 39 UBS TIPO ARRASTRE HIDRAULICO PARA VIVIENDAS Y 02 PARA INSTITUCIONES EDUCATIVAS SISTEMA 1 CONSTRUCCION DE 51 UBS TIPO ARRASTRE HIDRAULICO PARA VIVIENDAS Y 02 PARA INSTITUCIONES EDUCATIVAS SISTEMA 2 TOTAL 94 UBSARRASTRE HIDRAULICO LAS CUALES COMPRENDEN LOS SIGUIENTES COMPONENTES CONSTRUCCIÓN DE  SSHH COMPLETO LAVATORIO SANITARIO Y DUCHA DE MATERIAL NOBLE INSTALACIÓN DE LAVADERO EXTERIOR PARA LAVADO DE ROPA INSTALACIÓN DE TUBERÍAS DE PVC  CONSTRUCCIÓN DE CAJA DE REGISTRO Y POZO DE PERCOLACION  ADECUADOS NIVELES DE EDUCACIÓN SANITARIA                    PARA 90 FAMILIAS CON 06 MODULOS EN LA TEMATICA DE AGUA POTABLE Y 02 MODULOS REFERIDOS A DISPOSICION DE EXCRETAS                                               ADECUADA GESTIÓN TÉCNICA Y ADMINISTRATIVA DE LA JASS Y ATM   10 PERSONAS CAPACITADAS CON 6 TALLERES Y CAPACITACIONES DESARROLLADAS,OPENSTREETMAP_NOMINATIM,APROXIMADA_DISTRITO,https://nominatim.openstreetmap.org,Coordenada referencial del distrito SANDIA. No representa la ubicación exacta de la infraestructura.,COMPLETADO_APROXIMADO
2189453,OFICIAL_SANEAMIENTO,Clasificado oficialmente por el MEF en la función SANEAMIENTO,259844,"MEJORAMIENTO Y AMPLIACION DEL SERVICIO DE AGUA POTABLE Y DISPOSICION SANITARIA DE EXCRETAS EN LA COMUNIDAD CAMPESINA LAMPA CHICO, DISTRITO POMATA - CHUCUITO - PUNO",PIP MAYOR (SNIP),GR,GOBIERNOS REGIONALES,GOBIERNO REGIONAL PUNO,OPMI DEL GOBIERNO REGIONAL PUNO,UF DE LA GOBIERNO REGIONAL PUNO,UEI DEL PROGRAMA NACIONAL DE SANEAMIENTO RURAL,1443,PROGRAMA NACIONAL DE SANEAMIENTO RURAL,SANEAMIENTO,SANEAMIENTO,SANEAMIENTO RURAL,,ACTIVO,VIABLE,2013-05-14 00:00:00,2013-07-12 00:00:00,SNIP,3832333.0,5972697.93,0.0,0.0,133047.39,210021.69,SI,323601.0,40000.0,17542.52,0.0,201403,202608,5666617.24,88342.3,323601.0,96059,96058.3,96058.3,SI,3777907.27,SI,Ejecución física (C),SI,SI,99.34,95.82,2026-05-25 15:37:57,2015-09-23 00:00:00,2028-09-01 00:00:00,2025-03-25 00:00:00,2025-08-12 00:00:00,NO,NO,,,PUNO,CHUCUITO,POMATA,210406,-16.3694998,-69.2947975,Componente 01 Adecuado servicio de agua potable Se plantea la construcción de dos sistemas de agua potable El sistema 01 consta de la rehabilitación de una captación ubicada en la zona Tulapampa instalación de una línea de conducción con tubería PVC C75 de 112 de longitud de 1800 ml la construcción de dos reservorios ubicada en la zona Wilque pata la primera de 15 m3 y la segunda de 3 m3 la instalación de Línea de aducción con tuberías PVC C75 diámetro 2  en una longitud de 48000 ml instalación de redes de distribución con tuberías PVC C75 de diámetros 2 112 1 y  en una longitud de 728200 ml además se instalan 97 conexiones de agua potable mediante tuberías PVC C10 diámetro de   El sistema 02 consta de la rehabilitación de la captación ubicada en la zona de Humapiura instalación de 30 ml de línea de conducción con tubería de 112 de diámetro PVC se realizara mejoras en el reservorio existente ubicada en la zona Humapiura se instalara 190 ml de tubería de diámetro 2 PVC C75 se  se instalara redes de distribución con tuberías PVC C75 de diámetros 112 y  en la longitud de 337300 ml además se instalaran 54 conexiones domiciliarias con tuberías PVC C10 diámetro de    Componente 02 Adecuado servicio de disposición sanitaria de excretas  Se ha considerado 153 UBS 144 para viviendas una por vivienda 05 UBS para las organizaciones sociales y 04 UBS para cada Institución Educativa  Componente 03 Adecuada capacidad técnica y administrativa de la JASS  Se plantea la realización de un programa de capacitación para la JASS donde se realizan 03 talleres en temas como T1 Administración Contabilidad y Manejo de Almacén T2 Operación y Mantenimiento del Sistema de Agua y T3 Cloración y Desinfección del Sistema de Agua  Componente 04 Mejora de los niveles de educación sanitaria  Se planta un programa de capacitación en educación sanitaria dirigido a los beneficiarios del proyecto donde se desarrollan 06 talleres en temas como T1 Metodología de capacitación a adultos T2 Enfermedades prevalentes ligadas al saneamiento básico y hábitos de higiene T3Higiene personal vivienda y ambiental Uso y T4 Cuidado del agua T5 Eliminación adecuada de excretas y T6 Operación y Mantenimiento de la UBS,ADMINISTRACIÓN INDIRECTA - POR CONTRATA,NO,444,2026,0.0,0.0,Componente 01 Adecuado servicio de agua potable Se plantea la construcción de dos sistemas de agua potable El sistema 01 consta de la rehabilitación de una captación ubicada en la zona Tulapampa instalación de una línea de conducción con tubería PVC C75 de 112 de longitud de 1800 ml la construcción de dos reservorios ubicada en la zona Wilque pata la primera de 15 m3 y la segunda de 3 m3 la instalación de Línea de aducción con tuberías PVC C75 diámetro 2  en una longitud de 48000 ml instalación de redes de distribución con tuberías PVC C75 de diámetros 2 112 1 y  en una longitud de 728200 ml además se instalan 97 conexiones de agua potable mediante tuberías PVC C10 diámetro de   El sistema 02 consta de la rehabilitación de la captación ubicada en la zona de Humapiura instalación de 30 ml de línea de conducción con tubería de 112 de diámetro PVC se realizara mejoras en el reservorio existente ubicada en la zona Humapiura se instalara 190 ml de tubería de diámetro 2 PVC C75 se  se instalara redes de distribución con tuberías PVC C75 de diámetros 112 y  en la longitud de 337300 ml además se instalaran 54 conexiones domiciliarias con tuberías PVC C10 diámetro de    Componente 02 Adecuado servicio de disposición sanitaria de excretas  Se ha considerado 153 UBS 144 para viviendas una por vivienda 05 UBS para las organizaciones sociales y 04 UBS para cada Institución Educativa  Componente 03 Adecuada capacidad técnica y administrativa de la JASS  Se plantea la realización de un programa de capacitación para la JASS donde se realizan 03 talleres en temas como T1 Administración Contabilidad y Manejo de Almacén T2 Operación y Mantenimiento del Sistema de Agua y T3 Cloración y Desinfección del Sistema de Agua  Componente 04 Mejora de los niveles de educación sanitaria  Se planta un programa de capacitación en educación sanitaria dirigido a los beneficiarios del proyecto donde se desarrollan 06 talleres en temas como T1 Metodología de capacitación a adultos T2 Enfermedades prevalentes ligadas al saneamiento básico y hábitos de higiene T3Higiene personal vivienda y ambiental Uso y T4 Cuidado del agua T5 Eliminación adecuada de excretas y T6 Operación y Mantenimiento de la UBS,OPENSTREETMAP_NOMINATIM,APROXIMADA_DISTRITO,https://nominatim.openstreetmap.org,Coordenada referencial del distrito POMATA. No representa la ubicación exacta de la infraestructura.,COMPLETADO_APROXIMADO
2310847,OFICIAL_SANEAMIENTO,Clasificado oficialmente por el MEF en la función SANEAMIENTO,339222,"MEJORAMIENTO Y AMPLIACION DEL SERVICIO DE AGUA POTABLE Y CREACION DEL SERVICIO DE DISPOSICION SANITARIA DE EXCRETAS EN EL CENTRO POBLADO ISANI (SECTORES KENTURAMAYA, ISANI CENTRAL, AMAYSAMAHUI, MACHACAUYU, KAMAÑAPATA - KALUNAMAYA Y PATACANI), DISTRIT",PIP MAYOR (SNIP),GR,GOBIERNOS REGIONALES,GOBIERNO REGIONAL PUNO,OPMI DEL GOBIERNO REGIONAL PUNO,UF DE LA GOBIERNO REGIONAL PUNO,UEI DEL PROGRAMA NACIONAL DE SANEAMIENTO RURAL,1443,PROGRAMA NACIONAL DE SANEAMIENTO RURAL,SANEAMIENTO,SANEAMIENTO,SANEAMIENTO RURAL,,ACTIVO,VIABLE,2015-12-23 00:00:00,2016-03-31 00:00:00,SNIP,7621939.0,11886885.01,49726.0,0.0,0.0,1287156.22,SI,180000.0,30000.0,40000.0,46438.37,201606,202608,10509171.79,112481.6,180000.0,140283,140281.6,140281.6,SI,7772868.92,SI,Ejecución física (C),SI,SI,88.0,88.26,2026-05-25 15:11:54,2015-02-10 00:00:00,2027-06-30 00:00:00,2017-10-05 00:00:00,2025-10-31 00:00:00,NO,NO,,,PUNO,CHUCUITO,ZEPITA,210407,-16.4970626,-69.1901129,COMPONENTE 01 ADECUADA INFRAESTRUCTURA DE ABASTECIMIENTO DE AGUA POTABLE   ACCIÓN 11 MEJORAMIENTO DE 04 CAPTACIONES TIPO LADERA  ACCIÓN 12 INSTALACIÓN DE LÍNEA DE CONDUCCIÓN  ACCIÓN 13 INSTALACIÓN DE 02 CÁMARAS DE REUNIÓN DE CAUDALES  ACCIÓN 14 CONSTRUCCIÓN DE 04 CÁMARAS ROMPE PRESIÓN  ACCIÓN 15 CONSTRUCCIÓN DE 01 RESERVORIO APOYADO DE 42 M3   ACCIÓN 16 INSTALACIÓN DE LÍNEA DE ADUCCIÓN L32795M   ACCIÓN 17 REDES DE DISTRIBUCIÓN L2521919M  ACCIÓN 18 INSTALACIÓN DE 243 CONEXIONES PARA VIVIENDAS Y 7 PARA INSTITUCIONES  COMPONENTE 02 INFRAESTRUCTURA ADECUADA PARA DISPOSICION SANITARIA DE EXCRETAS Y AGUAS RESIDUALES   ACCIÓN 21 INSTALACIÓN DE 260 UNIDADES BÁSICAS DE SANEAMIENTO CON COMPOSTERA UBS  C  243 UBS PARA VIVIENDAS 14 UBS PARA 4 INSTITUCIONES EDUCATIVAS Y 3 UBS PARA INSTITUCIONES SOCIALES  COMPONENTE 03 ADECUADOS NIVELES DE EDUCACION SANITARIA  ACCIÓN 31 PLAN DE COMUNICACIÓN Y EDUCACIÓN SANITARIA FASE INVERSIÓN 243 FAMILIAS   ACCIÓN 32 PLAN DE COMUNICACIÓN Y EDUCACIÓN SANITARIA FASE POST INVERSIÓN INCORPORACIÓN DE PRACTICAS SANITARIAS  COMPONENTE 04 MEJORA EN LA GESTION TECNICA Y ADMINISTRATIVA DE LA JASS Y ATM  ACCIÓN 41 PLAN DE CAPACITACIÓN Y FORTALECIMIENTO DE LA JASS Y ATM  FASE INVERSIÓN  ACCIÓN 42 PLAN DE CAPACITACIÓN Y FORTALECIMIENTO DE LA JASS Y ATM  FASE POST INVERSIÓN,ADMINISTRACIÓN INDIRECTA - POR CONTRATA,NO,703,2026,0.0,0.0,COMPONENTE 01 ADECUADA INFRAESTRUCTURA DE ABASTECIMIENTO DE AGUA POTABLE   ACCIÓN 11 MEJORAMIENTO DE 04 CAPTACIONES TIPO LADERA  ACCIÓN 12 INSTALACIÓN DE LÍNEA DE CONDUCCIÓN  ACCIÓN 13 INSTALACIÓN DE 02 CÁMARAS DE REUNIÓN DE CAUDALES  ACCIÓN 14 CONSTRUCCIÓN DE 04 CÁMARAS ROMPE PRESIÓN  ACCIÓN 15 CONSTRUCCIÓN DE 01 RESERVORIO APOYADO DE 42 M3   ACCIÓN 16 INSTALACIÓN DE LÍNEA DE ADUCCIÓN L32795M   ACCIÓN 17 REDES DE DISTRIBUCIÓN L2521919M  ACCIÓN 18 INSTALACIÓN DE 243 CONEXIONES PARA VIVIENDAS Y 7 PARA INSTITUCIONES  COMPONENTE 02 INFRAESTRUCTURA ADECUADA PARA DISPOSICION SANITARIA DE EXCRETAS Y AGUAS RESIDUALES   ACCIÓN 21 INSTALACIÓN DE 260 UNIDADES BÁSICAS DE SANEAMIENTO CON COMPOSTERA UBS  C  243 UBS PARA VIVIENDAS 14 UBS PARA 4 INSTITUCIONES EDUCATIVAS Y 3 UBS PARA INSTITUCIONES SOCIALES  COMPONENTE 03 ADECUADOS NIVELES DE EDUCACION SANITARIA  ACCIÓN 31 PLAN DE COMUNICACIÓN Y EDUCACIÓN SANITARIA FASE INVERSIÓN 243 FAMILIAS   ACCIÓN 32 PLAN DE COMUNICACIÓN Y EDUCACIÓN SANITARIA FASE POST INVERSIÓN INCORPORACIÓN DE PRACTICAS SANITARIAS  COMPONENTE 04 MEJORA EN LA GESTION TECNICA Y ADMINISTRATIVA DE LA JASS Y ATM  ACCIÓN 41 PLAN DE CAPACITACIÓN Y FORTALECIMIENTO DE LA JASS Y ATM  FASE INVERSIÓN  ACCIÓN 42 PLAN DE CAPACITACIÓN Y FORTALECIMIENTO DE LA JASS Y ATM  FASE POST INVERSIÓN,OPENSTREETMAP_NOMINATIM,APROXIMADA_DISTRITO,https://nominatim.openstreetmap.org,Coordenada referencial del distrito ZEPITA. No representa la ubicación exacta de la infraestructura.,COMPLETADO_APROXIMADO
2308929,OFICIAL_SANEAMIENTO,Clasificado oficialmente por el MEF en la función SANEAMIENTO,327670,"MEJORAMIENTO Y AMPLIACION DEL SISTEMA INTEGRAL DE AGUA POTABLE Y SANEAMIENTO BASICO EN LA LOCALIDAD DE QUIACA Y C.C. PHOQUERA CHICO, DISTRITO DE QUIACA - SANDIA - PUNO",PIP MAYOR (SNIP),GL,GOBIERNOS LOCALES,MUNICIPALIDAD DISTRITAL DE QUIACA,OPMI DE LA MUNICIPALIDAD DISTRITAL DE QUIACA,UF DE LA MUNICIPALIDAD DISTRITAL DE QUIACA,UEI DE LA MUNICIPALIDAD DISTRITAL DE QUIACA,301690,MUNICIPALIDAD DISTRITAL DE QUIACA,SANEAMIENTO,SANEAMIENTO,SANEAMIENTO RURAL,,ACTIVO,VIABLE,2015-09-09 00:00:00,2015-10-09 00:00:00,SNIP,5130078.0,5708645.0,0.0,0.0,0.0,142199.25,NO,,,,,201611,201812,5566445.75,0.0,,0,,,SI,5708645.0,SI,Aprobación de consistencia o modificaciones antes de la aprobación del ET o ET (A),SI,NO,,,,,,,,NO,NO,,,PUNO,SANDIA,QUIACA,211206,-14.4222714,-69.3450165,Mejoramiento y Ampliación a través de la Construcción del sistema de agua potable a través de la  captación de 03 ojos de aguas yo manantes en las distintas localidades construcción de reservorios 01 reservorio en la localidad de Quiaca 70m3 y 01 reservorio de 12m3 en CC Phoquera Chico instalación de líneas de conducción 4173ml red distribución 7821ml 334 conexiones domiciliarias de agua potable con de tuberías de PVC Instalación de 61 Unidades Básicas Sanitarias  UBS con arrastre hidráulico de concreto 18  10  PM vigueta de concreto armado fc  175 kgcm2 muro de ladrillo King Kong 9x14x24 cm con acabados de caravista cobertura de planchas onduladas de fibras orgánicas con tijerales 2x3 correas 1 12x3 de madera y área techada de 265 x 200m instalación de 64 biodigestores de 600 litros para las viviendas familiares e instituciones públicas Instalación de red de alcantarillado de 6140ml de tuberia comprende el tendido con tubería de PVCUF ISO 4435 S25 DN160mm cachimba de PVC caja de registro de 030 x 060m h080 instalación de buzones de concreto armado y conexiones domiciliarias con caja de concreto de 30x30 Construcción de Planta de Tratamiento de Aguas Residuales está compuesta de 01 Cámara de Rejas 01 Tanque Imhoff con 02 Cámaras de Sedimentación 02 Lechos de Secados 01 Filtro Biológico Humedales Artificiales y una Caseta de Cloración con 01 Cámara de Contacto de Cloro Realización de sensibilización capacitación técnica al comité de JASS y educación sanitaria a los beneficiarios,ADMINISTRACIÓN INDIRECTA - POR CONTRATA,NO,2036,2026,0.0,0.0,Mejoramiento y Ampliación a través de la Construcción del sistema de agua potable a través de la  captación de 03 ojos de aguas yo manantes en las distintas localidades construcción de reservorios 01 reservorio en la localidad de Quiaca 70m3 y 01 reservorio de 12m3 en CC Phoquera Chico instalación de líneas de conducción 4173ml red distribución 7821ml 334 conexiones domiciliarias de agua potable con de tuberías de PVC Instalación de 61 Unidades Básicas Sanitarias  UBS con arrastre hidráulico de concreto 18  10  PM vigueta de concreto armado fc  175 kgcm2 muro de ladrillo King Kong 9x14x24 cm con acabados de caravista cobertura de planchas onduladas de fibras orgánicas con tijerales 2x3 correas 1 12x3 de madera y área techada de 265 x 200m instalación de 64 biodigestores de 600 litros para las viviendas familiares e instituciones públicas Instalación de red de alcantarillado de 6140ml de tuberia comprende el tendido con tubería de PVCUF ISO 4435 S25 DN160mm cachimba de PVC caja de registro de 030 x 060m h080 instalación de buzones de concreto armado y conexiones domiciliarias con caja de concreto de 30x30 Construcción de Planta de Tratamiento de Aguas Residuales está compuesta de 01 Cámara de Rejas 01 Tanque Imhoff con 02 Cámaras de Sedimentación 02 Lechos de Secados 01 Filtro Biológico Humedales Artificiales y una Caseta de Cloración con 01 Cámara de Contacto de Cloro Realización de sensibilización capacitación técnica al comité de JASS y educación sanitaria a los beneficiarios,OPENSTREETMAP_NOMINATIM,APROXIMADA_DISTRITO,https://nominatim.openstreetmap.org,Coordenada referencial del distrito QUIACA. No representa la ubicación exacta de la infraestructura.,COMPLETADO_APROXIMADO
2309357,OFICIAL_SANEAMIENTO,Clasificado oficialmente por el MEF en la función SANEAMIENTO,347746,"CREACION DEL SISTEMA DE AGUA POTABLE Y SANEAMIENTO BASICO INTEGRAL EN LOS CENTROS POBLADOS DE SULCACATURA II Y SULCACATURA I CHOQUETANCA CORPA FLORES, DISTRITO DE ILAVE, PROVINCIA DE EL COLLAO - PUNO",PIP MAYOR (SNIP),GL,GOBIERNOS LOCALES,MUNICIPALIDAD PROVINCIAL DE EL COLLAO,OPMI DE LA MUNICIPALIDAD PROVINCIAL DE EL COLLAO,UF DE LA MUNICIPALIDAD PROVINCIAL DE EL COLLAO,UEI DE LA MUNICIPALIDAD PROVINCIAL DE EL COLLAO,301640,MUNICIPALIDAD PROVINCIAL EL COLLAO - ILAVE,SANEAMIENTO,SANEAMIENTO,SANEAMIENTO RURAL,,ACTIVO,VIABLE,2016-02-09 00:00:00,2016-05-16 00:00:00,SNIP,9998369.0,11390220.98,0.0,0.0,0.0,1046191.17,SI,0.0,10000.0,1026191.17,0.0,201611,202211,10344029.81,0.0,,0,,,SI,10899430.4,SI,Ejecución física (C),SI,SI,89.78,89.91,2026-01-07 10:21:03,2016-09-05 00:00:00,2028-12-31 00:00:00,2019-09-17 00:00:00,2021-07-28 00:00:00,NO,NO,,,PUNO,EL COLLAO,ILAVE,210501,-16.2344765,-69.6749664,Construcción de 02 Captaciones tipo tubular 15240 ml De línea de impulsión  02 reservorios de 12 y 28 m3 de capacidad  5175300 ml de redes de distribución de Tubería PVC SAP C10  49 válvulas de control 99 válvulas de purga  18 Und Pase de carretera  714 conexiones domiciliarias de agua instalación de 714 Unidades básicas de Saneamiento UBS tipo baños secos ecológicos con muros de bloqueta realizar talleres de adecuados hábitos y prácticas de higiene y educación sanitaria  y capacitar a la unidad de gestión a cargo de la operación y mantenimiento de los servicios básico JASS,ADMINISTRACIÓN INDIRECTA - POR CONTRATA,NO,2832,2026,0.0,0.0,Construcción de 02 Captaciones tipo tubular 15240 ml De línea de impulsión  02 reservorios de 12 y 28 m3 de capacidad  5175300 ml de redes de distribución de Tubería PVC SAP C10  49 válvulas de control 99 válvulas de purga  18 Und Pase de carretera  714 conexiones domiciliarias de agua instalación de 714 Unidades básicas de Saneamiento UBS tipo baños secos ecológicos con muros de bloqueta realizar talleres de adecuados hábitos y prácticas de higiene y educación sanitaria  y capacitar a la unidad de gestión a cargo de la operación y mantenimiento de los servicios básico JASS,OPENSTREETMAP_NOMINATIM,APROXIMADA_DISTRITO,https://nominatim.openstreetmap.org,Coordenada referencial del distrito ILAVE. No representa la ubicación exacta de la infraestructura.,COMPLETADO_APROXIMADO
2308522,OFICIAL_SANEAMIENTO,Clasificado oficialmente por el MEF en la función SANEAMIENTO,347033,"CREACION DEL SISTEMA DE AGUA POTABLE Y SANEAMIENTO BASICO INTEGRAL EN LAS COMUNIDADES JANCCOCCOLLO Y CHALLAPUJO DEL DISTRITO DE ILAVE, PROVINCIA DE EL COLLAO - PUNO",PIP MAYOR (SNIP),GL,GOBIERNOS LOCALES,MUNICIPALIDAD PROVINCIAL DE EL COLLAO,OPMI DE LA MUNICIPALIDAD PROVINCIAL DE EL COLLAO,UF DE LA MUNICIPALIDAD PROVINCIAL DE EL COLLAO,UEI DE LA MUNICIPALIDAD PROVINCIAL DE EL COLLAO,301640,MUNICIPALIDAD PROVINCIAL EL COLLAO - ILAVE,SANEAMIENTO,SANEAMIENTO,SANEAMIENTO RURAL,,ACTIVO,VIABLE,2016-01-28 00:00:00,2016-05-16 00:00:00,SNIP,2665643.0,3595184.5,0.0,0.0,0.0,1408457.67,SI,0.0,1000.0,1000.0,1405457.67,201611,202110,2186726.83,0.0,,0,,,SI,3514711.34,SI,Ejecución física (C),SI,SI,65.26,63.91,2026-04-08 11:07:23,2016-09-06 00:00:00,2029-12-31 00:00:00,2020-12-23 00:00:00,2021-06-16 00:00:00,NO,NO,,,PUNO,EL COLLAO,ILAVE,210501,-16.2344765,-69.6749664,Construcción de un sistema de captación tipo caison192 ml de linea de impulsion 01 de reservorio de 14 m3 17242 ml de redes de distribucion de Tubería PVC SAP C10 22 válvulas de control 32 válvulas de purga 12 Und Pase de carretera 01 Und De cruce de riachuelo 202 conexiones domiciliarias de agua instalación de 202 Unidades básicas de Saneamiento UBS tipo baños secos ecológicos con doble cámara con muros de bloqueta realizar talleres de adecuados hábitos y prácticas de higiene y educación sanitaria capacitar a la unidad de gestión a cargo de la operación y mantenimiento de los servicios básico JASS,ADMINISTRACIÓN INDIRECTA - POR CONTRATA,NO,1005,2026,0.0,0.0,Construcción de un sistema de captación tipo caison192 ml de linea de impulsion 01 de reservorio de 14 m3 17242 ml de redes de distribucion de Tubería PVC SAP C10 22 válvulas de control 32 válvulas de purga 12 Und Pase de carretera 01 Und De cruce de riachuelo 202 conexiones domiciliarias de agua instalación de 202 Unidades básicas de Saneamiento UBS tipo baños secos ecológicos con doble cámara con muros de bloqueta realizar talleres de adecuados hábitos y prácticas de higiene y educación sanitaria capacitar a la unidad de gestión a cargo de la operación y mantenimiento de los servicios básico JASS,OPENSTREETMAP_NOMINATIM,APROXIMADA_DISTRITO,https://nominatim.openstreetmap.org,Coordenada referencial del distrito ILAVE. No representa la ubicación exacta de la infraestructura.,COMPLETADO_APROXIMADO
2190201,OFICIAL_SANEAMIENTO,Clasificado oficialmente por el MEF en la función SANEAMIENTO,246531,"MEJORAMIENTO Y AMPLIACION DE LOS SERVICIOS DE AGUA POTABLE Y DESAGÜE EN LA CIUDAD DE MACUSANI, DISTRITO DE MACUSANI, PROVINCIA DE CARABAYA - PUNO",PIP MAYOR (SNIP),GL,GOBIERNOS LOCALES,MUNICIPALIDAD PROVINCIAL DE CARABAYA,OPMI DE LA MUNICIPALIDAD PROVINCIAL DE CARABAYA,UF DE LA MUNICIPALIDAD PROVINCIAL DE CARABAYA,UEI DE LA MUNICIPALIDAD PROVINCIAL DE CARABAYA,301623,MUNICIPALIDAD PROVINCIAL DE CARABAYA - MACUSANI,SANEAMIENTO,SANEAMIENTO,SANEAMIENTO URBANO,,ACTIVO,VIABLE,2013-03-27 00:00:00,2013-08-21 00:00:00,SNIP,33537851.0,43272666.3,0.0,0.0,0.0,4964707.37,SI,1063236.0,9969724.0,0.0,0.0,201410,202608,32244722.93,4229418.51,0.0,6063236,6063235.0,6063235.0,SI,31059528.07,SI,Ejecución física (C),SI,SI,77.98,72.75,2026-07-31 16:36:49,2014-05-01 00:00:00,2027-12-31 00:00:00,2026-02-05 00:00:00,2026-10-04 00:00:00,NO,NO,,,PUNO,CARABAYA,MACUSANI,210301,-14.0571718,-70.4569633,LA ALTERNATIVA ÚNICA COMPRENDE LA CAPTACIÓN DE LA LAGUNA PUCACHOCHA CUYAS AGUAS CUMPLEN CON LOS PARÁMETROS FÍSICOS QUÍMICOS Y BACTERIOLÓGICOS DE ACUERDO A LA NORMATIVIDAD VIGENTE LA FUENTE  TIENE UN CAUDAL EN ÉPOCA DE ESTIAJE DE 18004 LS Y EN ÉPOCAS DE AVENIDA ES DE 29532 LS DE LOS CUALES SOLO SE CAPTARA 364 LS  LOS ELEMENTOS DE LOS SISTEMAS DE SANEAMIENTO  I CAPTACIÓN SE CONSTRUIRÁ 01 BOCATOMA QUE PERMITE EL ACCESO DEL AGUA EL SISTEMA DE CAPTACIÓN DISPONDRÁ UNA VENTANA CUYA BASE ES DE 180 M CON UNA ALTURA DE 025 M A CONTINUACIÓN DE ESTA SE UBICA EL CANAL DE REGULACIÓN DE SECCIÓN RECTANGULAR EN EL CUAL SE UBICA LA COMPUERTA DE REGULACIÓN DE 180 M X 060 M DE ALTURA CON SU RESPECTIVO MECANISMO DE IZAJE HASTA ALCANZAR LA TRANSICIÓN DE 260 M ENTRE EL SISTEMA DE REGULACIÓN Y LA TUBERÍA PRINCIPAL DE CAPTACIÓN ASÍ COMO SUS ACCESORIOS VÁLVULAS LOS ELEMENTOS DE REBOSE Y LIMPIA SERÁ DE 3 DE PVC TAMBIÉN SE CONSIDERA UN AMBIENTE CON TODOS LOS SERVICIOS BÁSICOS PARA EL ENCARGADO DE LA TOMA Y SU OPERACIÓN Y 01 CERCO PERIMÉTRICO DE PROTECCIÓN  II LA  LÍNEA DE CONDUCCIÓN TENDRÁ APROXIMADAMENTE 12100 METROS 04 CAJAS DE VÁLVULA DE PURGA Y 05 CAJAS DE VÁLVULA DE AIRE  III SE CONSTRUIRÁ UNA PLANTA DE TRATAMIENTO DE CONCRETO ARMADO CONFORMA POR 01  CANAL DE REPARTICIÓN DE AGUA CRUDA 03  SEDIMENTADORES 04  FLOCULADOR 01  CANAL DE REPARTICIÓN DE AGUA FLOCULADA 03  DECANTADORES  IV CONSTRUCCIÓN DE 01 RESERVORIO APOYADO DE CONCRETO ARMADO DE 600 M3 DE CAPACIDAD DE FORMA CIRCULAR CON TECHO EN CÚPULA DE SECCIÓN VARIABLE ADEMÁS DE 01 CAJA DE VÁLVULAS LAS CARACTERÍSTICAS DE LOS MATERIALES A USAR SON CONCRETO ARMADO FC210KGCM2 EL CUAL TIENE ACERO DE REFUERZO FY4200KGCM2  V LA LÍNEA DE ADUCCIÓN TENDRÁ APROXIMADAMENTE 3750 METROS ADEMÁS ESTARÁ COMPUESTA DE CRUCES Y VÁLVULAS DE REGULACIÓN INSTALACIÓN DE 01 VÁLVULA PURGA PARA CASOS DE LIMPIEZA Y DESFOGUE DE AGUA DE LA LÍNEA EN LA PROGRESIVA 0280  VI SE PLANTEA LA RED DE DISTRIBUCIÓN A NIVEL DE CONEXIÓN DOMICILIARIA CON LLAVES Y CAJAS DE PASO SE CONSIDERA LA INSERCIÓN DE 2500 MEDIDORES EN LAS ZONAS DE MAYOR CONSUMO  SE CONSIDERA UN MÓDULO DE EQUIPAMIENTO CONSISTENTE EN UN DETECTOR DE FUGAS EN REDES DE AGUA POTABLE CON EL FIN DE DETECTAR FUGAS EN EL SISTEMA DE DISTRIBUCIÓN   TAMBIÉN SE CONSIDERA UN KIT DE ANÁLISIS DE AGUA PARA EL MUESTREO PERIÓDICO  VII REDES DE ALCANTARILLADO RESPECTO A LA DOTACIÓN DEL SERVICIO EN LA ZONA DE BARRIO PATAPAMPA SE CONSIDERA LA CONSTRUCCIÓN DE BUZONES DE CONCRETO ARMADO SIENDO LOS COLECTORES DE PVC NO PLASTIFICADO EN DIÁMETRO DE 250 MM  VIII LA LÍNEA DE IMPULSIÓN CONSTA DE 234000 METROS DE TUBERÍA PVC CLASE 10 DE 400 MM DE DIÁMETRO LA ESTACIÓN DE BOMBEO DE AGUAS RESIDUALES CONSISTIRÁ EN UN CAISSON CIRCULAR DE 630 M DE DIÁMETRO CON UNA PROFUNDIDAD DE 8 METROS   LA CÁMARA HÚMEDA ALOJARÁ UN VOLUMEN DE 35M3 DE AGUA RESIDUAL LA CÁMARA SECA ALOJARÁ 03 BOMBAS HELICOCENTRÍFUGAS DE 10 HP DE POTENCIA CON SUS RESPECTIVOS ACCESORIOS TANTO EN LA SUCCIÓN COMO EN EL ÁRBOL DE DESCARGA LOS ACCESORIOS CONSIDERADOS EN ESTAS INSTALACIONES SON DE HIERRO DÚCTIL CON UN DIÁMETRO DE 250MM HASTA EL ACCESORIO DE TRANSICIÓN   EL CAUDAL DE BOMBEO PARA ESTA ESTRUCTURA ES DE 33 LS Y UNA ALTURA DINÁMICA TOTAL DE 1449 METROS  IX PLANTA DE TRATAMIENTO DE AGUAS RESIDUALES CONTENDRÁ LOS SIGUIENTES ELEMENTOS BÁSICOS CÁMARA DE REJAS SEPARADORES REACTORES ANAERÓBICOS CON BIOFILTROS PERCOLADORES CON RECIRCULACIÓN INTERNA SEDIMENTADORES SECUNDARIOS CON RECIRCULACIÓN EXTERNA DE LODOS SISTEMA DE RADIACIÓN ULTRAVIOLETA PARA REMOCIÓN DE PATÓGENOS Y FINALMENTE UN SISTEMA DE DESINFECCIÓN POR CLORACIÓN Y DESHIDRATACIÓN DE LODOS  X PLAN DE MANEJO AMBIENTAL SE REALIZARA UN PROGRAMA DE COMPENSACIÓN POR ÁREAS OCUPADAS PROGRAMA DE CONTROL PREVENCIÓN Y MITIGACIÓN EN LA REHABILITACIÓN DE CAMPAMENTOS Y CANTERAS PROGRAMA DE SEÑALIZACIÓN MONITOREO AMBIENTAL DE LA CALIDAD DE AIRE AGUA Y SONIDO ASÍ COMO CAPACITACIÓN Y UN PLAN DE CONTINGENCIA,ADMINISTRACIÓN INDIRECTA - POR CONTRATA,NO,14710,2026,0.0,0.0,LA ALTERNATIVA ÚNICA COMPRENDE LA CAPTACIÓN DE LA LAGUNA PUCACHOCHA CUYAS AGUAS CUMPLEN CON LOS PARÁMETROS FÍSICOS QUÍMICOS Y BACTERIOLÓGICOS DE ACUERDO A LA NORMATIVIDAD VIGENTE LA FUENTE  TIENE UN CAUDAL EN ÉPOCA DE ESTIAJE DE 18004 LS Y EN ÉPOCAS DE AVENIDA ES DE 29532 LS DE LOS CUALES SOLO SE CAPTARA 364 LS  LOS ELEMENTOS DE LOS SISTEMAS DE SANEAMIENTO  I CAPTACIÓN SE CONSTRUIRÁ 01 BOCATOMA QUE PERMITE EL ACCESO DEL AGUA EL SISTEMA DE CAPTACIÓN DISPONDRÁ UNA VENTANA CUYA BASE ES DE 180 M CON UNA ALTURA DE 025 M A CONTINUACIÓN DE ESTA SE UBICA EL CANAL DE REGULACIÓN DE SECCIÓN RECTANGULAR EN EL CUAL SE UBICA LA COMPUERTA DE REGULACIÓN DE 180 M X 060 M DE ALTURA CON SU RESPECTIVO MECANISMO DE IZAJE HASTA ALCANZAR LA TRANSICIÓN DE 260 M ENTRE EL SISTEMA DE REGULACIÓN Y LA TUBERÍA PRINCIPAL DE CAPTACIÓN ASÍ COMO SUS ACCESORIOS VÁLVULAS LOS ELEMENTOS DE REBOSE Y LIMPIA SERÁ DE 3 DE PVC TAMBIÉN SE CONSIDERA UN AMBIENTE CON TODOS LOS SERVICIOS BÁSICOS PARA EL ENCARGADO DE LA TOMA Y SU OPERACIÓN Y 01 CERCO PERIMÉTRICO DE PROTECCIÓN  II LA  LÍNEA DE CONDUCCIÓN TENDRÁ APROXIMADAMENTE 12100 METROS 04 CAJAS DE VÁLVULA DE PURGA Y 05 CAJAS DE VÁLVULA DE AIRE  III SE CONSTRUIRÁ UNA PLANTA DE TRATAMIENTO DE CONCRETO ARMADO CONFORMA POR 01  CANAL DE REPARTICIÓN DE AGUA CRUDA 03  SEDIMENTADORES 04  FLOCULADOR 01  CANAL DE REPARTICIÓN DE AGUA FLOCULADA 03  DECANTADORES  IV CONSTRUCCIÓN DE 01 RESERVORIO APOYADO DE CONCRETO ARMADO DE 600 M3 DE CAPACIDAD DE FORMA CIRCULAR CON TECHO EN CÚPULA DE SECCIÓN VARIABLE ADEMÁS DE 01 CAJA DE VÁLVULAS LAS CARACTERÍSTICAS DE LOS MATERIALES A USAR SON CONCRETO ARMADO FC210KGCM2 EL CUAL TIENE ACERO DE REFUERZO FY4200KGCM2  V LA LÍNEA DE ADUCCIÓN TENDRÁ APROXIMADAMENTE 3750 METROS ADEMÁS ESTARÁ COMPUESTA DE CRUCES Y VÁLVULAS DE REGULACIÓN INSTALACIÓN DE 01 VÁLVULA PURGA PARA CASOS DE LIMPIEZA Y DESFOGUE DE AGUA DE LA LÍNEA EN LA PROGRESIVA 0280  VI SE PLANTEA LA RED DE DISTRIBUCIÓN A NIVEL DE CONEXIÓN DOMICILIARIA CON LLAVES Y CAJAS DE PASO SE CONSIDERA LA INSERCIÓN DE 2500 MEDIDORES EN LAS ZONAS DE MAYOR CONSUMO  SE CONSIDERA UN MÓDULO DE EQUIPAMIENTO CONSISTENTE EN UN DETECTOR DE FUGAS EN REDES DE AGUA POTABLE CON EL FIN DE DETECTAR FUGAS EN EL SISTEMA DE DISTRIBUCIÓN   TAMBIÉN SE CONSIDERA UN KIT DE ANÁLISIS DE AGUA PARA EL MUESTREO PERIÓDICO  VII REDES DE ALCANTARILLADO RESPECTO A LA DOTACIÓN DEL SERVICIO EN LA ZONA DE BARRIO PATAPAMPA SE CONSIDERA LA CONSTRUCCIÓN DE BUZONES DE CONCRETO ARMADO SIENDO LOS COLECTORES DE PVC NO PLASTIFICADO EN DIÁMETRO DE 250 MM  VIII LA LÍNEA DE IMPULSIÓN CONSTA DE 234000 METROS DE TUBERÍA PVC CLASE 10 DE 400 MM DE DIÁMETRO LA ESTACIÓN DE BOMBEO DE AGUAS RESIDUALES CONSISTIRÁ EN UN CAISSON CIRCULAR DE 630 M DE DIÁMETRO CON UNA PROFUNDIDAD DE 8 METROS   LA CÁMARA HÚMEDA ALOJARÁ UN VOLUMEN DE 35M3 DE AGUA RESIDUAL LA CÁMARA SECA ALOJARÁ 03 BOMBAS HELICOCENTRÍFUGAS DE 10 HP DE POTENCIA CON SUS RESPECTIVOS ACCESORIOS TANTO EN LA SUCCIÓN COMO EN EL ÁRBOL DE DESCARGA LOS ACCESORIOS CONSIDERADOS EN ESTAS INSTALACIONES SON DE HIERRO DÚCTIL CON UN DIÁMETRO DE 250MM HASTA EL ACCESORIO DE TRANSICIÓN   EL CAUDAL DE BOMBEO PARA ESTA ESTRUCTURA ES DE 33 LS Y UNA ALTURA DINÁMICA TOTAL DE 1449 METROS  IX PLANTA DE TRATAMIENTO DE AGUAS RESIDUALES CONTENDRÁ LOS SIGUIENTES ELEMENTOS BÁSICOS CÁMARA DE REJAS SEPARADORES REACTORES ANAERÓBICOS CON BIOFILTROS PERCOLADORES CON RECIRCULACIÓN INTERNA SEDIMENTADORES SECUNDARIOS CON RECIRCULACIÓN EXTERNA DE LODOS SISTEMA DE RADIACIÓN ULTRAVIOLETA PARA REMOCIÓN DE PATÓGENOS Y FINALMENTE UN SISTEMA DE DESINFECCIÓN POR CLORACIÓN Y DESHIDRATACIÓN DE LODOS  X PLAN DE MANEJO AMBIENTAL SE REALIZARA UN PROGRAMA DE COMPENSACIÓN POR ÁREAS OCUPADAS PROGRAMA DE CONTROL PREVENCIÓN Y MITIGACIÓN EN LA REHABILITACIÓN DE CAMPAMENTOS Y CANTERAS PROGRAMA DE SEÑALIZACIÓN MONITOREO AMBIENTAL DE LA CALIDAD DE AIRE AGUA Y SONIDO ASÍ COMO CAPACITACIÓN Y UN PLAN DE CONTINGENCIA,OPENSTREETMAP_NOMINATIM,APROXIMADA_DISTRITO,https://nominatim.openstreetmap.org,Coordenada referencial del distrito MACUSANI. No representa la ubicación exacta de la infraestructura.,COMPLETADO_APROXIMADO
2187650,OFICIAL_SANEAMIENTO,Clasificado oficialmente por el MEF en la función SANEAMIENTO,251334,"AMPLIACION Y MEJORAMIENTO DEL SISTEMA DE AGUA POTABLE Y ALCANTARILLADO, EN EL CENTRO POBLADO VILLA QUEÑUANI, DISTRITO DE YUNGUYO, PROVINCIA DE YUNGUYO - PUNO",PIP MAYOR (SNIP),GL,GOBIERNOS LOCALES,MUNICIPALIDAD PROVINCIAL DE YUNGUYO,OPMI DE LA MUNICIPALIDAD PROVINCIAL DE YUNGUYO,UF DE LA MUNICIPALIDAD PROVINCIAL DE YUNGUYO,UEI DE LA MUNICIPALIDAD PROVINCIAL DE YUNGUYO,301694,MUNICIPALIDAD PROVINCIAL DE YUNGUYO,SANEAMIENTO,SANEAMIENTO,SANEAMIENTO RURAL,,ACTIVO,VIABLE,2013-02-20 00:00:00,2013-08-08 00:00:00,SNIP,7634803.0,6490665.57,0.0,0.0,0.0,160673.89,NO,,,,,201411,201812,6329991.68,0.0,,0,,,SI,6490665.57,SI,Ejecución física (C),SI,NO,,0.0,,2016-11-09 00:00:00,2016-12-09 00:00:00,2015-06-17 00:00:00,2016-12-09 00:00:00,NO,SI,2025-02-19 18:28:49,Pendiente de liquidación,PUNO,YUNGUYO,YUNGUYO,211301,-16.2779543,-69.1199036,Reposición y ampliación de las redes de conducción y distribución Construcción de nuevo reservorio Construcción de nuevas captaciones de agua de manantial Construcción de laguna de oxidación para la población concentrada y construcción de letrinas con arrastre hidráulico para la población dispersa Implementación de programas de capacitación en educación sanitaria Capacitación del personal técnico y administrativo de la JASS,ADMINISTRACIÓN INDIRECTA - POR CONTRATA,NO,2712,2026,0.0,0.0,Reposición y ampliación de las redes de conducción y distribución Construcción de nuevo reservorio Construcción de nuevas captaciones de agua de manantial Construcción de laguna de oxidación para la población concentrada y construcción de letrinas con arrastre hidráulico para la población dispersa Implementación de programas de capacitación en educación sanitaria Capacitación del personal técnico y administrativo de la JASS,OPENSTREETMAP_NOMINATIM,APROXIMADA_DISTRITO,https://nominatim.openstreetmap.org,Coordenada referencial del distrito YUNGUYO. No representa la ubicación exacta de la infraestructura.,COMPLETADO_APROXIMADO
2191606,OFICIAL_SANEAMIENTO,Clasificado oficialmente por el MEF en la función SANEAMIENTO,267782,"MEJORAMIENTO Y AMPLIACION DE LOS SERVICIOS DE AGUA POTABLE Y DISPOSICION SANITARIA DE EXCRETAS EN LOS SECTORES CHALLAJAHUIRA, CENTRAL JACHAPAMPA BAJA Y LIQUINA BAJA, DE LA COMUNIDAD CAMPESINA JACHAPAMPA, DISTRITO ZEPITA - CHUCUITO - PUNO",PIP MAYOR (SNIP),GR,GOBIERNOS REGIONALES,GOBIERNO REGIONAL PUNO,OPMI DEL GOBIERNO REGIONAL PUNO,UF DE LA GOBIERNO REGIONAL PUNO,UEI DEL PROGRAMA NACIONAL DE SANEAMIENTO RURAL,1443,PROGRAMA NACIONAL DE SANEAMIENTO RURAL,SANEAMIENTO,SANEAMIENTO,SANEAMIENTO RURAL,,ACTIVO,VIABLE,2013-07-18 00:00:00,2013-08-28 00:00:00,SNIP,4150130.0,4150698.6,0.0,0.0,184093.64,588276.07,SI,10000.0,30000.0,30000.0,12369.71,201404,202412,3562422.53,0.0,10000.0,0,0.0,0.0,SI,6305142.71,SI,Ejecución física (C),SI,SI,80.83,80.83,2026-02-16 20:17:31,2016-05-03 00:00:00,2029-02-01 00:00:00,2017-05-16 00:00:00,2020-10-20 00:00:00,NO,NO,,,PUNO,CHUCUITO,ZEPITA,210407,-16.4970626,-69.1901129,1 ADECUADO SERVICIO DE AGUA POTABLE    61656MEJORAMIENTO DE CAPTACIONES EXISTENTES CE 1A Y CE 1B Y CE 1 Y CE 2 TIPO MANANTIALES DE LADERA  61656SUMINISTRO E INSTALACIÓN DE TUBERÍA DE CONDUCCIÓN SIST 1 DN 1 C10   61656LÍNEA DE CONDUCCIÓN PROYECTADA SIST 2 DE DN 2 PVC CLASE  10 KGCM2   61656MEJORAMIENTO DE DOS 02 RESERVORIOS DE 10 M3 DE CAPACIDAD   61656CONSTRUCCIÓN DE RESERVORIO APOYADO DE 15 M3 DE CAPACIDAD   61656LÍNEA DE ADUCCIÓN Y RED DE DISTRIBUCIÓN EN UNA LONGITUD DE 15488 M  61656CONEXIONES DOMICILIARIAS DE AGUA EN NÚMERO DE 129 128 DOMÉSTICAS Y 1 ESTATAL  61656ESTRUCTURA Y EQUIPAMIENTO PARA BOMBEO MANUAL PARA DOS 02 VIVIENDAS     2 ADECUADO SERVICIO DE DISPOSICIÓN SANITARIA DE EXCRETAS     61656CONSTRUCCIÓN DE 132 UNIDADES BÁSICSA DE SANEAMIENTO SIN ARRASTRE HIDRÁULICO 130 DOMÉSTICAS Y 2 ESTALAES  61656CONSTRUCCIÓN DE 132 ZANJAS DE PERCOLACIÓN    3 CAPACIDADES DE GESTIÓN ADMINISTRACIÓN OPERACIÓN Y MANTENIMIENTO DE LOS SISTEMAS      4 PROGRAMA DE FORTALECIMIENTO DE CAPACIDADES PARA LA POBLACIÓN,ADMINISTRACIÓN INDIRECTA - POR CONTRATA,NO,355,2026,0.0,0.0,1 ADECUADO SERVICIO DE AGUA POTABLE    61656MEJORAMIENTO DE CAPTACIONES EXISTENTES CE 1A Y CE 1B Y CE 1 Y CE 2 TIPO MANANTIALES DE LADERA  61656SUMINISTRO E INSTALACIÓN DE TUBERÍA DE CONDUCCIÓN SIST 1 DN 1 C10   61656LÍNEA DE CONDUCCIÓN PROYECTADA SIST 2 DE DN 2 PVC CLASE  10 KGCM2   61656MEJORAMIENTO DE DOS 02 RESERVORIOS DE 10 M3 DE CAPACIDAD   61656CONSTRUCCIÓN DE RESERVORIO APOYADO DE 15 M3 DE CAPACIDAD   61656LÍNEA DE ADUCCIÓN Y RED DE DISTRIBUCIÓN EN UNA LONGITUD DE 15488 M  61656CONEXIONES DOMICILIARIAS DE AGUA EN NÚMERO DE 129 128 DOMÉSTICAS Y 1 ESTATAL  61656ESTRUCTURA Y EQUIPAMIENTO PARA BOMBEO MANUAL PARA DOS 02 VIVIENDAS     2 ADECUADO SERVICIO DE DISPOSICIÓN SANITARIA DE EXCRETAS     61656CONSTRUCCIÓN DE 132 UNIDADES BÁSICSA DE SANEAMIENTO SIN ARRASTRE HIDRÁULICO 130 DOMÉSTICAS Y 2 ESTALAES  61656CONSTRUCCIÓN DE 132 ZANJAS DE PERCOLACIÓN    3 CAPACIDADES DE GESTIÓN ADMINISTRACIÓN OPERACIÓN Y MANTENIMIENTO DE LOS SISTEMAS      4 PROGRAMA DE FORTALECIMIENTO DE CAPACIDADES PARA LA POBLACIÓN,OPENSTREETMAP_NOMINATIM,APROXIMADA_DISTRITO,https://nominatim.openstreetmap.org,Coordenada referencial del distrito ZEPITA. No representa la ubicación exacta de la infraestructura.,COMPLETADO_APROXIMADO
2239672,OFICIAL_SANEAMIENTO,Clasificado oficialmente por el MEF en la función SANEAMIENTO,273824,"INSTALACION DEL SISTEMA DE AGUA POTABLE Y DISPOSICION DE EXCRETAS EN LA C.C. LIMATA, DISTRITO DE ANANEA - SAN ANTONIO DE PUTINA - PUNO",PIP MENOR (SNIP),GL,GOBIERNOS LOCALES,MUNICIPALIDAD DISTRITAL DE ANANEA,OPMI DE LA MUNICIPALIDAD DISTRITAL DE ANANEA,UF DE LA MUNICIPALIDAD DISTRITAL DE ANANEA,UEI DE LA MUNICIPALIDAD DISTRITAL DE ANANEA,301677,MUNICIPALIDAD DISTRITAL DE ANANEA,SANEAMIENTO,SANEAMIENTO,SANEAMIENTO RURAL,,ACTIVO,VIABLE,2013-09-16 00:00:00,2013-11-14 00:00:00,SNIP,794457.84,836539.41,0.0,0.0,0.0,56833.36,SI,0.0,56833.36,0.0,0.0,201602,202108,779706.05,0.0,,0,,,SI,794457.84,SI,Ejecución física (C),SI,SI,95.37,94.95,2026-02-19 14:51:33,2016-01-12 00:00:00,2027-12-31 00:00:00,2020-01-13 00:00:00,2020-09-21 00:00:00,NO,SI,2021-04-15 15:58:33,Pendiente de liquidación,PUNO,SAN ANTONIO DE PUTINA,ANANEA,211002,-14.6784404,-69.5352298,CONSTRUCCIÓN E INSTALACIÓN DE INFRAESTRUCTURA DE ABASTECIMIENTO DE AGUA POTABLE POR CAPTACIÓN DE MANANTIAL DE LADERA POR GRAVEDAD SIN TRATAMIENTO CONSTRUCCIÓN DE UN RESERVORIO DE 15M3 RED DE DISTRIBUCIÓN DE 6620 ML CON TUBERÍAS PVC CASETA DE VÁLVULAS VÁLVULAS DE CONTROL CAMA ROMPE PRESIÓN Y LA HABILITACIÓN DE 69 PILETAS  EJECUCIÓN DE UN PROGRAMA DE CAPACITACIÓN TÉCNICA Y EDUCACIÓN SANITARIA QUE EFECTUARSE CON EL FIN DE EDUCAR A LA POBLACIÓN BENEFICIARIA ACERCA DE LA IMPORTANCIA DE UN SISTEMA DE SANEAMIENTO BÁSICO INTEGRAL Y CAPACITAR A LOS MIEMBROS DE LA JASS EN TEMAS DE LA OPERACIÓN Y MANTENIMIENTO DEL SISTEMA SE PREVÉ LA CONSTRUCCIÓN DE 69 LETRINAS DE TIPO ARRASTRE HIDRÁULICO Y LETRINAS ECOLÓGICAS DE DOBLE CÁMARA EL CUAL TIENE COMO BASE EN CONCRETO 18  25 PM COMO SOBRECIMIENTO LUEGO UN MURO DE ADOBE 03X04X012M Y TECHADO CON CALAMINA GALVANIZADA SOBRE LOS TIJERALES Y CORREAS DE MADERA CONSTRUCCIÓN DE 69 UNIDADES DE INFRAESTRUCTURA PARA MITIGACION AMBIENTAL,ADMINISTRACIÓN DIRECTA,NO,345,2026,0.0,0.0,CONSTRUCCIÓN E INSTALACIÓN DE INFRAESTRUCTURA DE ABASTECIMIENTO DE AGUA POTABLE POR CAPTACIÓN DE MANANTIAL DE LADERA POR GRAVEDAD SIN TRATAMIENTO CONSTRUCCIÓN DE UN RESERVORIO DE 15M3 RED DE DISTRIBUCIÓN DE 6620 ML CON TUBERÍAS PVC CASETA DE VÁLVULAS VÁLVULAS DE CONTROL CAMA ROMPE PRESIÓN Y LA HABILITACIÓN DE 69 PILETAS  EJECUCIÓN DE UN PROGRAMA DE CAPACITACIÓN TÉCNICA Y EDUCACIÓN SANITARIA QUE EFECTUARSE CON EL FIN DE EDUCAR A LA POBLACIÓN BENEFICIARIA ACERCA DE LA IMPORTANCIA DE UN SISTEMA DE SANEAMIENTO BÁSICO INTEGRAL Y CAPACITAR A LOS MIEMBROS DE LA JASS EN TEMAS DE LA OPERACIÓN Y MANTENIMIENTO DEL SISTEMA SE PREVÉ LA CONSTRUCCIÓN DE 69 LETRINAS DE TIPO ARRASTRE HIDRÁULICO Y LETRINAS ECOLÓGICAS DE DOBLE CÁMARA EL CUAL TIENE COMO BASE EN CONCRETO 18  25 PM COMO SOBRECIMIENTO LUEGO UN MURO DE ADOBE 03X04X012M Y TECHADO CON CALAMINA GALVANIZADA SOBRE LOS TIJERALES Y CORREAS DE MADERA CONSTRUCCIÓN DE 69 UNIDADES DE INFRAESTRUCTURA PARA MITIGACION AMBIENTAL,OPENSTREETMAP_NOMINATIM,APROXIMADA_DISTRITO,https://nominatim.openstreetmap.org,Coordenada referencial del distrito ANANEA. No representa la ubicación exacta de la infraestructura.,COMPLETADO_APROXIMADO
2054245,HISTORICO_SALUD_Y_SANEAMIENTO,Proyecto histórico de agua/saneamiento registrado bajo la antigua función SALUD Y SANEAMIENTO,58040,"MEJORAMIENTO Y AMPLIACION  DEL SISTEMA INTEGRAL DE AGUA POTABLE  Y ALCANTARILLADO  DE LAMPA, PROVINCIA DE LAMPA - PUNO",PIP MAYOR (SNIP),GL,GOBIERNOS LOCALES,MUNICIPALIDAD PROVINCIAL DE LAMPA,OPMI DE LA MUNICIPALIDAD PROVINCIAL DE LAMPA,UF DE LA MUNICIPALIDAD PROVINCIAL DE LAMPA,UEI DE LA MUNICIPALIDAD PROVINCIAL DE LAMPA,1082,"MINISTERIO DE VIVIENDA, CONSTRUCCION Y SANEAMIENTO- ADM. GENERAL",SALUD Y SANEAMIENTO,SANEAMIENTO,SANEAMIENTO GENERAL,,ACTIVO,VIABLE,2007-08-04 00:00:00,2007-10-12 00:00:00,SNIP,5640868.0,9605692.0,0.0,0.0,0.0,70222.6,NO,,,,,200902,201811,9535469.4,0.0,,0,,,NO,0.0,SI,Aprobación de consistencia o modificaciones antes de la aprobación del ET o ET (A),SI,NO,,0.0,,,,,,NO,NO,,,PUNO,LAMPA,LAMPA,210701,-15.3377711,-70.3990299,Ampliacion del Sistema de Agua Potable Alcantarillado y Tratamiento de Aguas Residuales  en Lagunas Facultativas,,NO,4368,2026,0.0,0.0,Ampliacion del Sistema de Agua Potable Alcantarillado y Tratamiento de Aguas Residuales  en Lagunas Facultativas,OPENSTREETMAP_NOMINATIM,APROXIMADA_DISTRITO,https://nominatim.openstreetmap.org,Coordenada referencial del distrito LAMPA. No representa la ubicación exacta de la infraestructura.,COMPLETADO_APROXIMADO
2343044,OFICIAL_SANEAMIENTO,Clasificado oficialmente por el MEF en la función SANEAMIENTO,381738,"MEJORAMIENTO Y AMPLIACION DEL SERVICIO DE AGUA POTABLE Y SANEAMIENTO EN LA COMUNIDAD SANTA CRUZ DE MIJANI Y COMUNIDAD SANTA ROSA DE UYUNI, DISTRITO DE PUTINA, PROVINCIA DE SAN ANTONIO DE PUTINA - PUNO",PIP MAYOR (SNIP),GL,GOBIERNOS LOCALES,MUNICIPALIDAD PROVINCIAL DE SAN ANTONIO DE PUTINA,OPMI DE LA MUNICIPALIDAD PROVINCIAL DE SAN ANTONIO DE PUTINA,UF DE LA MUNICIPALIDAD PROVINCIAL DE SAN ANTONIO DE PUTINA,UEI DE LA MUNICIPALIDAD PROVINCIAL DE SAN ANTONIO DE PUTINA,301676,MUNICIPALIDAD PROVINCIAL DE SAN ANTONIO DE PUTINA,SANEAMIENTO,SANEAMIENTO,SANEAMIENTO RURAL,,ACTIVO,VIABLE,2017-03-29 00:00:00,2017-05-04 00:00:00,SNIP,5844468.0,4571662.17,0.0,0.0,0.0,5743.67,NO,,,,,201812,202512,4440590.5,0.0,0.0,125328,0.0,0.0,SI,4452916.21,SI,Ejecución física (C),SI,SI,100.0,100.0,2025-08-26 15:24:55,2021-10-04 00:00:00,2026-12-21 00:00:00,2022-10-11 00:00:00,2025-07-31 00:00:00,NO,NO,,,PUNO,SAN ANTONIO DE PUTINA,PUTINA,211001,-14.7211647,-69.7975441,COMPONENTE I PARA LA COMUNIDAD DE SANTA CRUZ DE MIJANI CONSISTE EN CONSTRUCCIÓN DE 03 UND CAPTACIÓN DE LADERA INSTALACIÓN DE LÍNEA DE CONDUCCIÓN DE TUBERÍA PVC SAP CLASE 15 DE UNA LONGITUD DE L 13842 ML 01 UND DE RESERVORIO CILÍNDRICO DE ALMACENAMIENTO DE 1250M3 INSTALACIÓN DE LÍNEA DE ADUCCIÓN Y DISTRIBUCIÓN DE 29915 ML INSTALACIÓN DE CONEXIONES DOMICILIARIAS 105 UND INSTALACIÓN DE LAVADERO DOMICILIARIO DE 105 UND INSTALACIÓN DE CÁMARA DE REUNIÓN T2 01 UND CÁMARA ROMPE PRESIÓN 10 UND CONSTRUCCIÓN DE UN PASE DE RIO CONSTRUCCIÓN DE PASE DE RIACHUELO LONGITUD DE 1000M INSTALACIÓN DE VÁLVULA DE AIRE 01 UND INSTALACIÓN DE VÁLVULA DE PURGA 01 UND Y SUMINISTRO E INSTALACIÓN DE VÁLVULAS DE CONTROL 08 UND PARA LA COMUNIDAD DE SANTA ROSA DE UYUNICONSISTE EN CONSTRUCCIÓN DE 02 UND CAPTACIÓN DE LADERA INSTALACIÓN DE LÍNEA DE CONDUCCIÓN DE TUBERÍA PVC SAP CLASE 15 DE UNA LONGITUD DE L 473061ML 01 UND DE RESERVORIO CILINDRICO DE ALMACENAMIENTO DE 1250M3 INSTALACIÓN DE LÍNEA DE ADUCCIÓN Y DISTRIBUCIÓN DE 1927380 ML  INSTALACIÓN DE CONEXIONES DOMICILIARIAS 85 UND INSTALACIÓN DE LAVADERO DOMICILIARIO DE 85 UND INSTALACIÓN DE CÁMARA DE REUNIÓN T2 01 UND CÁMARA ROMPE PRESIÓN 10 UND CONSTRUCCIÓN DE UN PASE DE RIO CONSTRUCCIÓN DE PASE DE RIACHUELO LONGITUD DE 1000 M INSTALACIÓN DE VÁLVULA DE AIRE 01 UND INSTALACIÓN DE VÁLVULA DE PURGA 07 UND  COMPONENTE 2 PARA LA COMUNIDAD DE SANTA CRUZ DE MIJANI  CONSISTE EN LA INSTALACIÓN DE 105 UNIDADES DE UBS  DOMESTICAS CON MURO DE LADRILLO KING KONG PISO PULIDO CON OCRE CON COBERTURA DE CALAMINA INSTALACIÓN DE INODORO TANQUE BAJO INSTALACIÓN DE ACCESORIOS DUCHA Y OTROS ACCESORIOS INSTALACIÓN DE SISTEMA BIODIGESTOR 105 UND INSTALACIÓN DE POZO PERCOLADOR DE 105 UND PARA LA COMUNIDAD DE SANTA ROSA DE UYUNI CONSISTE EN LA INSTALACIÓN DE 85 UNIDADES DE UBS  DOMESTICAS CON MURO DE LADRILLO KING KONG PISO PULIDO CON OCRE CON COBERTURA DE CALAMINA INSTALACIÓN DE INODORO TANQUE BAJO INSTALACIÓN DE ACCESORIOS DUCHA Y OTROS ACCESORIOS INSTALACIÓN DE SISTEMA BIODIGESTOR 85 UND INSTALACIÓN DE POZO PERCOLADOR DE 85 UND  COMPONENTE 3 CONSISTE EN REALIZAR EVENTOS DE CAPACITACIÓN SOCIAL Y MITIGACIÓN AMBIENTAL EN LAS DOS COMUNIDADES CONSISTE EN EVALUACIÓN Y CONTROL DE IMPACTO AMBIENTAL MANEJO DE RESIDUOS SÓLIDOS MITIGACIÓN Y PREVENCIÓN EN EDUCACIÓN SANITARIA A LA POBLACIÓN CAPACITACIÓN EN EDUCACIÓN SANITARIA MATERIALES PARA EDUCACIÓN SANITARIA PASANTÍAS Y TÉCNICAS  EN CAPACITACIÓN A JASS CONSISTE EN LA CAPACITACIÓN EN OPERACIÓN MANTENIMIENTO MANEJO DE LA GESTIÓN ADMINISTRATIVA MONITOREO ARQUEOLÓGICO,ADMINISTRACIÓN INDIRECTA - POR CONTRATA,NO,760,2026,0.0,0.0,COMPONENTE I PARA LA COMUNIDAD DE SANTA CRUZ DE MIJANI CONSISTE EN CONSTRUCCIÓN DE 03 UND CAPTACIÓN DE LADERA INSTALACIÓN DE LÍNEA DE CONDUCCIÓN DE TUBERÍA PVC SAP CLASE 15 DE UNA LONGITUD DE L 13842 ML 01 UND DE RESERVORIO CILÍNDRICO DE ALMACENAMIENTO DE 1250M3 INSTALACIÓN DE LÍNEA DE ADUCCIÓN Y DISTRIBUCIÓN DE 29915 ML INSTALACIÓN DE CONEXIONES DOMICILIARIAS 105 UND INSTALACIÓN DE LAVADERO DOMICILIARIO DE 105 UND INSTALACIÓN DE CÁMARA DE REUNIÓN T2 01 UND CÁMARA ROMPE PRESIÓN 10 UND CONSTRUCCIÓN DE UN PASE DE RIO CONSTRUCCIÓN DE PASE DE RIACHUELO LONGITUD DE 1000M INSTALACIÓN DE VÁLVULA DE AIRE 01 UND INSTALACIÓN DE VÁLVULA DE PURGA 01 UND Y SUMINISTRO E INSTALACIÓN DE VÁLVULAS DE CONTROL 08 UND PARA LA COMUNIDAD DE SANTA ROSA DE UYUNICONSISTE EN CONSTRUCCIÓN DE 02 UND CAPTACIÓN DE LADERA INSTALACIÓN DE LÍNEA DE CONDUCCIÓN DE TUBERÍA PVC SAP CLASE 15 DE UNA LONGITUD DE L 473061ML 01 UND DE RESERVORIO CILINDRICO DE ALMACENAMIENTO DE 1250M3 INSTALACIÓN DE LÍNEA DE ADUCCIÓN Y DISTRIBUCIÓN DE 1927380 ML  INSTALACIÓN DE CONEXIONES DOMICILIARIAS 85 UND INSTALACIÓN DE LAVADERO DOMICILIARIO DE 85 UND INSTALACIÓN DE CÁMARA DE REUNIÓN T2 01 UND CÁMARA ROMPE PRESIÓN 10 UND CONSTRUCCIÓN DE UN PASE DE RIO CONSTRUCCIÓN DE PASE DE RIACHUELO LONGITUD DE 1000 M INSTALACIÓN DE VÁLVULA DE AIRE 01 UND INSTALACIÓN DE VÁLVULA DE PURGA 07 UND  COMPONENTE 2 PARA LA COMUNIDAD DE SANTA CRUZ DE MIJANI  CONSISTE EN LA INSTALACIÓN DE 105 UNIDADES DE UBS  DOMESTICAS CON MURO DE LADRILLO KING KONG PISO PULIDO CON OCRE CON COBERTURA DE CALAMINA INSTALACIÓN DE INODORO TANQUE BAJO INSTALACIÓN DE ACCESORIOS DUCHA Y OTROS ACCESORIOS INSTALACIÓN DE SISTEMA BIODIGESTOR 105 UND INSTALACIÓN DE POZO PERCOLADOR DE 105 UND PARA LA COMUNIDAD DE SANTA ROSA DE UYUNI CONSISTE EN LA INSTALACIÓN DE 85 UNIDADES DE UBS  DOMESTICAS CON MURO DE LADRILLO KING KONG PISO PULIDO CON OCRE CON COBERTURA DE CALAMINA INSTALACIÓN DE INODORO TANQUE BAJO INSTALACIÓN DE ACCESORIOS DUCHA Y OTROS ACCESORIOS INSTALACIÓN DE SISTEMA BIODIGESTOR 85 UND INSTALACIÓN DE POZO PERCOLADOR DE 85 UND  COMPONENTE 3 CONSISTE EN REALIZAR EVENTOS DE CAPACITACIÓN SOCIAL Y MITIGACIÓN AMBIENTAL EN LAS DOS COMUNIDADES CONSISTE EN EVALUACIÓN Y CONTROL DE IMPACTO AMBIENTAL MANEJO DE RESIDUOS SÓLIDOS MITIGACIÓN Y PREVENCIÓN EN EDUCACIÓN SANITARIA A LA POBLACIÓN CAPACITACIÓN EN EDUCACIÓN SANITARIA MATERIALES PARA EDUCACIÓN SANITARIA PASANTÍAS Y TÉCNICAS  EN CAPACITACIÓN A JASS CONSISTE EN LA CAPACITACIÓN EN OPERACIÓN MANTENIMIENTO MANEJO DE LA GESTIÓN ADMINISTRATIVA MONITOREO ARQUEOLÓGICO,OPENSTREETMAP_NOMINATIM,APROXIMADA_DISTRITO,https://nominatim.openstreetmap.org,Coordenada referencial del distrito PUTINA. No representa la ubicación exacta de la infraestructura.,COMPLETADO_APROXIMADO
2189486,OFICIAL_SANEAMIENTO,Clasificado oficialmente por el MEF en la función SANEAMIENTO,251457,"MEJORAMIENTO Y AMPLIACION DEL SERVICIO DE AGUA POTABLE Y DISPOSICION SANITARIA DE EXCRETAS EN LOS SECTORES CHOCCÑAPAMPA BAJO Y POCOAQUI DE LA COMUNIDAD CAMPESINA HUAPACA SANTIAGO, DISTRITO POMATA - CHUCUITO - PUNO",PIP MAYOR (SNIP),GR,GOBIERNOS REGIONALES,GOBIERNO REGIONAL PUNO,OPMI DEL GOBIERNO REGIONAL PUNO,UF DE LA GOBIERNO REGIONAL PUNO,UEI DEL PROGRAMA NACIONAL DE SANEAMIENTO RURAL,1443,PROGRAMA NACIONAL DE SANEAMIENTO RURAL,SANEAMIENTO,SANEAMIENTO,SANEAMIENTO RURAL,,ACTIVO,VIABLE,2013-02-21 00:00:00,2013-07-15 00:00:00,SNIP,3019120.0,2771680.62,0.0,0.0,0.0,446886.42,SI,10000.0,30000.0,25786.42,0.0,201403,202607,2315894.2,7900.0,10000.0,8900,8900.0,8900.0,SI,2804297.68,SI,Ejecución física (C),SI,SI,96.14,96.14,2026-02-17 14:52:14,2015-09-17 00:00:00,2028-07-22 00:00:00,2017-05-16 00:00:00,2018-06-11 00:00:00,NO,NO,,,PUNO,CHUCUITO,POMATA,210406,-16.3694998,-69.2947975,D1 Agua potable  Captación  Construcción de 01 de Pozo excavado tipo Caisson de 150 m de diámetro y 12 m de profundidad  Construcción de una caseta de bombeo con las siguientes características Qb  200 ls  y HDT  29 m La potencia del motor será de 10 Hp  Línea de Impulsión  Se construirá una línea de impulsión desde el pozo de bombeo hacia reservorio proyectado de V3000m3 dicha tubería será de PVC Ø 2 clase 75  y tendrá una longitud de 6000m   Almacenamiento  Se construirá un reservorio de tipo elevado 2000m de altura de fuste el cual será de concreto armado y estará en la cota de 386400 msnm tendrá un volumen de 30 m3  Tratamiento  El tratamiento se hará por aplicación de hipoclorito de calcio será colocado el reservorio proyectado V3000m3 hipoclorador de flujo difusor     Aducción y Redes de distribución  Instalación de tuberías de aducción y distribución de  2 1 1    y  de diámetro según las siguientes cantidades   Suministro e instalación de Tubería de DN 50 mm  C75m2110  Suministro e instalación de Tubería de DN 1 12  C75m1729  Suministro e instalación de Tubería de DN 1  C75m2797  Suministro e instalación de Tubería de DN 34C75m3357  Suministro e instalación de Tubería de DN 12 C75m1285  Conexiones Domiciliarias  Instalación de 89 conexiones domiciliarias  81 conexiones domésticas 02 piletas públicas 03 conexiones sociales y 03 conexión estatal     D2 Disposición sanitaria de excretas  En total se Instalaran de 92 unidades básicas de saneamiento sin arrastre hidráulico letrina compostera de doble cámara ducha lavatorio y urinario Se tienen 83 conexiones domésticas 06 conexión estatal y 03 conexión social Se considera dos UBS,ADMINISTRACIÓN DIRECTA,NO,323,2026,0.0,0.0,D1 Agua potable  Captación  Construcción de 01 de Pozo excavado tipo Caisson de 150 m de diámetro y 12 m de profundidad  Construcción de una caseta de bombeo con las siguientes características Qb  200 ls  y HDT  29 m La potencia del motor será de 10 Hp  Línea de Impulsión  Se construirá una línea de impulsión desde el pozo de bombeo hacia reservorio proyectado de V3000m3 dicha tubería será de PVC Ø 2 clase 75  y tendrá una longitud de 6000m   Almacenamiento  Se construirá un reservorio de tipo elevado 2000m de altura de fuste el cual será de concreto armado y estará en la cota de 386400 msnm tendrá un volumen de 30 m3  Tratamiento  El tratamiento se hará por aplicación de hipoclorito de calcio será colocado el reservorio proyectado V3000m3 hipoclorador de flujo difusor     Aducción y Redes de distribución  Instalación de tuberías de aducción y distribución de  2 1 1    y  de diámetro según las siguientes cantidades   Suministro e instalación de Tubería de DN 50 mm  C75m2110  Suministro e instalación de Tubería de DN 1 12  C75m1729  Suministro e instalación de Tubería de DN 1  C75m2797  Suministro e instalación de Tubería de DN 34C75m3357  Suministro e instalación de Tubería de DN 12 C75m1285  Conexiones Domiciliarias  Instalación de 89 conexiones domiciliarias  81 conexiones domésticas 02 piletas públicas 03 conexiones sociales y 03 conexión estatal     D2 Disposición sanitaria de excretas  En total se Instalaran de 92 unidades básicas de saneamiento sin arrastre hidráulico letrina compostera de doble cámara ducha lavatorio y urinario Se tienen 83 conexiones domésticas 06 conexión estatal y 03 conexión social Se considera dos UBS,OPENSTREETMAP_NOMINATIM,APROXIMADA_DISTRITO,https://nominatim.openstreetmap.org,Coordenada referencial del distrito POMATA. No representa la ubicación exacta de la infraestructura.,COMPLETADO_APROXIMADO
2189482,OFICIAL_SANEAMIENTO,Clasificado oficialmente por el MEF en la función SANEAMIENTO,251434,MEJORAMIENTO Y AMPLIACION DEL SERVICIO DE AGUA POTABLE Y DISPOSICION SANITARIA DE EXCRETAS EN LA COMUNIDAD CAMPESINA ISCUANI DISTRITO POMATA - CHUCUITO - PUNO,PIP MAYOR (SNIP),GR,GOBIERNOS REGIONALES,GOBIERNO REGIONAL PUNO,OPMI DEL GOBIERNO REGIONAL PUNO,UF DE LA GOBIERNO REGIONAL PUNO,UEI DEL PROGRAMA NACIONAL DE SANEAMIENTO RURAL,1443,PROGRAMA NACIONAL DE SANEAMIENTO RURAL,SANEAMIENTO,SANEAMIENTO,SANEAMIENTO RURAL,,ACTIVO,VIABLE,2013-02-22 00:00:00,2013-07-23 00:00:00,SNIP,4256534.0,4179930.45,0.0,56425.72,0.0,119773.09,SI,5000.0,30000.0,44573.09,0.0,201403,202608,4055357.36,4800.0,5000.0,4800,4800.0,4800.0,SI,4253977.57,SI,Ejecución física (C),SI,SI,96.92,92.29,2026-02-16 20:00:18,2014-12-16 00:00:00,2028-08-01 00:00:00,2017-10-27 00:00:00,2019-08-11 00:00:00,NO,NO,,,PUNO,CHUCUITO,POMATA,210406,-16.3694998,-69.2947975,Componente 01 Adecuado servicio de agua potable Se plantea la construcción de un sistemas de agua potable que consiste en mejorar la captación del pozo artesiano de 33 m de profundidad instalar una línea de impulsión de 1365 ml por tubería de Policloruro de Vinilo de 2 C10 mejorar el actual reservorio de 30 m3 construcción de un reservorio de 17 m3 instalación de líneas de aducción de longitudes 359ml y 283 ml Con tubería  de 2 C10 se instalara redes de distribución con tuberías de diámetro 1  en una longitud de 690 ml de 1 de diámetro 1 210 m de diámetro 34 una longitud de 1287 m y tubería de diámetro 12 5160 m en todos los casos se colocarán tuberías de clase 75 y se instalan 171 conexiones domiciliarias de   con caja de paso para válvula de cierre lavadero de dos cuerpos y dos grifos de salida de agua  Componente 02 Adecuado servicio de disposición sanitaria de excretas  Se ha considerado 174 UBS tipo compostera 160 para viviendas una por vivienda 08 UBS para las organizaciones sociales y 06 UBS para Instituciones Educativas  Componente 03 Adecuada capacidad técnica y administrativa de los miembros de la JASS  Se plantea la realización de un programa de capacitación para la JASS donde se realizan 03 talleres en temas como T1 Administración Contabilidad y Manejo de Almacén T2 Operación y Mantenimiento del Sistema de Agua y T3 Cloración y Desinfección del Sistema de Agua  Componente 04 Adecuados conocimientos en educación sanitaria y OM de sistema de saneamiento  Se planta un programa de capacitación en educación sanitaria dirigido a los beneficiarios del proyecto donde se desarrollan 06 talleres en temas como T1 Metodología de capacitación a adultos T2 Enfermedades prevalentes ligadas al saneamiento básico y hábitos de higiene T3Higiene personal vivienda y ambiental Uso y T4 Cuidado del agua T5 Eliminación adecuada de excretas y T6 Operación y Mantenimiento de la UBS,ADMINISTRACIÓN INDIRECTA - POR CONTRATA,NO,520,2026,0.0,0.0,Componente 01 Adecuado servicio de agua potable Se plantea la construcción de un sistemas de agua potable que consiste en mejorar la captación del pozo artesiano de 33 m de profundidad instalar una línea de impulsión de 1365 ml por tubería de Policloruro de Vinilo de 2 C10 mejorar el actual reservorio de 30 m3 construcción de un reservorio de 17 m3 instalación de líneas de aducción de longitudes 359ml y 283 ml Con tubería  de 2 C10 se instalara redes de distribución con tuberías de diámetro 1  en una longitud de 690 ml de 1 de diámetro 1 210 m de diámetro 34 una longitud de 1287 m y tubería de diámetro 12 5160 m en todos los casos se colocarán tuberías de clase 75 y se instalan 171 conexiones domiciliarias de   con caja de paso para válvula de cierre lavadero de dos cuerpos y dos grifos de salida de agua  Componente 02 Adecuado servicio de disposición sanitaria de excretas  Se ha considerado 174 UBS tipo compostera 160 para viviendas una por vivienda 08 UBS para las organizaciones sociales y 06 UBS para Instituciones Educativas  Componente 03 Adecuada capacidad técnica y administrativa de los miembros de la JASS  Se plantea la realización de un programa de capacitación para la JASS donde se realizan 03 talleres en temas como T1 Administración Contabilidad y Manejo de Almacén T2 Operación y Mantenimiento del Sistema de Agua y T3 Cloración y Desinfección del Sistema de Agua  Componente 04 Adecuados conocimientos en educación sanitaria y OM de sistema de saneamiento  Se planta un programa de capacitación en educación sanitaria dirigido a los beneficiarios del proyecto donde se desarrollan 06 talleres en temas como T1 Metodología de capacitación a adultos T2 Enfermedades prevalentes ligadas al saneamiento básico y hábitos de higiene T3Higiene personal vivienda y ambiental Uso y T4 Cuidado del agua T5 Eliminación adecuada de excretas y T6 Operación y Mantenimiento de la UBS,OPENSTREETMAP_NOMINATIM,APROXIMADA_DISTRITO,https://nominatim.openstreetmap.org,Coordenada referencial del distrito POMATA. No representa la ubicación exacta de la infraestructura.,COMPLETADO_APROXIMADO
2030691,HISTORICO_SALUD_Y_SANEAMIENTO,Proyecto histórico de agua/saneamiento registrado bajo la antigua función SALUD Y SANEAMIENTO,24636,MEJORAMIENTO DE LAS CAMARAS DE BOMBEO DEL SISTEMA DE ALCANTARILLADO Y LA CAPTACION DE AGUA CRUDA EN JULIACA,PIP MAYOR (SNIP),GR,GOBIERNOS REGIONALES,GOBIERNO REGIONAL PUNO,OPMI DEL GOBIERNO REGIONAL PUNO,UF DE LA GOBIERNO REGIONAL PUNO,UEI DE LA GOBIERNO REGIONAL PUNO,902,REGION PUNO-SEDE CENTRAL,SALUD Y SANEAMIENTO,SANEAMIENTO,SANEAMIENTO GENERAL,,ACTIVO,VIABLE,2005-10-11 00:00:00,2006-07-05 00:00:00,SNIP,737345.0,737345.0,0.0,0.0,0.0,21509.62,NO,,,,,200610,200812,715835.38,0.0,,0,,,NO,0.0,SI,Aprobación de consistencia o modificaciones antes de la aprobación del ET o ET (A),SI,NO,,0.0,,,,,,NO,SI,2023-10-30 18:42:07,Pendiente de liquidación,PUNO,SAN ROMAN,JULIACA,211101,-15.4932314,-70.1356177,AGUA POTABLEConclusión de las obras civiles e instalar el equipo de bombeo existente tender red de impulsión desde la planta de impulsión hasta el empalme con la red de impulsión hacia la planta de tratamiento existente Lo cual se logrará con la ejecución de las obras siguientesaConclusión de la cámara de bombeo cámara seca bInstalar red de impulsión desde la cámara seca con empalme a la red de impulsión existenteALCANTARILLADOConclusión de las obras civiles e instalar los equipos de bombeo existentes en cada una de las cámaras y tender red de impulsión desde la cámara seca hasta empalmar con la red de impulsión existente de cada cámara Lo cual se logrará con la ejecución de las obras siguientesaConclusión de las 07 cámaras de bombeo cámaras secas bEmpalme entre cámaras secas y cámaras húmedascInstalar red de Impulsión con empalme a la red de impulsión existente  en las 07 cámarasdReposición de cercos perimétricos en las 07 cámaras de bombeoeReposición de casetas de bombeo CB05 CB07fRehabilitación de colector de desague en CB01,,NO,213192,2026,0.0,0.0,AGUA POTABLEConclusión de las obras civiles e instalar el equipo de bombeo existente tender red de impulsión desde la planta de impulsión hasta el empalme con la red de impulsión hacia la planta de tratamiento existente Lo cual se logrará con la ejecución de las obras siguientesaConclusión de la cámara de bombeo cámara seca bInstalar red de impulsión desde la cámara seca con empalme a la red de impulsión existenteALCANTARILLADOConclusión de las obras civiles e instalar los equipos de bombeo existentes en cada una de las cámaras y tender red de impulsión desde la cámara seca hasta empalmar con la red de impulsión existente de cada cámara Lo cual se logrará con la ejecución de las obras siguientesaConclusión de las 07 cámaras de bombeo cámaras secas bEmpalme entre cámaras secas y cámaras húmedascInstalar red de Impulsión con empalme a la red de impulsión existente  en las 07 cámarasdReposición de cercos perimétricos en las 07 cámaras de bombeoeReposición de casetas de bombeo CB05 CB07fRehabilitación de colector de desague en CB01,OPENSTREETMAP_NOMINATIM,APROXIMADA_DISTRITO,https://nominatim.openstreetmap.org,Coordenada referencial del distrito JULIACA. No representa la ubicación exacta de la infraestructura.,COMPLETADO_APROXIMADO
2300882,OFICIAL_SANEAMIENTO,Clasificado oficialmente por el MEF en la función SANEAMIENTO,338682,"MEJORAMIENTO Y AMPLIACION DEL SERVICIO DE AGUA POTABLE Y  DISPOSICION SANITARIA DE EXCRETAS EN LA COMUNIDAD CAMPESINA DE CHILLORA Y SAN CRISTOBAL, DISTRITO DE CAPACHICA - PUNO - PUNO",PIP MAYOR (SNIP),GL,GOBIERNOS LOCALES,MUNICIPALIDAD DISTRITAL DE CAPACHICA,OPMI DE LA MUNICIPALIDAD DISTRITAL DE CAPACHICA,UF DE LA MUNICIPALIDAD DISTRITAL DE CAPACHICA,,301597,MUNICIPALIDAD DISTRITAL DE CAPACHICA,SANEAMIENTO,SANEAMIENTO,SANEAMIENTO RURAL,,ACTIVO,VIABLE,2015-10-27 00:00:00,2016-06-21 00:00:00,SNIP,5216729.0,5216729.0,0.0,0.0,0.0,215659.57,NO,,,,,201608,201811,5001069.43,0.0,,0,,,SI,5216728.8,SI,Aprobación de consistencia o modificaciones antes de la aprobación del ET o ET (A),NO,NO,,,,,,,,NO,NO,,,PUNO,PUNO,CAPACHICA,210105,-15.6420185,-69.8307928,MEJORAMIENTO Y AMPLIACION DEL SERVICIO DE AGUA POTABLE Y  DISPOSICION SANITARIA DE EXCRETAS EN LA CC DE CHILLORA Y SAN CRISTOBAL C1 CONSTRUCCION DE CAPATACION CASETA DE BOMBEO CERCO PERIMETRICO 5060 ML RESERVORIO 75M3 SUMINISTRO E INSTALACION DE LINEA DE IMPULSION 350 ML SUMINISTRO E INSTALACION LINEA DE ADUCCION 350 ML REDES DE DISTRIBUCION DE AGUA 2840604 ML CONEXIONES DOMICILIARIAS 320 FAMILIAS C2 INSTALACION DE 320 UNIDADES BASICAS DE CON ARRASTRE HIDRÁULICO INSTALACIONES EXTERIORES ESTARÁ COMPUESTO POR UN BIODIGESTOR ROTOPLAS C3 MEJORA DE LOS NIVELES DE EDUCACIÓN SANITARIA Y ADECUADA GESTIÓN DE SERVICIOS DE SANEAMIENTOC4 MITIGACION AMBIENTAL,ADMINISTRACIÓN INDIRECTA - POR CONTRATA,NO,1590,2026,0.0,0.0,MEJORAMIENTO Y AMPLIACION DEL SERVICIO DE AGUA POTABLE Y  DISPOSICION SANITARIA DE EXCRETAS EN LA CC DE CHILLORA Y SAN CRISTOBAL C1 CONSTRUCCION DE CAPATACION CASETA DE BOMBEO CERCO PERIMETRICO 5060 ML RESERVORIO 75M3 SUMINISTRO E INSTALACION DE LINEA DE IMPULSION 350 ML SUMINISTRO E INSTALACION LINEA DE ADUCCION 350 ML REDES DE DISTRIBUCION DE AGUA 2840604 ML CONEXIONES DOMICILIARIAS 320 FAMILIAS C2 INSTALACION DE 320 UNIDADES BASICAS DE CON ARRASTRE HIDRÁULICO INSTALACIONES EXTERIORES ESTARÁ COMPUESTO POR UN BIODIGESTOR ROTOPLAS C3 MEJORA DE LOS NIVELES DE EDUCACIÓN SANITARIA Y ADECUADA GESTIÓN DE SERVICIOS DE SANEAMIENTOC4 MITIGACION AMBIENTAL,OPENSTREETMAP_NOMINATIM,APROXIMADA_DISTRITO,https://nominatim.openstreetmap.org,Coordenada referencial del distrito CAPACHICA. No representa la ubicación exacta de la infraestructura.,COMPLETADO_APROXIMADO
2110966,OFICIAL_SANEAMIENTO,Clasificado oficialmente por el MEF en la función SANEAMIENTO,144101,"CONSTRUCCION DE SISTEMA DE ABASTECIMIENTO DE AGUA POTABLE CALAHUANCANI, DISTRITO DE PISACOMA - CHUCUITO - PUNO",PIP MENOR (SNIP),GL,GOBIERNOS LOCALES,MUNICIPALIDAD DISTRITAL DE PISACOMA,OPMI DE LA MUNICIPALIDAD DISTRITAL DE PISACOMA,UF DE LA MUNICIPALIDAD DISTRITAL DE PISACOMA,UEI DE LA MUNICIPALIDAD DISTRITAL DE PISACOMA,301637,MUNICIPALIDAD DISTRITAL DE PISACOMA,SANEAMIENTO,SANEAMIENTO,SANEAMIENTO RURAL,,ACTIVO,VIABLE,2010-02-01 00:00:00,2010-02-02 00:00:00,SNIP,253000.0,246071.45,0.0,0.0,0.0,42605.18,NO,,,,,201003,201912,203466.27,0.0,,0,,,SI,229071.45,SI,Expediente técnico (B),NO,NO,,,,,,,,NO,SI,2019-11-29 17:19:19,Pendiente de liquidación,PUNO,CHUCUITO,PISACOMA,210405,-16.9081006,-69.3713066,CONSTRUCCION DE SISTEMA DE AGUA POTABLE EN LA LOCALIDAD DE CALAHUANCANI,,NO,232,2026,0.0,0.0,CONSTRUCCION DE SISTEMA DE AGUA POTABLE EN LA LOCALIDAD DE CALAHUANCANI,OPENSTREETMAP_NOMINATIM,APROXIMADA_DISTRITO,https://nominatim.openstreetmap.org,Coordenada referencial del distrito PISACOMA. No representa la ubicación exacta de la infraestructura.,COMPLETADO_APROXIMADO
2301221,OFICIAL_SANEAMIENTO,Clasificado oficialmente por el MEF en la función SANEAMIENTO,340235,"MEJORAMIENTO Y AMPLIACION DEL SISTEMA DEL AGUA POTABLE  Y DISPOSICION SANITARIA DE EXCRETAS EN LAS PARCIALIDADES HUANACAMAYA Y 24 DE JUNIO, DISTRITO DE SANTA ROSA - EL COLLAO - PUNO",PIP MAYOR (SNIP),GL,GOBIERNOS LOCALES,MUNICIPALIDAD DISTRITAL DE SANTA ROSA - MAZOCRUZ,OPMI DE LA MUNICIPALIDAD DISTRITAL DE SANTA ROSA - MAZOCRUZ,UF DE LA MUNICIPALIDAD DISTRITAL DE SANTA ROSA - MAZOCRUZ,UEI DE LA MUNICIPALIDAD DISTRITAL DE SANTA ROSA - MAZOCRUZ,1443,PROGRAMA NACIONAL DE SANEAMIENTO RURAL,SANEAMIENTO,SANEAMIENTO,SANEAMIENTO RURAL,,ACTIVO,VIABLE,2015-11-14 00:00:00,2015-12-31 00:00:00,SNIP,2614362.0,3424146.55,0.0,0.0,0.0,3424146.55,NO,,,,,,,0.0,0.0,,0,,,SI,2350525.71,SI,Ejecución física (C),SI,NO,,0.0,,2018-05-07 00:00:00,2018-10-31 00:00:00,2018-05-07 00:00:00,2018-10-31 00:00:00,NO,NO,,,PUNO,EL COLLAO,SANTA ROSA,210504,-16.7616495,-69.8556014,COMPONENTE ISUFICIENTE INFRAESTRUCTURA PARA EL ADECUADO ABASTECIMIENTO DEL SERVICIO AGUA POTABLE     LAS CAPTACIONES SE UBICAN EN LAS LADERAS DE LOS CERROS DE HUANACAMAYA 24 DE JUNIOCHULLUNQUIANI QUILKANI CON OBRAS DE CONCRETO FC140 KGCM2 Y CONCRETO FC175KGCM2 LOSA FONDO LAS LÍNEAS DE CONDUCCIÓN DE HUANACAMAYA CONSTA DE 534 ML 24 DE JUNIO CON 550 ML CHULLUNQUIANI CON 367 ML QUILKANI CON 534 ML CONSTA LA INSTALACIÓN DE 01 RESERVORIO PARA HUANACAMAYA DE 15 M3 24 DE JUNIO DE 5 M3 CHULLUNQUIANI DE 3 M3 QUILKANI DE 3 M3 CON CONCRETO FC210KGCM2 LOSA FONDO MURO CONCRETO FC210KGCM2 CUENTA CON  01CASETA DE VÁLVULAS DEL RESERVORIO  DE HUANACAMAYA 01CASETA DE VÁLVULAS DEL RESERVORIO  DE 24 DE JUNIO  DE  01CASETA DE VÁLVULAS DEL RESERVORIO  DE CHULLUNQUIANI 01CASETA DE VÁLVULAS DEL RESERVORIO  DE QUILKANI  SERÁN DE  CONCRETO ARMADO FC 175 KGCM2 LA INSTALACIÓN DE RED DE DISTRIBUCIÓN PARA HUANACAMAYA ES DE 14326 ML  24 DE JUNIO ES DE 9039 ML CHULLUNQUIANI ES DE 8801 ML  QUILKANI ES DE 3005 ML  SE CONSTRUIRÁN 01 UNIDAD  DE CÁMARA ROMPE PRESIÓN PARA HUANACAMAYA CON CONCRETO FC210KGCM2 01  UNIDAD  DE CÁMARA ROMPE PRESIÓN PARA 24 DE JUNIO 01  UNIDAD  DE CÁMARA ROMPE PRESIÓN PARA CHULLUNQUIANI  01  UNIDAD  DE CÁMARA ROMPE PRESIÓN PARA QUILKANI CON CONCRETO FC210KGCM2 SE INSTALARA 03 UNIDADES DE CAJA DE VÁLVULA PARA HUANACAMAYA   01 UNIDAD DE CAJA DE VÁLVULA PARA 24 DE JUNIO 01 UNIDAD DE CAJA DE VÁLVULA PARA CHULLUNQUIANI 02 UNIDADES DE CAJA DE VÁLVULA PARA QUILKANICONSTA DE 01 PASE CRUCE CARRETERA TIPO BAJO PUENTE T1 EN HUANACAMAYA   DE 01 PASE RIO  TIPO SIFÓN EN CHULLUNQUIANI  01 PASE RIO  TIPO SIFÓN EN QUILKANI  01 PASEO AÉREO EN HUANACAMAYA  INSTALACIÓN DE 01 CAJA DE VÁLVULA DE PURGA EN HUANACAMAYA   01 CAJA DE VÁLVULA DE PURGA EN 24 DE JUNIO 01 CAJA DE VÁLVULA DE PURGA EN CHULLUNQUIANI  03 CAJA DE VÁLVULA DE PURGA EN CHULLUNQUIANI  LAS CONEXIONES DOMICILIARIASCONSTA DE 92 UNIDADES EN HUANACAMAYA 32 UNIDADES EN 24 DE JUNIO 13 UNIDADES EN CHULLUNQUINI 14 UNIDADES EN QUILKANI QUE INCLUYE TUBERÍA PVC SAP DE CLASE 10 DE 12    COMPONENTE  II ADECUADA INFRAESTRUCTURA PARA EL SERVICIO DE DISPOSICIÓN SANITARIA DE EXCRETAS   SE PREVÉ LA CONSTRUCCIÓN DE 152 UND DE LETRINAS CON ARRASTRE HIDRÁULICO EL CUAL TIENE COMO CONCRETO FC175 KGCM2 EN VEREDA  CONCRETO FC175 KGCM2 EN VIGUETAS CON MURO CARAVISTA LADRILLO KK DE ARCILLA 18H  09X013X024 AMARRE DE CABEZA JUNTA 15 CM MORTERO 115 EL PISO DE CEMENTO PULIDO DE COLOR CON  COBERTURA CON PLANCHA ONDULINE FIBRA VEGETAL  VITUM ASFALTICO QUE INCLUYE CON SUMINISTRO DE WATER DE PORCELANA SUMINSTRO DE LAVAMANOS DE PORCELANA    SUMINSTRO Y COLOCACION DE DUCHA  SUMIDERO DE BRONCE ROSCADO 2 Y CUENTA CON BIODIGESTOR PVC DE 600 LT    COMPONENTE III EFICIENTE GESTIÓN ADMINISTRATIVA Y OPERATIVA DE LOS SERVICIOS DE SANEAMIENTO    EN CUANTO SE REFIERE A LA ACCIÓN DE CAPACITACIÓN EN EDUCACIÓN SANITARIA Y GESTIÓN DEL SERVICIO DE SANEAMIENTO,ADMINISTRACIÓN INDIRECTA - POR CONTRATA,NO,780,2026,0.0,0.0,COMPONENTE ISUFICIENTE INFRAESTRUCTURA PARA EL ADECUADO ABASTECIMIENTO DEL SERVICIO AGUA POTABLE     LAS CAPTACIONES SE UBICAN EN LAS LADERAS DE LOS CERROS DE HUANACAMAYA 24 DE JUNIOCHULLUNQUIANI QUILKANI CON OBRAS DE CONCRETO FC140 KGCM2 Y CONCRETO FC175KGCM2 LOSA FONDO LAS LÍNEAS DE CONDUCCIÓN DE HUANACAMAYA CONSTA DE 534 ML 24 DE JUNIO CON 550 ML CHULLUNQUIANI CON 367 ML QUILKANI CON 534 ML CONSTA LA INSTALACIÓN DE 01 RESERVORIO PARA HUANACAMAYA DE 15 M3 24 DE JUNIO DE 5 M3 CHULLUNQUIANI DE 3 M3 QUILKANI DE 3 M3 CON CONCRETO FC210KGCM2 LOSA FONDO MURO CONCRETO FC210KGCM2 CUENTA CON  01CASETA DE VÁLVULAS DEL RESERVORIO  DE HUANACAMAYA 01CASETA DE VÁLVULAS DEL RESERVORIO  DE 24 DE JUNIO  DE  01CASETA DE VÁLVULAS DEL RESERVORIO  DE CHULLUNQUIANI 01CASETA DE VÁLVULAS DEL RESERVORIO  DE QUILKANI  SERÁN DE  CONCRETO ARMADO FC 175 KGCM2 LA INSTALACIÓN DE RED DE DISTRIBUCIÓN PARA HUANACAMAYA ES DE 14326 ML  24 DE JUNIO ES DE 9039 ML CHULLUNQUIANI ES DE 8801 ML  QUILKANI ES DE 3005 ML  SE CONSTRUIRÁN 01 UNIDAD  DE CÁMARA ROMPE PRESIÓN PARA HUANACAMAYA CON CONCRETO FC210KGCM2 01  UNIDAD  DE CÁMARA ROMPE PRESIÓN PARA 24 DE JUNIO 01  UNIDAD  DE CÁMARA ROMPE PRESIÓN PARA CHULLUNQUIANI  01  UNIDAD  DE CÁMARA ROMPE PRESIÓN PARA QUILKANI CON CONCRETO FC210KGCM2 SE INSTALARA 03 UNIDADES DE CAJA DE VÁLVULA PARA HUANACAMAYA   01 UNIDAD DE CAJA DE VÁLVULA PARA 24 DE JUNIO 01 UNIDAD DE CAJA DE VÁLVULA PARA CHULLUNQUIANI 02 UNIDADES DE CAJA DE VÁLVULA PARA QUILKANICONSTA DE 01 PASE CRUCE CARRETERA TIPO BAJO PUENTE T1 EN HUANACAMAYA   DE 01 PASE RIO  TIPO SIFÓN EN CHULLUNQUIANI  01 PASE RIO  TIPO SIFÓN EN QUILKANI  01 PASEO AÉREO EN HUANACAMAYA  INSTALACIÓN DE 01 CAJA DE VÁLVULA DE PURGA EN HUANACAMAYA   01 CAJA DE VÁLVULA DE PURGA EN 24 DE JUNIO 01 CAJA DE VÁLVULA DE PURGA EN CHULLUNQUIANI  03 CAJA DE VÁLVULA DE PURGA EN CHULLUNQUIANI  LAS CONEXIONES DOMICILIARIASCONSTA DE 92 UNIDADES EN HUANACAMAYA 32 UNIDADES EN 24 DE JUNIO 13 UNIDADES EN CHULLUNQUINI 14 UNIDADES EN QUILKANI QUE INCLUYE TUBERÍA PVC SAP DE CLASE 10 DE 12    COMPONENTE  II ADECUADA INFRAESTRUCTURA PARA EL SERVICIO DE DISPOSICIÓN SANITARIA DE EXCRETAS   SE PREVÉ LA CONSTRUCCIÓN DE 152 UND DE LETRINAS CON ARRASTRE HIDRÁULICO EL CUAL TIENE COMO CONCRETO FC175 KGCM2 EN VEREDA  CONCRETO FC175 KGCM2 EN VIGUETAS CON MURO CARAVISTA LADRILLO KK DE ARCILLA 18H  09X013X024 AMARRE DE CABEZA JUNTA 15 CM MORTERO 115 EL PISO DE CEMENTO PULIDO DE COLOR CON  COBERTURA CON PLANCHA ONDULINE FIBRA VEGETAL  VITUM ASFALTICO QUE INCLUYE CON SUMINISTRO DE WATER DE PORCELANA SUMINSTRO DE LAVAMANOS DE PORCELANA    SUMINSTRO Y COLOCACION DE DUCHA  SUMIDERO DE BRONCE ROSCADO 2 Y CUENTA CON BIODIGESTOR PVC DE 600 LT    COMPONENTE III EFICIENTE GESTIÓN ADMINISTRATIVA Y OPERATIVA DE LOS SERVICIOS DE SANEAMIENTO    EN CUANTO SE REFIERE A LA ACCIÓN DE CAPACITACIÓN EN EDUCACIÓN SANITARIA Y GESTIÓN DEL SERVICIO DE SANEAMIENTO,OPENSTREETMAP_NOMINATIM,APROXIMADA_DISTRITO,https://nominatim.openstreetmap.org,Coordenada referencial del distrito SANTA ROSA. No representa la ubicación exacta de la infraestructura.,COMPLETADO_APROXIMADO
2314109,OFICIAL_SANEAMIENTO,Clasificado oficialmente por el MEF en la función SANEAMIENTO,351706,"MEJORAMIENTO Y AMPLIACION DEL SERVICIO DE AGUA POTABLE , ALCATARILLADO Y  TRATAMIENTO DE AGUAS RESIDUALES EN LA CAPITAL DEL, DISTRITO DE SAN JUAN DEL ORO - SANDIA - PUNO",PIP MAYOR (SNIP),GL,GOBIERNOS LOCALES,MUNICIPALIDAD DISTRITAL DE SAN JUAN DEL ORO,,ESTUDIOS Y PROYECTOS,,301691,MUNICIPALIDAD DISTRITAL DE SAN JUAN DEL ORO,SANEAMIENTO,SANEAMIENTO,SANEAMIENTO URBANO,,ACTIVO,VIABLE,2016-03-17 00:00:00,2016-04-22 00:00:00,SNIP,4963995.0,5433940.28,0.0,0.0,0.0,125000.74,NO,,,,,201610,201712,5308939.54,0.0,,0,,,SI,5433940.28,NO,,NO,NO,,,,,,,,NO,NO,,,PUNO,SANDIA,SAN JUAN DEL ORO,211207,-14.220967,-69.1537388,CONSTRUCCIÓN DE LA INFRAESTRUCTURA DE CAPTACIÓN DE LADERA 04 UND SECTOR BELEN Y 01 EN LAGUNILLAS INSTALACIÓN DE LÍNEAS DE CONDUCCIÓN 10670 ML CONSTRUCCIÓN DE CÁMARA ROMPE PRESIÓN TIPO IV 03 UND CONSTRUCCIÓN DE VÁLVULAS DE CONTROL DE AIRE 07 UND CONSTRUCCION DE VALVULAS DE PURGA 06 UNID CONSTRUCCION DE PLANTA DE TRATAMIENTO DE AGUA POTABLE 01 UNID CONSTRUCCION DE UN SEDIMENTADOS Y FILTRO LENTO 01 UNID RESPECTIVAMENTE CONSTRUCCION Y MEJORAMIENTO DE 280 Y 120 M3 DE RESERVORIO  01 UNID RESPECTIVAMENTE CONSTRUCCION DE 21714 METROS DE LINEAS DE ADUCCION Y 01 UNID DE VALVULA REDUCTORA DE PRESION CONSTRUCCION DE RED DE DISTRIBUCION DE 31832 METROS CONSTRUCCION DE CRUCE AEREO DE 30 METROS CONEXIONES DOMICILIARIAS 360 UNIDADES E INSTALACION DE 16 VALVULAS REDUCTORAS DE PRESION   COMPONENTE 02 CONSTRUCCION DE SISTEMA DE ALCANTARILLADO CONSTRUCCION DE 28557 METROS DE REDES COLECTORAS CONSTRUCCION DE 72 UNIDADES DE BUZONES CONEXIONES DOMICILIARIAS DE 283 UNIDADES Y CONSTRUCCION DE CRUCE AEREO DE 15 METROS CONSTRUCCION DE 264 METROS DE RED EMISOR  COMPONENTE 03 CONSTRUCCION DE PLANTA DE TRATAMIENTO DE AGUAS RESIDUALES CON LOS SIGUIENTES COMPONENTES CAMARA DE REJAS DESARENADOR CANALES PARSHALL TANQUE IMHOFF LECHO DE SE CADO FILTRO BIOLOGICO SEDIMENTADOR SECUNDARIO Y CAMARA DE CONTACTO DE CLORO 01 UNIDAD RESPECTIVAMENTE EDUCACION SANITARIA E INTERVENCION SOCIAL MEDIDAS DE SEGURIDAD Y MITIGACION AMBIENTAL Y PLAN DE MONITOREO ARQUEOLOGICO,ADMINISTRACIÓN INDIRECTA - POR CONTRATA,NO,2820,2026,0.0,0.0,CONSTRUCCIÓN DE LA INFRAESTRUCTURA DE CAPTACIÓN DE LADERA 04 UND SECTOR BELEN Y 01 EN LAGUNILLAS INSTALACIÓN DE LÍNEAS DE CONDUCCIÓN 10670 ML CONSTRUCCIÓN DE CÁMARA ROMPE PRESIÓN TIPO IV 03 UND CONSTRUCCIÓN DE VÁLVULAS DE CONTROL DE AIRE 07 UND CONSTRUCCION DE VALVULAS DE PURGA 06 UNID CONSTRUCCION DE PLANTA DE TRATAMIENTO DE AGUA POTABLE 01 UNID CONSTRUCCION DE UN SEDIMENTADOS Y FILTRO LENTO 01 UNID RESPECTIVAMENTE CONSTRUCCION Y MEJORAMIENTO DE 280 Y 120 M3 DE RESERVORIO  01 UNID RESPECTIVAMENTE CONSTRUCCION DE 21714 METROS DE LINEAS DE ADUCCION Y 01 UNID DE VALVULA REDUCTORA DE PRESION CONSTRUCCION DE RED DE DISTRIBUCION DE 31832 METROS CONSTRUCCION DE CRUCE AEREO DE 30 METROS CONEXIONES DOMICILIARIAS 360 UNIDADES E INSTALACION DE 16 VALVULAS REDUCTORAS DE PRESION   COMPONENTE 02 CONSTRUCCION DE SISTEMA DE ALCANTARILLADO CONSTRUCCION DE 28557 METROS DE REDES COLECTORAS CONSTRUCCION DE 72 UNIDADES DE BUZONES CONEXIONES DOMICILIARIAS DE 283 UNIDADES Y CONSTRUCCION DE CRUCE AEREO DE 15 METROS CONSTRUCCION DE 264 METROS DE RED EMISOR  COMPONENTE 03 CONSTRUCCION DE PLANTA DE TRATAMIENTO DE AGUAS RESIDUALES CON LOS SIGUIENTES COMPONENTES CAMARA DE REJAS DESARENADOR CANALES PARSHALL TANQUE IMHOFF LECHO DE SE CADO FILTRO BIOLOGICO SEDIMENTADOR SECUNDARIO Y CAMARA DE CONTACTO DE CLORO 01 UNIDAD RESPECTIVAMENTE EDUCACION SANITARIA E INTERVENCION SOCIAL MEDIDAS DE SEGURIDAD Y MITIGACION AMBIENTAL Y PLAN DE MONITOREO ARQUEOLOGICO,OPENSTREETMAP_NOMINATIM,APROXIMADA_DISTRITO,https://nominatim.openstreetmap.org,Coordenada referencial del distrito SAN JUAN DEL ORO. No representa la ubicación exacta de la infraestructura.,COMPLETADO_APROXIMADO
2146426,OFICIAL_SANEAMIENTO,Clasificado oficialmente por el MEF en la función SANEAMIENTO,188131,"CONSTRUCCION DE SERVICIOS HIGIENICOS EN EL BARRIO MERCADO , DISTRITO DE TIRAPATA - AZANGARO - PUNO",PIP MENOR (SNIP),GL,GOBIERNOS LOCALES,MUNICIPALIDAD DISTRITAL DE TIRAPATA,OPMI DE LA MUNICIPALIDAD DISTRITAL DE TIRAPATA,UF DE LA MUNICIPALIDAD DISTRITAL DE TIRAPATA,UEI DE LA MUNICIPALIDAD DISTRITAL DE TIRAPATA,301622,MUNICIPALIDAD DISTRITAL DE TIRAPATA,SANEAMIENTO,SANEAMIENTO,SANEAMIENTO URBANO,,ACTIVO,VIABLE,2011-09-07 00:00:00,2011-09-07 00:00:00,SNIP,59850.0,59850.0,0.0,0.0,0.0,4091.4,NO,,,,,201110,201212,55758.6,0.0,,0,,,NO,0.0,SI,Aprobación de consistencia o modificaciones antes de la aprobación del ET o ET (A),NO,NO,,,,,,,,NO,SI,2026-06-26 16:07:05,Pendiente de liquidación,PUNO,AZANGARO,TIRAPATA,210215,-14.9548166,-70.403177,CONSTRUCCION DE BATERIA DE SERVICIOS HIGIENICOS,ADMINISTRACIÓN DIRECTA,NO,758,2026,0.0,0.0,CONSTRUCCION DE BATERIA DE SERVICIOS HIGIENICOS,OPENSTREETMAP_NOMINATIM,APROXIMADA_DISTRITO,https://nominatim.openstreetmap.org,Coordenada referencial del distrito TIRAPATA. No representa la ubicación exacta de la infraestructura.,COMPLETADO_APROXIMADO
2310158,OFICIAL_SANEAMIENTO,Clasificado oficialmente por el MEF en la función SANEAMIENTO,337512,"MEJORAMIENTO Y AMPLIACIÓN DE LOS SERVICIOS DE AGUA POTABLE Y SANEAMIENTO BÁSICO DE LAS LOCALIDADES DE LEÓN, CATARI, POMA Y ANCARUYO RIVA DEL C.P. DE JOSÉ CARLOS MARIÁTEGUI, DISTRITO DE ZEPITA - CHUCUITO - PUNO",PIP MAYOR (SNIP),GL,GOBIERNOS LOCALES,MUNICIPALIDAD DISTRITAL DE ZEPITA,,JEFE DE UNIDAD FORMULADORA,,301639,MUNICIPALIDAD DISTRITAL DE ZEPITA,SANEAMIENTO,SANEAMIENTO,SANEAMIENTO RURAL,,ACTIVO,VIABLE,2015-10-18 00:00:00,2015-11-07 00:00:00,SNIP,3653321.0,3653321.0,0.0,0.0,0.0,3653321.0,NO,,,,,,,0.0,0.0,,0,,,SI,3653321.0,NO,,NO,NO,,,,,,,,NO,NO,,,PUNO,CHUCUITO,ZEPITA,210407,-16.4970626,-69.1901129,ASERVICIO DE AGUA POTABLE LAS REDES DE AGUA ESTÁN DISEÑADAS CON TUBERÍAS DE PVC SAP CLASE 10 DE 112 DE DIÁMETRO SEGÚN DETALLE LA RED GENERAL DE INSTALACIÓN SE REALIZARÁ DE ACUERDO A LOS TRAZOS DIÁMETROS Y LONGITUD INDICADOS EN EL PLANO LA ZANJA CON UNA PROFUNDIDAD DE 060 METROS  BSERVICIO DE DISPOSICIÓN SANITARIA DE EXCRETAS CONSTRUCCIÓN DE 313 MÓDULOS RURALES IMPLEMENTACIÓN DE 313 BIODIGESTORES UNIFAMILIARES PARA EL TRATAMIENTO PRIMARIO DE AGUAS RESIDUALES  CCAPACITACIÓN Y EDUCACIÓN SANITARIA CONSTA DE PROMOCIÓN Y CAPACITACIÓN CONSISTE EN LA PREPARACIÓN DE TALLERES CON LA PARTICIPACIÓN COORDINACIÓN Y CONCERTACIÓN CON LOS BENEFICIARIOS JASS Y RESIDENTE DE LA OBRA SE REALIZA DOS ACCIONES 1RO TALLER LIGADO A IDENTIFICACIÓN Y ANALISIS DE SANEAMIENTO Y 2DO TALLER SOBRE ORGANIZACIÓN Y PARTICIPACIÓN COMUNITARIA Y LIDERAZGO CAPACITACIÓN TALLERES SOBRE ESTATUTOS DE JASS ADMINISTRACIÓN CONTABILIDAD MANEJO Y CONTROL DE ALMACÉN ADEMÁS DE GASFITERÍA Y REPARACIONES CLORACIÓN Y DESINFECCIÓN EDUCACIÓN SANITARIA CONCERTADO CON USUARIOS JASS ESTABLECIMIENTO DE SALUD CENTRO EDUCATIVO Y FACILITADOR CON SENSIBILIZACIÓN A FAMILIAS CON VISITAS DOMICILIARIAS,ADMINISTRACIÓN INDIRECTA - POR CONTRATA,NO,313,2026,0.0,0.0,ASERVICIO DE AGUA POTABLE LAS REDES DE AGUA ESTÁN DISEÑADAS CON TUBERÍAS DE PVC SAP CLASE 10 DE 112 DE DIÁMETRO SEGÚN DETALLE LA RED GENERAL DE INSTALACIÓN SE REALIZARÁ DE ACUERDO A LOS TRAZOS DIÁMETROS Y LONGITUD INDICADOS EN EL PLANO LA ZANJA CON UNA PROFUNDIDAD DE 060 METROS  BSERVICIO DE DISPOSICIÓN SANITARIA DE EXCRETAS CONSTRUCCIÓN DE 313 MÓDULOS RURALES IMPLEMENTACIÓN DE 313 BIODIGESTORES UNIFAMILIARES PARA EL TRATAMIENTO PRIMARIO DE AGUAS RESIDUALES  CCAPACITACIÓN Y EDUCACIÓN SANITARIA CONSTA DE PROMOCIÓN Y CAPACITACIÓN CONSISTE EN LA PREPARACIÓN DE TALLERES CON LA PARTICIPACIÓN COORDINACIÓN Y CONCERTACIÓN CON LOS BENEFICIARIOS JASS Y RESIDENTE DE LA OBRA SE REALIZA DOS ACCIONES 1RO TALLER LIGADO A IDENTIFICACIÓN Y ANALISIS DE SANEAMIENTO Y 2DO TALLER SOBRE ORGANIZACIÓN Y PARTICIPACIÓN COMUNITARIA Y LIDERAZGO CAPACITACIÓN TALLERES SOBRE ESTATUTOS DE JASS ADMINISTRACIÓN CONTABILIDAD MANEJO Y CONTROL DE ALMACÉN ADEMÁS DE GASFITERÍA Y REPARACIONES CLORACIÓN Y DESINFECCIÓN EDUCACIÓN SANITARIA CONCERTADO CON USUARIOS JASS ESTABLECIMIENTO DE SALUD CENTRO EDUCATIVO Y FACILITADOR CON SENSIBILIZACIÓN A FAMILIAS CON VISITAS DOMICILIARIAS,OPENSTREETMAP_NOMINATIM,APROXIMADA_DISTRITO,https://nominatim.openstreetmap.org,Coordenada referencial del distrito ZEPITA. No representa la ubicación exacta de la infraestructura.,COMPLETADO_APROXIMADO
2037260,OFICIAL_SANEAMIENTO,Clasificado oficialmente por el MEF en la función SANEAMIENTO,26208,CREACION DEL SERVICIO DE AGUA POTABLE Y SANEAMIENTO EN LA COMUNIDAD CAMPESINA DE ALFARO PUCARANI - DISTRITO DE ILAVE - PROVINCIA DE EL COLLAO - DEPARTAMENTO DE PUNO,PROYECTO DE INVERSION,GL,GOBIERNOS LOCALES,MUNICIPALIDAD PROVINCIAL DE EL COLLAO,OPMI DE LA MUNICIPALIDAD PROVINCIAL DE EL COLLAO,UF DE LA MUNICIPALIDAD PROVINCIAL DE EL COLLAO,UEI DE LA MUNICIPALIDAD PROVINCIAL DE EL COLLAO,301640,MUNICIPALIDAD PROVINCIAL EL COLLAO - ILAVE,SANEAMIENTO,SANEAMIENTO,SANEAMIENTO RURAL,SISTEMA DE SANEAMIENTO RURAL,ACTIVO,VIABLE,2018-02-19 00:00:00,2018-03-08 00:00:00,INVIERTE,2075033.0,718730.33,0.0,0.0,0.0,101124.5,NO,,,,,201906,202210,617605.83,0.0,,0,,,SI,697400.25,SI,Ejecución física (C),SI,SI,100.0,98.47,2022-08-09 16:44:54,2019-03-28 00:00:00,2022-12-31 00:00:00,2019-09-02 00:00:00,2021-04-17 00:00:00,NO,NO,,,PUNO,EL COLLAO,ILAVE,210501,-16.2344765,-69.6749664,Construcción del Sistemas de agua potable mediante la captación de pozo subterráneo de tipo caisson el sistema de bombeo al reservorio será a través de PANELES SOLARES y se colocaran líneas de impulsión línea de aducción y red de distribución para conexiones domiciliarias construcción de unidades básicas de saneamiento con arrastre hidráulico LETRINA CON BIODIGESTOR Y POZO PERCOLADOR para las viviendas y locales sociales realizar talleres de capacitación en educación sanitaria a los beneficiarios y asistencia técnica y administrativa en gestión de los servicios a los integrantes de la JASS,ADMINISTRACIÓN DIRECTA,NO,289,2026,0.0,0.0,Construcción del Sistemas de agua potable mediante la captación de pozo subterráneo de tipo caisson el sistema de bombeo al reservorio será a través de PANELES SOLARES y se colocaran líneas de impulsión línea de aducción y red de distribución para conexiones domiciliarias construcción de unidades básicas de saneamiento con arrastre hidráulico LETRINA CON BIODIGESTOR Y POZO PERCOLADOR para las viviendas y locales sociales realizar talleres de capacitación en educación sanitaria a los beneficiarios y asistencia técnica y administrativa en gestión de los servicios a los integrantes de la JASS,OPENSTREETMAP_NOMINATIM,APROXIMADA_DISTRITO,https://nominatim.openstreetmap.org,Coordenada referencial del distrito ILAVE. No representa la ubicación exacta de la infraestructura.,COMPLETADO_APROXIMADO
2150129,OFICIAL_SANEAMIENTO,Clasificado oficialmente por el MEF en la función SANEAMIENTO,194521,"INSTALACION DEL SISTEMA DE AGUA POTABLE Y ALCANTARILLADO EN EL BARRIO  PACHACUTEC Y CALLES ALEDAÑAS DE LA CIUDAD DE ILAVE, PROVINCIA DE EL COLLAO - PUNO",PIP MENOR (SNIP),GL,GOBIERNOS LOCALES,MUNICIPALIDAD PROVINCIAL DE EL COLLAO,OPMI DE LA MUNICIPALIDAD PROVINCIAL DE EL COLLAO,UF DE LA MUNICIPALIDAD PROVINCIAL DE EL COLLAO,UEI DE LA MUNICIPALIDAD PROVINCIAL DE EL COLLAO,301640,MUNICIPALIDAD PROVINCIAL EL COLLAO - ILAVE,SANEAMIENTO,SANEAMIENTO,SANEAMIENTO URBANO,,ACTIVO,VIABLE,2011-11-15 00:00:00,2011-11-15 00:00:00,SNIP,290066.49,290066.49,0.0,0.0,0.0,-22105.55,NO,,,,,201205,201212,312172.04,0.0,,0,,,SI,290066.49,SI,Aprobación de consistencia o modificaciones antes de la aprobación del ET o ET (A),NO,NO,,,,,,,,NO,SI,2019-11-29 21:15:02,Pendiente de liquidación,PUNO,EL COLLAO,ILAVE,210501,-16.2344765,-69.6749664,INSTALACION DE UN SISTEMA DE RED DE AGUA POTABLE CON LA INSTALACION DE TUBERIAS Y ACCESORIOS CON TUBERIA PVC E INSTALACION DE UNA RED DE DESAGUE CON BUZON DE CONCRETO,ADMINISTRACIÓN DIRECTA,NO,456,2026,0.0,0.0,INSTALACION DE UN SISTEMA DE RED DE AGUA POTABLE CON LA INSTALACION DE TUBERIAS Y ACCESORIOS CON TUBERIA PVC E INSTALACION DE UNA RED DE DESAGUE CON BUZON DE CONCRETO,OPENSTREETMAP_NOMINATIM,APROXIMADA_DISTRITO,https://nominatim.openstreetmap.org,Coordenada referencial del distrito ILAVE. No representa la ubicación exacta de la infraestructura.,COMPLETADO_APROXIMADO
2283532,OFICIAL_SANEAMIENTO,Clasificado oficialmente por el MEF en la función SANEAMIENTO,323416,"MEJORAMIENTO DEL SERVICIO DE DISPOSICIÓN SANITARIA DE EXCRETAS EN LOS SECTORES DE CHACALLAPI, ACHOCALLANI, TOTOROMA A, TOTOROMA B, SAJSUYO, JAPURANI Y HUARIPUJO EN EL CENTRO POBLADO DE HUACANI DEL, DISTRITO DE POMATA - CHUCUITO - PUNO",PIP MAYOR (SNIP),GL,GOBIERNOS LOCALES,MUNICIPALIDAD DISTRITAL DE POMATA,OPMI DE LA MUNICIPALIDAD DISTRITAL DE POMATA,UF DE LA MUNICIPALIDAD DISTRITAL DE POMATA,UEI DE LA MUNICIPALIDAD DISTRITAL DE POMATA,301638,MUNICIPALIDAD DISTRITAL DE POMATA,SANEAMIENTO,SANEAMIENTO,SANEAMIENTO RURAL,,ACTIVO,VIABLE,2015-06-10 00:00:00,2015-07-08 00:00:00,SNIP,2833409.0,3942796.4,0.0,0.0,0.0,31501.4,NO,,,,,201612,201712,3911295.0,0.0,,0,,,SI,3662035.55,SI,Aprobación de consistencia o modificaciones antes de la aprobación del ET o ET (A),NO,NO,,,,,,,,NO,NO,,,PUNO,CHUCUITO,POMATA,210406,-16.3694998,-69.2947975,SE CONTEMPLA LA INSTALACIÓN DE 432 SERVICIOS HIGIÉNICOS ECOLÓGICOs CON ARRASTRE HIDRÁULICO QUE CONSTA DE LO SIGUIENTE CASETA DE SERVICIO HIGIÉNICO CON MURO DE LADRILLO CON ACABADOS DE CONCRETO PULIDO EN INTERIOR Y TARRAJEO GRUÑADO EN EXTERIORES CON COBERTURA DE CALAMINON SOBRE CORREAS DE MADERA PUERTA Y VENTANA METÁLICA SEGÚN DISEÑO INODORO LAVAMANOS Y DUCHA INCLUYEN ACCESORIOS 01 POZA SÉPTICA CON TAPA DE ESTRUCTURA ARMADA 01 POZA DE PERCOLACIÓN CON SISTEMA DE AGUA Y DESAGÜECAMPAÑA DE EDUCACION SANITARIA Y SENSIBILIZACIONCONSISTE EN DESARROLLAR CAMPAÑAS DE EDUCACION SANITARIA SOBRE NORMAS DE SALUBRIDAD Y CAMPAÑAS DE EDUCACION SANITARIA A ESCOLARES,ADMINISTRACIÓN DIRECTA,NO,1728,2026,0.0,0.0,SE CONTEMPLA LA INSTALACIÓN DE 432 SERVICIOS HIGIÉNICOS ECOLÓGICOs CON ARRASTRE HIDRÁULICO QUE CONSTA DE LO SIGUIENTE CASETA DE SERVICIO HIGIÉNICO CON MURO DE LADRILLO CON ACABADOS DE CONCRETO PULIDO EN INTERIOR Y TARRAJEO GRUÑADO EN EXTERIORES CON COBERTURA DE CALAMINON SOBRE CORREAS DE MADERA PUERTA Y VENTANA METÁLICA SEGÚN DISEÑO INODORO LAVAMANOS Y DUCHA INCLUYEN ACCESORIOS 01 POZA SÉPTICA CON TAPA DE ESTRUCTURA ARMADA 01 POZA DE PERCOLACIÓN CON SISTEMA DE AGUA Y DESAGÜECAMPAÑA DE EDUCACION SANITARIA Y SENSIBILIZACIONCONSISTE EN DESARROLLAR CAMPAÑAS DE EDUCACION SANITARIA SOBRE NORMAS DE SALUBRIDAD Y CAMPAÑAS DE EDUCACION SANITARIA A ESCOLARES,OPENSTREETMAP_NOMINATIM,APROXIMADA_DISTRITO,https://nominatim.openstreetmap.org,Coordenada referencial del distrito POMATA. No representa la ubicación exacta de la infraestructura.,COMPLETADO_APROXIMADO
2182800,OFICIAL_SANEAMIENTO,Clasificado oficialmente por el MEF en la función SANEAMIENTO,245048,"MEJORAMIENTO Y AMPLIACION DEL SISTEMA DE ABASTECIMIENTO DE AGUA POTABLE Y SANEAMIENTO EN LAS PARCIALIDADES DE HUALLATIRI CENTRAL Y CASIMUYO HUALLATIRI DEL C.P. CASIMUYO, DISTRITO DE JULI, PROVINCIA DE CHUCUITO - PUNO",PIP MENOR (SNIP),GL,GOBIERNOS LOCALES,MUNICIPALIDAD PROVINCIAL DE CHUCUITO - JULI,OPMI DE LA MUNICIPALIDAD PROVINCIAL DE CHUCUITO - JULI,UF DE LA MUNICIPALIDAD PROVINCIAL DE CHUCUITO - JULI,,301633,MUNICIPALIDAD PROVINCIAL DE CHUCUITO - JULI,SANEAMIENTO,SANEAMIENTO,SANEAMIENTO RURAL,,ACTIVO,VIABLE,2012-12-16 00:00:00,2013-06-25 00:00:00,SNIP,942134.25,1318541.07,0.0,0.0,0.0,1318541.07,NO,,,,,,,0.0,0.0,,0,,,SI,1318541.07,SI,Aprobación de consistencia o modificaciones antes de la aprobación del ET o ET (A),NO,NO,,,,,,,,NO,NO,,,PUNO,CHUCUITO,JULI,210401,-16.310292,-69.5021872,INSTALACIÓN DEL SISTEMA DE ABASTECIMIENTO DE AGUA POTABLE CON CONEXIONES DOMICILIARIAS CONSTRUCCIÓN DE LETRINAS DE ARRASTRE HIDRÁULICO CON POZO CIEGO E IMPLEMENTACIÓN DE CAPACITACIÓN SOCIAL,ADMINISTRACIÓN DIRECTA,NO,412,2026,0.0,0.0,INSTALACIÓN DEL SISTEMA DE ABASTECIMIENTO DE AGUA POTABLE CON CONEXIONES DOMICILIARIAS CONSTRUCCIÓN DE LETRINAS DE ARRASTRE HIDRÁULICO CON POZO CIEGO E IMPLEMENTACIÓN DE CAPACITACIÓN SOCIAL,OPENSTREETMAP_NOMINATIM,APROXIMADA_DISTRITO,https://nominatim.openstreetmap.org,Coordenada referencial del distrito JULI. No representa la ubicación exacta de la infraestructura.,COMPLETADO_APROXIMADO
2187526,OFICIAL_SANEAMIENTO,Clasificado oficialmente por el MEF en la función SANEAMIENTO,253802,"MEJORAMIENTO Y AMPLIACIÓN DE LOS  SERVICIOS DE AGUA POTABLE Y DISPOSICIÓN SANITARIA DE EXCRETAS DE LA COMUNIDAD  CAMPESINA DE ÑAUPAPAMPA, DISTRITO DE ASILLO, AZÁNGARO-PUNO",PIP MAYOR (SNIP),GR,GOBIERNOS REGIONALES,GOBIERNO REGIONAL PUNO,OPMI DEL GOBIERNO REGIONAL PUNO,UF DE LA GOBIERNO REGIONAL PUNO,UEI DEL PROGRAMA NACIONAL DE SANEAMIENTO RURAL,1443,PROGRAMA NACIONAL DE SANEAMIENTO RURAL,SANEAMIENTO,SANEAMIENTO,SANEAMIENTO RURAL,,ACTIVO,VIABLE,2013-03-18 00:00:00,2013-07-10 00:00:00,SNIP,4908563.0,4241384.33,0.0,0.0,0.0,75658.82,SI,30000.0,30000.0,25158.82,0.0,201403,202608,4136225.51,20500.0,30000.0,29500,29500.0,29500.0,SI,4208571.97,SI,Ejecución física (C),SI,SI,97.52,97.52,2026-02-11 11:09:02,2013-07-11 00:00:00,2028-08-01 00:00:00,2013-07-11 00:00:00,2028-08-01 00:00:00,NO,NO,,,PUNO,AZANGARO,ASILLO,210204,-14.7272398,-70.3567731,CONSTRUCCIÓN DE UN 01 POZO A TAJO ABIERTO  CON GALERÍA FILTRANTE EQUIPADO CON BOMBAS ACCIONADAS POR ENERGÍA ELÉCTRICA PARA 180 VIVIENDAS INSTALACIÓN DE UNA CASETA DE BOMBEO INSTALACIÓN DE UNA 01 LÍNEA DE IMPULSIÓN L 11248 ML Ø2 PVC C10 IMPLEMENTACIÓN DEL SISTEMA DE DESINFECCIÓN EN EL RESERVORIO PROYECTADO CONSTRUCCIÓN DE UN RESERVORIO APOYADO DE 35 M3 CON CAPACIDAD PARA ABASTECER DE AGUA A TODA LA COMUNIDAD CAMPESINA INSTALACIÓN DE  UNA 01 LÍNEA DE ADUCCIÓN DE LONGITUDES L 13057 ML Ø2 PVC C10 INSTALACIÓN DE TUBERÍAS PARA LAS REDES DE DISTRIBUCIÓN PVC 1581911 ML E INSTALACIÓN DE CONEXIONES INTRADOMICILIARIAS INCLUYE LAVADERO Y POZO DE DRENAJE PARA 180 VIVIENDAS INSTALACIÓN DE VEINTITRES 23 VÁLVULAS DE CONTROL INSTALACIÓN DE SIETE 07 VÁLVULAS DE AIRE E INSTALACIÓN DE DIEZ 10 VÁLVULAS DE PURGA IMPLEMENTACIÓN DE 183 UNIDAD BÁSICA DE SANEAMIENTO TIPO UBS CON COMPOSTERA Y ZANJA DE INFILTRACIÓN  PROGRAMA DE FORTALECIMIENTO Y CAPACITACIÓN DE LA ATM Y JASS IMPLEMENTACIÓN DE UNA EDUCACIÓN SANITARIA EN PRÁCTICAS DE HIGIENE IMPLEMENTAR UN PROGRAMA DE CAPACITACIÓN PARA OPERACIÓN Y MANTENIMIENTO DE LAS UBS,ADMINISTRACIÓN INDIRECTA - POR CONTRATA,NO,708,2026,0.0,0.0,CONSTRUCCIÓN DE UN 01 POZO A TAJO ABIERTO  CON GALERÍA FILTRANTE EQUIPADO CON BOMBAS ACCIONADAS POR ENERGÍA ELÉCTRICA PARA 180 VIVIENDAS INSTALACIÓN DE UNA CASETA DE BOMBEO INSTALACIÓN DE UNA 01 LÍNEA DE IMPULSIÓN L 11248 ML Ø2 PVC C10 IMPLEMENTACIÓN DEL SISTEMA DE DESINFECCIÓN EN EL RESERVORIO PROYECTADO CONSTRUCCIÓN DE UN RESERVORIO APOYADO DE 35 M3 CON CAPACIDAD PARA ABASTECER DE AGUA A TODA LA COMUNIDAD CAMPESINA INSTALACIÓN DE  UNA 01 LÍNEA DE ADUCCIÓN DE LONGITUDES L 13057 ML Ø2 PVC C10 INSTALACIÓN DE TUBERÍAS PARA LAS REDES DE DISTRIBUCIÓN PVC 1581911 ML E INSTALACIÓN DE CONEXIONES INTRADOMICILIARIAS INCLUYE LAVADERO Y POZO DE DRENAJE PARA 180 VIVIENDAS INSTALACIÓN DE VEINTITRES 23 VÁLVULAS DE CONTROL INSTALACIÓN DE SIETE 07 VÁLVULAS DE AIRE E INSTALACIÓN DE DIEZ 10 VÁLVULAS DE PURGA IMPLEMENTACIÓN DE 183 UNIDAD BÁSICA DE SANEAMIENTO TIPO UBS CON COMPOSTERA Y ZANJA DE INFILTRACIÓN  PROGRAMA DE FORTALECIMIENTO Y CAPACITACIÓN DE LA ATM Y JASS IMPLEMENTACIÓN DE UNA EDUCACIÓN SANITARIA EN PRÁCTICAS DE HIGIENE IMPLEMENTAR UN PROGRAMA DE CAPACITACIÓN PARA OPERACIÓN Y MANTENIMIENTO DE LAS UBS,OPENSTREETMAP_NOMINATIM,APROXIMADA_DISTRITO,https://nominatim.openstreetmap.org,Coordenada referencial del distrito ASILLO. No representa la ubicación exacta de la infraestructura.,COMPLETADO_APROXIMADO
2183387,OFICIAL_SANEAMIENTO,Clasificado oficialmente por el MEF en la función SANEAMIENTO,243573,"INSTALACION EL SISTEMA DE AGUA POTABLE MEDIANTE POZOS TUBULARES EN LA COMUNIDAD DE JATUN TIRAPATA Y C.C PARCELEROS , DISTRITO DE TIRAPATA - AZANGARO - PUNO",PIP MENOR (SNIP),GL,GOBIERNOS LOCALES,MUNICIPALIDAD DISTRITAL DE TIRAPATA,OPMI DE LA MUNICIPALIDAD DISTRITAL DE TIRAPATA,UF DE LA MUNICIPALIDAD DISTRITAL DE TIRAPATA,UEI DE LA MUNICIPALIDAD DISTRITAL DE TIRAPATA,301622,MUNICIPALIDAD DISTRITAL DE TIRAPATA,SANEAMIENTO,SANEAMIENTO,SANEAMIENTO RURAL,,ACTIVO,VIABLE,2012-12-12 00:00:00,2013-07-15 00:00:00,SNIP,142663.29,142663.29,0.0,0.0,0.0,300.74,NO,,,,,201307,201410,142362.55,0.0,,0,,,NO,0.0,SI,Aprobación de consistencia o modificaciones antes de la aprobación del ET o ET (A),NO,NO,,,,,,,,NO,SI,2026-06-26 11:31:18,Pendiente de liquidación,PUNO,AZANGARO,TIRAPATA,210215,-14.9548166,-70.403177,INSTALACION DEL SISTEMA DE AGUA POTABLE MEDIANTE POZOS TUBULARES DE FORMA ARTESANAL ACAREO MATERIAL EXCAVADO D 30 MTS CONCRETO SIMPLE FC140 KGCM2 PARA CAJA DE AGUA TUBERÍA DE PPVC SAP PRESIÓN  C75 D3 PROTECCIÓN SUMINISTRO DE ELECTROBOMBA Y ACCESORIOS Y COLOCACIÓN DE MOTOBOMBA Y ACCESORIOS,ADMINISTRACIÓN DIRECTA,NO,215,2026,0.0,0.0,INSTALACION DEL SISTEMA DE AGUA POTABLE MEDIANTE POZOS TUBULARES DE FORMA ARTESANAL ACAREO MATERIAL EXCAVADO D 30 MTS CONCRETO SIMPLE FC140 KGCM2 PARA CAJA DE AGUA TUBERÍA DE PPVC SAP PRESIÓN  C75 D3 PROTECCIÓN SUMINISTRO DE ELECTROBOMBA Y ACCESORIOS Y COLOCACIÓN DE MOTOBOMBA Y ACCESORIOS,OPENSTREETMAP_NOMINATIM,APROXIMADA_DISTRITO,https://nominatim.openstreetmap.org,Coordenada referencial del distrito TIRAPATA. No representa la ubicación exacta de la infraestructura.,COMPLETADO_APROXIMADO
2335000,OFICIAL_SANEAMIENTO,Clasificado oficialmente por el MEF en la función SANEAMIENTO,374125,"AMPLIACION Y MEJORAMIENTO DE LOS SERVICIOS DE AGUA POTABLE Y DISPOSICIÓN SANITARIA DE EXCRETAS EN LA MICROCUENCA YANAMAYO, DISTRITO DE AZANGARO, PROVINCIA DE AZANGARO - PUNO",PIP MAYOR (SNIP),GL,GOBIERNOS LOCALES,MUNICIPALIDAD PROVINCIAL DE AZANGARO,OPMI DE LA MUNICIPALIDAD PROVINCIAL DE AZANGARO,UF DE LA MUNICIPALIDAD PROVINCIAL DE AZANGARO,UEI DE LA MPA,301608,MUNICIPALIDAD PROVINCIAL DE AZANGARO,SANEAMIENTO,SANEAMIENTO,SANEAMIENTO RURAL,,ACTIVO,VIABLE,2016-11-22 00:00:00,2016-11-22 00:00:00,SNIP,19071028.0,21166662.47,0.0,0.0,0.0,139433.96,NO,,,,,201712,202112,21027228.51,0.0,,0,,,SI,21056376.81,SI,Ejecución física (C),SI,SI,100.0,100.0,2021-06-29 12:15:47,2017-12-20 00:00:00,2022-03-02 00:00:00,2017-12-20 00:00:00,2021-03-03 00:00:00,NO,NO,,,PUNO,AZANGARO,AZANGARO,210201,-14.8618338,-70.1503339,Construcción de 20 Captaciones de concreto armado de 210Kgcm2 tipo ladera de manantial para los sistemas por gravedad de Sacacani Alto Jilahuata Alto Huaraconi Tiruyo Santa María San Miguel Segundo Jilahuata Primer Jilahuata Yajchata y Pachajila para sistema de agua potable por gravedad Construcción de 01 Captación de concreto armado de 210KgCm2 tipo ladera de manantial para el Sistema por Bombeo de San Martin Instalación de red matriz de 199586773ml con tubería de PVC SAP C10 de dimensiones de 2  2 1  1  Construcción de 15 reservorios de concreto armado de 210KgCm2 03 reservorios de 1m3 1 de 2m3 1 de 3m3 2 de 4m3 2 de 5m3 3 de 6m3 1 de 7m3 1 de 15m3 1 de 25m3 Construcción de 1209 piletas Construcción 1209 Unidades Básicas de Saneamiento con Biodigestor de 600L y zanja de infiltración de 3m con tubería cribada de 2 Eventos de Capacitación a Consumidores y Capacitación a Operadores,ADMINISTRACIÓN INDIRECTA - POR CONTRATA,NO,4652,2026,0.0,0.0,Construcción de 20 Captaciones de concreto armado de 210Kgcm2 tipo ladera de manantial para los sistemas por gravedad de Sacacani Alto Jilahuata Alto Huaraconi Tiruyo Santa María San Miguel Segundo Jilahuata Primer Jilahuata Yajchata y Pachajila para sistema de agua potable por gravedad Construcción de 01 Captación de concreto armado de 210KgCm2 tipo ladera de manantial para el Sistema por Bombeo de San Martin Instalación de red matriz de 199586773ml con tubería de PVC SAP C10 de dimensiones de 2  2 1  1  Construcción de 15 reservorios de concreto armado de 210KgCm2 03 reservorios de 1m3 1 de 2m3 1 de 3m3 2 de 4m3 2 de 5m3 3 de 6m3 1 de 7m3 1 de 15m3 1 de 25m3 Construcción de 1209 piletas Construcción 1209 Unidades Básicas de Saneamiento con Biodigestor de 600L y zanja de infiltración de 3m con tubería cribada de 2 Eventos de Capacitación a Consumidores y Capacitación a Operadores,OPENSTREETMAP_NOMINATIM,APROXIMADA_DISTRITO,https://nominatim.openstreetmap.org,Coordenada referencial del distrito AZANGARO. No representa la ubicación exacta de la infraestructura.,COMPLETADO_APROXIMADO
