CODIGO_UNICO,NOMBRE_INVERSION,COSTO_ACTUALIZADO,MONTO_VIABLE,PRESUPUESTO_EJECUTADO,ESTADO,PROGRAMACION_EJECUCION_0,PROGRAMACION_EJECUCION_1,PROGRAMACION_EJECUCION_2,PROGRAMACION_EJECUCION_3,INICIO_EJECUCION_STR,FIN_EJECUCION_STR,UBIGEO,AVANCE_FISICO,AVANCE_EJECUCION,ESTADO_ACTUALIZACION_FISICA,ULT_FEC_DECLA_ESTIM,ADVERTENCIA_AVANCE_FISICO,TIENE_EPS_PRESTACION,EPS_PRESTACION,TIPO_COORDENADA,TIPO_INVERSION,LATITUD,LONGITUD,UBIGEO_NORMALIZADO
2188775,"MEJORAMIENTO Y AMPLIACION DEL SISTEMA INTEGRAL DE AGUA POTABLE Y SANEAMIENTO EN LAS LOCALIDADES DE COATA, SUCASCO Y ALMOZANCHE, DISTRITO DE COATA - PUNO - PUNO",89540212,,82983203,,4050000.0,3500000.0,52392.41,0.0,01/12/2013,30/06/2028,210107,94.72,93.24,ACTUALIZADO,2026-08-13 15:35:49,,NO,SIN_EPS_IDENTIFICADA,APROXIMADA_LOCALIDAD,PIP MAYOR (SNIP),-15.5727778,-69.9227778,210107
2133298,"MEJORAMIENTO Y AMPLIACION DEL SISTEMA DE AGUA POTABLE Y ALCANTARILLADO DE LA LOCALIDAD DE ASILLO , DISTRITO DE ASILLO - AZANGARO - PUNO",14268975,,13528416,,690559.0,740559.49,0.0,0.0,01/02/2012,29/01/2027,210204,100.0,95.36,ACTUALIZADO,2026-06-08 10:06:02,,NO,SIN_EPS_IDENTIFICADA,APROXIMADA_DISTRITO,PIP MAYOR (SNIP),-14.7272398,-70.3567731,210204
2279319,"MEJORAMIENTO Y AMPLIACION DE LOS SERVICIOS DE AGUA POTABLE Y SANEAMIENTO DEL CENTRO POBLADO DE CAMPAMENTO , DISTRITO DE COASA - CARABAYA - PUNO",6939550,,6767404,,0.0,172145.99,0.0,0.0,01/11/2015,31/12/2027,210304,99.8,99.03,ACTUALIZADO,2026-08-11 12:51:44,,NO,SIN_EPS_IDENTIFICADA,APROXIMADA_LOCALIDAD,PIP MAYOR (SNIP),-13.9509178,-70.0561697,210304
2297617,"MEJORAMIENTO Y AMPLIACION DEL SERVICIO DE AGUA POTABLE Y DISPOSICION SANITARIA DE EXCRETAS EN LA COMUNIDAD CAMPESINA DE AURINCOTA: SECTORES MULLUCHUYO - LLUMAHUI, PLATERIA - TOTOROCO, CHACAMARCA, PICHUPICHUNI, TICATANCA, DISTRITO DE HUACULLANI, PROVI",14188114,,13794354,,5000.0,37893.92,0.0,0.0,01/06/2016,12/01/2027,210403,97.61,97.61,VIGENTE_CON_RETRASO,2026-02-12 17:55:55,Reporte físico con más de 6 meses de antigüedad,NO,SIN_EPS_IDENTIFICADA,APROXIMADA_DISTRITO,PIP MAYOR (SNIP),-16.6302449,-69.3222231,210403
2189518,"MEJORAMIENTO Y AMPLIACIÓN DE LOS SERVICIOS DE AGUA POTABLE Y DISPOSICIÓN SANITARIA DE EXCRETAS DE LA COMUNIDAD CAMPESINA DE ACCOPATA, DISTRITO DE ASILLO, AZANGARO - PUNO",6941863,,6782326,,30000.0,30000.0,29537.39,0.0,01/03/2014,01/08/2028,210204,97.7,97.7,VIGENTE_CON_RETRASO,2026-02-11 11:23:24,Reporte físico con más de 6 meses de antigüedad,NO,SIN_EPS_IDENTIFICADA,APROXIMADA_DISTRITO,PIP MAYOR (SNIP),-14.7272398,-70.3567731,210204
2189457,"AMPLIACION Y MEJORAMIENTO SERVICIO DE AGUA POTABLE Y DISPOSICION SANITARIA DE EXCRETAS EN LOS SECTORES CHATUMA CUCHO, CHIARAUYO, HANCCOHUYO, SAN ISIDRO Y CAPUHUI DEL CENTRO POBLADO CHATUMA, DISTRITO POMATA - CHUCUITO - PUNO",6045639,,5808912,,5000.0,30000.0,33046.8,0.0,01/03/2014,01/08/2028,210406,97.11,97.11,VIGENTE_CON_RETRASO,2026-02-16 19:55:42,Reporte físico con más de 6 meses de antigüedad,NO,SIN_EPS_IDENTIFICADA,APROXIMADA_LOCALIDAD,PIP MAYOR (SNIP),-16.2932991,-69.2331917,210406
2186026,"INSTALACION DEL SERVICIO DE AGUA POTABLE Y DISPOSICION SANITARIA DE EXCRETAS EN LA COMUNIDAD CAMPESINA ARACACHI JAHUERJA, DISTRITO KELLUYO - CHUCUITO - PUNO",4353193,,4230291,,5000.0,30000.0,33705.56,0.0,01/03/2014,01/08/2028,210404,97.86,97.86,VIGENTE_CON_RETRASO,2026-02-16 20:06:11,Reporte físico con más de 6 meses de antigüedad,NO,SIN_EPS_IDENTIFICADA,APROXIMADA_DISTRITO,PIP MAYOR (SNIP),-16.7270638,-69.2499805,210404
2187527,"MEJORAMIENTO Y AMPLIACION DE LOS SISTEMAS DE AGUA POTABLE Y DISPOSICION SANITARIA DE EXCRETAS DE LA COMUNIDAD CAMPESINA JILA ( RETIRO, INAMPO Y CENTRAL), DISTRITO ASILLO, AZANGARO, PUNO.",5516941,,5411551,,30000.0,30000.0,25389.5,0.0,01/02/2014,01/08/2028,210204,98.09,98.09,VIGENTE_CON_RETRASO,2026-02-11 11:02:35,Reporte físico con más de 6 meses de antigüedad,NO,SIN_EPS_IDENTIFICADA,APROXIMADA_DISTRITO,PIP MAYOR (SNIP),-14.7272398,-70.3567731,210204
2307913,"AMPLIACION Y MEJORAMIENTO DEL SERVICIO DE AGUA POTABLE Y DISPOSICION SANITARIA DE EXCRETAS DEL CENTRO POBLADO DE TUTURCUYO , DISTRITO DE SANTIAGO DE PUPUJA - AZANGARO - PUNO",8212925,,7949940,,0.0,262985.41,0.0,0.0,01/10/2016,31/12/2027,210214,100.0,99.17,ACTUALIZADO,2026-08-11 12:56:10,,NO,SIN_EPS_IDENTIFICADA,APROXIMADA_DISTRITO,PIP MAYOR (SNIP),-15.0800915,-70.2481544,210214
2189499,"MEJORAMIENTO Y AMPLIACION DEL SERVICIO DE AGUA POTABLE Y DISPOSICION SANITARIA DE EXCRETAS EN LAS PARCIALIDADES SAN FRANCISCO Y COLLINE DEL CENTRO POBLADO ARCONUMA, DISTRITO KELLUYO - CHUCUITO - PUNO",3007161,,2945781,,30000.0,30805.51,0.0,0.0,01/03/2014,20/01/2027,210404,97.98,97.98,VIGENTE_CON_RETRASO,2026-02-12 17:53:34,Reporte físico con más de 6 meses de antigüedad,NO,SIN_EPS_IDENTIFICADA,APROXIMADA_LOCALIDAD,PIP MAYOR (SNIP),-16.752933,-69.2802246,210404
2293521,"MEJORAMIENTO Y AMPLIACION DE LOS SERVICIOS DE AGUA POTABLE Y SANEAMIENTO DEL CENTRO POBLADO DE AMOYO, DISTRITO DE SANDIA , PROVINCIA DE SANDIA - PUNO",4790456,,4311480,,10000.0,478975.86,0.0,0.0,01/11/2015,31/12/2027,211201,100.0,100.0,DESACTUALIZADO,2022-11-10 10:06:17,Reporte físico desactualizado,NO,SIN_EPS_IDENTIFICADA,APROXIMADA_LOCALIDAD,PIP MAYOR (SNIP),-14.3146162,-69.4495868,211201
2187526,"MEJORAMIENTO Y AMPLIACIÓN DE LOS  SERVICIOS DE AGUA POTABLE Y DISPOSICIÓN SANITARIA DE EXCRETAS DE LA COMUNIDAD  CAMPESINA DE ÑAUPAPAMPA, DISTRITO DE ASILLO, AZÁNGARO-PUNO",4241384,,4136226,,30000.0,30000.0,25158.82,0.0,01/03/2014,01/08/2028,210204,97.52,97.52,VIGENTE_CON_RETRASO,2026-02-11 11:09:02,Reporte físico con más de 6 meses de antigüedad,NO,SIN_EPS_IDENTIFICADA,APROXIMADA_DISTRITO,PIP MAYOR (SNIP),-14.7272398,-70.3567731,210204
2283136,"MEJORAMIENTO Y AMPLIACION DE LOS SERVICIOS DE AGUA POTABLE Y SANEAMIENTO DEL CENTRO POBLADO SUARA, DISTRITO DE SANDIA , PROVINCIA DE SANDIA - PUNO",4365680,,4254190,,10000.0,111489.96,0.0,0.0,01/11/2015,30/06/2027,211201,95.99,95.96,DESACTUALIZADO,2020-08-21 15:51:43,Reporte físico desactualizado,NO,SIN_EPS_IDENTIFICADA,APROXIMADA_LOCALIDAD,PIP MAYOR (SNIP),-14.3669,-69.455,211201
2302966,"MEJORAMIENTO Y AMPLIACION DEL SERVICIO DE AGUA POTABLE Y CREACION DEL DISPOSICION SANITARIA DE EXCRETAS EN LA COMUNIDAD CAMPESINA DE CENTRO ARACACHI CHIARAQUI, DISTRITO DE KELLUYO, PROVINCIA DE CHUCUITO, DEPARTAMENTO DE PUNO.",3377783,,3271154,,5000.0,30000.0,23684.04,0.0,01/06/2016,01/08/2028,210404,98.37,97.58,VIGENTE_CON_RETRASO,2026-02-16 20:09:03,Reporte físico con más de 6 meses de antigüedad,NO,SIN_EPS_IDENTIFICADA,APROXIMADA_DISTRITO,PIP MAYOR (SNIP),-16.7270638,-69.2499805,210404
2189346,"MEJORAMIENTO Y AMPLIACION DE LOS SERVICIOS DE AGUA POTABLE Y DISPOSICIÓN SANITARIA DE EXCRETAS DE LA COMUNIDAD CAMPESINA DE CUYURAYA, DISTRITO DE HUANCANÉ, HUANCANÉ - PUNO",5250102,,5115886,,30000.0,30000.0,54215.61,0.0,01/03/2014,01/08/2028,210601,97.44,97.44,VIGENTE_CON_RETRASO,2026-02-10 17:33:14,Reporte físico con más de 6 meses de antigüedad,NO,SIN_EPS_IDENTIFICADA,APROXIMADA_DISTRITO,PIP MAYOR (SNIP),-15.1842883,-69.8235022,210601
2189502,"INSTALACION DE SERVICIOS DE AGUA POTABLE Y DISPOSICION SANITARIA DE EXCRETAS EN LOS SECTORES DE PAYE, LAURA Y VILLA DEL RIO, DE LA COMUNIDAD CAMPESINA JOVEN SAN JUAN DE ARACACHI, DISTRITO DE KELLUYO - CHUCUITO - PUNO",2869325,,2828851,,0.0,40474.0,0.0,0.0,01/03/2014,13/12/2027,210404,,,SIN_AVANCE_FISICO,,,NO,,,,,,210404
2187530,"MEJORAMIENTO Y AMPLIACION DE LOS  SERVICIOS DE AGUA POTABLE Y DISPOSICIÓN SANITARIA DE EXCRETAS DE LA COMUNIDAD CAMPESINA  DE ACCOCOLLO, DISTRITO DE HUANCANÉ, PROVINCIA DE HUANCANÉ, DEPARTAMENTO DE PUNO",4207607,,4061914,,30000.0,30000.0,40000.0,35693.04,01/04/2014,01/01/2029,210601,96.54,96.54,VIGENTE_CON_RETRASO,2026-02-10 17:26:56,Reporte físico con más de 6 meses de antigüedad,NO,SIN_EPS_IDENTIFICADA,APROXIMADA_DISTRITO,PIP MAYOR (SNIP),-15.1842883,-69.8235022,210601
2276070,"MEJORAMIENTO Y AMPLIACION DE LOS SERVICIOS DE AGUA POTABLE Y SANEAMIENTO DEL CENTRO POBLADO DE APABUCO, DISTRITO DE SANDIA , PROVINCIA DE SANDIA - PUNO",4084734,,3977041,,100633.0,7059.85,0.0,0.0,01/10/2015,31/12/2027,211201,96.14,95.81,ACTUALIZADO,2026-08-11 15:29:49,,NO,SIN_EPS_IDENTIFICADA,APROXIMADA_LOCALIDAD,PIP MAYOR (SNIP),-14.3466582,-69.4792772,211201
2255956,"MEJORAMIENTO Y AMPLIACIÓN DEL SERVICIO DE AGUA POTABLE E INSTALACIÓN DEL SERVICIO DE DISPOSICIÓN SANITARIA DE EXCRETAS DEL CENTRO POBLADO DE CENTRAL SORAPA, DISTRITO DE JULI, PROVINCIA DE CHUCUITOS- REGIÓN PUNO",10283960,,10143025,,17172.0,123762.83,0.0,0.0,01/12/2015,31/12/2027,210401,100.0,99.96,ACTUALIZADO,2026-08-11 12:09:45,,NO,SIN_EPS_IDENTIFICADA,APROXIMADA_DISTRITO,PIP MAYOR (SNIP),-16.310292,-69.5021872,210401
2276132,"MEJORAMIENTO Y AMPLIACION DE LOS SERVICIOS DE AGUA POTABLE Y SANEAMIENTO DEL CENTRO POBLADO AYO, DISTRITO DE SANDIA , PROVINCIA DE SANDIA - PUNO",3444369,,3197399,,10000.0,246969.99,0.0,0.0,01/10/2015,31/12/2027,211201,100.0,100.0,DESACTUALIZADO,2020-08-19 22:04:11,Reporte físico desactualizado,NO,SIN_EPS_IDENTIFICADA,APROXIMADA_DISTRITO,PIP MAYOR (SNIP),-14.3113672,-69.4353423,211201
2189453,"MEJORAMIENTO Y AMPLIACION DEL SERVICIO DE AGUA POTABLE Y DISPOSICION SANITARIA DE EXCRETAS EN LA COMUNIDAD CAMPESINA LAMPA CHICO, DISTRITO POMATA - CHUCUITO - PUNO",6105745,,5666617,,323601.0,40000.0,17542.52,0.0,01/03/2014,01/09/2028,210406,99.34,95.82,ACTUALIZADO,2026-05-25 15:37:57,,NO,SIN_EPS_IDENTIFICADA,APROXIMADA_DISTRITO,PIP MAYOR (SNIP),-16.3694998,-69.2947975,210406
2284002,"MEJORAMIENTO Y AMPLIACION DE LOS SERVICIOS DE AGUA POTABLE Y SANEAMIENTO DEL CENTRO POBLADO DE CHALLHUAMAYO , DISTRITO DE SAN GABAN - CARABAYA - PUNO",5504875,,5381079,,52915.0,70072.94,0.0,0.0,01/11/2015,31/12/2027,210309,100.0,100.0,ACTUALIZADO,2026-08-11 12:46:15,,NO,SIN_EPS_IDENTIFICADA,APROXIMADA_DISTRITO,PIP MAYOR (SNIP),-13.5396038,-70.4087141,210309
2186043,"MEJORAMIENTO Y AMPLIACIÓN DE LOS SERVICIOS DE AGUA POTABLE Y DISPOSICIÓN SANITARIA DE EXCRETAS  DE LA COMUNIDAD CAMPESINA DE CASA BLANCA, DISTRITO DE ASILLO, AZÁNGARO - PUNO.",3184935,,3109579,,30000.0,75356.2,0.0,0.0,01/03/2014,14/01/2027,210204,97.63,97.63,VIGENTE_CON_RETRASO,2026-02-11 11:27:42,Reporte físico con más de 6 meses de antigüedad,NO,SIN_EPS_IDENTIFICADA,APROXIMADA_DISTRITO,PIP MAYOR (SNIP),-14.7272398,-70.3567731,210204
2189482,MEJORAMIENTO Y AMPLIACION DEL SERVICIO DE AGUA POTABLE Y DISPOSICION SANITARIA DE EXCRETAS EN LA COMUNIDAD CAMPESINA ISCUANI DISTRITO POMATA - CHUCUITO - PUNO,4236356,,4055357,,5000.0,30000.0,44573.09,0.0,01/03/2014,01/08/2028,210406,96.92,92.29,VIGENTE_CON_RETRASO,2026-02-16 20:00:18,Reporte físico con más de 6 meses de antigüedad,NO,SIN_EPS_IDENTIFICADA,APROXIMADA_DISTRITO,PIP MAYOR (SNIP),-16.3694998,-69.2947975,210406
2189342,"MEJORAMIENTO Y AMPLIACION DE LOS  SERVICIOS DE AGUA POTABLE Y DISPOSICIÓN SANITARIA DE EXCRETAS DE LA COMUNIDAD CAMPESINA DE MACHARIRI CENTRAL, DISTRITO DE ASILLO, AZANGARO - PUNO.",3101170,,3015420,,30000.0,85750.33,0.0,0.0,01/03/2014,14/01/2027,210204,97.23,97.23,VIGENTE_CON_RETRASO,2026-02-11 11:15:22,Reporte físico con más de 6 meses de antigüedad,NO,SIN_EPS_IDENTIFICADA,APROXIMADA_DISTRITO,PIP MAYOR (SNIP),-14.7272398,-70.3567731,210204
2189450,"INSTALACION DE SERVICIOS DE AGUA POTABLE Y DISPOSICION SANITARIA DE EXCRETAS EN EL SECTOR HUARA HUARA DE LA COMUNIDAD CAMPESINA SICUYANI, DISTRITO DE ZEPITA - CHUCUITO - PUNO",4465759,,4398797,,5000.0,36961.74,0.0,0.0,01/03/2014,14/01/2027,210407,98.31,98.31,VIGENTE_CON_RETRASO,2026-02-16 19:48:51,Reporte físico con más de 6 meses de antigüedad,NO,SIN_EPS_IDENTIFICADA,APROXIMADA_DISTRITO,PIP MAYOR (SNIP),-16.4970626,-69.1901129,210407
2302961,MEJORAMIENTO Y AMPLIACION DEL SERVICIO DE AGUA POTABLE Y CREACION DEL SERVICIO DE DISPOSICION SANITARIA DE EXCRETAS EN EL SECTOR DE CHALLACOLLO DE LA COMUNIDAD CAMPESINA SISIPA CHALLACOLLO - DISTRITO DE POMATA - PROVINCIA DE CHUCUITO - DEPARTAMENTO DE PUNO,4360815,,3909148,,5000.0,30000.0,30000.0,30190.62,01/06/2016,01/01/2029,210406,90.87,90.87,VIGENTE_CON_RETRASO,2026-02-16 19:53:53,Reporte físico con más de 6 meses de antigüedad,NO,SIN_EPS_IDENTIFICADA,APROXIMADA_DISTRITO,PIP MAYOR (SNIP),-16.3694998,-69.2947975,210406
2302964,"MEJORAMIENTO Y AMPLIACION DEL SERVICIO DE AGUA POTABLE Y DISPOSICION SANITARIA DE EXCRETAS EN LA COMUNIDAD CAMPESINA DE TULACOLLO, DISTRITO DE KELLUYO, PROVINCIA DE CHUCUITO, DEPARTAMENTO DE PUNO",6722092,,6278124,,51426.0,40000.0,53427.22,0.0,01/10/2016,26/08/2028,210404,95.0,95.2,ACTUALIZADO,2026-07-20 16:14:18,,NO,SIN_EPS_IDENTIFICADA,APROXIMADA_LOCALIDAD,PIP MAYOR (SNIP),-16.8152646,-69.2578742,210404
2189343,"MEJORAMIENTO Y AMPLIACION DE LOS SERVICIOS DE AGUA POTABLE Y DISPOSICION SANITARIA DE EXCRETAS DE LA COMUNIDAD CAMPESINA DE CUCHO ESQUEÑA DISTRITO DE ACORA, PROVINCIA DE PUNO, DEPARTAMENTO DE PUNO",3948902,,3895522,,5000.0,33379.57,0.0,0.0,01/03/2014,13/01/2027,210102,98.33,92.94,VIGENTE_CON_RETRASO,2026-02-16 19:27:59,Reporte físico con más de 6 meses de antigüedad,NO,SIN_EPS_IDENTIFICADA,APROXIMADA_DISTRITO,PIP MAYOR (SNIP),-16.2723754,-69.9035444,210102
2189333,"MEJORAMIENTO Y AMPLIACIÓN DE LOS SERVICIOS DE AGUA POTABLE Y DISPOSICIÓN SANITARIA DE EXCRETAS  DE LA COMUNIDAD CAMPESINA DE CCACCA, DISTRITO DE ACORA, PUNO - PUNO",3580607,,3370212,,10000.0,30000.0,40000.0,40395.12,01/03/2014,01/02/2029,210102,94.12,94.12,VIGENTE_CON_RETRASO,2026-02-10 17:51:42,Reporte físico con más de 6 meses de antigüedad,NO,SIN_EPS_IDENTIFICADA,APROXIMADA_DISTRITO,PIP MAYOR (SNIP),-16.2723754,-69.9035444,210102
2189508,"INSTALACION DEL SERVICIO DE AGUA POTABLE Y DISPOSICION SANITARIA DE EXCRETAS EN LOS SECTORES DE MANUELO Y MAMANI EN LA COMUNIDAD CAMPESINA DE KAPIA PUSUMA, DISTRITO DE KELLUYO - CHUCUITO - PUNO",2018695,,1974837,,13858.0,30000.0,0.0,0.0,01/03/2014,14/01/2027,210404,87.34,87.34,VIGENTE_CON_RETRASO,2026-02-16 20:18:09,Reporte físico con más de 6 meses de antigüedad,NO,SIN_EPS_IDENTIFICADA,APROXIMADA_LOCALIDAD,PIP MAYOR (SNIP),-16.837151,-69.224645,210404
2186045,"MEJORAMIENTO Y AMPLIACIÓN DE LOS SERVICIOS DE AGUA POTABLE Y DISPOSICIÓN SANITARIA DE EXCRETAS DE LA COMUNIDAD CAMPESINA DE MOLLOCCO ,  DISTRITO DE ACORA, PROVINCIA DE PUNO, DEPARTAMENTO DE PUNO",4166170,,4035771,,30000.0,30000.0,20398.48,0.0,01/03/2014,01/08/2028,210102,96.9,96.9,VIGENTE_CON_RETRASO,2026-02-10 16:36:48,Reporte físico con más de 6 meses de antigüedad,NO,SIN_EPS_IDENTIFICADA,APROXIMADA_DISTRITO,PIP MAYOR (SNIP),-16.2723754,-69.9035444,210102
2189336,"MEJORAMIENTO Y AMPLIACIÓN DE LOS SERVICIOS DE AGUA POTABLE Y DISPOSICIÓN SANITARIA DE EXCRETAS  DE LA COMUNIDAD CAMPESINA DE PAMAYA JICHUYO, CENTRO  POBLADO JAYU JAYU, DISTRITO DE ACORA, PUNO - PUNO",3737830,,3626401,,30000.0,111428.76,0.0,0.0,01/03/2014,14/01/2027,210102,96.69,95.19,VIGENTE_CON_RETRASO,2026-02-17 15:15:54,Reporte físico con más de 6 meses de antigüedad,NO,SIN_EPS_IDENTIFICADA,APROXIMADA_DISTRITO,PIP MAYOR (SNIP),-16.2723754,-69.9035444,210102
2189337,"MEJORAMIENTO Y AMPLIACION DEL SERVICIO DE AGUA POTABLE Y DISPOSICION SANITARIA DE EXCRETAS EN LA COMUNIDAD CAMPESINA HUILACAYA, DISTRITO ZEPITA - CHUCUITO - PUNO",2858370,,2573632,,10000.0,30000.0,30000.0,24738.72,01/03/2014,01/02/2029,210407,91.64,86.99,VIGENTE_CON_RETRASO,2026-02-17 09:54:18,Reporte físico con más de 6 meses de antigüedad,NO,SIN_EPS_IDENTIFICADA,APROXIMADA_DISTRITO,PIP MAYOR (SNIP),-16.4970626,-69.1901129,210407
2189458,"MEJORAMIENTO Y AMPLIACION DE LOS SERVICIOS DE AGUA POTABLE Y DISPOSICION SANITARIA DE EXCRETAS EN LOS SECTORES SALLUYO Y SAN FRANCISCO DE LA COMUNIDAD CAMPESINA JAQUEHUAYTAHUI, DISTRITO POMATA- CHUCUITO - PUNO",4126398,,3196287,,10000.0,30000.0,100110.53,0.0,01/03/2014,01/08/2028,210406,100.0,96.55,DESACTUALIZADO,2024-07-03 15:08:18,Reporte físico desactualizado,NO,SIN_EPS_IDENTIFICADA,APROXIMADA_DISTRITO,PIP MAYOR (SNIP),-16.3694998,-69.2947975,210406
2183859,"MEJORAMIENTO Y AMPLIACION DE LOS SERVICIOS DE AGUA POTABLE Y DISPOSICION SANITARIA DE EXCRETAS DE LA COMUNIDAD CAMPESINA DE CCAPALLA, CENTRO POBLADO CCAPALLA, DISTRITO DE ACORA, PUNO - PUNO",3958555,,3878460,,5000.0,30095.4,0.0,0.0,01/03/2014,15/01/2027,210102,98.75,97.74,VIGENTE_CON_RETRASO,2026-02-16 19:33:13,Reporte físico con más de 6 meses de antigüedad,NO,SIN_EPS_IDENTIFICADA,APROXIMADA_DISTRITO,PIP MAYOR (SNIP),-16.2723754,-69.9035444,210102
2302960,"MEJORAMIENTO Y AMPLIACION DEL SERVICIO DE AGUA POTABLE Y CREACION DEL SERVICIO DE DISPOSICION SANITARIA DE EXCRETAS EN LA COMUNIDAD CAMPESINA JACHAPAMPA - SECTOR ALTO JACHAPAMPA, DISTRITO DE ZEPITA, PROVINCIA DE CHUCUITO, DEPARTAMENTO DE PUNO",6825155,,6162117,,136099.0,63037.63,0.0,0.0,01/10/2016,06/01/2027,210407,90.0,90.43,ACTUALIZADO,2026-05-25 10:06:07,,NO,SIN_EPS_IDENTIFICADA,APROXIMADA_DISTRITO,PIP MAYOR (SNIP),-16.4970626,-69.1901129,210407
2191201,"MEJORAMIENTO Y AMPLIACION DEL SERVICIO DE AGUA POTABLE Y DISPOSICION SANITARIA DE EXCRETAS EN EL SERTOR CENTRAL CHUA CHUA DEL CENTRO POBLADO CHUA CHUA, DISTRITO DE ZEPITA - CHUCUITO - PUNO",3354629,,3303570,,5000.0,26058.32,0.0,0.0,01/07/2014,18/01/2027,210407,97.05,97.12,VIGENTE_CON_RETRASO,2026-02-16 19:51:16,Reporte físico con más de 6 meses de antigüedad,NO,SIN_EPS_IDENTIFICADA,APROXIMADA_LOCALIDAD,PIP MAYOR (SNIP),-16.4576242,-69.1399299,210407
2189503,"INSTALACION DEL SERVICIO DE AGUA POTABLE Y DISPOSICIÓN SANITARIA DE EXCRETAS DE LA COMUNIDAD CAMPESINA DE CUSINI, DISTRITO DE ACORA, PROVINCIA DE PUNO, REGIÓN PUNO",3418137,,3294993,,30000.0,30000.0,43144.74,0.0,01/03/2014,01/08/2028,210102,96.4,96.4,VIGENTE_CON_RETRASO,2026-02-10 17:43:22,Reporte físico con más de 6 meses de antigüedad,NO,SIN_EPS_IDENTIFICADA,APROXIMADA_DISTRITO,PIP MAYOR (SNIP),-16.2723754,-69.9035444,210102
2189449,"MEJORAMIENTO Y AMPLIACION DEL SERVICIO DE AGUA POTABLE Y DISPOSICION SANITARIA DE EXCRETAS EN LOS SECTORES CENTRAL FLORES, COLLAPATA, MAMANI A Y MAMANI B DE LA COMUNIDAD CAMPESINA LOS ANDES, DISTRITO ZEPITA - CHUCUITO - PUNO",2572986,,2334889,,10000.0,38097.2,0.0,0.0,01/03/2014,20/01/2027,210407,92.44,92.44,VIGENTE_CON_RETRASO,2026-02-16 21:05:04,Reporte físico con más de 6 meses de antigüedad,NO,SIN_EPS_IDENTIFICADA,APROXIMADA_DISTRITO,PIP MAYOR (SNIP),-16.4970626,-69.1901129,210407
2187533,"MEJORAMIENTO Y AMPLIACION DE LOS SERVICIOS DE AGUA POTABLE Y DISPOSICION SANITARIA DE EXCRETAS DE LA COMUNIDAD CAMPESINA DE KAKACHI, DISTRITO DE HUANCANE, HUANCANE, PUNO",2826276,,2718434,,0.0,30000.0,27841.9,0.0,01/03/2014,16/08/2028,210601,96.2,96.2,VIGENTE_CON_RETRASO,2026-02-16 21:46:27,Reporte físico con más de 6 meses de antigüedad,NO,SIN_EPS_IDENTIFICADA,APROXIMADA_DISTRITO,PIP MAYOR (SNIP),-15.1842883,-69.8235022,210601
2160866,"CONSTRUCCION DEL SISTEMA DE AGUA POTABLE Y SANEAMIENTO BASICO DEL CENTRO POBLADO DE ORURO Y COMUNIDAD CAMPESINA DE ORURO SECTOR MURUMURUNI, DISTRITO CRUCERO, PROVINCIA CARABAYA, DEPARTAMENTO DE PUNO",3215940,,2878266,,10000.0,50000.0,0.0,0.0,01/07/2017,18/10/2027,210306,82.2,76.84,VIGENTE_CON_RETRASO,2026-02-16 20:25:24,Reporte físico con más de 6 meses de antigüedad,NO,SIN_EPS_IDENTIFICADA,APROXIMADA_DISTRITO,PIP MAYOR (SNIP),-14.3508047,-69.9293371,210306
2299942,"CREACION DEL SERVICIO DE AGUA POTABLE Y DISPOSICION SANITARIA DE EXCRETAS EN LOS SECTORES QUIÑONES Y MAMANI DEL CENTRO POBLADO SICUYANI, DISTRITO DE ZEPITA, PROVINCIA DE CHUCUITO, DEPARTAMENTO DE PUNO",4905038,,3851356,,129238.0,87973.65,0.0,0.0,01/10/2016,31/12/2027,210407,66.82,66.82,ACTUALIZADO,2026-07-20 16:12:27,,NO,SIN_EPS_IDENTIFICADA,APROXIMADA_LOCALIDAD,PIP MAYOR (SNIP),-16.5957032,-69.2041506,210407
2183864,"MEJORAMIENTO Y AMPLIACIÓN DE LOS SERVICIOS DE AGUA POTABLE Y DISPOSICIÓN SANITARIA DE EXCRETAS  DE LA PARCIALIDAD DE IMATA, CENTRO  POBLADO AYRUMAS CARUMAS, DISTRITO DE ACORA, PUNO - PUNO.",3317370,,2846874,,0.0,70496.21,0.0,0.0,01/03/2014,22/04/2028,,85.8,85.8,VIGENTE_CON_RETRASO,2026-02-17 15:24:06,Reporte físico con más de 6 meses de antigüedad,NO,SIN_EPS_IDENTIFICADA,APROXIMADA_DISTRITO,PIP MAYOR (SNIP),-16.2723754,-69.9035444,
2270997,"MEJORAMIENTO Y AMPLIACION DE LOS SERVICIOS DE AGUA POTABLE Y SANEAMIENTO DEL CENTRO POBLADO DE PUMACHANCA , DISTRITO DE OLLACHEA - CARABAYA - PUNO",9136631,,7021457,,10000.0,1057587.13,1057587.12,0.0,01/10/2015,15/10/2028,210308,76.8,76.8,ACTUALIZADO,2026-04-15 17:36:52,,NO,SIN_EPS_IDENTIFICADA,APROXIMADA_DISTRITO,PIP MAYOR (SNIP),-13.7940318,-70.4721998,210308
2189495,"MEJORAMIENTO Y AMPLIACION DEL SERVICIO DE AGUA POTABLE Y DISPOSICION SANITARIA DE EXCRETAS EN LOS SECTORES FARIPIÑA, VILACAYA, PUCARA Y CAUSILLUMA DE LA COMUNIDAD CAMPESINA HUACASUMA, DISTRITO HUACULLANI - CHUCUITO - PUNO",10148951,,6979680,,586783.0,100000.0,48299.22,0.0,01/03/2014,01/09/2028,210403,81.0,81.58,ACTUALIZADO,2026-06-19 15:24:25,,NO,SIN_EPS_IDENTIFICADA,APROXIMADA_DISTRITO,PIP MAYOR (SNIP),-16.6302449,-69.3222231,210403
2186040,"MEJORAMIENTO Y AMPLIACIÓN DE LOS  SERVICIOS DE AGUA POTABLE Y DISPOSICIÓN SANITARIA DE EXCRETAS DE LA COMUNIDAD  CAMPESINA DE CALAPAMPA, DISTRITO DE ASILLO, AZÁNGARO-PUNO",4253099,,3806523,,0.0,66575.36,0.0,0.0,01/11/2013,12/07/2028,210204,89.5,89.5,VIGENTE_CON_RETRASO,2026-02-17 12:03:15,Reporte físico con más de 6 meses de antigüedad,NO,SIN_EPS_IDENTIFICADA,APROXIMADA_DISTRITO,PIP MAYOR (SNIP),-14.7272398,-70.3567731,210204
2187528,"INSTALACION DE LOS SISTEMAS DE AGUA POTABLE Y DISPOSICION SANITARIA DE EXCRETAS DE LA COMUNIDAD CAMPESINA DE CAPARAYA, DISTRITO DE HUANCANE, HUANCANE - PUNO",2965424,,2654055,,0.0,30000.0,81369.55,0.0,01/03/2014,16/08/2028,210601,89.5,89.5,VIGENTE_CON_RETRASO,2026-02-16 21:41:16,Reporte físico con más de 6 meses de antigüedad,NO,SIN_EPS_IDENTIFICADA,APROXIMADA_DISTRITO,PIP MAYOR (SNIP),-15.1842883,-69.8235022,210601
2189446,"AMPLIACION Y MEJORAMIENTO DEL SERVICIO DE AGUA POTABLE Y DISPOSICION SANITARIA DE EXCRETAS EN LAS PARCIALIDADES DE QUIMBALITA Y CONCEPCION INGENIO, DISTRITO DE HUACULLANI - CHUCUITO - PUNO",2895673,,2528536,,10000.0,35000.0,32137.63,0.0,01/03/2014,30/06/2028,210403,97.2,97.2,VIGENTE_CON_RETRASO,2026-02-17 14:45:23,Reporte físico con más de 6 meses de antigüedad,NO,SIN_EPS_IDENTIFICADA,APROXIMADA_DISTRITO,PIP MAYOR (SNIP),-16.6302449,-69.3222231,210403
2189486,"MEJORAMIENTO Y AMPLIACION DEL SERVICIO DE AGUA POTABLE Y DISPOSICION SANITARIA DE EXCRETAS EN LOS SECTORES CHOCCÑAPAMPA BAJO Y POCOAQUI DE LA COMUNIDAD CAMPESINA HUAPACA SANTIAGO, DISTRITO POMATA - CHUCUITO - PUNO",2771681,,2315894,,10000.0,30000.0,25786.42,0.0,01/03/2014,22/07/2028,210406,96.14,96.14,VIGENTE_CON_RETRASO,2026-02-17 14:52:14,Reporte físico con más de 6 meses de antigüedad,NO,SIN_EPS_IDENTIFICADA,APROXIMADA_DISTRITO,PIP MAYOR (SNIP),-16.3694998,-69.2947975,210406
2189345,"MEJORAMIENTO Y AMPLIACION DE LOS SERVICIOS DE AGUA POTABLE Y DISPOSICION SANITARIA DE EXCRETAS DE LA COMUNIDAD CAMPESINA DE HUILASIPE, CENTRO POBLADO DE CRUCERO, DISTRITO DE ACORA,  PUNO - PUNO",4987538,,4180468,,0.0,30000.0,27069.96,0.0,01/03/2014,26/05/2028,210102,83.8,83.8,VIGENTE_CON_RETRASO,2026-02-17 15:41:01,Reporte físico con más de 6 meses de antigüedad,NO,SIN_EPS_IDENTIFICADA,APROXIMADA_DISTRITO,PIP MAYOR (SNIP),-16.2723754,-69.9035444,210102
2387732,MEJORAMIENTO Y AMPLIACION DE LOS SISTEMAS DE AGUA POTABLE Y SANEAMIENTO DE LA CIUDAD DE AYAVIRI  DISTRITO DE AYAVIRI - PROVINCIA DE MELGAR - DEPARTAMENTO DE PUNO,33862895,,3773413,,615000.0,2250000.0,3685365.0,4569850.0,01/09/2023,30/11/2032,210801,,0.0,SIN_AVANCE_FISICO,,Sin avance físico registrado,SI,EPS AGUAS DEL ALTIPLANO S.R.L.,OFICIAL_ORIGINAL,PROYECTO DE INVERSION,-14.883162479999951,-70.59194711999999,210801
2090887,DRENAJE PLUVIAL DE LA CIUDAD DE JULIACA,717884425,,87086437,,3025000.0,6085919.0,158837555.0,209452868.0,01/06/2009,21/04/2030,211101,10.98,11.2,ACTUALIZADO,2026-08-10 16:30:21,,SI,EPS SEDAJULIACA S.A.,APROXIMADA_DISTRITO,PIP MAYOR (SNIP),-15.4932314,-70.1356177,211101
2331661,AMPLIACION Y MEJORAMIENTO DE LOS SERVICIOS DE AGUA POTABLE Y ALCANTARILLADO DE LA CIUDAD DE JULIACA - PUNO,1660417953,,72984477,,352935250.0,409522494.82,442723874.04,428244279.77,01/03/2018,10/10/2029,211101,16.24,16.81,ACTUALIZADO,2026-08-13 16:53:04,,SI,EPS SEDAJULIACA S.A.,APROXIMADA_DISTRITO,PIP MAYOR (SNIP),-15.4932314,-70.1356177,211101
2337107,"AMPLIACION, MEJORAMIENTO DE LOS SERVICIOS DE RECOLECCIÓN Y TRATAMIENTO DE AGUAS RESIDUALES DE LAS CIUDADES DE AYAVIRI, MOHO, JULIACA, PUNO, ILAVE Y JULI, DEPARTAMENTO DE PUNO",50670032,,17089580,,65000.0,3112703.33,3112703.33,2712703.33,01/09/2019,31/12/2041,,,,SIN_AVANCE_FISICO,,,NO,,,,,,
2191199,"MEJORAMIENTO Y AMPLIACION DE LOS SERVICIOS DE AGUA POTABLE Y DISPOSICION SANITARIA DE EXCRETAS DEL CENTRO POBLADO DE CARITAMAYA, DISTRITO DE ACORA, PROVINCIA DE PUNO, DEPARTAMENTO DE PUNO",14020329,,11655552,,10000.0,50000.0,150000.0,164777.01,01/07/2014,01/02/2029,210102,99.26,95.45,VIGENTE_CON_RETRASO,2026-02-17 09:48:44,Reporte físico con más de 6 meses de antigüedad,NO,SIN_EPS_IDENTIFICADA,APROXIMADA_DISTRITO,PIP MAYOR (SNIP),-16.2723754,-69.9035444,210102
2189465,"MEJORAMIENTO Y AMPLIACION DE LOS SERVICIOS DE AGUA POTABLE Y DISPOSICION SANITARIA DE EXCRETAS DEL CENTRO POBLADO THUNCO, DISTRITO DE ACORA, PUNO - PUNO",11170415,,9177175,,5000.0,30000.0,220000.0,243240.69,01/03/2014,01/02/2029,210102,97.93,97.93,VIGENTE_CON_RETRASO,2026-02-16 20:15:06,Reporte físico con más de 6 meses de antigüedad,NO,SIN_EPS_IDENTIFICADA,APROXIMADA_DISTRITO,PIP MAYOR (SNIP),-16.2723754,-69.9035444,210102
2302962,"MEJORAMIENTO Y AMPLIACION DEL SERVICIO DE AGUA POTABLE Y CREACION DEL SERVICIO DE DISPOSICION SANITARIA DE EXCRETAS EN EL C.P. TASAPA PATACOLLO (SECTORES TASAPA CENTRAL, PRIMER TASAPA, II TASAPA, IRUJANI Y JOCCO), DISTRITO DE ZEPITA, PROVINCIA DE CHUCUITO ¿ DEPARTAMENTO DE PUNO",8661468,,5890352,,1000000.0,999635.52,999635.0,200000.51,01/10/2016,15/03/2029,210407,68.0,69.78,ACTUALIZADO,2026-06-19 15:43:06,,NO,SIN_EPS_IDENTIFICADA,APROXIMADA_DISTRITO,PIP MAYOR (SNIP),-16.4970626,-69.1901129,210407
2186037,"MEJORAMIENTO Y AMPLIACION DE LOS SERVICIOS DE AGUA POTABLE Y DISPOSICION SANITARIA DE EXCRETAS DEL CENTRO POBLADO ISCATA, DISTRITO DE ACORA, PUNO - PUNO",7687780,,6351283,,10000.0,30000.0,150000.0,156496.88,01/03/2014,01/02/2029,210102,82.6,81.89,VIGENTE_CON_RETRASO,2026-02-16 20:12:13,Reporte físico con más de 6 meses de antigüedad,NO,SIN_EPS_IDENTIFICADA,APROXIMADA_DISTRITO,PIP MAYOR (SNIP),-16.2723754,-69.9035444,210102
2189506,"INSTALACION DEL SERVICIO DE AGUA POTABLE Y DISPOSICION SANITARIA DE EXCRETAS EN LA CAPITAL DEL CENTRO POBLADO TUQUINA, DISTRITO POMATA- CHUCUITO - PUNO",7816285,,6893035,,180000.0,50000.0,40000.0,33249.2,01/03/2014,01/02/2029,210406,88.0,88.46,ACTUALIZADO,2026-06-12 12:55:56,,NO,SIN_EPS_IDENTIFICADA,APROXIMADA_LOCALIDAD,PIP MAYOR (SNIP),-16.3660329,-69.2544552,210406
2189340,"MEJORAMIENTO Y AMPLIACIÓN DE LOS SERVICIOS DE AGUA POTABLE Y DISPOSICIÓN SANITARIA DE EXCRETAS DEL CENTRO POBLADO CRUCERO, DISTRITO DE ACORA, PUNO - PUNO",6882560,,5874287,,0.0,30000.0,100000.0,78272.22,01/03/2014,01/02/2029,210102,85.4,84.77,VIGENTE_CON_RETRASO,2026-02-17 10:42:10,Reporte físico con más de 6 meses de antigüedad,NO,SIN_EPS_IDENTIFICADA,APROXIMADA_DISTRITO,PIP MAYOR (SNIP),-16.2723754,-69.9035444,210102
2183866,"MEJORAMIENTO Y AMPLIACIÓN DE LOS SERVICIOS DE AGUA POTABLE Y DISPOSICIÓN SANITARIA DE EXCRETAS  DE LA COMUNIDAD CAMPESINA DE COLLINI, CENTRO  POBLADO INCASAMAWI, DISTRITO DE ACORA, PUNO - PUNO",4906176,,4120252,,0.0,30000.0,25000.0,30923.63,01/03/2014,01/02/2029,210102,84.0,83.58,VIGENTE_CON_RETRASO,2026-02-17 10:03:33,Reporte físico con más de 6 meses de antigüedad,NO,SIN_EPS_IDENTIFICADA,APROXIMADA_DISTRITO,PIP MAYOR (SNIP),-16.2723754,-69.9035444,210102
2310847,"MEJORAMIENTO Y AMPLIACION DEL SERVICIO DE AGUA POTABLE Y CREACION DEL SERVICIO DE DISPOSICION SANITARIA DE EXCRETAS EN EL CENTRO POBLADO ISANI (SECTORES KENTURAMAYA, ISANI CENTRAL, AMAYSAMAHUI, MACHACAUYU, KAMAÑAPATA - KALUNAMAYA Y PATACANI), DISTRIT",11936611,,10509172,,180000.0,30000.0,40000.0,46438.37,01/06/2016,01/02/2029,210407,88.0,88.26,ACTUALIZADO,2026-05-25 15:11:54,,NO,SIN_EPS_IDENTIFICADA,APROXIMADA_DISTRITO,PIP MAYOR (SNIP),-16.4970626,-69.1901129,210407
2189448,"INSTALACION DEL SERVICIO DE AGUA POTABLE Y DISPOSICION SANITARIA DE EXCRETAS EN LOS SECTORES SIQUICAUSILLUMA, KAMANI Y CENTRAL VILLACHAVE II DE LA COMUNIDAD CAMPESINA VILACHAVE, DISTRITO HUACULLANI - CHUCUITO - PUNO",7529784,,4550571,,180000.0,1000000.0,1545922.6,50000.0,01/03/2014,07/07/2029,210403,84.52,84.52,ACTUALIZADO,2026-08-21 11:27:27,,NO,SIN_EPS_IDENTIFICADA,APROXIMADA_DISTRITO,PIP MAYOR (SNIP),-16.6302449,-69.3222231,210403
2299423,"CREACION DEL SERVICIO DE AGUA POTABLE Y DISPOSICION SANITARIA DE EXCRETAS EN LOS SECTORES VENTILLA I, VENTILLA II Y CUMO HUACULLANI, CENTRO POBLADO YOROHOCO, DISTRITO DE HUACULLANI, PROVINCIA DE CHUCUITO, DEPARTAMENTO DE PUNO",5405749,,3765619,,1000000.0,1255315.92,0.0,0.0,01/10/2016,31/12/2027,210403,69.16,70.52,ACTUALIZADO,2026-04-21 16:17:31,,NO,SIN_EPS_IDENTIFICADA,APROXIMADA_LOCALIDAD,PIP MAYOR (SNIP),-16.5654607,-69.320839,210403
2189498,"MEJORAMIENTO Y AMPLIACIÓN DE LOS SERVICIOS DE AGUA POTABLE Y DISPOSICIÓN SANITARIA DE EXCRETAS DE LA COMUNIDAD CAMPESINA DE HUANTACACHI CHILA, C.P. COPAQUIRA, DISTRITO DE ACORA, PROVINCIA DE PUNO, DEPARTAMENTO DE PUNO",3752417,,3358413,,10000.0,30000.0,30000.0,34003.79,01/02/2014,01/02/2029,210102,95.28,89.21,VIGENTE_CON_RETRASO,2026-02-17 09:47:01,Reporte físico con más de 6 meses de antigüedad,NO,SIN_EPS_IDENTIFICADA,APROXIMADA_DISTRITO,PIP MAYOR (SNIP),-16.2723754,-69.9035444,210102
2189452,"MEJORAMIENTO Y AMPLIACION DEL SERVICIO DE AGUA POTABLE Y DISPOSICION SANITARIA DE EXCRETAS EN LOS SECTORES TACAHUA Y KOLLIHUERTA DE LA COMUNIDAD CAMPESINA TUQUINA, DISTRITO POMATA - CHUCUITO - PUNO",6460923,,4347899,,1330953.0,50000.0,40000.0,38719.15,01/03/2014,14/02/2029,210406,90.71,90.59,ACTUALIZADO,2026-05-25 15:43:31,,NO,SIN_EPS_IDENTIFICADA,APROXIMADA_DISTRITO,PIP MAYOR (SNIP),-16.3694998,-69.2947975,210406
2310861,"MEJORAMIENTO Y AMPLIACION DEL SERVICIO DE AGUA POTABLE Y CREACION DEL SERVICIO DE DISPOSICION SANITARIA DE EXCRETAS EN EL SECTOR SISIPA DE LA COMUNIDAD CAMPESINA SISIPA CHALLACOLLO, DISTRITO DE POMATA, PROVINCIA DE CHUCUITO, DEPARTAMENTO PUNO",3760582,,3365721,,5000.0,30000.0,30000.0,34861.07,01/06/2016,01/02/2029,210406,96.15,88.13,VIGENTE_CON_RETRASO,2026-02-16 20:28:01,Reporte físico con más de 6 meses de antigüedad,NO,SIN_EPS_IDENTIFICADA,APROXIMADA_DISTRITO,PIP MAYOR (SNIP),-16.3694998,-69.2947975,210406
2171246,"MEJORAMIENTO, AMPLIACION DEL SERVICIO DE AGUA POTABLE Y DISPOSICIÓN SANITARIA DE EXCRETAS EN LA COMUNIDAD CAMPESINA DE LACACHI DEL CENTRO POBLADO DE TOTORANI, DISTRITO DE ACORA - PUNO - PUNO",3434458,,2975120,,0.0,35000.0,45000.0,29338.13,01/03/2014,01/02/2029,210102,86.6,84.63,VIGENTE_CON_RETRASO,2026-02-17 10:05:24,Reporte físico con más de 6 meses de antigüedad,NO,SIN_EPS_IDENTIFICADA,APROXIMADA_DISTRITO,PIP MAYOR (SNIP),-16.2723754,-69.9035444,210102
2191606,"MEJORAMIENTO Y AMPLIACION DE LOS SERVICIOS DE AGUA POTABLE Y DISPOSICION SANITARIA DE EXCRETAS EN LOS SECTORES CHALLAJAHUIRA, CENTRAL JACHAPAMPA BAJA Y LIQUINA BAJA, DE LA COMUNIDAD CAMPESINA JACHAPAMPA, DISTRITO ZEPITA - CHUCUITO - PUNO",4334792,,3562423,,10000.0,30000.0,30000.0,12369.71,01/04/2014,01/02/2029,210407,80.83,80.83,VIGENTE_CON_RETRASO,2026-02-16 20:17:31,Reporte físico con más de 6 meses de antigüedad,NO,SIN_EPS_IDENTIFICADA,APROXIMADA_DISTRITO,PIP MAYOR (SNIP),-16.4970626,-69.1901129,210407
2183865,"MEJORAMIENTO Y AMPLIACIÓN DE LOS SERVICIOS DE AGUA POTABLE Y DISPOSICIÓN SANITARIA DE EXCRETAS  DE LA COMUNIDAD CAMPESINA DE JACHACACHI, CENTRO  POBLADO TOTORANI, DISTRITO DE ACORA, PUNO - PUNO",3463472,,3013928,,0.0,35000.0,45000.0,19544.21,01/03/2014,01/02/2029,210102,87.0,85.67,VIGENTE_CON_RETRASO,2026-02-17 10:43:45,Reporte físico con más de 6 meses de antigüedad,NO,SIN_EPS_IDENTIFICADA,APROXIMADA_DISTRITO,PIP MAYOR (SNIP),-16.2723754,-69.9035444,210102
2191605,"MEJORAMIENTO Y AMPLIACION DEL SERVICIO DE AGUA POTABLE Y DISPOSICION SANITARIA DE EXCRETAS EN LOS SECTORES IZCUCHACA Y PAMPA CHUA CHUA DEL CENTRO POBLADO CHUA CHUA, DISTRITO ZEPITA - CHUCUITO - PUNO",2725435,,2285352,,10000.0,30000.0,30000.0,11849.29,01/04/2014,01/02/2029,210407,89.37,89.37,VIGENTE_CON_RETRASO,2026-02-12 17:48:36,Reporte físico con más de 6 meses de antigüedad,NO,SIN_EPS_IDENTIFICADA,APROXIMADA_LOCALIDAD,PIP MAYOR (SNIP),-16.4576242,-69.1399299,210407
2183860,"MEJORAMIENTO Y AMPLIACIÓN DE LOS SERVICIOS DE AGUA POTABLE Y DISPOSICIÓN SANITARIA DE EXCRETAS DEL CENTRO  POBLADO JAYU JAYU, DISTRITO DE ACORA, PUNO - PUNO.",8266244,,6517446,,0.0,30000.0,110000.0,108798.21,01/03/2014,01/02/2029,210102,78.8,78.6,VIGENTE_CON_RETRASO,2026-02-17 10:01:14,Reporte físico con más de 6 meses de antigüedad,NO,SIN_EPS_IDENTIFICADA,APROXIMADA_DISTRITO,PIP MAYOR (SNIP),-16.2723754,-69.9035444,210102
2387743,MEJORAMIENTO Y AMPLIACION DE LOS SERVICIOS DE AGUA POTABLE Y ALCANTARILLADO SANITARIO EN EL AMBITO URBANO  DISTRITO DE MOHO - PROVINCIA DE MOHO - DEPARTAMENTO DE PUNO,29608297,,1530991,,0.0,10000000.0,18077305.79,0.0,01/05/2021,30/06/2028,210901,,4.89,SIN_AVANCE_FISICO,2026-07-03 11:53:11,Sin avance físico registrado,NO,SIN_EPS_IDENTIFICADA,OFICIAL_ORIGINAL,PROYECTO DE INVERSION,-15.360101189999964,-69.50122235999999,210901
2387679,"MEJORAMIENTO Y AMPLIACION DE LOS SERVICIOS DE AGUA POTABLE Y RECOLECCIÓN DE AGUAS RESIDUALES DE LA CIUDAD DE PUNO,  DISTRITO DE PUNO - PROVINCIA DE PUNO - DEPARTAMENTO DE PUNO",808768931,,15031064,,178311.0,100000000.0,351132120.38,342427436.33,01/12/2018,31/12/2029,210101,,1.22,SIN_AVANCE_FISICO,2026-08-10 10:24:59,Sin avance físico registrado,SI,EMSAPUNO S.A.,OFICIAL_ORIGINAL,PROYECTO DE INVERSION,-15.839195489999952,-70.02916487999994,210101
2544208,MEJORAMIENTO Y AMPLIACION DEL SERVICIO DE AGUA POTABLE Y DISPOSICIÓN SANITARIA DE EXCRETAS EN LA ISLA TAQUILE  DISTRITO DE AMANTANI - PROVINCIA DE PUNO - DEPARTAMENTO DE PUNO,24869667,,627882,,420000.0,200000.0,232103.0,23053390.0,01/10/2022,22/12/2029,210103,,,SIN_AVANCE_FISICO,,,NO,,,,,,210103
2190201,"MEJORAMIENTO Y AMPLIACION DE LOS SERVICIOS DE AGUA POTABLE Y DESAGÜE EN LA CIUDAD DE MACUSANI, DISTRITO DE MACUSANI, PROVINCIA DE CARABAYA - PUNO",43272666,,32244723,,1063236.0,9969724.0,0.0,0.0,01/10/2014,29/02/2028,210301,77.98,72.75,ACTUALIZADO,2026-07-31 16:36:49,,NO,SIN_EPS_IDENTIFICADA,APROXIMADA_DISTRITO,PIP MAYOR (SNIP),-14.0571718,-70.4569633,210301
2274713,"MEJORAMIENTO Y AMPLIACION DEL SERVICIO DE AGUA POTABLE Y SANEAMIENTO BASICO EN EL CENTRO POBLADO DE COARITA , DISTRITO DE PARATIA - LAMPA - PUNO",8051736,,22358,,30323.0,0.0,5599339.0,2399717.0,01/12/2015,27/10/2029,210707,0.0,0.58,ACTUALIZADO,2026-07-31 17:56:40,,NO,SIN_EPS_IDENTIFICADA,APROXIMADA_DISTRITO,PIP MAYOR (SNIP),-15.453907,-70.5993792,210707
2307910,"MEJORAMIENTO Y AMPLIACION DEL SERVICIO DE AGUA POTABLE Y SANEAMIENTO BASICO DEL CENTRO POBLADO DE RUKUS , DISTRITO DE CHUPA - AZANGARO - PUNO",6508160,,313280,,219619.0,239619.0,50000.0,2832821.0,01/06/2017,30/06/2030,210206,,0.0,SIN_AVANCE_FISICO,,Sin avance físico registrado,NO,SIN_EPS_IDENTIFICADA,APROXIMADA_DISTRITO,PIP MAYOR (SNIP),-15.1059765,-69.9865962,210206
2369167,"AMPLIACION Y MEJORAMIENTO DE LOS SERVICIOS DE AGUA POTABLE Y DISPOSICIÓN SANITARIA DE EXCRETAS EN LAS COMUNIDADES DE TIRAMASA, ACHOSITA, INQUILLANI, HANAJQUIA, TINTIRI, CATACORA, SANTA ANA, PUCACANCHA, CHOQUECHAMBI TOCOCORI - DISTRITO DE AZANGARO - PROVINCIA DE AZANGARO - DEPARTAMENTO DE PUNO",16739938,,234360,,200000.0,0.0,0.0,0.0,01/07/2019,31/12/2026,210201,,0.0,SIN_AVANCE_FISICO,2026-05-13 16:34:53,Sin avance físico registrado,SI,EPS NOR PUNO S.A.,OFICIAL_ORIGINAL,PROYECTO DE INVERSION,-14.907522419999966,-70.19697959999996,210201
2683167,CREACION DEL SERVICIO DE AGUA POTABLE RURAL Y CREACION DEL SERVICIO DE ALCANTARILLADO U OTRAS FORMAS DE DISPOSICIÓN SANITARIA DE EXCRETAS EN LA COMUNIDAD DE TOCCOCORI JALLAPISI   DISTRITO DE AZANGARO DE LA PROVINCIA DE AZANGARO DEL DEPARTAMENTO DE PUNO,2334307,,0,,0.0,45000.0,45000.0,45000.0,,01/09/2030,,,,SIN_AVANCE_FISICO,,Sin avance físico registrado,NO,SIN_EPS_IDENTIFICADA,OFICIAL_ORIGINAL,PROYECTO DE INVERSION,-14.85285660362045,-70.10020589874132,
2369170,"CREACION , MEJORAMIENTO Y AMPLIACIÓN DE LOS SERVICIOS DE AGUA POTABLE Y DISPOCISIÓN SANITARIA DE EXCRETAS EN LAS COMUNIDADES DE HUAYLLACUNCA, IPACUNI, PANCAQUIA, PUNTA SAHUACASI, SEGUNDO CHANA JILAHUATA Y SEGUNDO SAHUACASI, DE LA MICROCUENCA AZANGARO I - DISTRITO DE SANTIAGO DE PUPUJA - DISTRITO DE AZANGARO - PROVINCIA DE AZANGARO - REGIÓN PUNO",17751988,,129046,,1000000.0,0.0,0.0,0.0,01/07/2019,01/08/2029,210201,,,SIN_AVANCE_FISICO,,,NO,,,,,,210201
2474722,"MEJORAMIENTO Y AMPLIACION DE LOS SERVICIOS DE AGUA POTABLE Y DISPOSICIÓN SANITARIA DE EXCRETAS EN LAS COMUNIDADES DE CHAUPI SAHUACASI, COLLANA, APA ESPERANZA SANTA MARÍA, INCAPARA, COLLANA LAYUYO Y COLLANA PANTIPANTINI DE LA MICROCUENCA SAN JOSÉ DEL DISTRITO DE AZANGARO - PROVINCIA DE AZANGARO - DEPARTAMENTO DE PUNO",13305714,,8851540,,4454174.0,0.0,0.0,0.0,01/03/2021,31/07/2026,210201,,0.0,SIN_AVANCE_FISICO,2026-08-10 15:26:27,Sin avance físico registrado,NO,SIN_EPS_IDENTIFICADA,OFICIAL_ORIGINAL,PROYECTO DE INVERSION,-14.788158878493544,-70.16480142395578,210201
2694825,"MEJORAMIENTO Y AMPLIACION DEL SERVICIO DE AGUA POTABLE RURAL Y CREACION DEL SERVICIO DE ALCANTARILLADO U OTRAS FORMAS DE DISPOSICIÓN SANITARIA DE EXCRETAS EN LAS COMUNIDADES DE PANCAQUIA, PUMAPATA, SEGUNDO CHANAJILAHUATA, PASINCHA , HUAYLLACUNCA, WISALLANI, IPACUNI, SEGUNDO SAHUACASI, ACCOCHUPA Y PUNTA SACAHUASI DE LOS   DISTRITOS DE AZANGARO, SANTIAGO DE PUPUJA DE LA PROVINCIA DE AZANGARO DEL DEPARTAMENTO DE PUNO",17423749,,0,,240000.0,360000.0,5459612.0,5261644.0,01/06/2026,01/11/2030,210214,,0.0,SIN_AVANCE_FISICO,,Sin avance físico registrado,NO,SIN_EPS_IDENTIFICADA,OFICIAL_ORIGINAL,PROYECTO DE INVERSION,-14.933989381715374,-70.195939302901,210214
2461724,MEJORAMIENTO Y AMPLIACION DE LOS SISTEMAS DE AGUA POTABLE Y ALCANTARILLADO DEL BARRIO PEDRO VILCAPAZA DEL DISTRITO DE AZANGARO - PROVINCIA DE AZANGARO - DEPARTAMENTO DE PUNO,1997515,,1830899,,166616.0,0.0,0.0,0.0,01/03/2022,31/12/2026,210201,96.29,90.97,ACTUALIZADO,2026-04-06 20:04:45,,SI,EPS NOR PUNO S.A.,OFICIAL_ORIGINAL,PROYECTO DE INVERSION,-14.907522419999966,-70.19697959999996,210201
2343462,"AMPLIACION Y MEJORAMIENTO DE LOS SERVICIOS DE AGUA POTABLE Y DISPOSICIÓN SANITARIA DE EXCRETAS EN LAS COMUNIDADES DE MACAYA PIRIPIRINI, CHIJTANI MARCAPATA, UNIÓN VILLA MERCEDES, ROSARIO HUANCARANI Y ALTO HUANCARANI, DISTRITO DE AZÁNGARO, PROVINCIA DE AZANGARO - PUNO",11019132,,10239178,,779954.0,0.0,0.0,0.0,01/07/2019,31/12/2026,210201,87.22,87.36,ACTUALIZADO,2026-03-05 16:27:28,,NO,SIN_EPS_IDENTIFICADA,APROXIMADA_DISTRITO,PIP MAYOR (SNIP),-14.8618338,-70.1503339,210201
2734239,"ADQUISICION DE CENTRAL DE GENERACION FOTOVOLTAICA; EN EL(LA) SISTEMA DE AGUA POTABLE DE LA COMUNIDAD DE LICAS,  DISTRITO DE ACHAYA, PROVINCIA AZANGARO, DEPARTAMENTO PUNO",91828,,0,,91828.0,0.0,0.0,0.0,,31/12/2026,210202,,0.0,SIN_AVANCE_FISICO,,Sin avance físico registrado,NO,SIN_EPS_IDENTIFICADA,OFICIAL_ORIGINAL,INVERSIONES IOARR,-15.27525521816678,-70.19096165255532,210202
2326663,"CREACION DEL SISTEMA DE AGUA Y SANEAMIENTO EN LA COMUNIDAD CAMPESINA DE TRAPICHE, DISTRITO DE ARAPA - AZANGARO - PUNO",3000203,,58300,,100000.0,20000.0,20000.0,20000.0,01/10/2017,29/08/2037,210203,,,SIN_AVANCE_FISICO,,,NO,,,,,,210203
2323960,"MEJORAMIENTO Y AMPLIACION DEL SERVICIO DE AGUA POTABLE Y DISPOSICION DE EXCRETAS EN LA COMUNIDAD CAMPESINA DE LLACHARAPI CHICO DEL, DISTRITO DE ARAPA - AZANGARO - PUNO",2771521,,37000,,100000.0,25000.0,35000.0,150000.0,01/07/2016,30/11/2037,210203,,,SIN_AVANCE_FISICO,,,NO,,,,,,210203
2715475,"CONSTRUCCION DE CAMARA DE TRATAMIENTO, LINEA DE IMPULSION, CAPTACION DE AGUA  Y RESERVORIO; ADEMÁS DE OTROS ACTIVOS EN EL(LA) LAS COMUNIDADES DE APISSI, PESQUERIA Y PUCAMOCCO  DISTRITO DE ARAPA, PROVINCIA AZANGARO, DEPARTAMENTO PUNO",1807796,,23500,,,50000.0,50000.0,50000.0,,31/12/2038,,,1.3,SIN_AVANCE_FISICO,2026-06-26 23:22:16,Sin avance físico registrado,NO,SIN_EPS_IDENTIFICADA,OFICIAL_ORIGINAL,INVERSIONES IOARR,-15.188050646409264,-70.13117227664839,
2519509,MEJORAMIENTO Y AMPLIACION DEL SERVICIO DE AGUA POTABLE Y DISPOSICIÓN SANITARIA DE EXCRETAS EN LA LOCALIDAD DE TEQUENA DEL DISTRITO DE ARAPA - PROVINCIA DE AZANGARO - DEPARTAMENTO DE PUNO,7625496,,27000,,,25000.0,30000.0,30000.0,01/09/2022,01/12/2037,,,,SIN_AVANCE_FISICO,,,NO,,,,,,
2342822,"CREACION DEL SERVICIO DE AGUA POTABLE Y SANEAMIENTO RURAL EN LAS COMUNIDADES DE SAN JOSÉ DE QUESCA Y ALTO SAN MIGUEL ANEXO MEJANI, DISTRITO DE ARAPA - AZANGARO - PUNO",6610187,,47725,,0.0,800000.0,800000.0,800000.0,01/05/2021,31/07/2034,210203,,0.0,SIN_AVANCE_FISICO,2026-08-14 10:33:50,Sin avance físico registrado,NO,SIN_EPS_IDENTIFICADA,APROXIMADA_DISTRITO,PIP MAYOR (SNIP),-15.1391169,-70.1095722,210203
2590739,"RENOVACION DE SISTEMA DE BOMBEO; EN EL(LA) SISTEMA DE AGUA POTABLE EN LA COMUNIDAD CAMPESINA DE ACCOPATA DEL  DISTRITO DE ASILLO, PROVINCIA AZANGARO, DEPARTAMENTO PUNO",214485,,114196,,6533.0,93756.0,0.0,0.0,01/12/2023,04/08/2027,210204,100.0,98.14,ACTUALIZADO,2026-02-24 14:15:02,,NO,SIN_EPS_IDENTIFICADA,OFICIAL_ORIGINAL,INVERSIONES IOARR,-14.693792910336793,-70.3679258487266,210204
2412401,"CREACION DEL SISTEMA DE AGUA POTABLE Y DISPOSICION SANITARIA DE EXCRETAS EN LOS SECTORES DE ALIANZA COMINI, VILACUNCA, CENTRAL Y SAN JUAN EN LA COMUNIDAD CAMPESINA ANORAVI - DISTRITO DE ASILLO - PROVINCIA DE AZANGARO - DEPARTAMENTO DE PUNO",17094752,,77000,,200000.0,917752.0,2000000.0,2000000.0,01/09/2019,20/04/2037,210204,,0.45,SIN_AVANCE_FISICO,2026-06-23 08:50:13,Sin avance físico registrado,NO,SIN_EPS_IDENTIFICADA,OFICIAL_ORIGINAL,PROYECTO DE INVERSION,-14.7872305,-70.35318,210204
2334600,"CREACION DEL SISTEMA DE AGUA POTABLE Y SANEAMIENTO RURAL EN LAS COMUNIDADES DE SAN CRISTOBAL CHANAPAMPA Y HUANOHUATA ISLA, DISTRITO DE ASILLO - AZANGARO - PUNO",8304429,,42840,,0.0,892840.0,200000.0,200000.0,01/09/2017,18/11/2032,210204,,,SIN_AVANCE_FISICO,,,NO,,,,,,210204
2389236,CREACION DEL SERVICIO DE AGUA POTABLE Y SANEAMIENTO BASICO EN LAS COMUNIDADES DE KALAHUALA Y VILQUE PITIQUITA - DISTRITO DE ASILLO - PROVINCIA DE AZANGARO - REGIÓN PUNO,8507532,,117000,,863822.0,0.0,0.0,0.0,01/12/2019,27/09/2026,210204,,1.38,SIN_AVANCE_FISICO,2026-06-04 10:54:02,Sin avance físico registrado,NO,SIN_EPS_IDENTIFICADA,OFICIAL_ORIGINAL,PROYECTO DE INVERSION,-14.7872305,-70.35318,210204
2682757, CREACION DEL SERVICIO DE AGUA POTABLE RURAL Y CREACION DEL SERVICIO DE ALCANTARILLADO U OTRAS FORMAS DE DISPOSICIÓN SANITARIA DE EXCRETAS EN EL CENTRO POBLADO DE PACASTITI DEL   DISTRITO DE ASILLO DE LA PROVINCIA DE AZANGARO DEL DEPARTAMENTO DE PUNO,0,,0,,0.0,416500.0,416500.0,416500.0,,14/10/2036,,,,SIN_AVANCE_FISICO,,,NO,,,,,,
2682759, CREACION DEL SERVICIO DE AGUA POTABLE RURAL Y CREACION DEL SERVICIO DE ALCANTARILLADO U OTRAS FORMAS DE DISPOSICIÓN SANITARIA DE EXCRETAS EN LA COMUNIDAD CAMPESINA DE COPACONDORI DEL   DISTRITO DE ASILLO DE LA PROVINCIA DE AZANGARO DEL DEPARTAMENTO DE PUNO,0,,0,,0.0,429700.0,429700.0,429700.0,,17/06/2037,,,,SIN_AVANCE_FISICO,,,NO,,,,,,
2682749, CREACION DEL SERVICIO DE AGUA POTABLE RURAL Y CREACION DEL SERVICIO DE ALCANTARILLADO U OTRAS FORMAS DE DISPOSICIÓN SANITARIA DE EXCRETAS EN LA COMUNIDAD CAMPESINA CHAUPI CCOLLANA IPACUÑA DEL   DISTRITO DE ASILLO DE LA PROVINCIA DE AZANGARO DEL DEPARTAMENTO DE PUNO,0,,0,,0.0,152200.0,152200.0,152200.0,,17/06/2037,,,,SIN_AVANCE_FISICO,,,NO,,,,,,
2678973,"CONSTRUCCION DE RED DE ALCANTARILLADO; EN EL(LA) BARRIO INAMBARI Y BARRIO CENTRAL SANTA CRUZ DE KARKACOLLO DEL  DISTRITO DE ASILLO, PROVINCIA AZANGARO, DEPARTAMENTO PUNO",265140,,0,,110263.0,0.0,0.0,0.0,,30/09/2026,210204,0.0,0.0,ACTUALIZADO,2026-02-26 13:52:35,,NO,SIN_EPS_IDENTIFICADA,OFICIAL_ORIGINAL,INVERSIONES IOARR,-14.782758959631614,-70.34547927559353,210204
2515535,CREACION DEL SISTEMA DE AGUA POTABLE Y SANEAMIENTO BÁSICO RURAL DE LOS SECTORES LOS ANGELES Y JILA HUANCASAYANI ADJUDICADA DEL DISTRITO DE ASILLO - PROVINCIA DE AZANGARO - DEPARTAMENTO DE PUNO,4679300,,0,,4679300.0,0.0,0.0,0.0,,27/12/2026,210204,0.0,0.0,ACTUALIZADO,2026-05-31 12:42:42,,NO,SIN_EPS_IDENTIFICADA,OFICIAL_ORIGINAL,PROYECTO DE INVERSION,-14.786604631305831,-70.35400969659953,210204
2678931,"ADQUISICION DE TRANSFORMADOR DE POTENCIA; EN EL(LA) PLANTA DE TRATAMIENTO DE AGUAS RESIDUALES DEL CENTRO POBLADO DE PROGRESO DEL  DISTRITO DE ASILLO, PROVINCIA AZANGARO, DEPARTAMENTO PUNO",74214,,54500,,19714.0,0.0,0.0,0.0,01/12/2025,31/07/2026,210204,79.92,73.46,VIGENTE_CON_RETRASO,2026-02-04 10:07:25,Reporte físico con más de 6 meses de antigüedad,NO,SIN_EPS_IDENTIFICADA,OFICIAL_ORIGINAL,INVERSIONES IOARR,-14.692234537343092,-70.35916622799895,210204
2281956,CREACION DEL  SISTEMA DE AGUA POTABLE Y SANEAMIENTO BASICO INTEGRAL EN LA COMUNIDAD CAMPESINA DE PATACOLLANA - DISTRITO DE ASILLO - PROVINCIA DE AZANGARO - DEPARTAMENTO DE PUNO,2642265,,27300,,2614965.0,0.0,0.0,0.0,01/12/2020,29/08/2026,210204,,1.03,SIN_AVANCE_FISICO,2026-06-03 11:10:08,Sin avance físico registrado,NO,SIN_EPS_IDENTIFICADA,APROXIMADA_DISTRITO,PROYECTO DE INVERSION,-14.7272398,-70.3567731,210204
2162024,"INSTALACION DEL SISTEMA DE ABASTECIMIENTO DE AGUA POTABLE POR BOMBEO Y LETRINAS CON ARRASTRE HIDRAULICO EN LA C.C. SAN MIGUEL DE SINTI, DISTRITO DE CHUPA - AZANGARO - PUNO",688458,,681174,,0.0,7284.0,0.0,0.0,01/10/2012,28/01/2027,210206,,,SIN_AVANCE_FISICO,,,NO,,,,,,210206
2147747,"MEJORAMIENTO Y AMPLIACION DEL SERVICIO DE SANEAMIENTO BASICO INTEGRAL EN LA CC CAMINACOYA, DISTRITO DE CHUPA - AZANGARO - PUNO",749072,,726666,,0.0,6001.0,4000.0,5000.0,01/11/2011,14/05/2031,210206,,,SIN_AVANCE_FISICO,,,NO,,,,,,210206
2161234,"MEJORAMIENTO DEL SISTEMA DE ABASTECIMIENTO DE AGUA POTABLE EN LA C.C. CENTRAL CHUCAHUACAS, DISTRITO DE CHUPA - AZANGARO - PUNO",386258,,326917,,0.0,30000.0,29341.0,0.0,01/09/2012,10/05/2028,210206,100.0,98.06,ACTUALIZADO,2026-02-24 14:02:53,,NO,SIN_EPS_IDENTIFICADA,APROXIMADA_DISTRITO,PIP MENOR (SNIP),-15.1059765,-69.9865962,210206
2234752,"MEJORAMIENTO DEL SISTEMA DE ABASTECIMIENTO DE AGUA POTABLE Y LETRINAS DE ARRASTRE HIDRAULICO EN LA C.C. DE CHACARILLA, DISTRITO DE CHUPA - AZANGARO - PUNO",545970,,589694,,3875.0,0.0,0.0,0.0,01/07/2013,23/12/2025,210206,,,SIN_AVANCE_FISICO,,,NO,,,,,,210206
2134541,"CONSTRUCCION DEL SISTEMA DE AGUA POTABLE Y LETRINAS EN LA COMUNIDAD CAMPESINA DE HUENQUEA, DISTRITO DE CHUPA - AZANGARO - PUNO",453393,,343719,,0.0,0.0,34674.0,0.0,01/07/2011,09/05/2028,210206,100.0,95.68,ACTUALIZADO,2026-02-24 14:06:15,,NO,SIN_EPS_IDENTIFICADA,APROXIMADA_DISTRITO,PIP MENOR (SNIP),-15.1059765,-69.9865962,210206
2316900,"MEJORAMIENTO Y AMPLIACION DEL SISTEMA DE AGUA POTABLE Y SANEAMIENTO BASICO EN LAS COMUNIDADES DE JANCHIPO Y COLLPANI, DISTRITO DE CHUPA - AZANGARO - PUNO",5304505,,130000,,2000000.0,0.0,0.0,0.0,01/11/2017,12/05/2032,210206,0.0,2.48,ACTUALIZADO,2026-08-21 10:24:55,,NO,SIN_EPS_IDENTIFICADA,APROXIMADA_DISTRITO,PIP MAYOR (SNIP),-15.1059765,-69.9865962,210206
2705046,"REPARACION DE SISTEMA DE TRATAMIENTO DE AGUAS RESIDUALES; EN EL(LA) PTAR CHUPA EN LA LOCALIDAD DE CHUPA DISTRITO DE CHUPA, PROVINCIA AZANGARO, DEPARTAMENTO PUNO",144204,,4500,,208754.0,0.0,0.0,0.0,01/12/2025,30/06/2026,210206,27.05,29.15,ACTUALIZADO,2026-07-14 10:29:23,,NO,SIN_EPS_IDENTIFICADA,OFICIAL_ORIGINAL,INVERSIONES IOARR,-15.1086605917826,-69.9803789570961,210206
2714903,"MEJORAMIENTO Y AMPLIACION DEL SERVICIO DE AGUA POTABLE RURAL Y CREACION DEL SERVICIO DE ALCANTARILLADO U OTRAS FORMAS DE DISPOSICIÓN SANITARIA DE EXCRETAS EN LOS CENTROS POBLADOS DE CENTRAL ESCANTAPI, CENTRAL CHUCAHUACAS Y LA COMUNIDAD DE HUENQUEA DEL   DISTRITO DE CHUPA DE LA PROVINCIA DE AZANGARO DEL DEPARTAMENTO DE PUNO",9815044,,0,,440000.0,3000000.0,3000000.0,3375044.0,,01/02/2030,210206,,0.0,SIN_AVANCE_FISICO,,Sin avance físico registrado,NO,SIN_EPS_IDENTIFICADA,OFICIAL_ORIGINAL,PROYECTO DE INVERSION,-15.127295207733177,-69.92835336708674,210206
2291955,"MEJORAMIENTO Y AMPLIACION INTEGRAL DEL SERVICIO DE AGUA POTABLE, ALCANTARILLADO Y TRATAMIENTO DE AGUAS RESIDUALES EN EL PUEBLO DE MUÑANI, DISTRITO DE MUNANI - AZANGARO - PUNO",26191292,,15919043,,800000.0,100000.0,100000.0,100000.0,01/04/2016,04/02/2037,210208,60.52,60.93,ACTUALIZADO,2026-08-13 14:22:33,,NO,SIN_EPS_IDENTIFICADA,APROXIMADA_DISTRITO,PIP MAYOR (SNIP),-14.7707724,-69.9557279,210208
2453951,"CREACION DEL SISTEMA DE SANEAMIENTO BASICO INTEGRAL EN LOS ANEXOS DE PICHICHUANI, PASTO GRANDE Y COLLPATIRA DEL DISTRITO DE POTONI - PROVINCIA DE AZANGARO - DEPARTAMENTO DE PUNO",6590541,,735386,,5855155.0,0.0,0.0,0.0,01/02/2020,30/09/2026,210209,41.95,43.38,ACTUALIZADO,2026-08-11 20:08:43,,NO,SIN_EPS_IDENTIFICADA,OFICIAL_ORIGINAL,PROYECTO DE INVERSION,-14.38981754007766,-70.10545529962965,210209
2491749,"MEJORAMIENTO Y AMPLIACION DEL SERVICIO DE AGUA POTABLE Y SANEAMIENTO BASICO EN LAS COMUNIDADES DE CULLCO BELEN, CARPUTA CCOLLANA, MERCEDES Y CULLCO JURINSAYA, 4 LOCALIDADES DEL DISTRITO DE POTONI - PROVINCIA DE AZANGARO - DEPARTAMENTO DE PUNO",12085245,,64800,,,0.0,0.0,604246.0,01/08/2024,14/10/2033,,,0.0,SIN_AVANCE_FISICO,,Sin avance físico registrado,NO,SIN_EPS_IDENTIFICADA,OFICIAL_ORIGINAL,PROYECTO DE INVERSION,-14.411951606772352,-70.01222545516305,
2629950,AMPLIACION DEL SERVICIO DE AGUA POTABLE URBANO Y AMPLIACION DEL SERVICIO DE ALCANTARILLADO EN LA LOCALIDAD DE POTONI   DISTRITO DE POTONI DE LA PROVINCIA DE AZANGARO DEL DEPARTAMENTO DE PUNO,866691,,786197,,80494.0,0.0,0.0,0.0,01/09/2024,29/04/2026,210209,,,SIN_AVANCE_FISICO,,,NO,,,,,,210209
2709943,MEJORAMIENTO Y AMPLIACION DEL SERVICIO DE AGUA POTABLE URBANO Y MEJORAMIENTO DEL SERVICIO DE ALCANTARILLADO EN SERVICIO DE SANEAMIENTO BASICO EN EL BARRIO PEDRO VILCAPAZA   DISTRITO DE POTONI DE LA PROVINCIA DE AZANGARO DEL DEPARTAMENTO DE PUNO,966382,,0,,900312.0,0.0,0.0,0.0,,01/11/2026,210209,,0.0,SIN_AVANCE_FISICO,,Sin avance físico registrado,NO,SIN_EPS_IDENTIFICADA,OFICIAL_ORIGINAL,PROYECTO DE INVERSION,-14.387825287113795,-70.10576080363587,210209
2685785,"CONSTRUCCION DE SISTEMA DE ABASTECIMIENTO DE AGUA POTABLE; EN EL(LA) SECTOR SANTA CLARA  DISTRITO DE SAMAN, PROVINCIA AZANGARO, DEPARTAMENTO PUNO",329874,,0,,14175.0,0.0,0.0,0.0,,31/08/2027,210210,,,SIN_AVANCE_FISICO,,,NO,,,,,,210210
2478735,"MEJORAMIENTO Y AMPLIACION DEL SERVICIO DE AGUA POTABLE Y DISPOSICION SANITARIA DE EXCRETAS DE LA COMUNIDAD CAMPESINA LACAYPARQUE,  DISTRITO DE SAN ANTON - PROVINCIA DE AZANGARO - DEPARTAMENTO DE PUNO",3236474,,523653,,2712821.0,0.0,0.0,0.0,01/08/2022,31/10/2026,210211,21.81,22.82,ACTUALIZADO,2026-08-14 15:36:30,,NO,SIN_EPS_IDENTIFICADA,OFICIAL_ORIGINAL,PROYECTO DE INVERSION,-14.590408515053443,-70.31346875207825,210211
2698330,"RENOVACION DE RED DE DISTRIBUCION; EN EL(LA) EN SISTEMA DE AGUA POTABLE DEL CENTRO POBLADO DE UNION SORATIRA DEL  DISTRITO DE SAN ANTON, PROVINCIA AZANGARO, DEPARTAMENTO PUNO",233539,,99223,,104007.0,0.0,0.0,0.0,01/12/2025,30/06/2026,210211,31.11,31.11,ACTUALIZADO,2026-07-15 17:07:24,,NO,SIN_EPS_IDENTIFICADA,OFICIAL_ORIGINAL,INVERSIONES IOARR,-14.577165770620445,-70.288078514617,210211
2353535,"CREACION DEL SERVICIO DE AGUA POTABLE Y SANEAMIENTO RURAL EN LA COMUNIDAD DE AJANANI GRANDE, AJANANI GRANDE - DISTRITO DE SAN JOSE - PROVINCIA DE AZANGARO - DEPARTAMENTO DE PUNO",7460735,,29825,,99714.0,515286.0,800000.0,800000.0,01/10/2019,20/01/2035,210212,,0.0,SIN_AVANCE_FISICO,2024-05-06 21:05:55,Sin avance físico registrado,NO,SIN_EPS_IDENTIFICADA,APROXIMADA_DISTRITO,PROYECTO DE INVERSION,-14.6701654,-70.1621099,210212
2355621,CREACION DEL SERVICIOS DE SANEAMIENTO INTEGRAL DE LAS COMUNIDADES DE AJANANI CHICO Y VILLACUCHO DEL DISTRITO DE SAN JOSE - PROVINCIA DE AZANGARO - DEPARTAMENTO DE PUNO,2830965,,2472812,,149264.0,0.0,0.0,0.0,01/12/2020,25/12/2026,210212,95.0,95.28,ACTUALIZADO,2026-06-10 11:52:51,,NO,SIN_EPS_IDENTIFICADA,APROXIMADA_DISTRITO,PROYECTO DE INVERSION,-14.6701654,-70.1621099,210212
2600704,"MEJORAMIENTO Y AMPLIACION DEL SERVICIO DE AGUA POTABLE URBANO Y MEJORAMIENTO DEL SERVICIO DE ALCANTARILLADO Y MEJORAMIENTO Y AMPLIACION DEL SERVICIO DE TRATAMIENTO DE AGUAS RESIDUALES PARA DISPOSICIÓN FINAL EN LA LOCALIDAD DE SAN JOSE, DEL   DISTRITO DE SAN JOSE DE LA PROVINCIA DE AZANGARO DEL DEPARTAMENTO DE PUNO",8475884,,47530,,0.0,1500000.0,2400000.0,2400000.0,01/12/2023,26/04/2030,210212,,0.57,SIN_AVANCE_FISICO,2026-02-17 10:15:48,Sin avance físico registrado,NO,SIN_EPS_IDENTIFICADA,OFICIAL_ORIGINAL,PROYECTO DE INVERSION,-14.681672184294555,-70.16096542327762,210212
2353536,"CREACION DEL SERVICIO DE AGUA POTABLE Y SANEAMIENTO RURAL EN LA COMUNIDAD DE SAN JOSE, DISTRITO DE SAN JOSE - PROVINCIA DE AZANGARO - DEPARTAMENTO DE PUNO",5561542,,36600,,5524937.0,2.0,3.0,0.0,01/06/2021,31/07/2028,210212,,,SIN_AVANCE_FISICO,,,NO,,,,,,210212
2577901,"CREACION DEL SISTEMA DE AGUA POTABLE Y DISPOSICION SANITARIA DE EXCRETAS EN LAS COMUNIDADES DE SAYTOCOCHA, TULANI CCAPAJON, VAREJON, CHAQUI IQUILO Y LAS PARCIALIDADES DE TULANI KETEKETE, IQUILO VAREJON Y CHICCHIPANI 7 LOCALIDADES DEL DISTRITO DE SANTIAGO DE PUPUJA - PROVINCIA DE AZANGARO - DEPARTAMENTO DE PUNO",17539944,,139200,,0.0,400000.0,1000000.0,8500000.0,01/10/2023,31/12/2030,210214,102.0,101.87,ACTUALIZADO,2026-02-25 21:41:34,,NO,SIN_EPS_IDENTIFICADA,OFICIAL_ORIGINAL,PROYECTO DE INVERSION,-15.118350232097072,-70.27471936877333,210214
2241096,"MEJORAMIENTO Y AMPLIACION DE LOS SERVICIOS DE AGUA POTABLE Y ALCANTARILLADO EN EL CENTRO POBLADO DE TANTAMACO, DISTRITO DE MACUSANI, PROVINCIA DE CARABAYA - PUNO",4917072,,1954522,,1000000.0,300000.0,949730.3,0.0,01/12/2016,16/11/2028,210301,57.16,54.77,ACTUALIZADO,2026-08-03 17:49:07,,NO,SIN_EPS_IDENTIFICADA,APROXIMADA_LOCALIDAD,PIP MAYOR (SNIP),-13.9209738,-70.5149448,210301
2657372,MEJORAMIENTO Y AMPLIACION DEL SERVICIO DE AGUA POTABLE RURAL Y MEJORAMIENTO Y AMPLIACION DEL SERVICIO DE ALCANTARILLADO U OTRAS FORMAS DE DISPOSICIÓN SANITARIA DE EXCRETAS EN C.C. QUELCAYA   DISTRITO DE CORANI DE LA PROVINCIA DE CARABAYA DEL DEPARTAMENTO DE PUNO,3086818,,993083,,1000000.0,4000.0,4000.0,5000.0,01/12/2024,27/05/2032,210305,65.81,63.68,ACTUALIZADO,2026-08-17 18:29:56,,NO,SIN_EPS_IDENTIFICADA,OFICIAL_ORIGINAL,PROYECTO DE INVERSION,-14.008330374565178,-70.74126353812522,210305
2591830, MEJORAMIENTO Y AMPLIACION DEL SERVICIO DE AGUA POTABLE RURAL Y MEJORAMIENTO Y AMPLIACION DEL SERVICIO DE ALCANTARILLADO U OTRAS FORMAS DE DISPOSICIÓN SANITARIA DE EXCRETAS EN DEL CENTRO POBLADO PACAJE   DISTRITO DE MACUSANI DE LA PROVINCIA DE CARABAYA DEL DEPARTAMENTO DE PUNO,7638919,,27000,,0.0,500000.0,1000000.0,1000000.0,01/07/2025,15/05/2029,210301,,,SIN_AVANCE_FISICO,,,NO,,,,,,210301
2668207,CREACION DEL SERVICIO DE AGUA POTABLE RURAL Y CREACION DEL SERVICIO DE ALCANTARILLADO U OTRAS FORMAS DE DISPOSICIÓN SANITARIA DE EXCRETAS EN C.C. PATAPAMPA HATUN PINAYA   DISTRITO DE MACUSANI DE LA PROVINCIA DE CARABAYA DEL DEPARTAMENTO DE PUNO,1388108,,0,,0.0,300000.0,300000.0,488108.0,,14/03/2029,,,0.0,SIN_AVANCE_FISICO,,Sin avance físico registrado,NO,SIN_EPS_IDENTIFICADA,OFICIAL_ORIGINAL,PROYECTO DE INVERSION,-14.086439842848968,-70.3992337477448,
2627182,MEJORAMIENTO Y AMPLIACION DEL SERVICIO DE DRENAJE PLUVIAL EN LA LOCALIDAD DE MACUSANI DEL   DISTRITO DE MACUSANI DE LA PROVINCIA DE CARABAYA DEL DEPARTAMENTO DE PUNO,4870512,,0,,0.0,70000.0,2000511.68,0.0,,17/05/2028,210301,,0.0,SIN_AVANCE_FISICO,,Sin avance físico registrado,NO,SIN_EPS_IDENTIFICADA,OFICIAL_ORIGINAL,PROYECTO DE INVERSION,-14.069139296381662,-70.42806664087665,210301
2725584, CREACION DEL SERVICIO DE AGUA POTABLE RURAL Y CREACION DEL SERVICIO DE ALCANTARILLADO U OTRAS FORMAS DE DISPOSICIÓN SANITARIA DE EXCRETAS EN EL SECTOR SORAMAYO DE LA COMUNIDAD DE TUPAC AMARU   DISTRITO DE MACUSANI DE LA PROVINCIA DE CARABAYA DEL DEPARTAMENTO DE PUNO,1260795,,0,,1417440.0,0.0,0.0,0.0,,01/09/2026,210301,9.84,12.51,ACTUALIZADO,2026-08-21 10:06:27,,NO,SIN_EPS_IDENTIFICADA,OFICIAL_ORIGINAL,PROYECTO DE INVERSION,-14.061813939181752,-70.44617955566285,210301
2653687,"CONSTRUCCION DE CERCO PERIMETRICO, CAPTACION DE AGUA , LÍNEA DE CONDUCCIÓN Y CÁMARA DE VÁLVULAS; EN EL(LA) SISTEMA  DE AGUA POTABLE EN LA LOCALIDAD DE AJOYANI DEL  DISTRITO DE AJOYANI, PROVINCIA CARABAYA, DEPARTAMENTO PUNO",336328,,303504,,0.0,32660.18,0.0,0.0,01/10/2024,30/01/2027,210302,91.47,89.84,VIGENTE_CON_RETRASO,2026-02-10 17:37:38,Reporte físico con más de 6 meses de antigüedad,NO,SIN_EPS_IDENTIFICADA,OFICIAL_ORIGINAL,INVERSIONES IOARR,-14.22815832990629,-70.22379991702826,210302
2611920,"ADQUISICION DE TERRENO; EN EL(LA) COMUNIDAD DE CAYATOCCO DE LA CAPTACION CARCATIRA PARA EL SISTEMA DE AGUA POTABLE  DISTRITO DE AJOYANI, PROVINCIA CARABAYA, DEPARTAMENTO PUNO",102500,,6000,,96500.0,0.0,0.0,0.0,01/12/2023,28/02/2026,210302,,0.0,SIN_AVANCE_FISICO,,Sin avance físico registrado,NO,SIN_EPS_IDENTIFICADA,OFICIAL_ORIGINAL,INVERSIONES IOARR,-14.095878430805698,-70.2175940527486,210302
2701472,"CONSTRUCCION DE CAPTACION DE AGUA  Y LINEA DE CONDUCCION; EN EL(LA) SISTEMA DE AGUA POTABLE DE LA LOCALIDAD DE AJOYANI  DISTRITO DE AJOYANI, PROVINCIA CARABAYA, DEPARTAMENTO PUNO",3884042,,37400,,2546640.0,1300000.0,1.0,1.0,01/12/2025,03/04/2029,210302,0.0,0.96,ACTUALIZADO,2026-06-25 11:37:24,,NO,SIN_EPS_IDENTIFICADA,OFICIAL_ORIGINAL,INVERSIONES IOARR,-14.229679575972762,-70.22367148710124,210302
2524400,"MEJORAMIENTO Y AMPLIACION DE LOS SERVICIOS DE AGUA POTABLE Y DISPOSICION SANITARIA DE EXCRETAS EN LOS SECTORES VILUYO, CALLPUYO, AÑOCCAYA Y PUERTO ARTURO DEL DISTRITO DE AJOYANI - PROVINCIA DE CARABAYA - DEPARTAMENTO DE PUNO",8998596,,325000,,0.0,0.0,0.0,0.0,01/03/2022,02/02/2032,210302,0.0,3.61,ACTUALIZADO,2026-06-12 08:42:22,,NO,SIN_EPS_IDENTIFICADA,OFICIAL_ORIGINAL,PROYECTO DE INVERSION,-14.131792466871406,-70.10863422466181,210302
2610638,"ADQUISICION DE TERRENO; EN EL(LA) COMUNIDAD DE CAYATOCCO PARA REPRESAMIENTO Y CONDUCCIÓN DEL SERVICIO DE AGUA EN EL  DISTRITO DE AJOYANI, PROVINCIA CARABAYA, DEPARTAMENTO PUNO",442000,,6000,,420000.0,16000.0,0.0,0.0,01/12/2023,31/12/2027,210302,0.0,1.13,VIGENTE_CON_RETRASO,2026-02-12 09:52:23,Reporte físico con más de 6 meses de antigüedad,NO,SIN_EPS_IDENTIFICADA,OFICIAL_ORIGINAL,INVERSIONES IOARR,-14.076769609241572,-70.20503805009352,210302
2667262, MEJORAMIENTO Y AMPLIACION DEL SERVICIO DE AGUA POTABLE RURAL Y CREACION DEL SERVICIO DE ALCANTARILLADO U OTRAS FORMAS DE DISPOSICIÓN SANITARIA DE EXCRETAS EN SECTOR CCOPA  DE CENTRO POBLADO KANA DISTRITO DE AYAPATA DE LA PROVINCIA DE CARABAYA DEL DEPARTAMENTO DE PUNO,0,,0,,0.0,0.0,50000.0,80000.0,,30/11/2033,210303,,,SIN_AVANCE_FISICO,,,NO,,,,,,210303
2660131,"ADQUISICION DE TERRENO; EN EL(LA) COMUNIDAD DE HANAC AYLLO ATARAYA Y KANCHI PARA EL SERVICIO DE SANEAMIENTO DE AYAPATA DEL  DISTRITO DE AYAPATA, PROVINCIA CARABAYA, DEPARTAMENTO PUNO",190818,,22805,,168014.0,0.0,0.0,0.0,01/10/2024,30/04/2026,210303,48.43,48.48,ACTUALIZADO,2026-04-01 09:22:27,,NO,SIN_EPS_IDENTIFICADA,OFICIAL_ORIGINAL,INVERSIONES IOARR,-13.780567293667303,-70.3260597756392,210303
2252384,"MEJORAMIENTO Y AMPLIACION DE LOS SERVICIOS DE AGUA POTABLE Y SANEAMIENTO EN LA COMUNIDAD DE KANCHI ORCCOTAQUI DEL, DISTRITO DE AYAPATA - CARABAYA - PUNO",3573537,,153650,,3419887.0,0.0,0.0,0.0,01/07/2015,30/06/2026,210303,2.97,6.45,ACTUALIZADO,2026-08-15 12:48:03,,NO,SIN_EPS_IDENTIFICADA,APROXIMADA_DISTRITO,PIP MENOR (SNIP),-13.7769833,-70.3227082,210303
2706460,"RENOVACION DE LINEA DE CONDUCCION, LINEA DE ADUCCION Y COLECTOR SECUNDARIO; REPARACION DE RESERVORIO; ADEMÁS DE OTROS ACTIVOS EN EL(LA) SERVICIO DE AGUA POTABLE Y SANEAMIENTO RURAL DE LA LOCALIDAD DE CORANI,  DISTRITO DE CORANI, PROVINCIA CARABAYA, DEPARTAMENTO PUNO",177895,,69932,,107963.0,0.0,0.0,0.0,01/12/2025,21/07/2026,,100.0,98.03,ACTUALIZADO,2026-06-02 09:25:52,,NO,SIN_EPS_IDENTIFICADA,OFICIAL_ORIGINAL,INVERSIONES IOARR,-13.86815916480721,-70.60311667340115,
2657497,MEJORAMIENTO Y AMPLIACION DEL SERVICIO DE AGUA POTABLE RURAL Y MEJORAMIENTO Y AMPLIACION DEL SERVICIO DE ALCANTARILLADO U OTRAS FORMAS DE DISPOSICIÓN SANITARIA DE EXCRETAS EN LA COMUNIDAD CAMPESINA DE CHACACONIZA DEL   DISTRITO DE CORANI DE LA PROVINCIA DE CARABAYA DEL DEPARTAMENTO DE PUNO,6598859,,0,,6598859.0,0.0,0.0,0.0,,31/12/2026,210305,,0.0,SIN_AVANCE_FISICO,,Sin avance físico registrado,NO,SIN_EPS_IDENTIFICADA,OFICIAL_ORIGINAL,PROYECTO DE INVERSION,-14.020010770679349,-70.66352748382607,210305
2142933,"MEJORAMIENTO Y AMPLIACION DEL SISTEMA DE AGUA POTABLE DESAGUE- REDES DISTRIBUICION CONEXIONES DOMICILIARIAS  Y PLANTA DE TRATAMIENTO DE AGUAS RESIDUALES  LOCALIDAD CRUCERO, DISTRITO DE CRUCERO - CARABAYA - PUNO",11961393,,6972441,,4986950.0,0.0,0.0,0.0,01/03/2012,30/06/2026,210306,55.0,54.81,DESACTUALIZADO,2025-02-27 15:10:29,Reporte físico desactualizado,NO,SIN_EPS_IDENTIFICADA,APROXIMADA_LOCALIDAD,PIP MAYOR (SNIP),-14.3611964,-70.0234904,210306
2454850,MEJORAMIENTO Y AMPLIACION DEL SERVICIO DE AGUA Y SANEAMIENTO DEL CENTRO POBLADO UPINA DEL DISTRITO DE ITUATA - PROVINCIA DE CARABAYA - DEPARTAMENTO DE PUNO,5831350,,166760,,50000.0,250000.0,0.0,0.0,01/08/2019,29/10/2027,210307,,,SIN_AVANCE_FISICO,,,NO,,,,,,210307
2505233,MEJORAMIENTO Y AMPLIACION DEL SERVICIO DE AGUA POTABLE Y SANEAMIENTO EN LA COMUNIDAD DE QUETY DEL DISTRITO DE ITUATA - PROVINCIA DE CARABAYA - DEPARTAMENTO DE PUNO,6217977,,141206,,500000.0,0.0,0.0,0.0,01/12/2023,01/12/2032,210307,,0.0,SIN_AVANCE_FISICO,,Sin avance físico registrado,NO,SIN_EPS_IDENTIFICADA,OFICIAL_ORIGINAL,PROYECTO DE INVERSION,-13.910614684765443,-70.2387609313954,210307
2226027,"MEJORAMIENTO Y AMPLIACION DEL SISTEMA DE AGUA POTABLE Y DESAGÜE EN LA LOCALIDAD DE TAMBILLO, DISTRITO DE ITUATA - CARABAYA - PUNO",2419252,,2088701,,191135.0,0.0,0.0,0.0,01/02/2017,31/12/2026,210307,,0.0,SIN_AVANCE_FISICO,2026-02-05 16:10:20,Sin avance físico registrado,NO,SIN_EPS_IDENTIFICADA,APROXIMADA_LOCALIDAD,PIP MENOR (SNIP),-13.8762874,-70.2141705,210307
2463772,"MEJORAMIENTO Y AMPLIACION DEL SISTEMA DE AGUA POTABLE, SISTEMA DE ALCANTARRILLADO Y TRATAMIENTO DE AGUAS RESIDUALES DE LA CIUDAD DE OLLACHEA DEL DISTRITO DE OLLACHEA - PROVINCIA DE CARABAYA - DEPARTAMENTO DE PUNO",17962591,,159554,,120000.0,250000.0,500000.0,4200000.0,01/09/2020,13/06/2030,210308,0.0,0.89,ACTUALIZADO,2026-02-26 15:44:48,,NO,SIN_EPS_IDENTIFICADA,OFICIAL_ORIGINAL,PROYECTO DE INVERSION,-13.79391,-70.47289,210308
2702682,"REPARACION DE SISTEMA DE ABASTECIMIENTO DE AGUA POTABLE Y CONEXION DOMICILIARIA DE ALCANTARILLADO; EN EL(LA) BARRIO BELLAVISTA  DISTRITO DE OLLACHEA, PROVINCIA CARABAYA, DEPARTAMENTO PUNO",70471,,60055,,10416.0,0.0,0.0,0.0,01/11/2025,31/12/2026,210308,100.0,96.1,ACTUALIZADO,2026-07-09 09:07:08,,NO,SIN_EPS_IDENTIFICADA,OFICIAL_ORIGINAL,INVERSIONES IOARR,-13.795085362068187,-70.4733149758016,210308
2226019,"MEJORAMIENTO Y AMPLIACION DEL SISTEMA DE AGUA POTABLE Y ALCANTARILLADO DE LA LOCALIDAD DE SAN GABAN, DISTRITO DE SAN GABAN - CARABAYA - PUNO",18340948,,510,,250000.0,1809044.0,1809044.0,1809044.0,01/07/2015,31/05/2036,210309,,,SIN_AVANCE_FISICO,,,NO,,,,,,210309
2710279,"CONSTRUCCION DE UNIDAD BASICA DE SANEAMIENTO (UBS); EN EL(LA) LOCALIDAD DE CHURUMAYO  DISTRITO DE SAN GABAN, PROVINCIA CARABAYA, DEPARTAMENTO PUNO",197947,,63526,,134421.0,0.0,0.0,0.0,01/12/2025,11/05/2026,210309,100.0,100.0,ACTUALIZADO,2026-07-06 18:23:01,,NO,SIN_EPS_IDENTIFICADA,OFICIAL_ORIGINAL,INVERSIONES IOARR,-13.60507209089712,-70.44981678212898,210309
2722910, CREACION DEL SERVICIO DE AGUA POTABLE RURAL Y CREACION DEL SERVICIO DE ALCANTARILLADO U OTRAS FORMAS DE DISPOSICIÓN SANITARIA DE EXCRETAS EN SECTOR BOCA SAN GABAN   DISTRITO DE SAN GABAN DE LA PROVINCIA DE CARABAYA DEL DEPARTAMENTO DE PUNO,0,,0,,,0.0,100000.0,100000.0,,31/03/2032,,,,SIN_AVANCE_FISICO,,,NO,,,,,,
2599259,MEJORAMIENTO DEL SERVICIO DE AGUA POTABLE RURAL EN SECTOR DE THIUNI DEL CENTRO POBLADO DE CHACANEQUE DEL DISTRITO DE SAN GABAN - PROVINCIA DE CARABAYA - DEPARTAMENTO DE PUNO,655469,,526524,,128945.0,0.0,0.0,0.0,01/10/2023,30/06/2026,210309,98.8,97.33,ACTUALIZADO,2026-05-11 17:00:13,,NO,SIN_EPS_IDENTIFICADA,OFICIAL_ORIGINAL,PROYECTO DE INVERSION,-13.678315086348324,-70.47215116382432,210309
2647471,MEJORAMIENTO DEL SERVICIO DE AGUA POTABLE RURAL Y CREACION DEL SERVICIO DE ALCANTARILLADO U OTRAS FORMAS DE DISPOSICIÓN SANITARIA DE EXCRETAS EN SECTOR URUHUASI DE CENTRO POBLADO CHACANEQUE DEL   DISTRITO DE SAN GABAN DE LA PROVINCIA DE CARABAYA DEL DEPARTAMENTO DE PUNO,1832867,,1220023,,612844.0,0.0,0.0,0.0,01/12/2024,16/03/2026,210309,39.48,39.48,VIGENTE_CON_RETRASO,2026-01-23 10:37:16,Reporte físico con más de 6 meses de antigüedad,NO,SIN_EPS_IDENTIFICADA,OFICIAL_ORIGINAL,PROYECTO DE INVERSION,-13.656611596205382,-70.48021752845315,210309
2489422,MEJORAMIENTO DEL SERVICIO DE AGUA POTABLE Y ALCANTARILLADO EN EL CENTRO POBLADO DE SALLACCONI DEL DISTRITO DE USICAYOS - PROVINCIA DE CARABAYA - DEPARTAMENTO DE PUNO,5195865,,52200,,0.0,4000000.0,1023665.31,0.0,01/07/2022,31/12/2029,210310,,0.52,SIN_AVANCE_FISICO,2026-08-18 16:12:28,Sin avance físico registrado,NO,SIN_EPS_IDENTIFICADA,OFICIAL_ORIGINAL,PROYECTO DE INVERSION,-14.14009548256352,-69.99392376073952,210310
2130972,"FORTALECIMIENTO DE LA PRODUCCION Y PRODUCTIVIDAD DE ALPACAS EN TRES PARCIALIDADES DEL CENTRO POBLADO DE CALLACAMI, DEL DISTRITO DE JULI, PROVINCIA DE CHUCUITO - PUNO",19200,,17351,,0.0,1849.0,0.0,0.0,01/10/2011,02/12/2027,,,,SIN_AVANCE_FISICO,,,NO,,,,,,
2117294,"INSTALACION DEL SISTEMA DE ABASTECIMIENTO DE AGUA POTABLE Y SANEAMIENTO EN LA COMUNIDAD CAMPESINA HUAQUINA SAPIJICANI, PROVINCIA DE CHUCUITO - PUNO",187375,,185598,,0.0,1777.0,0.0,0.0,01/11/2010,01/02/2027,210401,,,SIN_AVANCE_FISICO,,,NO,,,,,,210401
2147629," AMPLIACION DEL SISTEMA DE ABASTECIMIENTO DE AGUA POTABLE EN LA COMUNIDAD CAMPESINA CULTURAL INCAPUCARA PAQUEPAQUE,DISTRITO DE JULI, PROVINCIA DE CHUCUITO - PUNO",197144,,182407,,0.0,14737.0,0.0,0.0,01/04/2012,09/03/2027,210401,,,SIN_AVANCE_FISICO,,,NO,,,,,,210401
2195360,"MEJORAMIENTO DEL SERVICIO DE AGUA POTABLE Y SANEAMIENTO  EN LA PARTE ALTA DE LA COMUNIDAD DE ANCOHAQUE QUILCANI DEL DISTRITO DE JULI, PROVINCIA DE CHUCUITO - PUNO",1567006,,1529624,,10783.0,0.0,0.0,0.0,01/10/2016,13/05/2026,210401,100.0,99.48,ACTUALIZADO,2026-03-19 17:43:13,,NO,SIN_EPS_IDENTIFICADA,APROXIMADA_DISTRITO,PIP MAYOR (SNIP),-16.310292,-69.5021872,210401
2154285,"INSTALACION DE LETRINAS SANITARIAS EN EL SECTOR TUNTACHAHUI DE LA COMUNIDAD DE YACARI, DEL DISTRITO DE JULI, PROVINCIA DE CHUCUITO - PUNO",78328,,75021,,0.0,3307.0,0.0,0.0,01/01/2012,05/05/2027,210401,,,SIN_AVANCE_FISICO,,,NO,,,,,,210401
2145387,"MEJORAMIENTO DE LOS SERVICIOS HIGIENICOS PUBLICOS EN EL PARQUE LA MADRE, DE LA CIUDAD DE JULI, PROVINCIA DE CHUCUITO - PUNO",123664,,115990,,0.0,0.0,7674.0,0.0,01/09/2011,29/12/2028,210401,,,SIN_AVANCE_FISICO,,,NO,,,,,,210401
2197982,"MEJORAMIENTO DEL SISTEMA DE ABASTECIMIENTO DE AGUA POTABLE EN LA COMUNIDAD DE SIVICANI CHICO Y PARCIALIDAD SAN IGNACIO, DISTRITO DE JULI, PROVINCIA DE CHUCUITO - PUNO",645189,,11400,,0.0,11000.0,622789.12,0.0,01/12/2016,29/12/2028,,,,SIN_AVANCE_FISICO,,,NO,,,,,,
2466320,MEJORAMIENTO DEL SERVICIO DE AGUA POTABLE Y SANEAMIENTO EN EL SECTOR TUTACANI DE LA COMUNIDAD DE TUTACANI SANTA LUCIA DEL DISTRITO DE JULI - PROVINCIA DE CHUCUITO - DEPARTAMENTO DE PUNO,2251776,,45000,,30000.0,10000.0,1094113.0,1054114.0,01/12/2024,29/10/2029,210401,,0.0,SIN_AVANCE_FISICO,2026-07-22 08:40:25,Sin avance físico registrado,NO,SIN_EPS_IDENTIFICADA,OFICIAL_ORIGINAL,PROYECTO DE INVERSION,-16.214576939999972,-69.45929675999997,210401
2660135,"CONSTRUCCION DE RESERVORIO, CAPTACION DE AGUA , LÍNEA DE CONDUCCIÓN Y RED DE DISTRIBUCION; EN EL(LA) SISTEMA DE AGUA POTABLE EN EL SECTOR CCAJJE DE LA COMUNIDAD DE CHUCASUYO CCAJJE DEL CENTRO POBLADO DE MOLINO DEL  DISTRITO DE JULI, PROVINCIA CHUCUITO, DEPARTAMENTO PUNO",269675,,178993,,78562.0,0.0,0.0,0.0,01/10/2025,27/02/2027,210401,96.55,95.07,ACTUALIZADO,2026-08-11 15:08:21,,NO,SIN_EPS_IDENTIFICADA,OFICIAL_ORIGINAL,INVERSIONES IOARR,-16.195855819968834,-69.41334009707153,210401
2693501,"RENOVACION DE CAPTACION DE AGUA , RESERVORIO, LINEA DE CONDUCCION Y RED DE DISTRIBUCION; EN EL(LA) SISTEMA DE AGUA POTABLE DE LA LOCALIDAD DE SUANCATA CENTRAL,  DISTRITO DE JULI, PROVINCIA CHUCUITO, DEPARTAMENTO PUNO",129714,,0,,97505.0,0.0,0.0,0.0,01/06/2026,30/12/2026,210401,,0.0,SIN_AVANCE_FISICO,2026-08-11 15:04:58,Sin avance físico registrado,NO,SIN_EPS_IDENTIFICADA,OFICIAL_ORIGINAL,INVERSIONES IOARR,-16.21677167291811,-69.52279547325134,210401
2669127,MEJORAMIENTO DEL SERVICIO DE AGUA POTABLE RURAL Y AMPLIACION DEL SERVICIO DE ALCANTARILLADO U OTRAS FORMAS DE DISPOSICIÓN SANITARIA DE EXCRETAS EN LA LOCALIDAD DE CHUCASUYO   DISTRITO DE JULI DE LA PROVINCIA DE CHUCUITO DEL DEPARTAMENTO DE PUNO,6064201,,0,,6064201.0,0.0,0.0,0.0,,01/05/2026,,,0.0,SIN_AVANCE_FISICO,,Sin avance físico registrado,NO,SIN_EPS_IDENTIFICADA,OFICIAL_ORIGINAL,PROYECTO DE INVERSION,-16.20394090176088,-69.40355241004227,
2695138,"RENOVACION DE CAPTACION DE AGUA  Y RED DE DISTRIBUCION; EN EL(LA) SISTEMA DE AGUA POTABLE EN LA COMUNIDAD DE MOYAPAMPA DISTRITO DE JULI, PROVINCIA CHUCUITO, DEPARTAMENTO PUNO",133484,,29069,,103414.0,0.0,0.0,0.0,01/12/2025,29/01/2027,210401,99.57,94.81,ACTUALIZADO,2026-08-04 18:04:55,,NO,SIN_EPS_IDENTIFICADA,OFICIAL_ORIGINAL,INVERSIONES IOARR,-16.215303766672132,-69.50187537605225,210401
2270279,"AMPLIACION Y MEJORAMIENTO DE LOS SERVICIOS DE AGUA POTABLE Y ALCANTARILLADO EN LA LOCALIDAD DE JULI, PROVINCIA DE CHUCUITO - PUNO",72496458,,68940680,,43000.0,0.0,1616327.0,0.0,01/12/2015,30/12/2028,210401,98.82,98.83,ACTUALIZADO,2026-08-11 15:29:45,,NO,SIN_EPS_IDENTIFICADA,APROXIMADA_DISTRITO,PIP MAYOR (SNIP),-16.310292,-69.5021872,210401
2672532,"RENOVACION DE CAPTACION DE AGUA , RESERVORIO, LÍNEA DE CONDUCCIÓN Y RED DE DISTRIBUCION; EN EL(LA) SISTEMA DE AGUA POTABLE EN EL SECTOR VILLA RINCONADA  DISTRITO DE JULI, PROVINCIA CHUCUITO, DEPARTAMENTO PUNO",133023,,74237,,58786.0,0.0,0.0,0.0,01/09/2025,07/02/2026,210401,85.96,84.3,ACTUALIZADO,2026-08-04 18:07:48,,NO,SIN_EPS_IDENTIFICADA,OFICIAL_ORIGINAL,INVERSIONES IOARR,-16.224167695235526,-69.5187913959491,210401
2654228,"CONSTRUCCION DE UNIDADES BÁSICAS DE SANEAMIENTO (UBS); EN EL(LA) SECTOR SANTA LUCIA, DE LA COMUNIDAD DE TUTACANI  DISTRITO DE JULI, PROVINCIA CHUCUITO, DEPARTAMENTO PUNO",241003,,0,,241003.0,0.0,0.0,0.0,01/03/2026,04/12/2026,210401,100.0,98.21,ACTUALIZADO,2026-08-11 15:08:48,,NO,SIN_EPS_IDENTIFICADA,OFICIAL_ORIGINAL,INVERSIONES IOARR,-16.209861092925447,-69.43803395137516,210401
2710315,"CONSTRUCCION DE CAPTACION DE AGUA , LINEA DE CONDUCCION, RESERVORIO Y RED DE DISTRIBUCION; EN EL(LA) SISTEMA DE AGUA POTABLE DE LOS  5 SECTORES DE LA COMUNIDAD CAMPESINA DE VILCALLAME  DISTRITO DE JULI, PROVINCIA CHUCUITO, DEPARTAMENTO PUNO",477685,,0,,477685.0,0.0,0.0,0.0,01/08/2026,30/12/2026,210401,,0.0,SIN_AVANCE_FISICO,,Sin avance físico registrado,NO,SIN_EPS_IDENTIFICADA,OFICIAL_ORIGINAL,INVERSIONES IOARR,-16.216854101919285,-69.41493064820264,210401
2706491,"RENOVACION DE CAMARA DE CONTROL, LINEA DE CONDUCCION Y RED DE DISTRIBUCION; REPARACION DE RESERVORIO; EN EL(LA) SISTEMA DE AGUA POTABLE DE LA LOCALIDAD DE VILCALLAME SECTOR CENTRAL,  DISTRITO DE JULI, PROVINCIA CHUCUITO, DEPARTAMENTO PUNO",154524,,1000,,102467.0,0.0,0.0,0.0,01/12/2025,30/12/2026,210401,,0.0,SIN_AVANCE_FISICO,2026-08-11 15:02:20,Sin avance físico registrado,NO,SIN_EPS_IDENTIFICADA,OFICIAL_ORIGINAL,INVERSIONES IOARR,-16.238992693057092,-69.41120594756919,210401
2309705,"MEJORAMIENTO DEL SERVICIO DE AGUA POTABLE Y SANEAMIENTO RURAL EN C.C. SANTA CRUZ DE CUMI DEL, DISTRITO DE DESAGUADERO - CHUCUITO - PUNO",3392595,,271067,,3121528.0,0.0,0.0,0.0,01/12/2016,01/04/2026,210402,,7.99,SIN_AVANCE_FISICO,2026-06-01 13:52:32,Sin avance físico registrado,NO,SIN_EPS_IDENTIFICADA,APROXIMADA_DISTRITO,PIP MAYOR (SNIP),-16.6130199,-69.0841617,210402
2608997,MEJORAMIENTO Y AMPLIACION DEL SERVICIO DE AGUA POTABLE RURAL Y MEJORAMIENTO DEL SERVICIO DE ALCANTARILLADO U OTRAS FORMAS DE DISPOSICIÓN SANITARIA DE EXCRETAS EN LA COMUNIDAD DE LUPACA DEL   DISTRITO DE DESAGUADERO DE LA PROVINCIA DE CHUCUITO DEL DEPARTAMENTO DE PUNO,7612270,,0,,41000.0,700000.0,800000.0,700000.0,01/08/2024,01/03/2037,210402,,0.0,SIN_AVANCE_FISICO,,Sin avance físico registrado,NO,SIN_EPS_IDENTIFICADA,OFICIAL_ORIGINAL,PROYECTO DE INVERSION,-16.574038833261575,-69.07853258758426,210402
2651395,"CREACION DEL SERVICIO DE AGUA POTABLE RURAL Y CREACION DEL SERVICIO DE ALCANTARILLADO U OTRAS FORMAS DE DISPOSICIÓN SANITARIA DE EXCRETAS EN CENTRO POBLADO DE CENTRAL PATANI,   DISTRITO DE DESAGUADERO DE LA PROVINCIA DE CHUCUITO DEL DEPARTAMENTO DE PUNO",8771371,,0,,0.0,300000.0,400000.0,400000.0,,01/05/2037,210402,,0.0,SIN_AVANCE_FISICO,,Sin avance físico registrado,NO,SIN_EPS_IDENTIFICADA,OFICIAL_ORIGINAL,PROYECTO DE INVERSION,-16.580758302864865,-69.05467433839677,210402
2662679,"CONSTRUCCION DE UNIDADES BÁSICAS DE SANEAMIENTO (UBS); EN EL(LA) COMUNIDAD DE UNION HUALLATIRI  DISTRITO DE DESAGUADERO, PROVINCIA CHUCUITO, DEPARTAMENTO PUNO",634525,,526660,,90122.0,0.0,0.0,0.0,01/05/2025,30/06/2026,210402,100.0,98.42,ACTUALIZADO,2026-03-27 11:29:44,,NO,SIN_EPS_IDENTIFICADA,OFICIAL_ORIGINAL,INVERSIONES IOARR,-16.603831731985355,-69.11953819900384,210402
2724038,"ADQUISICION DE SISTEMA DE BOMBEO; EN EL(LA) COMUNIDAD DE COLLANA  DISTRITO DE DESAGUADERO, PROVINCIA CHUCUITO, DEPARTAMENTO PUNO",509892,,0,,459587.0,0.0,0.0,0.0,,13/07/2026,210402,,,SIN_AVANCE_FISICO,,Sin avance físico registrado,NO,SIN_EPS_IDENTIFICADA,OFICIAL_ORIGINAL,INVERSIONES IOARR,-16.61986034699993,-69.12710279399994,210402
2178303,"AMPLIACION, MEJORAMIENTO DEL SISTEMA DE AGUA POTABLE Y ALCANTARILLADO, DE LA CIUDAD DE DESAGUADERO, DISTRITO DE DESAGUADERO - CHUCUITO - PUNO",54830337,,52776511,,2053826.0,0.0,0.0,0.0,01/06/2013,30/12/2027,210402,72.83,70.24,ACTUALIZADO,2026-08-03 14:36:09,,NO,SIN_EPS_IDENTIFICADA,APROXIMADA_DISTRITO,PIP MAYOR (SNIP),-16.6130199,-69.0841617,210402
2348260,"MEJORAMIENTO Y AMPLIACION DEL SISTEMA DE AGUA POTABLE Y SANEAMIENTO RURAL EN  SECTORES PAJCHANI, ESTANCIA Y CALLAZA PATA, CENTRO POBLADO DE CALLAZA - DISTRITO DE HUACULLANI - PROVINCIA DE CHUCUITO - DEPARTAMENTO DE PUNO",5600436,,5520401,,80035.0,0.0,0.0,0.0,01/10/2019,15/07/2026,210403,98.48,98.22,ACTUALIZADO,2026-04-16 16:20:29,,NO,SIN_EPS_IDENTIFICADA,OFICIAL_ORIGINAL,PROYECTO DE INVERSION,-16.628643,-69.32256,210403
2674185,"CONSTRUCCION DE POZO; EN EL(LA) CAPTACIÓN DE AGUA SUBTERRÁNEA PARA EL SERVICIO DE PROVISIÓN DE AGUA EN LA COMUNIDAD DE SAN JUAN DE ARACACHI DISTRITO DE KELLUYO, PROVINCIA CHUCUITO, DEPARTAMENTO PUNO",329387,,289523,,39864.0,0.0,0.0,0.0,01/08/2025,31/12/2026,210404,99.84,98.63,ACTUALIZADO,2026-07-13 20:58:31,,NO,SIN_EPS_IDENTIFICADA,OFICIAL_ORIGINAL,INVERSIONES IOARR,-16.6175106433533,-69.21661337390069,210404
2641815,"REPARACION DE SISTEMA DE ABASTECIMIENTO DE AGUA POTABLE; EN EL(LA) SECTOR CURANCURANI DE LA COMUNIDAD DE PERCA DEL  DISTRITO DE KELLUYO, PROVINCIA CHUCUITO, DEPARTAMENTO PUNO",136657,,104926,,31731.0,0.0,0.0,0.0,01/12/2024,31/12/2026,210404,97.72,95.64,VIGENTE_CON_RETRASO,2026-02-09 20:47:34,Reporte físico con más de 6 meses de antigüedad,NO,SIN_EPS_IDENTIFICADA,OFICIAL_ORIGINAL,INVERSIONES IOARR,-16.81685005469646,-69.30958406065925,210404
2330428,"MEJORAMIENTO Y AMPLIACIÓN DEL SERVICIO DE AGUA POTABLE Y SANEAMIENTO BASICO EN LA COMUNIDAD CAMPESINA DE RIO ARENALES, DISTRITO DE KELLUYO - CHUCUITO - PUNO",1626751,,0,,0.0,500000.0,150000.0,500000.0,,31/12/2031,210404,66.75,49.05,ACTUALIZADO,2026-02-27 00:21:14,,NO,SIN_EPS_IDENTIFICADA,APROXIMADA_DISTRITO,PIP MAYOR (SNIP),-16.7270638,-69.2499805,210404
2694963,"REMODELACION DE SISTEMA DE ABASTECIMIENTO DE AGUA POTABLE; EN EL(LA) MEDIANTE EL SISTEMA DE BOMBEO FOTOVOLTAICO EN LA COMUNIDAD DE KAPIA PUSUMA DISTRITO DE KELLUYO, PROVINCIA CHUCUITO, DEPARTAMENTO PUNO",133976,,124465,,9511.0,0.0,0.0,0.0,01/09/2025,31/12/2026,210404,100.0,97.38,ACTUALIZADO,2026-07-13 20:52:47,,NO,SIN_EPS_IDENTIFICADA,OFICIAL_ORIGINAL,INVERSIONES IOARR,-16.83604832886946,-69.22419291896557,210404
2702192,"REMODELACION DE SISTEMA DE ABASTECIMIENTO DE AGUA POTABLE; EN EL(LA) MEDIANTE EL SISTEMA DE BOMBEO FOTOVOLTAICO EN EL SECTOR DE NUEVA ESPERANZA Y ALTO ALIANZA DE LA COMUNIDAD DE CHACOCOLLO  DISTRITO DE KELLUYO, PROVINCIA CHUCUITO, DEPARTAMENTO PUNO",225000,,10000,,215000.0,0.0,0.0,0.0,01/12/2025,31/12/2026,210404,14.45,18.03,ACTUALIZADO,2026-07-12 16:58:25,,NO,SIN_EPS_IDENTIFICADA,OFICIAL_ORIGINAL,INVERSIONES IOARR,-16.78029455135921,-69.22178108934003,210404
2280540,"MEJORAMIENTO, AMPLIACION DEL SERVICIO DE AGUA POTABLE Y SANEAMIENTO BASICO EN LA PARCIALIDAD DE CHIHUANIUMA, DISTRITO DE KELLUYO - CHUCUITO - PUNO",1963235,,72400,,3206236.0,0.0,0.0,0.0,01/08/2016,31/12/2026,210404,,8.27,SIN_AVANCE_FISICO,2026-07-13 21:37:18,Sin avance físico registrado,NO,SIN_EPS_IDENTIFICADA,APROXIMADA_DISTRITO,PIP MAYOR (SNIP),-16.7270638,-69.2499805,210404
2484108,"MEJORAMIENTO Y AMPLIACION DEL SERVICIO DE AGUA POTABLE Y SANEAMIENTO BÁSICO INTEGRAL EN LA PARCIALIDAD DE BAJO VILCALLAMAS, SECTORES CALASANI, HUANCARUMA, CCOLLPA Y QUISPINI DEL DISTRITO DE PISACOMA - PROVINCIA DE CHUCUITO - DEPARTAMENTO DE PUNO",10351438,,168279,,0.0,200000.0,0.0,0.0,01/09/2020,31/12/2033,210405,,,SIN_AVANCE_FISICO,,,NO,,,,,,210405
2623308,MEJORAMIENTO Y AMPLIACION DEL SERVICIO DE AGUA POTABLE RURAL Y CREACION DEL SERVICIO DE ALCANTARILLADO U OTRAS FORMAS DE DISPOSICIÓN SANITARIA DE EXCRETAS EN EL CENTRO POBLADO BUENA VISTA CHACACHACA DEL   DISTRITO DE POMATA DE LA PROVINCIA DE CHUCUITO DEL DEPARTAMENTO DE PUNO,9634765,,0,,0.0,250000.0,800000.0,900000.0,,30/06/2036,210406,,0.0,SIN_AVANCE_FISICO,,Sin avance físico registrado,NO,SIN_EPS_IDENTIFICADA,OFICIAL_ORIGINAL,PROYECTO DE INVERSION,-16.32028805559827,-69.25821893066636,210406
2602400,MEJORAMIENTO DEL SERVICIO DE AGUA POTABLE RURAL EN LA COMUNIDAD DE AMPATIRI   DISTRITO DE POMATA DE LA PROVINCIA DE CHUCUITO DEL DEPARTAMENTO DE PUNO,272604,,220866,,51738.0,0.0,0.0,0.0,01/10/2023,31/08/2026,210406,41.29,43.83,ACTUALIZADO,2026-04-09 15:34:01,,NO,SIN_EPS_IDENTIFICADA,OFICIAL_ORIGINAL,PROYECTO DE INVERSION,-16.300681383746554,-69.2444515505587,210406
2600445,MEJORAMIENTO Y AMPLIACION DEL SERVICIO DE AGUA POTABLE RURAL EN LA COMUNIDAD DE MOLINO KAPIA   DISTRITO DE ZEPITA DE LA PROVINCIA DE CHUCUITO DEL DEPARTAMENTO DE PUNO,916009,,358760,,73000.0,552967.42,0.0,0.0,01/11/2023,31/12/2027,210407,36.99,37.3,ACTUALIZADO,2026-04-09 18:19:24,,NO,SIN_EPS_IDENTIFICADA,OFICIAL_ORIGINAL,PROYECTO DE INVERSION,-16.42027797616388,-69.08408794125238,210407
2303650,"MEJORAMIENTO DE  LOS SERVICIOS DE ABASTECIMIENTO DE AGUA Y SANEAMIENTO DE LA LOCALIDAD URBANA DE JOSE CARLOS MARIATEGUI, DISTRITO DE ZEPITA - CHUCUITO - PUNO",7835548,,225219,,0.0,1050000.0,1400000.0,500000.0,01/12/2015,28/08/2031,210407,,,SIN_AVANCE_FISICO,,,NO,,,,,,210407
2654713,CREACION DEL SERVICIO DE AGUA POTABLE RURAL Y CREACION DEL SERVICIO DE ALCANTARILLADO U OTRAS FORMAS DE DISPOSICIÓN SANITARIA DE EXCRETAS EN PARCIALIDAD YAURICHAMBI   DISTRITO DE ZEPITA DE LA PROVINCIA DE CHUCUITO DEL DEPARTAMENTO DE PUNO,2825877,,0,,0.0,80000.0,10000.0,10000.0,,01/03/2032,210407,,,SIN_AVANCE_FISICO,,Sin avance físico registrado,NO,SIN_EPS_IDENTIFICADA,OFICIAL_ORIGINAL,PROYECTO DE INVERSION,-16.549586162973497,-69.22990953823297,210407
2670001,"RENOVACION DE CAPTACION DE AGUA  Y CONEXIONES DOMICILIARIAS; EN EL(LA) SISTEMA DE AGUA POTABLE DE LA  COMUNIDAD CAMPESINA COPAMARCA  DISTRITO DE ZEPITA, PROVINCIA CHUCUITO, DEPARTAMENTO PUNO",132471,,118944,,13527.0,0.0,0.0,0.0,01/06/2025,30/10/2026,210407,100.0,97.62,ACTUALIZADO,2026-03-27 13:55:34,,NO,SIN_EPS_IDENTIFICADA,OFICIAL_ORIGINAL,INVERSIONES IOARR,-16.618245016649166,-69.15194733399447,210407
2309357,"CREACION DEL SISTEMA DE AGUA POTABLE Y SANEAMIENTO BASICO INTEGRAL EN LOS CENTROS POBLADOS DE SULCACATURA II Y SULCACATURA I CHOQUETANCA CORPA FLORES, DISTRITO DE ILAVE, PROVINCIA DE EL COLLAO - PUNO",11390221,,10344030,,0.0,10000.0,1026191.17,0.0,01/11/2016,31/12/2028,210501,89.78,89.91,VIGENTE_CON_RETRASO,2026-01-07 10:21:03,Reporte físico con más de 6 meses de antigüedad,NO,SIN_EPS_IDENTIFICADA,APROXIMADA_DISTRITO,PIP MAYOR (SNIP),-16.2344765,-69.6749664,210501
2308522,"CREACION DEL SISTEMA DE AGUA POTABLE Y SANEAMIENTO BASICO INTEGRAL EN LAS COMUNIDADES JANCCOCCOLLO Y CHALLAPUJO DEL DISTRITO DE ILAVE, PROVINCIA DE EL COLLAO - PUNO",3595185,,2186727,,0.0,1000.0,1000.0,1405457.67,01/11/2016,31/12/2029,210501,65.26,63.91,ACTUALIZADO,2026-04-08 11:07:23,,NO,SIN_EPS_IDENTIFICADA,APROXIMADA_DISTRITO,PIP MAYOR (SNIP),-16.2344765,-69.6749664,210501
2372354,CREACION DEL SERVICIO DE AGUA POTABLE Y SANEAMIENTO RURAL  EN  EL CENTRO POBLADO DE JAQUENCACHI - DISTRITO DE ILAVE - PROVINCIA DE EL COLLAO - REGIÓN PUNO,7684674,,170250,,0.0,50000.0,50000.0,50000.0,01/12/2019,30/12/2033,210501,,,SIN_AVANCE_FISICO,,,NO,,,,,,210501
2308564,"CREACION DEL SISTEMA DE AGUA POTABLE Y SANEAMIENTO BASICO INTEGRAL EN LOS SECTORES JILACATURA CENTRAL, CHURAMAYA, MOROCCAMAYA, CCALLAMANI Y LAQUI, DISTRITO DE ILAVE, PROVINCIA DE EL COLLAO - PUNO",6414484,,48030,,0.0,10000.0,2600000.0,3746454.0,01/11/2016,28/12/2029,210501,,,SIN_AVANCE_FISICO,,,NO,,,,,,210501
2300913,"CREACION DEL SERVICIO DE AGUA POTABLE Y SANEAMIENTO BASICO INTEGRAL  EN LAS COMUNIDADES CAMPESINAS Y PARCIALIDADES DEL CENTRO POBLADO DE VILLA LOPEZ  DEL DISTRITO DE ILAVE , PROVINCIA DE EL COLLAO - PUNO",8985369,,49600,,0.0,1000.0,1000.0,1000.0,01/05/2018,26/11/2033,210501,,,SIN_AVANCE_FISICO,,,NO,,,,,,210501
2300857,"CREACION DEL SERVICIO DE AGUA POTABLE Y SANEAMIENTO BASICO INTEGRAL EN LAS COMUNIDADES CAMPESINAS Y PARCIALIDADES DEL CENTRO POBLADO DE  KANCCORA YACANGO  DEL DISTRITO DE ILAVE, PROVINCIA DE EL COLLAO - PUNO",8147447,,41347,,0.0,10000.0,10000.0,10000.0,01/05/2018,31/12/2030,210501,,,SIN_AVANCE_FISICO,,,NO,,,,,,210501
2300155,"MEJORAMIENTO Y AMPLIACION DE LOS SERVICIOS DE AGUA POTABLE Y SANEAMIENTO EN LA COMUNIDAD DE PANTIHUECO Y LA PARCIALIDAD DE PANTIHUECO DEL DISTRITO DE ILAVE, PROVINCIA DE EL COLLAO - PUNO",1882225,,30350,,0.0,1000.0,1000.0,1000.0,01/03/2017,29/12/2034,210501,,,SIN_AVANCE_FISICO,,,NO,,,,,,210501
2662359,CREACION DEL SERVICIO DE AGUA POTABLE RURAL Y CREACION DEL SERVICIO DE ALCANTARILLADO U OTRAS FORMAS DE DISPOSICIÓN SANITARIA DE EXCRETAS EN CENTRO POBLADO SANTA ROSA DE HUAYLLATA DEL   DISTRITO DE ILAVE DE LA PROVINCIA DE EL COLLAO DEL DEPARTAMENTO DE PUNO,4196069,,0,,995986.0,0.0,0.0,0.0,01/04/2026,31/12/2026,210501,,0.91,SIN_AVANCE_FISICO,2026-07-06 12:20:28,Sin avance físico registrado,NO,SIN_EPS_IDENTIFICADA,OFICIAL_ORIGINAL,PROYECTO DE INVERSION,-16.0165437273981,-69.46017715395074,210501
2140600,"INSTALACION, MEJORAMIENTO DEL SISTEMA DE AGUA POTABLE Y SANEAMIENTO EN EL PUEBLO DE CAMICACHI Y EN EL CENTRO POBLADO DE SUYO DE LA ZONA LAGO, DEL DISTRITO DE ILAVE, PROVINCIA DE EL COLLAO - PUNO",8963858,,8812430,,151428.0,0.0,0.0,0.0,01/05/2013,31/12/2026,210501,,,SIN_AVANCE_FISICO,,Sin avance físico registrado,NO,SIN_EPS_IDENTIFICADA,APROXIMADA_DISTRITO,PIP MAYOR (SNIP),-16.2344765,-69.6749664,210501
2663297,"CONSTRUCCION DE POZO, ESTACION DE BOMBEO DE AGUA, PTAP Y LÍNEA DE IMPULSIÓN; ADEMÁS DE OTROS ACTIVOS EN EL(LA) COMUNIDAD CAMPESINA DE JALLAMILLA DEL CENTRO POBLADO DE TIUTIRI ANTAMARCA DEL DISTRITO DE ILAVE, PROVINCIA EL COLLAO, DEPARTAMENTO PUNO",306507,,14800,,291707.0,0.0,0.0,0.0,01/12/2025,29/08/2026,210501,6.65,6.23,ACTUALIZADO,2026-08-18 12:30:17,,NO,SIN_EPS_IDENTIFICADA,OFICIAL_ORIGINAL,INVERSIONES IOARR,-16.26191927979188,-69.7009302030847,210501
2174566,"INSTALACION DE SISTEMA DE AGUA POTABLE Y LETRINAS SANITARIAS EN LA COMUNIDAD DE CASIMUYO DEL DISTRITO DE ILAVE, PROVINCIA DE EL COLLAO - PUNO",258889,,207418,,51471.0,0.0,0.0,0.0,01/10/2013,31/12/2026,210501,,0.0,SIN_AVANCE_FISICO,,Sin avance físico registrado,NO,SIN_EPS_IDENTIFICADA,APROXIMADA_DISTRITO,PIP MENOR (SNIP),-16.2344765,-69.6749664,210501
2733226,"ADQUISICION DE ESTACION DE BOMBEO DE AGUA Y ESTACION DE BOMBEO DE DESAGÜE; EN EL(LA) UNIDAD DE GESTIÓN ADMINISTRADORA DE SERVICIOS DE SANEAMIENTO (UGASS - ILAVE) DEL  DISTRITO DE ILAVE, PROVINCIA EL COLLAO, DEPARTAMENTO PUNO",590000,,0,,590000.0,0.0,0.0,0.0,,30/11/2026,210501,,,SIN_AVANCE_FISICO,,Sin avance físico registrado,NO,SIN_EPS_IDENTIFICADA,OFICIAL_ORIGINAL,INVERSIONES IOARR,-16.08903440998186,-69.63503324802899,210501
2704926,"CONSTRUCCION DE CAPTACION DE AGUA , ESTACION DE BOMBEO DE AGUA, LINEA DE IMPULSION Y RESERVORIO; ADEMÁS DE OTROS ACTIVOS EN EL(LA) COMUNIDAD CAMPESINA DE CONCHACA DEL  DISTRITO DE ILAVE, PROVINCIA EL COLLAO, DEPARTAMENTO PUNO",319414,,1000,,318414.0,0.0,0.0,0.0,01/12/2025,28/08/2026,210501,100.0,96.92,ACTUALIZADO,2026-08-17 11:52:31,,NO,SIN_EPS_IDENTIFICADA,OFICIAL_ORIGINAL,INVERSIONES IOARR,-16.062059860190878,-69.656252255284,210501
2670424,"CONSTRUCCION DE POZO, ESTACION DE BOMBEO DE AGUA, LÍNEA DE IMPULSIÓN Y RESERVORIO; ADEMÁS DE OTROS ACTIVOS EN EL(LA) COMUNIDAD CAMPESINA DE CHIJOTAMAYA DEL CENTRO POBLADO DE CHECCA DEL  DISTRITO DE ILAVE, PROVINCIA EL COLLAO, DEPARTAMENTO PUNO",257289,,1000,,256289.0,0.0,0.0,0.0,01/12/2025,31/12/2026,210501,19.45,19.08,ACTUALIZADO,2026-07-20 16:47:26,,NO,SIN_EPS_IDENTIFICADA,OFICIAL_ORIGINAL,INVERSIONES IOARR,-16.166999850089713,-69.66948601663698,210501
2300647,"MEJORAMIENTO Y AMPLIACION DE LOS SERVICIOS DE AGUA POTABLE Y SANEAMIENTO EN EL CENTRO POBLADO DE MULLA CONTIHUECO HIRPANI Y LA COMUNIDAD DE CORPA MAQUERA DEL DISTRITO DE ILAVE, PROVINCIA DE EL COLLAO - PUNO",8361722,,7482523,,879199.0,0.0,0.0,0.0,01/12/2017,31/12/2026,210501,98.02,95.63,ACTUALIZADO,2026-04-22 14:16:14,,NO,SIN_EPS_IDENTIFICADA,APROXIMADA_DISTRITO,PIP MAYOR (SNIP),-16.2344765,-69.6749664,210501
2238917,"MEJORAMIENTO Y AMPLIACION DE SISTEMA DE AGUA POTABLE, ALCANTARILLADO Y PTAR EN LA LOCALIDAD DE PILCUYO DEL DISTRITO DE PILCUYO - PROVINCIA DE EL COLLAO - DEPARTAMENTO DE PUNO",22859317,,278455,,80966.0,60000.0,19034.0,1000000.0,01/06/2021,30/12/2032,210503,,1.39,SIN_AVANCE_FISICO,2026-08-18 14:35:29,Sin avance físico registrado,NO,SIN_EPS_IDENTIFICADA,APROXIMADA_LOCALIDAD,PROYECTO DE INVERSION,-16.105,-69.5559,210503
2447119,"CREACION DEL SERVICIO DE AGUA POTABLE Y SANEAMIENTO RURAL EN LAS COMUNIDADES DE PACCO CUSULLACA, VILCAMAQUERA, CHAULLACAMANI Y QUETY DEL DISTRITO DE PILCUYO - PROVINCIA DE EL COLLAO - DEPARTAMENTO DE PUNO",9854395,,33009,,,500000.0,500000.0,100000.0,01/12/2019,30/11/2030,,,,SIN_AVANCE_FISICO,,,NO,,,,,,
2288258,"MEJORAMIENTO Y AMPLIACIÓN DE LOS SERVICIOS DE AGUA POTABLE, ALCANTARILLADO Y PLANTA DE TRATAMIENTO DE AGUAS RESIDUALES DE LA CIUDAD DE MAZOCRUZ, DISTRITO DE SANTA ROSA - EL COLLAO - PUNO",52478672,,561288,,0.0,46198388.24,0.0,0.0,01/12/2020,30/01/2027,,,1.07,SIN_AVANCE_FISICO,2026-08-07 11:54:21,Sin avance físico registrado,NO,SIN_EPS_IDENTIFICADA,APROXIMADA_DISTRITO,PIP MAYOR (SNIP),-16.7616495,-69.8556014,
2667907,"REPARACION DE LÍNEA DE CONDUCCIÓN; EN EL(LA) SERVICIO DEL SISTEMA DE AGUA POTABLE EN LA COMUNIDAD DE LLUSTA  DISTRITO DE SANTA ROSA, PROVINCIA EL COLLAO, DEPARTAMENTO PUNO",136139,,99030,,37109.0,0.0,0.0,0.0,01/07/2025,30/04/2026,210504,100.0,97.97,ACTUALIZADO,2026-05-27 09:17:03,,NO,SIN_EPS_IDENTIFICADA,OFICIAL_ORIGINAL,INVERSIONES IOARR,-16.869893007873976,-69.72209964921349,210504
2643248,CREACION DEL SERVICIO DE AGUA POTABLE RURAL EN LA COMUNIDAD ROSARIO SAACATA   DISTRITO DE SANTA ROSA DE LA PROVINCIA DE EL COLLAO DEL DEPARTAMENTO DE PUNO,342755,,303739,,39016.0,0.0,0.0,0.0,01/03/2025,30/05/2026,210504,100.0,98.25,ACTUALIZADO,2026-04-24 09:54:59,,NO,SIN_EPS_IDENTIFICADA,OFICIAL_ORIGINAL,PROYECTO DE INVERSION,-16.766119461310726,-69.94762425538923,210504
2309968,"MEJORAMIENTO Y AMPLIACION DEL SISTEMA DE AGUA POTABLE Y SANEAMIENTO BASICO EN LA COMUNIDAD DE HUANCHO EN LOS SECTORES LLACHOJANI, QUECHUATA, MARCATACANA,ALPAHAQUE,CHURURAYA Y CHACAMARCA DEL DISTRITO DE HUANCANE, PROVINCIA DE HUANCANE - PUNO",9843713,,61218,,0.0,87566.0,50000.0,1184.0,01/11/2016,29/06/2035,210601,,,SIN_AVANCE_FISICO,,,NO,,,,,,210601
2187067,"MEJORAMIENTO Y AMPLIACION DEL SERVICIO DE AGUA POTABLE Y DISPOSICION SANITARIA DE EXCRETAS EN LA COMUNIDAD DE ISAÑCUYO, PROVINCIA DE HUANCANE - PUNO",2576500,,27356,,110000.0,50000.0,50000.0,50000.0,01/11/2016,15/07/2036,210601,,,SIN_AVANCE_FISICO,,,NO,,,,,,210601
2488413,MEJORAMIENTO Y AMPLIACION DEL SERVICIO DE AGUA POTABLE EN LAS COMUNIDADES Y PARCIALIDADES DE ZONA LAGO DEL DISTRITO DE HUANCANE - PROVINCIA DE HUANCANE - DEPARTAMENTO DE PUNO,15713410,,0,,3880000.0,1360000.0,1350000.0,1250000.0,01/04/2023,30/07/2036,210601,,1.97,SIN_AVANCE_FISICO,2026-08-03 14:00:15,Sin avance físico registrado,SI,EPS NOR PUNO S.A.,OFICIAL_ORIGINAL,PROYECTO DE INVERSION,-15.20331632999995,-69.76082195999999,210601
2715365,CREACION DEL SERVICIO DE AGUA POTABLE RURAL EN LA COMUNIDAD DE PONGONI Y PARCIALIDAD DE YAPUPAMPA DEL   DISTRITO DE HUANCANE DE LA PROVINCIA DE HUANCANE DEL DEPARTAMENTO DE PUNO,1971188,,0,,37000.0,800000.0,810840.0,0.0,,20/10/2028,210601,,1.88,SIN_AVANCE_FISICO,2026-08-03 14:13:52,Sin avance físico registrado,NO,SIN_EPS_IDENTIFICADA,OFICIAL_ORIGINAL,PROYECTO DE INVERSION,-15.237728394541149,-69.80657848579277,210601
2714602,"MEJORAMIENTO DEL SERVICIO DE AGUA POTABLE RURAL EN LAS PARCIALIDADES DE AZANGARILLO, HUAYRAPATA, CALLAPANI Y TOTORANI DEL   DISTRITO DE HUANCANE DE LA PROVINCIA DE HUANCANE DEL DEPARTAMENTO DE PUNO",2417730,,0,,43000.0,1450000.0,924730.0,0.0,,20/03/2028,210601,,0.0,SIN_AVANCE_FISICO,,Sin avance físico registrado,NO,SIN_EPS_IDENTIFICADA,OFICIAL_ORIGINAL,PROYECTO DE INVERSION,-15.108790263241929,-69.84922560912983,210601
2128422,MEJORAMIENTO Y AMPLIACION DE LOS SISTEMAS DE AGUA POTABLE Y ALCANTARILLADO DE LA LOCALIDAD DE HUANCANE,64763018,,48759283,,14990261.0,0.0,0.0,0.0,01/12/2011,08/02/2029,210601,56.65,57.49,ACTUALIZADO,2026-08-19 10:28:35,,NO,SIN_EPS_IDENTIFICADA,APROXIMADA_DISTRITO,PIP MAYOR (SNIP),-15.1842883,-69.8235022,210601
2675579,"ADQUISICION DE TERRENO; EN EL(LA) PARA LA CONSTRUCCION DEL CANAL DE DESFOGUE DE LA PLANTA DE TRATAMIENTO DE AGUAS RESIDUALES EN EL  DISTRITO DE HUANCANE, PROVINCIA HUANCANE, DEPARTAMENTO PUNO",129637,,3000,,126637.0,0.0,0.0,0.0,01/12/2025,31/03/2026,210601,0.1,0.09,ACTUALIZADO,2026-08-03 14:36:57,,NO,SIN_EPS_IDENTIFICADA,OFICIAL_ORIGINAL,INVERSIONES IOARR,-15.184752779776955,-69.78589991636417,210601
2729524,"RENOVACION DE SISTEMA DE ABASTECIMIENTO DE AGUA POTABLE; EN EL(LA) COMUNIDAD CAMPESINA DE TIQUIRINI - TOTERIA, SECTOR TOTERIA  DEL  DISTRITO DE HUANCANE, PROVINCIA HUANCANE, DEPARTAMENTO PUNO",112180,,0,,112180.0,0.0,0.0,0.0,,07/09/2027,210601,,0.0,SIN_AVANCE_FISICO,,Sin avance físico registrado,NO,SIN_EPS_IDENTIFICADA,OFICIAL_ORIGINAL,INVERSIONES IOARR,-15.118940826236692,-69.79425344069374,210601
2416626,"MEJORAMIENTO Y AMPLIACION DEL SISTEMA DE AGUA POTABLE Y BAÑOS CON ARRASTRE HIDRÁULICO EN LA PARCIALIDAD ALTO MILLIRAYA, CENTRAL MILLIRAYA, COMUNIDAD HUILACUNCA, SECTOR TICATA MILLIRAYA Y COMUNIDAD CALAHUYO, HUANCANE DEL DISTRITO DE HUANCANE - PROVINCIA DE HUANCANE - DEPARTAMENTO DE PUNO",9797775,,199000,,8798775.0,800000.0,0.0,0.0,01/07/2024,01/09/2027,210601,,2.04,SIN_AVANCE_FISICO,2026-08-03 13:36:31,Sin avance físico registrado,SI,EPS NOR PUNO S.A.,OFICIAL_ORIGINAL,PROYECTO DE INVERSION,-15.20331632999995,-69.76082195999999,210601
2724775,"RENOVACION DE SISTEMA DE ABASTECIMIENTO DE AGUA POTABLE; EN EL(LA) PARCIALIDAD DE CHILLICUYO, TUMANTA, JORATA, QUISHUARANI, JINCHUYO Y CATAHUI CHINQUILLAYA Y COMUNIDADES DE PAMPA AMARU, ANTACAHUA DISTRITO DE HUANCANE, PROVINCIA HUANCANE, DEPARTAMENTO PUNO",1033000,,0,,1033000.0,0.0,0.0,0.0,,17/12/2026,210601,,0.0,SIN_AVANCE_FISICO,,Sin avance físico registrado,NO,SIN_EPS_IDENTIFICADA,OFICIAL_ORIGINAL,INVERSIONES IOARR,-15.121911096735657,-69.80011257469238,210601
2676149,"ADQUISICION DE TERRENO; EN EL(LA) PARA LA CONSTRUCCION DE LA PLANTA DE TRATAMIENTO DE AGUAS RESIDUALES EN EL SECTOR COCAHUTA DEL  DISTRITO DE HUANCANE, PROVINCIA HUANCANE, DEPARTAMENTO PUNO",119783,,0,,117283.0,0.0,0.0,0.0,01/05/2026,01/01/2027,210601,0.1,0.09,ACTUALIZADO,2026-07-02 17:21:00,,NO,SIN_EPS_IDENTIFICADA,OFICIAL_ORIGINAL,INVERSIONES IOARR,-15.207701294278865,-69.78151056034011,210601
2516906,CREACION DE LOS SERVICIOS DE AGUA POTABLE Y DISPOSICION SANITARIA DE EXCRETAS EN LA COMUNIDAD SAN JUAN BAUTISTA DE CHAJANA DEL DISTRITO DE COJATA - PROVINCIA DE HUANCANE - DEPARTAMENTO DE PUNO,6979826,,17500,,10000.0,200000.0,450000.0,300000.0,01/06/2022,31/07/2038,210602,,,SIN_AVANCE_FISICO,,,NO,,,,,,210602
2260811,"AMPLIACION Y MEJORAMIENTO DEL SERVICIO DE AGUA POTABLE Y DISPOSICION SANITARIA DE EXCRETAS EN EL CENTRO POBLADO DE SAN SALVADOR , DISTRITO DE HUATASANI - HUANCANE - PUNO",3811377,,67292,,0.0,25759.99,0.0,0.0,01/12/2015,02/04/2035,210603,,1.77,SIN_AVANCE_FISICO,2026-04-14 21:52:47,Sin avance físico registrado,NO,SIN_EPS_IDENTIFICADA,APROXIMADA_DISTRITO,PIP MAYOR (SNIP),-15.0596198,-69.8014014,210603
2697316,"CONSTRUCCION DE CAPTACION DE AGUA , LINEA DE CONDUCCION Y RESERVORIO; EN EL(LA) SISTEMA DE AGUA POTABLE  DISTRITO DE HUATASANI, PROVINCIA HUANCANE, DEPARTAMENTO PUNO",546704,,0,,698004.0,0.0,0.0,0.0,01/08/2026,01/01/2028,210603,,0.0,SIN_AVANCE_FISICO,,Sin avance físico registrado,NO,SIN_EPS_IDENTIFICADA,OFICIAL_ORIGINAL,INVERSIONES IOARR,-15.058629866671104,-69.8021364418018,210603
2715186,"CONSTRUCCION DE CAPTACION DE AGUA , LINEA DE IMPULSION, RESERVORIO Y RED DE DISTRIBUCION; ADEMÁS DE OTROS ACTIVOS EN EL(LA) COMUNIDAD DE AJARANI, VILACCARCA CHILLICUYO Y VILACARCA TAURAUTA DEL  DISTRITO DE HUATASANI, PROVINCIA HUANCANE, DEPARTAMENTO PUNO",594843,,27968,,528175.0,0.0,0.0,0.0,01/12/2025,31/12/2026,210603,30.0,29.52,ACTUALIZADO,2026-07-04 09:26:02,,NO,SIN_EPS_IDENTIFICADA,OFICIAL_ORIGINAL,INVERSIONES IOARR,-15.037493571843024,-69.80586887559856,210603
2279220,"MEJORAMIENTO Y AMPLIACION  DEL SERVICIO DE AGUA POTABLE Y DISPOSICION DE EXCRETAS POR EL SISTEMA DE BIODIGESTORES EN EL CENTRO POBLADO DE MUNAYPA  SECTORES LACAYRIA - JACHAMUNAYPA - SILLU TAPATA Y CHIJORANI DEL, DISTRITO DE INCHUPALLA - HUANCANE - PUNO",3044133,,12568,,97700.0,0.0,0.0,0.0,01/06/2016,31/12/2029,210604,,,SIN_AVANCE_FISICO,,,NO,,,,,,210604
2201504,"MEJORAMIENTO Y AMPLIACION DEL SERVICIO DE AGUA POTABLE Y SANEAMIENTO BASICO EN LA COMUNIDAD DE TISÑAHUYO, DISTRITO DE INCHUPALLA - HUANCANE - PUNO",130000,,39000,,400000.0,0.0,0.0,0.0,01/10/2014,30/12/2030,210604,,,SIN_AVANCE_FISICO,,,NO,,,,,,210604
2706389,"CREACION DEL SERVICIO DE AGUA POTABLE RURAL EN LA COMUNIDAD DE JATUN AYLLU, SECTOR AHUALLANI  DEL   DISTRITO DE PUSI DE LA PROVINCIA DE HUANCANE DEL DEPARTAMENTO DE PUNO",213039,,23877,,185248.0,0.0,0.0,0.0,01/12/2025,02/03/2026,210605,,0.0,SIN_AVANCE_FISICO,,Sin avance físico registrado,NO,SIN_EPS_IDENTIFICADA,OFICIAL_ORIGINAL,PROYECTO DE INVERSION,-15.410554609611646,-69.9485084326931,210605
2732638,"CONSTRUCCION DE SISTEMA DE ABASTECIMIENTO DE AGUA POTABLE; EN EL(LA) CENTRO POBLADO DE MUNI DEL  DISTRITO DE PUSI, PROVINCIA HUANCANE, DEPARTAMENTO PUNO",219049,,0,,219049.0,0.0,0.0,0.0,,12/10/2026,210605,,0.0,SIN_AVANCE_FISICO,,Sin avance físico registrado,NO,SIN_EPS_IDENTIFICADA,OFICIAL_ORIGINAL,INVERSIONES IOARR,-15.421026730976546,-69.99905197937014,210605
2192372,"INSTALACION DE LOS SERVICIOS DE AGUA POTABLE Y DISPOSICIÓN SANITARIA DE EXCRETAS EN TERCER SECTOR DE LA COMUNIDAD CAMPESINA DE COLLANA (PUMAMAÑA Y PANCHOMACHA), DISTRITO DE TARACO - HUANCANE - PUNO",1146081,,1112835,,0.0,40.0,6.35,0.0,01/10/2016,29/12/2028,210607,100.0,97.1,VIGENTE_CON_RETRASO,2026-02-23 14:40:01,Reporte físico con más de 6 meses de antigüedad,NO,SIN_EPS_IDENTIFICADA,APROXIMADA_DISTRITO,PIP MENOR (SNIP),-15.2978079,-69.9783213,210607
2496757,CREACION DEL SERVICIO  DE AGUA POTABLE Y DISPOSICION DE EXCRETAS EN LA LOCALIDAD DE JASANA HUARIZAN Y JASANA CENTRAL  DISTRITO DE TARACO - PROVINCIA DE HUANCANE - DEPARTAMENTO DE PUNO,8243235,,132866,,120000.0,0.0,0.0,0.0,01/12/2021,31/12/2026,210607,,,SIN_AVANCE_FISICO,,,NO,,,,,,210607
2683341,"CREACION DEL SERVICIO DE AGUA POTABLE RURAL EN LAS LOCALIDADES DE SACASCO 2, SAQUIATA, YAMURA DE LA COMUNIDAD TUNI REQUENA   DISTRITO DE TARACO DE LA PROVINCIA DE HUANCANE DEL DEPARTAMENTO DE PUNO",0,,0,,0.0,50000.0,50000.0,327915.0,,18/12/2035,,,,SIN_AVANCE_FISICO,,,NO,,,,,,
2684916,"REPARACION DE SISTEMA DE ABASTECIMIENTO DE AGUA POTABLE; EN EL(LA) LOCALIDAD DE TARACO DEL  DISTRITO DE TARACO, PROVINCIA HUANCANE, DEPARTAMENTO PUNO",190004,,0,,190004.0,0.0,0.0,0.0,,31/12/2026,210607,,0.0,SIN_AVANCE_FISICO,2026-02-23 13:13:46,Sin avance físico registrado,NO,SIN_EPS_IDENTIFICADA,OFICIAL_ORIGINAL,INVERSIONES IOARR,-15.29607233864566,-69.9786834970271,210607
2680579,MEJORAMIENTO DEL SERVICIO DE AGUA POTABLE RURAL EN EL CENTRO POBLADO DE SAN JUAN DE QUISHUARANI DEL   DISTRITO DE VILQUE CHICO DE LA PROVINCIA DE HUANCANE DEL DEPARTAMENTO DE PUNO,0,,0,,0.0,0.0,150000.0,50000.0,,31/12/2035,,,,SIN_AVANCE_FISICO,,,NO,,,,,,
2715707,"CONSTRUCCION DE UNIDAD BASICA DE SANEAMIENTO (UBS) Y BIODIGESTOR; EN EL(LA) LOCALIDAD DE COTAPATA LIRIMA DEL CENTRO POBLADO DE SAN SALVADOR DE SISINAHUYO  DISTRITO DE VILQUE CHICO, PROVINCIA HUANCANE, DEPARTAMENTO PUNO",584402,,0,,893233.0,0.0,0.0,0.0,,31/08/2026,210608,,3.34,SIN_AVANCE_FISICO,2026-08-20 13:14:22,Sin avance físico registrado,NO,SIN_EPS_IDENTIFICADA,OFICIAL_ORIGINAL,INVERSIONES IOARR,-15.213746291108269,-69.68940474559243,210608
2593967,MEJORAMIENTO Y AMPLIACION DEL SERVICIO DE AGUA POTABLE URBANO Y AMPLIACION DEL SERVICIO DE ALCANTARILLADO EN LA ZONA NOROESTE DE LA CIUDAD DE LAMPA   DISTRITO DE LAMPA DE LA PROVINCIA DE LAMPA DEL DEPARTAMENTO DE PUNO,1950820,,24000,,0.0,0.0,1896820.0,0.0,01/09/2023,01/05/2030,210701,63.16,54.11,DESACTUALIZADO,2024-11-14 22:50:48,Reporte físico desactualizado,NO,SIN_EPS_IDENTIFICADA,OFICIAL_ORIGINAL,PROYECTO DE INVERSION,-15.360532644583987,-70.37436213861346,210701
2557403,"CREACION DEL SERVICIO DE AGUA POTABLE Y DISPOSICION SANITARIA  PARA LAS EXCRETAS EN LA COMUNIDAD CAMPESINA DE PIAS HUAYTA DE LAMPA,  DISTRITO DE LAMPA - PROVINCIA DE LAMPA - DEPARTAMENTO DE PUNO",9644322,,189966,,2962228.0,1.0,1.0,1.0,01/10/2023,03/11/2031,210701,,,SIN_AVANCE_FISICO,,,NO,,,,,,210701
2564234,"CREACION SERVICIO DE ESTACIÓN DE BOMBEO DE AGUAS RESIDUALES EN EL BARRIO ARRIBA DE LA LOCALIDAD DE LAMPA,  DISTRITO DE LAMPA - PROVINCIA DE LAMPA - DEPARTAMENTO DE PUNO",540048,,0,,540048.0,0.0,0.0,0.0,,31/12/2026,210701,,,SIN_AVANCE_FISICO,,Sin avance físico registrado,NO,SIN_EPS_IDENTIFICADA,OFICIAL_ORIGINAL,PROYECTO DE INVERSION,-15.361375520162916,-70.37422117374675,210701
2657224,"CONSTRUCCION DE SISTEMA DE ABASTECIMIENTO DE AGUA POTABLE Y RED DE ALCANTARILLADO; EN EL(LA) JIRON JUNIN CUADRA 6,7 Y 8  DISTRITO DE LAMPA, PROVINCIA LAMPA, DEPARTAMENTO PUNO",328165,,277785,,50380.0,0.0,0.0,0.0,01/10/2024,31/12/2026,210701,79.88,76.74,ACTUALIZADO,2026-03-26 09:48:42,,NO,SIN_EPS_IDENTIFICADA,OFICIAL_ORIGINAL,INVERSIONES IOARR,-15.36004277970742,-70.37350973442204,210701
2702311,"ADQUISICION DE VALVULA DE CONTROL; REMODELACION DE PTAR; EN EL(LA) EN LA PLANTA DE TRATAMIENTO DE AGUAS RESIDUALES DE LA CIUDAD DE LAMPA  DISTRITO DE LAMPA, PROVINCIA LAMPA, DEPARTAMENTO PUNO",150000,,0,,150000.0,0.0,0.0,0.0,,31/12/2026,210701,,,SIN_AVANCE_FISICO,,,NO,,,,,,210701
2663725,"CONSTRUCCION DE RED DE ALCANTARILLADO Y CONEXIONES DOMICILIARIAS DE AGUA POTABLE; EN EL(LA) JR CHAJCRAPI  DISTRITO DE LAMPA, PROVINCIA LAMPA, DEPARTAMENTO PUNO",28595,,0,,28595.0,0.0,0.0,0.0,01/08/2026,31/12/2026,210701,0.0,0.0,ACTUALIZADO,2026-03-26 09:37:43,,NO,SIN_EPS_IDENTIFICADA,OFICIAL_ORIGINAL,INVERSIONES IOARR,-15.358236171471525,-70.36327790912286,210701
2724115,"ADQUISICION DE TABLEROS DE DISTRIBUCIÓN DE BAJA TENSIÓN ; EN EL(LA) OPTIMIZACION DEL SISTEMA DE SUMINISTRO ELECTRICO EN LA UTILIZACION  PARA EL BOMBEO  DE AGUA POTABLE Y ALCANTARILLADO  DISTRITO DE LAMPA, PROVINCIA LAMPA, DEPARTAMENTO PUNO",128254,,0,,128254.0,0.0,0.0,0.0,,15/10/2026,210701,,0.0,SIN_AVANCE_FISICO,,Sin avance físico registrado,NO,SIN_EPS_IDENTIFICADA,OFICIAL_ORIGINAL,INVERSIONES IOARR,-15.358449550938031,-70.37003788137072,210701
2548258,"CONSTRUCCION DE RED DE DISTRIBUCION Y RED DE ALCANTARILLADO; EN EL(LA) JIRONES AREQUIPA Y SANTA CRUZ DEL  DISTRITO DE CABANILLA, PROVINCIA LAMPA, DEPARTAMENTO PUNO",228361,,206121,,0.0,22240.25,0.0,0.0,01/09/2022,31/07/2027,210702,,,SIN_AVANCE_FISICO,,,NO,,,,,,210702
2344568,"CREACION DE LOS SERVICIOS DE AGUA POTABLE Y SANEAMIENTO RURAL, EN LOS SECTORES DE ICHURUSI, YAURINCAÑA Y LECHEPUJIO, DISTRITO DE CABANILLA - LAMPA - PUNO",3912679,,64700,,0.0,10000.0,10000.0,200000.0,01/12/2022,10/02/2035,210702,,,SIN_AVANCE_FISICO,,,NO,,,,,,210702
2686444,CREACION DEL SERVICIO DE AGUA POTABLE RURAL Y CREACION DEL SERVICIO DE ALCANTARILLADO U OTRAS FORMAS DE DISPOSICIÓN SANITARIA DE EXCRETAS EN LA COMUNIDAD TANCUAÑA DEL   DISTRITO DE CABANILLA DE LA PROVINCIA DE LAMPA DEL DEPARTAMENTO DE PUNO,13422398,,0,,284930.0,0.0,0.0,0.0,,21/11/2039,,,0.0,SIN_AVANCE_FISICO,,Sin avance físico registrado,NO,SIN_EPS_IDENTIFICADA,OFICIAL_ORIGINAL,PROYECTO DE INVERSION,-15.561515829663891,-70.44668899017248,
2676508,"CREACION DEL SERVICIO DE AGUA POTABLE RURAL Y CREACION DEL SERVICIO DE ALCANTARILLADO U OTRAS FORMAS DE DISPOSICIÓN SANITARIA DE EXCRETAS EN LAS COMUNIDADES DE SAN JUAN BAUTISTA CENTRAL CULLILLACA, CULLILLACA JOVEN, CORISUYO, ICHURIA Y JASANA POCSELLIN DEL   DISTRITO DE CABANILLA DE LA PROVINCIA DE LAMPA DEL DEPARTAMENTO DE PUNO",13572036,,0,,100000.0,0.0,0.0,0.0,,31/01/2030,,,0.0,SIN_AVANCE_FISICO,,Sin avance físico registrado,NO,SIN_EPS_IDENTIFICADA,OFICIAL_ORIGINAL,PROYECTO DE INVERSION,-15.552253441168595,-70.36537529963923,
2710391,CREACION DEL SERVICIO DE AGUA POTABLE RURAL Y CREACION DEL SERVICIO DE ALCANTARILLADO U OTRAS FORMAS DE DISPOSICIÓN SANITARIA DE EXCRETAS EN LAS COMUNIDADES DE ROSARIO Y QUINSACHATA DEL   DISTRITO DE CABANILLA DE LA PROVINCIA DE LAMPA DEL DEPARTAMENTO DE PUNO,12753814,,0,,0.0,5000.0,5000.0,0.0,,21/11/2035,,,,SIN_AVANCE_FISICO,,,NO,,,,,,
2192849,"INSTALACION DEL SERVICIO DE SANEAMIENTO BASICO INTEGRAL EN EL SECTOR KARIPATA DE LA COMUNIDAD CAMPESINA DE LIZACIA, DISTRITO DE CABANILLA - LAMPA - PUNO",2105410,,58319,,2047092.0,0.0,0.0,0.0,01/09/2019,19/12/2026,210702,,2.77,SIN_AVANCE_FISICO,2026-07-21 15:46:58,Sin avance físico registrado,NO,SIN_EPS_IDENTIFICADA,APROXIMADA_DISTRITO,PIP MAYOR (SNIP),-15.6203163,-70.345873,210702
2613988,MEJORAMIENTO Y AMPLIACION DEL SERVICIO DE AGUA POTABLE URBANO Y MEJORAMIENTO Y AMPLIACION DEL SERVICIO DE ALCANTARILLADO Y MEJORAMIENTO Y AMPLIACION DEL SERVICIO DE TRATAMIENTO DE AGUAS RESIDUALES PARA DISPOSICIÓN FINAL EN LA LOCALIDAD DE NICASIO DEL   DISTRITO DE NICASIO DE LA PROVINCIA DE LAMPA DEL DEPARTAMENTO DE PUNO,8544331,,0,,102450.0,1000.0,1000.0,1000.0,,31/12/2037,210704,,0.0,SIN_AVANCE_FISICO,,Sin avance físico registrado,NO,SIN_EPS_IDENTIFICADA,OFICIAL_ORIGINAL,PROYECTO DE INVERSION,-15.23416060127593,-70.25960708650702,210704
2450320,"CREACION DEL SISTEMA DE AGUA POTABLE Y SANEAMIENTO BÁSICO RURAL DE LAS COMUNIDADES LARKAS, CHULLUMPI, KATA Y COMPARO DEL DISTRITO DE NICASIO - PROVINCIA DE LAMPA - DEPARTAMENTO DE PUNO",9081732,,48400,,60000.0,0.0,0.0,0.0,01/06/2020,31/01/2028,210704,0.0,0.87,ACTUALIZADO,2026-08-04 09:37:02,,NO,SIN_EPS_IDENTIFICADA,OFICIAL_ORIGINAL,PROYECTO DE INVERSION,-15.204360181327248,-70.24731368115992,210704
2693584,"CREACION DEL SERVICIO DE AGUA POTABLE RURAL Y CREACION DEL SERVICIO DE ALCANTARILLADO U OTRAS FORMAS DE DISPOSICIÓN SANITARIA DE EXCRETAS EN LOS SECTORES DE JUPARI, ANEXO JUPARI Y CALACHINA (JUPARI KELONE) DE LA LOCALIDAD DE PIAS JUPARI DEL   DISTRITO DE NICASIO DE LA PROVINCIA DE LAMPA DEL DEPARTAMENTO DE PUNO",4792201,,0,,,50000.0,50000.0,50000.0,,09/06/2037,,,,SIN_AVANCE_FISICO,,Sin avance físico registrado,NO,SIN_EPS_IDENTIFICADA,OFICIAL_ORIGINAL,PROYECTO DE INVERSION,-15.22946082033848,-70.29545749219994,
2722563, MEJORAMIENTO Y AMPLIACION DEL SERVICIO DE AGUA POTABLE RURAL Y CREACION DEL SERVICIO DE ALCANTARILLADO U OTRAS FORMAS DE DISPOSICIÓN SANITARIA DE EXCRETAS EN LA COMUNIDAD DE TAHUANTINSUYO DEL   DISTRITO DE NICASIO DE LA PROVINCIA DE LAMPA DEL DEPARTAMENTO DE PUNO,0,,0,,,1000.0,1000.0,1000.0,,08/06/2037,,,,SIN_AVANCE_FISICO,,,NO,,,,,,
2619006,"CONSTRUCCION DE POZO; EN EL(LA) CENTRO POBLADO DE LARO MEDIANTE ANILLOS DE CONCRETO EN EL  DISTRITO DE NICASIO, PROVINCIA LAMPA, DEPARTAMENTO PUNO",107536,,84920,,22616.0,0.0,0.0,0.0,01/12/2023,30/10/2026,210704,100.0,98.5,ACTUALIZADO,2026-08-04 09:44:52,,NO,SIN_EPS_IDENTIFICADA,OFICIAL_ORIGINAL,INVERSIONES IOARR,-15.168623359164734,-70.2767088511858,210704
2511823,MEJORAMIENTO Y AMPLIACION DEL SERVICIO DE AGUA POTABLE Y DISPOSICION SANITARIA DE EXCRETAS MEDIANTE UBS EN LOS CENTROS POBLADOS CAYCHO Y VILCAMARCA DEL DISTRITO DE OCUVIRI - PROVINCIA DE LAMPA - DEPARTAMENTO DE PUNO,5868348,,51950,,5816398.0,0.0,0.0,0.0,01/12/2021,27/11/2026,210705,,0.89,SIN_AVANCE_FISICO,2026-07-14 11:51:23,Sin avance físico registrado,NO,SIN_EPS_IDENTIFICADA,OFICIAL_ORIGINAL,PROYECTO DE INVERSION,-15.07023999999996,-70.86077999999998,210705
2505536,MEJORAMIENTO Y AMPLIACION DEL SISTEMA DE AGUA POTABLE Y TRATAMIENTO DE EXCRETAS EN LA COMUNIDAD LLANCA DEL DISTRITO DE PARATIA - PROVINCIA DE LAMPA - DEPARTAMENTO DE PUNO,4658640,,141180,,80000.0,300000.0,300000.0,300000.0,01/12/2021,31/12/2036,210707,,0.0,SIN_AVANCE_FISICO,2026-05-05 15:48:20,Sin avance físico registrado,NO,SIN_EPS_IDENTIFICADA,OFICIAL_ORIGINAL,PROYECTO DE INVERSION,-15.4528239176823,-70.5997941343548,210707
2730403,"RENOVACION DE RED DE ALCANTARILLADO; EN EL(LA) SISTEMA DE ALCANTARILLADO DE LA LOCALIDAD DE PUCARA  DISTRITO DE PUCARA, PROVINCIA LAMPA, DEPARTAMENTO PUNO",145623,,0,,135635.0,0.0,0.0,0.0,,15/08/2026,210708,,,SIN_AVANCE_FISICO,,Sin avance físico registrado,NO,SIN_EPS_IDENTIFICADA,OFICIAL_ORIGINAL,INVERSIONES IOARR,-15.040332189355423,-70.36755074916728,210708
2682998,CREACION DEL SERVICIO DE AGUA POTABLE RURAL EN PARCIALIDAD DE CHIVAY   DISTRITO DE VILAVILA DE LA PROVINCIA DE LAMPA DEL DEPARTAMENTO DE PUNO,0,,0,,0.0,77603.0,100024.0,92524.0,,31/10/2030,,,,SIN_AVANCE_FISICO,,,NO,,,,,,
2544744,"CONSTRUCCION DE RED DE DISTRIBUCION, RED DE ALCANTARILLADO Y BUZON; EN EL(LA) SISTEMA DE AGUA POTABLE Y SISTEMA DE ALCANTARILLADO DE ASOCIACION DE VIVIENDA CIUDAD SAN MARTIN, URBANIZACION MICROMEL Y BARRIO POJPOQUELLA,  DISTRITO DE AYAVIRI, PROVINCIA MELGAR, DEPARTAMENTO PUNO",1177039,,1136511,,40526.0,0.0,0.0,0.0,01/08/2022,31/01/2026,210801,,,SIN_AVANCE_FISICO,,,NO,,,,,,210801
2248161,"INSTALACION DEL SISTEMA DE AGUA POTABLE Y SANEAMIENTO BASICO EN LAS COMUNIDADES DE TICOCA, BALSAPATA, CATUYO, CALUYO, SECTOR ISLAPAMPA, HUICHULLO Y SECTOR AÑAYPATA DEL C.P. BALSAPATA, DISTRITO DE ORURILLO, PROVINCIA DE MELGAR - PUNO",21608071,,246800,,0.0,300000.0,100000.0,50000.0,01/12/2015,30/05/2036,210807,,0.0,SIN_AVANCE_FISICO,,Sin avance físico registrado,NO,SIN_EPS_IDENTIFICADA,APROXIMADA_DISTRITO,PIP MAYOR (SNIP),-14.6996442,-70.4991497,210807
2482273,MEJORAMIENTO Y AMPLIACION DEL SISTEMA DE AGUA POTABLE Y SANEAMIENTO RURAL DE 5 LOCALIDADES DEL DISTRITO DE NUÑOA - PROVINCIA DE MELGAR - DEPARTAMENTO DE PUNO,6622944,,75000,,75000.0,200000.0,50000.0,50000.0,01/10/2025,05/01/2036,210806,,2.26,SIN_AVANCE_FISICO,2026-07-22 15:59:57,Sin avance físico registrado,NO,SIN_EPS_IDENTIFICADA,OFICIAL_ORIGINAL,PROYECTO DE INVERSION,-14.47802441999994,-70.63700471999994,210806
2657058,CREACION DEL SERVICIO DE AGUA POTABLE RURAL Y CREACION DEL SERVICIO DE ALCANTARILLADO U OTRAS FORMAS DE DISPOSICIÓN SANITARIA DE EXCRETAS EN LA C.C. UMASUYO ALTO   DISTRITO DE AYAVIRI DE LA PROVINCIA DE MELGAR DEL DEPARTAMENTO DE PUNO,2242959,,0,,0.0,10000.0,5000.0,10000.0,,31/07/2036,210801,,0.0,SIN_AVANCE_FISICO,,Sin avance físico registrado,NO,SIN_EPS_IDENTIFICADA,OFICIAL_ORIGINAL,PROYECTO DE INVERSION,-14.873830089911248,-70.46614549916283,210801
2158238,"INSTALACION DE  SISTEMA DE ABASTECIMIENTO DE AGUA POTABLE Y LETRINAS   EN LAS  COMUNIDADES  DE  CHOQUESANI, COLQUEMARCA, CACHUYO SOLLOCOTAÑA Y  SECTORES ALEDAÑAS DEL  DISTRITO DE ORURILLO ,, PROVINCIA DE MELGAR - PUNO",12519851,,4573836,,7985414.0,0.0,0.0,0.0,01/10/2012,31/12/2027,210807,15.55,19.51,ACTUALIZADO,2026-07-22 14:50:47,,NO,SIN_EPS_IDENTIFICADA,APROXIMADA_LOCALIDAD,PIP MAYOR (SNIP),-14.6636363,-70.4268663,210807
2661260,"REPARACION DE RESERVORIO; CONSTRUCCION DE CAPTACION DE AGUA, LINEA DE IMPULSION Y PTAP; ADEMAS DE OTROS ACTIVOS EN EL(LA) ASENTAMIENTO HUMANO PUEBLO LIBRE DISTRITO DE AYAVIRI, PROVINCIA MELGAR, DEPARTAMENTO PUNO",1464790,,1065890,,398900.0,0.0,0.0,0.0,01/07/2025,30/04/2026,210801,68.42,68.55,ACTUALIZADO,2026-07-07 10:52:50,,NO,SIN_EPS_IDENTIFICADA,OFICIAL_ORIGINAL,INVERSIONES IOARR,-14.895266544031257,-70.59339981196388,210801
2312182,"CREACION, MEJORAMIENTO DEL SERVICIO DE AGUA POTABLE Y SANEAMIENTO BÁSICO EN LOS SECTORES MOLLEBAMBA , SAN LUIS Y CENTRAL DE LA PARCIALIDAD DE CONDORMILLA ALTO, PROVINCIA DE MELGAR - PUNO",6838087,,53146,,6784941.0,0.0,0.0,0.0,01/11/2016,02/12/2026,210801,,2.19,SIN_AVANCE_FISICO,2026-03-23 15:44:18,Sin avance físico registrado,NO,SIN_EPS_IDENTIFICADA,APROXIMADA_LOCALIDAD,PIP MAYOR (SNIP),-14.9506494,-70.6542265,210801
2331387,"MEJORAMIENTO Y AMPLIACION DEL SERVICIO DE AGUA POTABLE Y SANEAMIENTO EN LOS SECTORES DE SACHACHUPA, CCATUYO, HUAÑATIRA Y JAYUNI CHIPU, DISTRITO DE ANTAUTA - MELGAR - PUNO",3332330,,136508,,2000000.0,2000000.0,1195822.0,0.0,01/08/2017,30/12/2028,210802,,,SIN_AVANCE_FISICO,,,NO,,,,,,210802
2704140,"CONSTRUCCION DE CANAL DE DRENAJE; EN EL(LA) JR. VISTA ALEGRE Y JR. Nº03 DEL BARRIO VIRGEN DEL ROSARIO DE LA LOCALIDAD DE ANTAUTA  DISTRITO DE ANTAUTA, PROVINCIA MELGAR, DEPARTAMENTO PUNO",222190,,162229,,59962.0,0.0,0.0,0.0,01/11/2025,22/12/2026,210802,100.0,100.0,ACTUALIZADO,2026-08-13 11:40:52,,NO,SIN_EPS_IDENTIFICADA,OFICIAL_ORIGINAL,INVERSIONES IOARR,-14.299058896517405,-70.29143189906677,210802
2709402,"REPARACION DE PTAR; EN EL(LA) LOCALIDAD DE ANTAUTA,  DISTRITO DE ANTAUTA, PROVINCIA MELGAR, DEPARTAMENTO PUNO",283697,,58103,,203804.0,0.0,0.0,0.0,01/12/2025,21/12/2026,210802,100.0,93.64,ACTUALIZADO,2026-05-31 13:37:06,,NO,SIN_EPS_IDENTIFICADA,OFICIAL_ORIGINAL,INVERSIONES IOARR,-14.30827400793749,-70.28686715209038,210802
2505268,"CREACION DEL SERVICIO DE AGUA POTABLE Y DISPOSICIÓN SANITARIA DE EXCRETAS EN LOS SECTORES DE KAPAC AKAIPI, QUELLUMA Y CCOÑAPATA DEL  DISTRITO DE CUPI - PROVINCIA DE MELGAR - DEPARTAMENTO DE PUNO",7466570,,46350,,50000.0,50000.0,0.0,0.0,01/06/2021,31/01/2027,210803,,1.02,SIN_AVANCE_FISICO,2026-04-28 21:55:39,Sin avance físico registrado,NO,SIN_EPS_IDENTIFICADA,OFICIAL_ORIGINAL,PROYECTO DE INVERSION,-14.849169999999967,-70.80692999999997,210803
2498205,"CREACION DEL SISTEMA DE AGUA POTABLE E INSTALACION DE UNIDADES BASICAS DE SANEAMIENTO CON SISTEMA DE ARRASTRE HIDRAULICO, EN LA LOCALIDAD TOCRA DEL DISTRITO DE LLALLI - PROVINCIA DE MELGAR - DEPARTAMENTO DE PUNO",3306858,,101800,,3205058.0,0.0,0.0,0.0,01/03/2021,31/12/2026,210804,0.0,3.08,ACTUALIZADO,2026-06-16 17:15:27,,NO,SIN_EPS_IDENTIFICADA,OFICIAL_ORIGINAL,PROYECTO DE INVERSION,-14.987579999999982,-70.92681999999996,210804
2698503,"CONSTRUCCION DE RESERVORIO; EN EL(LA) SISTEMA DE AGUA POTABLE DEL BARRIO SANTUARIO,SECTOR CORTESCHUPA Y SECTOR CHECHEQUEÑA  DISTRITO DE LLALLI, PROVINCIA MELGAR, DEPARTAMENTO PUNO",142024,,141960,,64.0,0.0,0.0,0.0,01/08/2025,23/04/2026,210804,,,SIN_AVANCE_FISICO,,,NO,,,,,,210804
2300989,"MEJORAMIENTO Y AMPLIACIÓN DEL SISTEMA DE AGUA POTABLE Y ALCANTARILLADO DE LA LOCALIDAD DE MACARI, DISTRITO DE MACARI - MELGAR - PUNO",17214269,,12293641,,100000.0,0.0,0.0,0.0,01/05/2016,31/12/2031,210805,74.99,74.99,ACTUALIZADO,2026-06-18 15:45:21,,NO,SIN_EPS_IDENTIFICADA,APROXIMADA_LOCALIDAD,PIP MAYOR (SNIP),-14.7723419,-70.9036724,210805
2500793,CREACION DE LOS SERVICIOS DE AGUA POTABLE Y UNIDADES BASICAS DE SANEAMIENTO EN LOS SECTORES DE LA COMUNIDAD CAMPESINA DE QUISHUARA DEL DISTRITO DE MACARI - PROVINCIA DE MELGAR - DEPARTAMENTO DE PUNO,19476971,,45600,,0.0,300000.0,300000.0,300000.0,01/05/2024,31/12/2037,210805,,,SIN_AVANCE_FISICO,,,NO,,,,,,210805
2322664,CREACION DEL SISTEMA DE AGUA POTABLE Y SANEAMIENTO BASICO EN LAS COMUNIDADES DE HUACAUTA Y HUMANRURO DEL DISTRITO DE MACARI - PROVINCIA DE MELGAR - DEPARTAMENTO DE PUNO,17370254,,138200,,0.0,1100000.0,1200000.0,1300000.0,01/12/2021,31/12/2033,210805,,,SIN_AVANCE_FISICO,,,NO,,,,,,210805
2295143,"INSTALACION DEL SISTEMA DE AGUA POTABLE Y LETRINAS SANITARIAS CON ARRASTRE HIDRAULICO Y BIODIGESTOR EN LA COMUNIDAD DE CAYARANI, DISTRITO DE ORURILLO - MELGAR - PUNO",1668580,,1656439,,11500.0,0.0,0.0,0.0,01/12/2018,28/02/2025,210807,100.0,100.0,DESACTUALIZADO,2025-03-24 20:34:40,Reporte físico desactualizado,NO,SIN_EPS_IDENTIFICADA,APROXIMADA_LOCALIDAD,PIP MENOR (SNIP),-14.6470928,-70.5795963,210807
2599735,CREACION DEL SERVICIO DE AGUA POTABLE RURAL Y CREACION DEL SERVICIO DE ALCANTARILLADO U OTRAS FORMAS DE DISPOSICIÓN SANITARIA DE EXCRETAS EN EL SISTEMA DE AGUA POTABLE Y SISTEMA DE DISPOSICIÓN SANITARIA DE EXCRETAS EN EL SECTOR VALLECITO DE LA COMUNIDAD DE KUNURANA ALTO   DISTRITO DE SANTA ROSA DE LA PROVINCIA DE MELGAR DEL DEPARTAMENTO DE PUNO,4921854,,43800,,70000.0,100000.0,100000.0,100000.0,01/07/2025,31/03/2032,210808,,1.48,SIN_AVANCE_FISICO,2026-08-19 16:50:43,Sin avance físico registrado,NO,SIN_EPS_IDENTIFICADA,OFICIAL_ORIGINAL,PROYECTO DE INVERSION,-14.520506239547425,-70.86362928100458,210808
2315216," INSTALACION DEL SERVICIO DE AGUA POTABLE Y DISPOSICION SANITARIA DE EXCRETAS EN LA COMUNIDAD CAMPESINA DE SANTA ROSA, DISTRITO DE SANTA ROSA - MELGAR - PUNO",1911002,,30500,,150000.0,100000.0,100000.0,20000.0,01/07/2016,31/07/2031,,,0.74,SIN_AVANCE_FISICO,2026-08-19 16:10:03,Sin avance físico registrado,NO,SIN_EPS_IDENTIFICADA,APROXIMADA_LOCALIDAD,PIP MENOR (SNIP),-14.6090248,-70.7871904,
2718241,"CONSTRUCCIÓN DE CERCO PERIMETRICO, CERCO PERIMETRICO Y CERCO PERIMETRICO; REPARACIÓN DE COLECTOR PRIMARIO; EN EL(LA) SISTEMA DE AGUA POTABLE Y SISTEMA DE ALCANTARILLADO SANITARIO,  DISTRITO DE SANTA ROSA, PROVINCIA MELGAR, DEPARTAMENTO PUNO",538065,,0,,22214.0,150362.0,362351.0,0.0,,31/03/2028,210808,,,SIN_AVANCE_FISICO,,Sin avance físico registrado,NO,SIN_EPS_IDENTIFICADA,OFICIAL_ORIGINAL,INVERSIONES IOARR,-14.60748337184481,-70.78751891799816,210808
2343240,"MEJORAMIENTO Y AMPLIACION DE LOS SERVICIOS DE AGUA POTABLE Y SANEAMIENTO BASICO EN LAS COMUNIDADES DE 9 DE OCTUBRE, QUILLCA Y PARCIALIDAD DE ALTO HUARAYA, DISTRITO DE MOHO, PROVINCIA DE MOHO - PUNO",15580784,,83461,,0.0,8437323.0,0.0,0.0,01/09/2017,31/03/2027,210901,,,SIN_AVANCE_FISICO,,,NO,,,,,,210901
2223873,"MEJORAMIENTO DEL  SISTEMA DE SANEAMIENTO BASICO EN EL SECTOR HUARANCA GRANDE, DISTRITO DE HUAYRAPATA - MOHO - PUNO",627676,,624619,,0.0,3057.0,0.0,0.0,01/06/2013,22/02/2027,210903,,,SIN_AVANCE_FISICO,,,NO,,,,,,210903
2703906,"RENOVACION DE SISTEMA DE ABASTECIMIENTO DE AGUA POTABLE; EN EL(LA) SECTOR COLLORANI  DISTRITO DE HUAYRAPATA, PROVINCIA MOHO, DEPARTAMENTO PUNO",367888,,266073,,101815.0,0.0,0.0,0.0,01/11/2025,20/12/2026,210903,75.0,71.69,VIGENTE_CON_RETRASO,2026-02-17 15:07:32,Reporte físico con más de 6 meses de antigüedad,NO,SIN_EPS_IDENTIFICADA,OFICIAL_ORIGINAL,INVERSIONES IOARR,-15.32154451000534,-69.34136649200325,210903
2143572,"CONSTRUCCION DE LETRINAS SANITARIAS EN LA COMUNIDAD DE QUEALLANI, DISTRITO DE TILALI - MOHO - PUNO",123952,,120952,,3500.0,0.0,0.0,0.0,01/03/2011,29/07/2026,210904,,,SIN_AVANCE_FISICO,,,NO,,,,,,210904
2184827,"AMPLIACION, MEJORAMIENTO DEL SERVICIO DE AGUA POTABLE E INSTALACION DE LETRINAS SANITARIAS EN LA COMUNIDAD DE MILILAYA, DISTRITO DE TILALI - MOHO - PUNO",1167317,,1141223,,26094.0,0.0,0.0,0.0,01/05/2016,30/06/2026,210904,,,SIN_AVANCE_FISICO,,,NO,,,,,,210904
2226420,"MEJORAMIENTO, AMPLIACION DEL SERVICIO DE AGUA POTABLE E INSTALACION DE LETRINAS CON ARRASTRE HIDRAULICO EN LA COMUNIDAD DE CUCURAYA, DISTRITO DE TILALI - MOHO - PUNO",828903,,819057,,9846.0,0.0,0.0,0.0,01/07/2013,28/05/2026,210904,,,SIN_AVANCE_FISICO,,,NO,,,,,,210904
2302259,"CREACION DEL SERVICIO DE AGUA POTABLE Y SANEAMIENTO BASICO EN EL CIRCUITO DE ISLAS FLOTANTES DEL CENTRO POBLADO TURISTICO UROS CHULLUNI, DISTRITO DE PUNO, PROVINCIA DE PUNO - PUNO",9472100,,8974258,,0.0,30000.0,424346.41,43496.0,01/10/2017,31/12/2035,210101,99.44,98.38,ACTUALIZADO,2026-08-10 17:52:20,,SI,EMSAPUNO S.A.,APROXIMADA_LOCALIDAD,PIP MAYOR (SNIP),-15.8256543,-70.0105713,210101
2509989,"CREACION DEL SERVICIO DE CANALIZACIÓN DE EVACUACIÓN DE AGUAS PLUVIALES DEL JR. ABRAHAM VALDELOMAR EN EL BARRIO ALTO LLAVINI DE LA CIUDAD DE PUNO,  DISTRITO DE PUNO - PROVINCIA DE PUNO - DEPARTAMENTO DE PUNO",611249,,594457,,0.0,16791.3,0.0,0.0,01/09/2023,31/12/2035,210101,96.12,95.02,VIGENTE_CON_RETRASO,2026-02-22 21:04:32,Reporte físico con más de 6 meses de antigüedad,SI,EMSAPUNO S.A.,OFICIAL_ORIGINAL,PROYECTO DE INVERSION,-15.818881609550784,-70.02576627675896,210101
2509672,"MEJORAMIENTO Y AMPLIACION DEL SERVICIO DE AGUA POTABLE Y SANEAMIENTO RURAL EN LAS COMUNIDADES DE AHUAYLLANI, PUSALAYA Y LOS SECTORES DEL CENTRO POBLADO DE ICHU DEL DISTRITO DE PUNO - PROVINCIA DE PUNO - DEPARTAMENTO DE PUNO",2182628,,544814,,350000.0,52268.0,0.0,0.0,01/08/2021,31/01/2027,210101,46.68,56.84,ACTUALIZADO,2026-08-18 12:21:28,,SI,EMSAPUNO S.A.,OFICIAL_ORIGINAL,PROYECTO DE INVERSION,-15.839195489999952,-70.02916487999994,210101
2283110,RECUPERACION DE LA CAPACIDAD DE TRATAMIENTO DE LAS LAGUNAS DE ESTABILIZACION DE LAS CIUDADES DE PUNO  Y DESAGUADERO,12981744,,3742823,,5803114.0,4016915.0,61500.95,0.0,01/12/2015,30/11/2028,210101,12.13,20.44,ACTUALIZADO,2026-02-26 19:32:52,,SI,EMSAPUNO S.A.,APROXIMADA_DISTRITO,PIP MAYOR (SNIP),-15.8407499,-70.0284053,210101
2236156,CREACION DEL SERVICIO DE AGUA POTABLE Y SANEAMIENTO RURAL EN LA COMUNIDAD CAMPESINA DE JICHUYO PAMAYA DEL DISTRITO DE PUNO - PROVINCIA DE PUNO - DEPARTAMENTO DE PUNO,2978680,,87761,,2500.0,97543.0,180000.0,180000.0,01/05/2021,18/06/2037,210101,,1.75,SIN_AVANCE_FISICO,2026-05-25 09:36:01,Sin avance físico registrado,SI,EMSAPUNO S.A.,APROXIMADA_DISTRITO,PROYECTO DE INVERSION,-15.8407499,-70.0284053,210101
2670952,CREACION DEL SERVICIO DE AGUA POTABLE RURAL EN LA C.C. ITAPALLUNI   DISTRITO DE PUNO DE LA PROVINCIA DE PUNO DEL DEPARTAMENTO DE PUNO,999301,,39700,,0.0,10000.0,70000.0,70000.0,01/09/2025,15/07/2036,210101,,3.97,SIN_AVANCE_FISICO,2026-02-24 12:05:04,Sin avance físico registrado,NO,SIN_EPS_IDENTIFICADA,OFICIAL_ORIGINAL,PROYECTO DE INVERSION,-15.89338061302821,-70.04010007422886,210101
2660599,"ADQUISICION DE EQUIPOS ELECTROMECANICOS Y SISTEMA SCADA; EN EL(LA) SISTEMA DE AGUA POTABLE Y ALCANTARILLADO DE LA CIUDAD DE PUNO  DISTRITO DE PUNO, PROVINCIA PUNO, DEPARTAMENTO PUNO",2959237,,1278321,,1667537.0,13378.0,0.0,0.0,01/06/2025,30/12/2027,210101,36.43,35.89,ACTUALIZADO,2026-02-26 19:57:38,,SI,EMSAPUNO S.A.,OFICIAL_ORIGINAL,INVERSIONES IOARR,-15.83911272815645,-70.02024360839727,210101
2659616,"CONSTRUCCION DE CAPTACION DE AGUA  Y RESERVORIO; REPARACION DE LÍNEA DE CONDUCCIÓN Y LÍNEA DE IMPULSIÓN; ADEMÁS DE OTROS ACTIVOS EN EL(LA) SISTEMA DE AGUA POTABLE DEL CENTRO POBLADO COCOSANI DEL  DISTRITO DE ACORA, PROVINCIA PUNO, DEPARTAMENTO PUNO",586409,,330087,,10000.0,6000.0,0.0,0.0,01/06/2025,31/01/2027,210102,52.3,54.72,ACTUALIZADO,2026-04-30 17:22:20,,NO,SIN_EPS_IDENTIFICADA,OFICIAL_ORIGINAL,INVERSIONES IOARR,-15.9725259489838,-69.66385076313563,210102
2475269,"MEJORAMIENTO Y AMPLIACION DE LOS SERVICIOS DE AGUA POTABLE, ALCANTARILLADO SANITARIO Y TRATAMIENTO DE AGUAS RESIDUALES EN EL CENTRO POBLADO DE AYRUMAS CARUMAS DEL DISTRITO DE ACORA - PROVINCIA DE PUNO - DEPARTAMENTO DE PUNO",5109549,,180000,,4819549.0,90000.0,20000.0,0.0,01/06/2023,31/12/2028,210102,,4.7,SIN_AVANCE_FISICO,2026-06-09 10:49:40,Sin avance físico registrado,NO,SIN_EPS_IDENTIFICADA,OFICIAL_ORIGINAL,PROYECTO DE INVERSION,-16.288191200897398,-69.9190465638915,210102
2271611,"MEJORAMIENTO Y AMPLIACION DEL SISTEMA DE AGUA POTABLE Y SANEAMIENTO BASICO INTEGRAL EN EL CENTRO POBLADO DE CULTA, DISTRITO DE ACORA - PUNO - PUNO",4911584,,280400,,0.0,10000.0,0.0,0.0,01/04/2016,31/12/2030,210102,,,SIN_AVANCE_FISICO,,,NO,,,,,,210102
2475242,CREACION DE LOS SERVICIOS DE AGUA POTABLE Y DISPOSICIÓN SANITARIA DE EXCRETAS EN LA PARCIALIDAD DE FONDO MOLERO SILLUNI AMAYA DEL  DISTRITO DE ACORA - PROVINCIA DE PUNO - DEPARTAMENTO DE PUNO,3770142,,57984,,0.0,30000.0,80000.0,100000.0,01/06/2023,31/12/2035,210102,,1.54,SIN_AVANCE_FISICO,2026-02-22 14:57:33,Sin avance físico registrado,NO,SIN_EPS_IDENTIFICADA,OFICIAL_ORIGINAL,PROYECTO DE INVERSION,-15.974445561993662,-69.797884961388,210102
2600724,"CREACION DEL SERVICIO DE AGUA POTABLE RURAL Y CREACION DEL SERVICIO DE ALCANTARILLADO U OTRAS FORMAS DE DISPOSICIÓN SANITARIA DE EXCRETAS EN LAS LOCALIDADES MOLINO, SAN CARLOS Y CCOMITIRI DEL   DISTRITO DE ACORA DE LA PROVINCIA DE PUNO DEL DEPARTAMENTO DE PUNO",16530877,,106600,,10000.0,0.0,0.0,0.0,01/03/2025,31/12/2037,210102,,0.0,SIN_AVANCE_FISICO,,Sin avance físico registrado,NO,SIN_EPS_IDENTIFICADA,OFICIAL_ORIGINAL,PROYECTO DE INVERSION,-15.992572716928487,-69.82585958483249,210102
2710795,"REPARACION DE CAPTACION DE AGUA , RESERVORIO, PTAR Y LINEA DE CONDUCCION; ADEMÁS DE OTROS ACTIVOS EN EL(LA) SERVICIO DE AGUA POTABLE Y SANEAMIENTO BÁSICO DEL  DISTRITO DE ACORA, PROVINCIA PUNO, DEPARTAMENTO PUNO",268867,,0,,252573.0,0.0,0.0,0.0,01/03/2026,01/05/2026,210102,69.65,68.54,ACTUALIZADO,2026-06-25 15:34:40,,NO,SIN_EPS_IDENTIFICADA,OFICIAL_ORIGINAL,INVERSIONES IOARR,-15.974639997911368,-69.79802898147466,210102
2704507,"CONSTRUCCION DE RESERVORIO; EN EL(LA) SISTEMA DE AGUA POTABLE RURAL EN LA COMUNIDAD CAMPESINA DE YANAPATA DEL CENTRO POBLADO DE CRUCERO DEL  DISTRITO DE ACORA, PROVINCIA PUNO, DEPARTAMENTO PUNO",49037,,0,,45531.0,0.0,0.0,0.0,,31/12/2026,210102,,0.0,SIN_AVANCE_FISICO,2026-07-16 14:56:44,Sin avance físico registrado,NO,SIN_EPS_IDENTIFICADA,OFICIAL_ORIGINAL,INVERSIONES IOARR,-15.957805982082547,-69.72013763168226,210102
2446027,CREACION DEL SERVICIO DE AGUA POTABLE Y DISPOSICION SANITARIA DE EXCRETAS EN EL SECTOR DE CHAPA COMUNIDAD HILATA DEL DISTRITO DE CAPACHICA - PROVINCIA DE PUNO - DEPARTAMENTO DE PUNO,4031447,,1281695,,1181258.0,0.0,0.0,0.0,01/02/2020,30/04/2026,210105,53.93,52.72,ACTUALIZADO,2026-06-11 13:14:40,,NO,SIN_EPS_IDENTIFICADA,OFICIAL_ORIGINAL,PROYECTO DE INVERSION,-15.6419659,-69.83164,210105
2651835,MEJORAMIENTO Y AMPLIACION DEL SERVICIO DE AGUA POTABLE RURAL EN LA COMUNIDAD CAMPESINA DE SIALE DEL  DISTRITO DE CAPACHICA - PROVINCIA DE PUNO - DEPARTAMENTO DE PUNO,687747,,0,,3000.0,300000.0,387747.0,0.0,,01/06/2028,210105,,0.0,SIN_AVANCE_FISICO,2026-02-24 12:08:02,Sin avance físico registrado,NO,SIN_EPS_IDENTIFICADA,OFICIAL_ORIGINAL,PROYECTO DE INVERSION,-15.66557784048428,-69.80879269919194,210105
2282930,"MEJORAMIENTO Y AMPLIACION DE LOS SERVICIOS DE AGUA POTABLE  Y DISPOSICION SANITARIA DE EXCRETAS EN EL CENTRO POBLADO DE TACASAYA, DISTRITO DE CHUCUITO - PUNO - PUNO",3029717,,13179,,111600.0,150000.0,230000.0,700000.0,01/09/2016,12/10/2033,210106,,,SIN_AVANCE_FISICO,,,NO,,,,,,210106
2442076,"CREACION DEL SERVICIO DE SISTEMA DE AGUA POTABLE Y SANEAMIENTO BASICO EN LA COMUNIDAD DE ARROYO DEL C.P. JOCHI SAN FRANCISCO,  DISTRITO DE COATA - PROVINCIA DE PUNO - DEPARTAMENTO DE PUNO",2581063,,29250,,0.0,50000.0,1000000.0,250000.0,01/09/2019,15/12/2036,210107,,,SIN_AVANCE_FISICO,,,NO,,,,,,210107
2492904,"MEJORAMIENTO Y AMPLIACION DEL SERVICIO DE AGUA POTABLE Y SANEAMIENTO BÁSICO EN LA COMUNIDAD DE JOCHI SAN FRANCISCO,  DISTRITO DE COATA - PROVINCIA DE PUNO - DEPARTAMENTO DE PUNO",4942023,,30600,,0.0,490000.0,400000.0,400000.0,01/12/2020,01/06/2035,210107,,0.0,SIN_AVANCE_FISICO,,Sin avance físico registrado,NO,SIN_EPS_IDENTIFICADA,OFICIAL_ORIGINAL,PROYECTO DE INVERSION,-15.556031090812194,-69.91432981917772,210107
2623039,MEJORAMIENTO DEL SERVICIO DE AGUA POTABLE URBANO EN LA LOCALIDAD DE HUATA MEDIANTE LA CONSTRUCCION DE PTAP -   DISTRITO DE HUATA DE LA PROVINCIA DE PUNO DEL DEPARTAMENTO DE PUNO,1792880,,15840,,25000.0,15000.0,15000.0,0.0,01/12/2023,29/02/2028,210108,,,SIN_AVANCE_FISICO,,,NO,,,,,,210108
2622832,MEJORAMIENTO DEL SERVICIO DE AGUA POTABLE RURAL EN EL SECTOR COLLANA I Y II MEDIANTE LA CONSTRUCCION DE PTAP -   DISTRITO DE HUATA DE LA PROVINCIA DE PUNO DEL DEPARTAMENTO DE PUNO,1883366,,15840,,15000.0,400000.0,400000.0,400000.0,01/12/2023,20/01/2038,210108,,,SIN_AVANCE_FISICO,,,NO,,,,,,210108
2622807,MEJORAMIENTO DEL SERVICIO DE AGUA POTABLE RURAL EN EL SECTOR YASIN Y FAON MEDIANTE LA CONSTRUCCION DE PTAP -   DISTRITO DE HUATA DE LA PROVINCIA DE PUNO DEL DEPARTAMENTO DE PUNO,2120621,,15840,,15000.0,100000.0,10000.0,10000.0,01/12/2023,09/02/2038,210108,,,SIN_AVANCE_FISICO,,,NO,,,,,,210108
2468486,CREACION DEL SERVICIO DE AGUA POTABLE Y DISPOSICIÓN SANITARIA DE EXCRETAS EN EL CIRCUITO DE ISLAS FLOTANTES ISLA CAPPI LOS UROS DEL DISTRITO DE HUATA - PROVINCIA DE PUNO - DEPARTAMENTO DE PUNO,2692970,,54750,,2638220.0,0.0,0.0,0.0,01/05/2022,29/07/2026,210108,,2.03,SIN_AVANCE_FISICO,2026-02-27 14:15:19,Sin avance físico registrado,NO,SIN_EPS_IDENTIFICADA,OFICIAL_ORIGINAL,PROYECTO DE INVERSION,-15.642445231395588,-69.92413381010262,210108
2303556,"INSTALACION Y MEJORAMIENTO DEL SISTEMA DE AGUA POTABLE Y UNIDADES BÁSICAS DE SANEAMIENTO RURAL EN PAUCARCOLLA, DISTRITO DE PAUCARCOLLA - PUNO - PUNO",20434681,,482287,,600000.0,9700000.0,9652394.0,0.0,01/03/2016,31/12/2028,210110,7.58,7.17,DESACTUALIZADO,2022-04-26 15:43:56,Reporte físico desactualizado,NO,SIN_EPS_IDENTIFICADA,APROXIMADA_DISTRITO,PIP MAYOR (SNIP),-15.725087,-70.0737002,210110
2322657,"MEJORAMIENTO Y AMPLIACION DE LOS SERVICIOS DE AGUA POTABLE Y ALCANTARILLADO SANITARIO  EN EL CENTRO POBLADO DE PICHACANI , DISTRITO DE PICHACANI - PUNO - PUNO",2869390,,2502590,,97127.0,6800.0,0.0,0.0,01/09/2016,30/06/2027,210111,32.1,29.57,ACTUALIZADO,2026-02-24 05:19:52,,NO,SIN_EPS_IDENTIFICADA,APROXIMADA_LOCALIDAD,PIP MAYOR (SNIP),-16.1076165,-70.1314352,210111
2635796,CREACION DEL SERVICIO DE AGUA POTABLE RURAL Y CREACION DEL SERVICIO DE ALCANTARILLADO U OTRAS FORMAS DE DISPOSICIÓN SANITARIA DE EXCRETAS EN LA COMUNIDAD DE CUTIMBO   DISTRITO DE PICHACANI DE LA PROVINCIA DE PUNO DEL DEPARTAMENTO DE PUNO,5451683,,20450,,20450.0,300000.0,500000.0,300000.0,01/04/2024,31/12/2031,210111,,0.0,SIN_AVANCE_FISICO,,Sin avance físico registrado,NO,SIN_EPS_IDENTIFICADA,OFICIAL_ORIGINAL,PROYECTO DE INVERSION,-16.017374994473926,-70.01190948638805,210111
2248753,"MEJORAMIENTO Y AMPLIACIÓN  DEL SERVICIO DE AGUA POTABLE Y SANEAMIENTO  DE LA LOCALIDAD DE LARAQUERI, DISTRITO DE PICHACANI - PUNO - PUNO",17097639,,212394,,100000.0,300000.0,300000.0,100000.0,01/02/2017,31/12/2036,210111,,,SIN_AVANCE_FISICO,,,NO,,,,,,210111
2636284,MEJORAMIENTO Y AMPLIACION  SERVICIO DE AGUA POTABLE RURAL Y MEJORAMIENTO Y AMPLIACION DEL SERVICIO DE ALCANTARILLADO U OTRAS FORMAS DE DISPOSICIÓN SANITARIA DE EXCRETAS EN EL CENTRO POBLADO DE HUACCOCHULLO JATUCACHI   DISTRITO DE PICHACANI DE LA PROVINCIA DE PUNO DEL DEPARTAMENTO DE PUNO,2851364,,20600,,40000.0,300000.0,300000.0,500000.0,01/04/2024,31/12/2036,210111,,0.0,SIN_AVANCE_FISICO,,Sin avance físico registrado,NO,SIN_EPS_IDENTIFICADA,OFICIAL_ORIGINAL,PROYECTO DE INVERSION,-16.35192172255667,-70.26054488979216,210111
2649992,MEJORAMIENTO Y AMPLIACION DEL SERVICIO DE AGUA POTABLE RURAL Y MEJORAMIENTO Y AMPLIACION DEL SERVICIO DE ALCANTARILLADO U OTRAS FORMAS DE DISPOSICIÓN SANITARIA DE EXCRETAS EN LA COMUNIDAD DE ISKA SOQUESANI DEL   DISTRITO DE PICHACANI DE LA PROVINCIA DE PUNO DEL DEPARTAMENTO DE PUNO,2229151,,0,,50000.0,0.0,100000.0,200000.0,,01/01/2036,210111,,0.0,SIN_AVANCE_FISICO,,Sin avance físico registrado,NO,SIN_EPS_IDENTIFICADA,OFICIAL_ORIGINAL,PROYECTO DE INVERSION,-16.14238294538351,-70.06606865081692,210111
2661895,"CONSTRUCCION DE ESTACION DE BOMBEO DE AGUA, LÍNEA DE IMPULSIÓN Y CAPTACION DE AGUA ; EN EL(LA) SERVICIO DE AGUA - SECTOR JAQUE JIWATA CUCHO  DISTRITO DE PLATERIA, PROVINCIA PUNO, DEPARTAMENTO PUNO",174834,,173968,,866.0,0.0,0.0,0.0,01/12/2024,31/03/2027,210112,100.0,99.5,ACTUALIZADO,2026-06-04 15:21:23,,NO,SIN_EPS_IDENTIFICADA,OFICIAL_ORIGINAL,INVERSIONES IOARR,-15.981799042026475,-69.84545985295672,210112
2655017,CREACION DEL SERVICIO DE AGUA POTABLE RURAL EN CENTRO POBLADO DE PALLALLA   DISTRITO DE PLATERIA DE LA PROVINCIA DE PUNO DEL DEPARTAMENTO DE PUNO,2269030,,673552,,10000.0,17847.0,521549.0,504977.0,01/12/2024,31/07/2031,210112,32.58,36.52,ACTUALIZADO,2026-06-25 09:01:32,,NO,SIN_EPS_IDENTIFICADA,OFICIAL_ORIGINAL,PROYECTO DE INVERSION,-15.939676329939768,-69.81420109641914,210112
2707105,"CONSTRUCCION DE CAPTACION DE AGUA , ESTACION DE BOMBEO DE AGUA Y LINEA DE IMPULSION; EN EL(LA) AMBITO DE LA COMUNIDAD CCOTA DISTRITO DE PLATERIA, PROVINCIA PUNO, DEPARTAMENTO PUNO",215074,,0,,120000.0,95074.0,0.0,0.0,,31/12/2028,,,,SIN_AVANCE_FISICO,,Sin avance físico registrado,NO,SIN_EPS_IDENTIFICADA,OFICIAL_ORIGINAL,INVERSIONES IOARR,-15.928304384367843,-69.82167957518959,
2695001,"CONSTRUCCION DE CAPTACION DE AGUA ; EN EL(LA) SISTEMA DE AGUA POTABLE Y LA CONSTRUCCION DE ESTACION DE BOMBEO Y LINEA DE IMPULSION EN EL CENTRO POBLADO CAMATA, DISTRITO DE PLATERIA, PROVINCIA PUNO, DEPARTAMENTO PUNO",173416,,6500,,166916.0,0.0,0.0,0.0,01/12/2025,13/06/2026,210112,100.0,100.0,ACTUALIZADO,2026-07-15 11:08:45,,NO,SIN_EPS_IDENTIFICADA,OFICIAL_ORIGINAL,INVERSIONES IOARR,-15.933322661461414,-69.86243526113425,210112
2695013,"CONSTRUCCION DE CAPTACION DE AGUA ; EN EL(LA) SISTEMA DE AGUA POTABLE Y LA CONSTRUCCION DE ESTACION DE BOMBEO Y LINEA DE IMPULSION EN EL CENTRO POBLADO CHICA BOTIJA, DISTRITO DE PLATERIA, PROVINCIA PUNO, DEPARTAMENTO PUNO",182071,,159257,,143176.0,0.0,0.0,0.0,01/12/2025,26/03/2026,210112,100.0,99.56,ACTUALIZADO,2026-07-21 13:40:20,,NO,SIN_EPS_IDENTIFICADA,OFICIAL_ORIGINAL,INVERSIONES IOARR,-15.981560704195235,-69.84423714086013,210112
2325159,"MEJORAMIENTO DEL SERVICIO DE AGUA POTABLE Y SANEAMIENTO RURAL EN LA COMUNIDAD DE POTOJANI CHICO, DISTRITO DE PLATERIA - PUNO - PUNO",3595964,,1224900,,2371064.0,0.0,0.0,0.0,01/12/2017,27/11/2026,210112,100.0,100.0,VIGENTE_CON_RETRASO,2025-11-19 11:21:58,Reporte físico con más de 6 meses de antigüedad,NO,SIN_EPS_IDENTIFICADA,APROXIMADA_DISTRITO,PIP MAYOR (SNIP),-15.9479698,-69.8328681,210112
2707572,"CONSTRUCCION DE CAPTACION DE AGUA , RESERVORIO, ESTACION DE BOMBEO DE AGUA Y LINEA DE IMPULSION; EN EL(LA) AMBITO DEL SECTOR HUENCALLA DISTRITO DE PLATERIA, PROVINCIA PUNO, DEPARTAMENTO PUNO",222419,,0,,21000.0,110000.0,65000.0,14500.0,,01/06/2030,210112,,,SIN_AVANCE_FISICO,,Sin avance físico registrado,NO,SIN_EPS_IDENTIFICADA,OFICIAL_ORIGINAL,INVERSIONES IOARR,-15.90830765425543,-69.73564336928118,210112
2613428,CREACION DEL SERVICIO DE AGUA POTABLE RURAL Y CREACION DEL SERVICIO DE ALCANTARILLADO U OTRAS FORMAS DE DISPOSICIÓN SANITARIA DE EXCRETAS EN LA COMUNIDAD AÑO CALLEJON   DISTRITO DE PLATERIA DE LA PROVINCIA DE PUNO DEL DEPARTAMENTO DE PUNO,3733380,,160749,,3572631.0,0.0,0.0,0.0,01/05/2024,31/12/2026,210112,,4.31,SIN_AVANCE_FISICO,2026-05-12 01:54:20,Sin avance físico registrado,NO,SIN_EPS_IDENTIFICADA,OFICIAL_ORIGINAL,PROYECTO DE INVERSION,-15.89404203095571,-69.77357099426159,210112
2703542,"CONSTRUCCION DE CAPTACION DE AGUA , ESTACION DE BOMBEO DE AGUA Y LINEA DE IMPULSION; EN EL(LA) SISTEMA DE AGUA POTABLE DE LA LOCALIDAD DE PLATERIA DISTRITO DE PLATERIA, PROVINCIA PUNO, DEPARTAMENTO PUNO",289974,,168998,,120976.0,0.0,0.0,0.0,01/11/2025,10/03/2027,210112,100.0,89.31,ACTUALIZADO,2026-04-10 20:28:39,,NO,SIN_EPS_IDENTIFICADA,OFICIAL_ORIGINAL,INVERSIONES IOARR,-15.95112254151457,-69.83037839292011,210112
2709381,"CONSTRUCCION DE RESERVORIO, LINEA DE IMPULSION Y RED DE DISTRIBUCION; EN EL(LA) PARCIALIDAD ISLA QUIPATA  DISTRITO DE PLATERIA, PROVINCIA PUNO, DEPARTAMENTO PUNO",410987,,17000,,393987.0,0.0,0.0,0.0,01/12/2025,31/12/2026,210112,,4.14,SIN_AVANCE_FISICO,2026-03-10 11:24:51,Sin avance físico registrado,NO,SIN_EPS_IDENTIFICADA,OFICIAL_ORIGINAL,INVERSIONES IOARR,-15.884050766730631,-69.82611422656181,210112
2708532,"RENOVACION DE ALCANTARILLADO PLUVIAL; EN EL(LA) LOCALIDAD DE PLATERIA (PUNTOS CRITICOS) Y DOS EN LA COMUNIDAD DE PALLALLA Y COMUNIDAD POTOJANI CHICO DISTRITO DE PLATERIA, PROVINCIA PUNO, DEPARTAMENTO PUNO",133260,,10000,,98677.0,0.0,0.0,0.0,01/12/2025,31/12/2026,210112,93.04,86.03,ACTUALIZADO,2026-07-17 13:37:03,,NO,SIN_EPS_IDENTIFICADA,OFICIAL_ORIGINAL,INVERSIONES IOARR,-15.939247486372397,-69.79983603102549,210112
2681866,MEJORAMIENTO Y AMPLIACION DEL SERVICIO DE AGUA POTABLE RURAL EN LA COMUNIDAD DE CHILA   DISTRITO DE TIQUILLACA DE LA PROVINCIA DE PUNO DEL DEPARTAMENTO DE PUNO,0,,0,,0.0,10000.0,10000.0,10000.0,,28/12/2033,,,,SIN_AVANCE_FISICO,,,NO,,,,,,
2341730,"CREACION DEL SERVICIO DE AGUA POTABLE Y DISPOSICIÓN SANITARIA DE EXCRETAS EN LAS COMUNIDADES DE LA ZONA SUR DEL DISTRITO DE PUTINA, PROVINCIA DE SAN ANTONIO DE PUTINA - PUNO",10802609,,125000,,5184688.0,5492922.0,0.0,0.0,01/12/2018,31/01/2030,211001,,1.16,SIN_AVANCE_FISICO,2026-07-21 14:09:37,Sin avance físico registrado,NO,SIN_EPS_IDENTIFICADA,APROXIMADA_DISTRITO,PIP MAYOR (SNIP),-14.7211647,-69.7975441,211001
2337082,"MEJORAMIENTO Y AMPLIACION DEL SERVICIO DE ABASTECIMIENTO DE AGUA POTABLE Y SANEAMIENTO BASICO INTEGRAL EN LAS COMUNIDADES DE LA ZONA ALTA (PICOTANI, CHIJUS Y CAMBRIA) DEL DISTRITO DE PUTINA, PROVINCIA DE SAN ANTONIO DE PUTINA - PUNO",9330431,,130137,,130136.0,130136.0,130136.0,130136.0,01/08/2018,15/06/2033,211001,,,SIN_AVANCE_FISICO,,,NO,,,,,,211001
2722507,"ADQUISICION DE TERRENO; EN EL(LA) SISTEMA DE TRATAMIENTO DE AGUAS RESIDUALES DEL  DISTRITO DE PUTINA, PROVINCIA SAN ANTONIO DE PUTINA, DEPARTAMENTO PUNO",227105,,0,,227105.0,0.0,0.0,0.0,,30/12/2027,,,0.0,SIN_AVANCE_FISICO,,Sin avance físico registrado,NO,SIN_EPS_IDENTIFICADA,OFICIAL_ORIGINAL,INVERSIONES IOARR,-14.941725833344028,-69.86478030549297,
2703008,MEJORAMIENTO Y AMPLIACION DEL SERVICIO DE DRENAJE PLUVIAL EN EL BARRIO INMACULADA CONCEPCIÓN   DISTRITO DE PUTINA DE LA PROVINCIA DE SAN ANTONIO DE PUTINA DEL DEPARTAMENTO DE PUNO,0,,0,,,0.0,0.0,45200.0,,27/06/2035,,,,SIN_AVANCE_FISICO,,,NO,,,,,,
2239672,"INSTALACION DEL SISTEMA DE AGUA POTABLE Y DISPOSICION DE EXCRETAS EN LA C.C. LIMATA, DISTRITO DE ANANEA - SAN ANTONIO DE PUTINA - PUNO",836539,,779706,,0.0,56833.36,0.0,0.0,01/02/2016,31/12/2027,211002,95.37,94.95,VIGENTE_CON_RETRASO,2026-02-19 14:51:33,Reporte físico con más de 6 meses de antigüedad,NO,SIN_EPS_IDENTIFICADA,APROXIMADA_DISTRITO,PIP MENOR (SNIP),-14.6784404,-69.5352298,211002
2654338,"CONSTRUCCION DE CAPTACION DE AGUA , LÍNEA DE CONDUCCIÓN Y RESERVORIO; EN EL(LA) SISTEMA DE AGUA POTABLE DEL CENTRO POBLADO CERRO LUNAR DE ORO  DISTRITO DE ANANEA, PROVINCIA SAN ANTONIO DE PUTINA, DEPARTAMENTO PUNO",574965,,277515,,297450.0,0.0,0.0,0.0,01/12/2024,10/03/2026,211002,76.36,77.18,ACTUALIZADO,2026-05-06 21:56:37,,NO,SIN_EPS_IDENTIFICADA,OFICIAL_ORIGINAL,INVERSIONES IOARR,-14.622008545168276,-69.454468269907,211002
2692274,"RENOVACION DE SISTEMA DE TRATAMIENTO DE AGUAS RESIDUALES; EN EL(LA) PLANTA DE TRATAMIENTO DE AGUAS RESIDUALES (PTAR) EN EL CENTRO POBLADO TRAPICHE, DISTRITO DE ANANEA, PROVINCIA SAN ANTONIO DE PUTINA, DEPARTAMENTO PUNO",282766,,0,,30000.0,100000.0,152766.0,0.0,,31/12/2028,211002,,0.0,SIN_AVANCE_FISICO,2026-03-17 08:44:24,Sin avance físico registrado,NO,SIN_EPS_IDENTIFICADA,OFICIAL_ORIGINAL,INVERSIONES IOARR,-14.761552274058552,-69.41227430600225,211002
2663427,MEJORAMIENTO Y AMPLIACION DEL SERVICIO DE AGUA POTABLE RURAL Y CREACION DEL SERVICIO DE ALCANTARILLADO U OTRAS FORMAS DE DISPOSICIÓN SANITARIA DE EXCRETAS EN LA LOCALIDAD DE AZIRUNI ANDAMARCA DEL   DISTRITO DE QUILCAPUNCU DE LA PROVINCIA DE SAN ANTONIO DE PUTINA DEL DEPARTAMENTO DE PUNO,4150437,,0,,,25000.0,50000.0,50000.0,,01/12/2036,,,,SIN_AVANCE_FISICO,,Sin avance físico registrado,NO,SIN_EPS_IDENTIFICADA,OFICIAL_ORIGINAL,PROYECTO DE INVERSION,-14.918694090576704,-69.74253622587335,
2732302,CREACION DEL SERVICIO DE AGUA POTABLE RURAL Y CREACION DEL SERVICIO DE ALCANTARILLADO U OTRAS FORMAS DE DISPOSICIÓN SANITARIA DE EXCRETAS EN LOCALIDAD DE TUPAC AMARU DE QUILCA   DISTRITO DE QUILCAPUNCU DE LA PROVINCIA DE SAN ANTONIO DE PUTINA DEL DEPARTAMENTO DE PUNO,4887124,,0,,20000.0,120000.0,3000000.0,1747124.0,,30/04/2029,211004,,,SIN_AVANCE_FISICO,,Sin avance físico registrado,NO,SIN_EPS_IDENTIFICADA,OFICIAL_ORIGINAL,PROYECTO DE INVERSION,-14.900913875892432,-69.7303233206226,211004
2626588,MEJORAMIENTO Y AMPLIACION DEL SERVICIO DE AGUA POTABLE RURAL Y MEJORAMIENTO Y AMPLIACION DEL SERVICIO DE ALCANTARILLADO U OTRAS FORMAS DE DISPOSICIÓN SANITARIA DE EXCRETAS EN LA COMUNIDAD DE KORIWARA DEL   DISTRITO DE SINA DE LA PROVINCIA DE SAN ANTONIO DE PUTINA DEL DEPARTAMENTO DE PUNO,1522751,,20350,,30000.0,120000.0,140000.0,150000.0,01/12/2024,31/03/2035,211005,,1.34,SIN_AVANCE_FISICO,2026-05-28 10:48:02,Sin avance físico registrado,NO,SIN_EPS_IDENTIFICADA,OFICIAL_ORIGINAL,PROYECTO DE INVERSION,-14.573548714992578,-69.28587992943463,211005
2650594,"CONSTRUCCION DE CANAL PLUVIAL; REPARACION DE PAVIMENTO; RENOVACION DE SEÑALES DE TRÁFICO; EN EL(LA) JR. BRACESCO TRAMO ( JIRON 09 DE DICIEMBRE -  JIRON CABANA)  DISTRITO DE JULIACA, PROVINCIA SAN ROMAN, DEPARTAMENTO PUNO",687435,,657855,,0.0,29580.0,0.0,0.0,01/11/2024,30/12/2027,211101,82.72,81.45,ACTUALIZADO,2026-02-26 09:35:14,,SI,EPS SEDAJULIACA S.A.,OFICIAL_ORIGINAL,INVERSIONES IOARR,-15.499698292185286,-70.1299452372526,211101
2422674,"ADQUISICIÓN DE SISTEMAS DE GRUPO ELECTRÓGENO DE PISTA (APU); EN EL(LA) CÁMARAS DE BOMBEO SECUNDARIAS Y EN LA CÁMARA DE BOMBEO CENTRAL DEL SISTEMA DE ALCANTARILLADO DE LA EPS SEDAJULIACA S.A. EN LA LOCALIDAD JULIACA, DISTRITO DE JULIACA, PROVINCIA SAN ROMAN, DEPARTAMENTO PUNO",2506044,,0,,2506044.0,0.0,0.0,0.0,,16/12/2026,211101,0.0,0.0,ACTUALIZADO,2026-04-23 15:24:44,,SI,EPS SEDAJULIACA S.A.,OFICIAL_ORIGINAL,INVERSIONES IOARR,-15.49355678999996,-70.13484863999997,211101
2422474,"ADQUISICIÓN DE SISTEMAS DE GRUPO ELECTRÓGENO DE PISTA (APU); EN EL(LA) PLANTA DE TRATAMIENTO DE AGUA POTABLE - AYABACAS DE LA EPS SEDAJULIACA SA EN LA LOCALIDAD JULIACA, DISTRITO DE JULIACA, PROVINCIA SAN ROMAN, DEPARTAMENTO PUNO",1858066,,0,,1858066.0,0.0,0.0,0.0,,16/12/2026,211101,0.0,0.0,ACTUALIZADO,2026-04-23 15:26:20,,SI,EPS SEDAJULIACA S.A.,OFICIAL_ORIGINAL,INVERSIONES IOARR,-15.49355678999996,-70.13484863999997,211101
2682364,"CREACION DEL SERVICIO DE AGUA POTABLE RURAL Y CREACION DEL SERVICIO DE ALCANTARILLADO U OTRAS FORMAS DE DISPOSICIÓN SANITARIA DE EXCRETAS EN LOS SECTORES DE VIZALLANI, CORACIA Y MAYCO DEL   DISTRITO DE CABANA DE LA PROVINCIA DE SAN ROMAN DEL DEPARTAMENTO DE PUNO",11967367,,0,,220000.0,0.0,0.0,0.0,,01/07/2026,,,0.0,SIN_AVANCE_FISICO,,Sin avance físico registrado,NO,SIN_EPS_IDENTIFICADA,OFICIAL_ORIGINAL,PROYECTO DE INVERSION,-15.643813661929313,-70.2800595165639,
2682365," MEJORAMIENTO Y AMPLIACION DEL SERVICIO DE AGUA POTABLE URBANO Y MEJORAMIENTO Y AMPLIACION DEL SERVICIO DE ALCANTARILLADO Y MEJORAMIENTO Y AMPLIACION DEL SERVICIO DE TRATAMIENTO DE AGUAS RESIDUALES PARA DISPOSICIÓN FINAL EN LA LOCALIDAD DE CABANA,   DISTRITO DE CABANA DE LA PROVINCIA DE SAN ROMAN DEL DEPARTAMENTO DE PUNO",0,,0,,0.0,50000.0,150000.0,250000.0,,31/12/2036,,,,SIN_AVANCE_FISICO,,,NO,,,,,,
2317160,"MEJORAMIENTO Y AMPLIACIÓN DEL SERVICIO DE AGUA POTABLE Y SANEAMIENTO RURAL EN EL SECTOR QUITA DE LA COMUNIDAD DE HUATAQUITA, DISTRITO DE CABANILLAS - SAN ROMAN - PUNO",2502668,,212590,,2290077.0,0.0,0.0,0.0,01/12/2017,02/06/2026,211103,,8.49,SIN_AVANCE_FISICO,2026-06-26 12:05:38,Sin avance físico registrado,NO,SIN_EPS_IDENTIFICADA,APROXIMADA_DISTRITO,PIP MAYOR (SNIP),-15.8266778,-70.6433537,211103
2597144,MEJORAMIENTO Y AMPLIACION DEL SERVICIO DE AGUA POTABLE RURAL Y CREACION DEL SERVICIO DE ALCANTARILLADO U OTRAS FORMAS DE DISPOSICIÓN SANITARIA DE EXCRETAS EN LA LOCALIDAD DE CAHUARANI   DISTRITO DE CABANILLAS DE LA PROVINCIA DE SAN ROMAN DEL DEPARTAMENTO DE PUNO,3190827,,0,,50340.0,2000000.0,1140487.0,0.0,,18/05/2028,211103,0.0,0.65,ACTUALIZADO,2026-06-23 11:25:00,,NO,SIN_EPS_IDENTIFICADA,OFICIAL_ORIGINAL,PROYECTO DE INVERSION,-15.690500095423658,-70.40238049454467,211103
2691494,"ADQUISICION DE TERRENO; EN EL(LA) PARA LA CONSTRUCCION  DEL PTAR DEL  SISTEMA DE ALCANTARILLADO DEL AMBITO URBANO EN EL CENTRO POBLADO DEUSTUA, DISTRITO DE CABANILLAS, PROVINCIA SAN ROMAN, DEPARTAMENTO PUNO",265417,,0,,265417.0,0.0,0.0,0.0,,28/08/2026,211103,,0.75,SIN_AVANCE_FISICO,2026-02-24 09:48:55,Sin avance físico registrado,NO,SIN_EPS_IDENTIFICADA,OFICIAL_ORIGINAL,INVERSIONES IOARR,-15.634838618487416,-70.34364141757453,211103
2337148,"CREACION DEL SERVICIO DE AGUA POTABLE Y SANEAMIENTO BÁSICO EN EL SECTOR 2 DE CHURICANCHI, DISTRITO DE CARACOTO - SAN ROMAN - PUNO",4696493,,4681585,,14908.0,0.0,0.0,0.0,01/12/2018,17/02/2027,211104,100.0,100.0,DESACTUALIZADO,2024-07-05 16:04:57,Reporte físico desactualizado,SI,EPS SEDAJULIACA S.A.,APROXIMADA_DISTRITO,PIP MAYOR (SNIP),-15.5678983,-70.1024942,211104
2653245,CREACION DEL SERVICIO DE AGUA POTABLE URBANO Y CREACION DEL SERVICIO DE ALCANTARILLADO EN LA URBANIZACION VILLA LOS TRIUNFADORES DEL   DISTRITO DE CARACOTO DE LA PROVINCIA DE SAN ROMAN DEL DEPARTAMENTO DE PUNO,5861046,,0,,504671.0,0.0,0.0,0.0,,31/08/2027,,,0.0,SIN_AVANCE_FISICO,,Sin avance físico registrado,SI,EPS SEDAJULIACA S.A.,OFICIAL_ORIGINAL,PROYECTO DE INVERSION,-15.568154081645527,-70.10093037567016,
2492442,MEJORAMIENTO Y AMPLIACION DE LOS SERVICIOS DE AGUA POTABLE Y ALCANTARILLADO SANITARIO EN LA LOCALIDAD DE CARACOTO DEL DISTRITO DE CARACOTO - PROVINCIA DE SAN ROMAN - DEPARTAMENTO DE PUNO,19530616,,0,,11000.0,19372496.0,0.0,0.0,01/12/2021,31/12/2027,211104,,11.19,SIN_AVANCE_FISICO,2026-03-18 20:10:40,Sin avance físico registrado,SI,EPS SEDAJULIACA S.A.,OFICIAL_ORIGINAL,PROYECTO DE INVERSION,-15.567679999999948,-70.10109999999997,211104
2474222,CREACION DEL SISTEMA DE AGUA POTABLE Y DISPOSICIÓN SANITARIA DE EXCRETAS EN LA COMUNIDAD DE CHINGORA Y SECTORES ALEDAÑOS DEL DISTRITO DE SAN MIGUEL - PROVINCIA DE SAN ROMAN - DEPARTAMENTO DE PUNO,18189868,,144290,,0.0,21000.0,9000000.0,8955668.0,01/12/2020,30/11/2029,211105,0.83,0.79,ACTUALIZADO,2026-08-14 11:59:06,,NO,SIN_EPS_IDENTIFICADA,OFICIAL_ORIGINAL,PROYECTO DE INVERSION,-15.397024779804934,-70.15203416345635,211105
2372079,MEJORAMIENTO Y AMPLIACION DEL SERVICIO DE AGUA POTABLE Y SANEAMIENTO RURAL EN LA COMUNIDAD DE TUANA DEL DISTRITO DE SANDIA - PROVINCIA DE SANDIA - DEPARTAMENTO DE PUNO,1118407,,176799,,0.0,91607.78,0.0,0.0,01/12/2018,15/04/2027,211201,9.9,12.38,ACTUALIZADO,2026-04-06 14:51:01,,NO,SIN_EPS_IDENTIFICADA,OFICIAL_ORIGINAL,PROYECTO DE INVERSION,-14.3222637,-69.466,211201
2619233,MEJORAMIENTO Y AMPLIACION DEL SERVICIO DE AGUA POTABLE RURAL Y MEJORAMIENTO Y AMPLIACION DEL SERVICIO DE ALCANTARILLADO U OTRAS FORMAS DE DISPOSICIÓN SANITARIA DE EXCRETAS EN EL SISTEMA DE AGUA POTABLE Y SISTEMA DE DISPOSICIÓN SANITARIA DE EXCRETAS EN EL SECTOR CHINTA   DISTRITO DE SANDIA DE LA PROVINCIA DE SANDIA DEL DEPARTAMENTO DE PUNO,3164392,,27921,,800000.0,250000.0,500000.0,600000.0,01/05/2024,10/05/2033,211201,,0.0,SIN_AVANCE_FISICO,,Sin avance físico registrado,NO,SIN_EPS_IDENTIFICADA,OFICIAL_ORIGINAL,PROYECTO DE INVERSION,-14.277060038640489,-69.40847198104746,211201
2619242,MEJORAMIENTO Y AMPLIACION DEL SERVICIO DE AGUA POTABLE RURAL Y MEJORAMIENTO Y AMPLIACION DEL SERVICIO DE ALCANTARILLADO U OTRAS FORMAS DE DISPOSICIÓN SANITARIA DE EXCRETAS EN SISTEMA DE AGUA POTABLE Y SISTEMA DE DISPOSICIÓN SANITARIA DE EXCRETAS EN EL SECTOR PHOCCORACCANI   DISTRITO DE SANDIA DE LA PROVINCIA DE SANDIA DEL DEPARTAMENTO DE PUNO,4373068,,32393,,150000.0,250000.0,500000.0,600000.0,01/05/2024,24/05/2034,211201,,0.0,SIN_AVANCE_FISICO,,Sin avance físico registrado,NO,SIN_EPS_IDENTIFICADA,OFICIAL_ORIGINAL,PROYECTO DE INVERSION,-14.333200669896524,-69.48183332129992,211201
2599909,MEJORAMIENTO Y AMPLIACION DEL SERVICIO DE AGUA POTABLE RURAL Y MEJORAMIENTO Y AMPLIACION DEL SERVICIO DE ALCANTARILLADO U OTRAS FORMAS DE DISPOSICIÓN SANITARIA DE EXCRETAS EN LA COMUNIDAD CAMPESINA DE CONELLINE DEL   DISTRITO DE PATAMBUCO DE LA PROVINCIA DE SANDIA DEL DEPARTAMENTO DE PUNO,2822507,,26000,,1232955.0,500000.0,500000.0,250000.0,01/03/2024,18/08/2034,211204,,0.0,SIN_AVANCE_FISICO,,Sin avance físico registrado,NO,SIN_EPS_IDENTIFICADA,OFICIAL_ORIGINAL,PROYECTO DE INVERSION,-14.351563996792462,-69.60209513008249,211204
2610500,MEJORAMIENTO Y AMPLIACION DEL SERVICIO DE AGUA POTABLE RURAL Y MEJORAMIENTO Y AMPLIACION DEL SERVICIO DE ALCANTARILLADO U OTRAS FORMAS DE DISPOSICIÓN SANITARIA DE EXCRETAS EN EL SECTOR OSECANI Y CHAUPI AYLLU CENTRAL DE LA COMUNIDAD CAMPESINA DE CHAUPI AYLLU DEL   DISTRITO DE PATAMBUCO DE LA PROVINCIA DE SANDIA DEL DEPARTAMENTO DE PUNO,7441414,,34000,,40000.0,600000.0,700000.0,900000.0,01/07/2025,23/05/2034,211204,,0.0,SIN_AVANCE_FISICO,2026-07-15 11:47:15,Sin avance físico registrado,NO,SIN_EPS_IDENTIFICADA,OFICIAL_ORIGINAL,PROYECTO DE INVERSION,-14.364483677768847,-69.65208062292271,211204
2600251,"MEJORAMIENTO Y AMPLIACION DEL SERVICIO DE AGUA POTABLE RURAL EN LOCALIDAD DE HUENCCALLA, LOS ANGELES Y TUPAC AMARU DEL   DISTRITO DE SANDIA DE LA PROVINCIA DE SANDIA DEL DEPARTAMENTO DE PUNO",606818,,588861,,8200.0,0.0,0.0,0.0,01/11/2024,06/05/2026,211201,100.0,98.65,VIGENTE_CON_RETRASO,2025-11-28 11:24:25,Reporte físico con más de 6 meses de antigüedad,NO,SIN_EPS_IDENTIFICADA,OFICIAL_ORIGINAL,PROYECTO DE INVERSION,-14.329389620113917,-69.46641306018722,211201
2464988,"MEJORAMIENTO Y AMPLIACION DEL SISTEMA DE AGUA POTABLE Y SANEAMIENTO EN LAS LOCALIDADES DE LLAMANI, ARAPA, MORORIA CENTRAL, CAQUENE, HUAYLLABAMBA, PAJCHA, SAJHUATA, CHURINGA HUANCALUQUE Y YUCAYUCANI DE 9 LOCALIDADES DEL DISTRITO DE SANDIA - PROVINCIA DE SANDIA - DEPARTAMENTO DE PUNO",25630564,,220000,,18072964.0,7337600.0,0.0,0.0,01/02/2020,30/09/2027,211201,10.17,11.43,ACTUALIZADO,2026-08-12 15:08:33,,NO,SIN_EPS_IDENTIFICADA,OFICIAL_ORIGINAL,PROYECTO DE INVERSION,-14.322237711547244,-69.46600268220783,211201
2598675,MEJORAMIENTO Y AMPLIACION DEL SERVICIO DE AGUA POTABLE RURAL Y MEJORAMIENTO DEL SERVICIO DE ALCANTARILLADO U OTRAS FORMAS DE DISPOSICIÓN SANITARIA DE EXCRETAS EN LA COMUNIDAD CAMPESINA DE CANU CANU DEL   DISTRITO DE PATAMBUCO DE LA PROVINCIA DE SANDIA DEL DEPARTAMENTO DE PUNO,4427162,,32000,,100000.0,180000.0,300000.0,900000.0,01/04/2024,04/05/2034,211204,,0.0,SIN_AVANCE_FISICO,,Sin avance físico registrado,NO,SIN_EPS_IDENTIFICADA,OFICIAL_ORIGINAL,PROYECTO DE INVERSION,-14.368365744630312,-69.65042043181917,211204
2626767,AMPLIACION DEL SERVICIO DE AGUA POTABLE URBANO Y MEJORAMIENTO DEL SERVICIO DE ALCANTARILLADO EN EL BARRIO SELVA ALEGRE DE LA CIUDAD DE SANDIA   DISTRITO DE SANDIA DE LA PROVINCIA DE SANDIA DEL DEPARTAMENTO DE PUNO,622385,,575355,,8200.0,0.0,0.0,0.0,01/08/2024,31/12/2026,211201,100.0,98.56,VIGENTE_CON_RETRASO,2025-11-28 11:35:34,Reporte físico con más de 6 meses de antigüedad,NO,SIN_EPS_IDENTIFICADA,OFICIAL_ORIGINAL,PROYECTO DE INVERSION,-14.318710978286443,-69.46254060807011,211201
2706688,MEJORAMIENTO DEL SERVICIO DE AGUA POTABLE RURAL EN EL SECTOR SAHUARANI COMUNIDAD QUIACA AYLLU   DISTRITO DE SANDIA DE LA PROVINCIA DE SANDIA DEL DEPARTAMENTO DE PUNO,708759,,0,,495668.0,80000.0,4000.0,45000.0,,04/07/2035,211201,,0.0,SIN_AVANCE_FISICO,2026-06-30 17:21:44,Sin avance físico registrado,NO,SIN_EPS_IDENTIFICADA,OFICIAL_ORIGINAL,PROYECTO DE INVERSION,-14.317673414962504,-69.44297924318903,211201
2706698,MEJORAMIENTO DEL SERVICIO DE AGUA POTABLE RURAL EN EL SECTOR CHIMUNO DE LA COMUNIDAD DE APABUCO   DISTRITO DE SANDIA DE LA PROVINCIA DE SANDIA DEL DEPARTAMENTO DE PUNO,450277,,0,,450277.0,0.0,0.0,0.0,,01/10/2026,,,,SIN_AVANCE_FISICO,,Sin avance físico registrado,NO,SIN_EPS_IDENTIFICADA,OFICIAL_ORIGINAL,PROYECTO DE INVERSION,-14.34293915870906,-69.46945468521007,
2561123,"CONSTRUCCION DE PTAR; EN EL(LA) PLANTA DE TRATAMIENTO DE AGUAS RESIDUALES EN LA LOCALIDAD HUAYLLABAMBA, DISTRITO DE SANDIA, PROVINCIA SANDIA, DEPARTAMENTO PUNO",2240134,,39524,,15000.0,2185610.0,0.0,0.0,01/12/2023,23/06/2027,211201,,,SIN_AVANCE_FISICO,,,NO,,,,,,211201
2629883,"CONSTRUCCION DE CAPTACION DE AGUA  Y LÍNEA DE CONDUCCIÓN; EN EL(LA) SISTEMA DE AGUA POTABLE URBANO EN LA LOCALIDAD DE SANDIA,  DISTRITO DE SANDIA, PROVINCIA SANDIA, DEPARTAMENTO PUNO",687045,,669478,,17567.0,0.0,0.0,0.0,01/08/2024,30/07/2026,211201,100.0,98.53,VIGENTE_CON_RETRASO,2026-02-21 13:19:40,Reporte físico con más de 6 meses de antigüedad,NO,SIN_EPS_IDENTIFICADA,OFICIAL_ORIGINAL,INVERSIONES IOARR,-14.322138955400186,-69.46625749206429,211201
2698506,"CONSTRUCCION DE SISTEMA DE ABASTECIMIENTO DE AGUA POTABLE; EN EL(LA) COMUNIDAD DE YANACOCHA  DISTRITO DE ALTO INAMBARI, PROVINCIA SANDIA, DEPARTAMENTO PUNO",657294,,39500,,617794.0,0.0,0.0,0.0,01/12/2025,31/12/2026,211209,19.64,24.32,ACTUALIZADO,2026-07-20 09:55:38,,NO,SIN_EPS_IDENTIFICADA,OFICIAL_ORIGINAL,INVERSIONES IOARR,-14.191993870348153,-69.25140949794768,211209
2681232,CREACION DEL SERVICIO DE AGUA POTABLE RURAL Y CREACION DEL SERVICIO DE ALCANTARILLADO U OTRAS FORMAS DE DISPOSICIÓN SANITARIA DE EXCRETAS EN EL CENTRO POBLADO ISILLUMA Y SECTOR ALTO ISILLUMA DEL   DISTRITO DE ALTO INAMBARI DE LA PROVINCIA DE SANDIA DEL DEPARTAMENTO DE PUNO,7349863,,0,,7349863.0,0.0,0.0,0.0,,01/12/2026,211209,,0.0,SIN_AVANCE_FISICO,,Sin avance físico registrado,NO,SIN_EPS_IDENTIFICADA,OFICIAL_ORIGINAL,PROYECTO DE INVERSION,-13.961265393943451,-69.36951775931823,211209
2554508,"CONSTRUCCION DE SISTEMA DE ABASTECIMIENTO DE AGUA POTABLE; EN EL(LA) SECTOR DE SELVA ALEGRE  DISTRITO DE ALTO INAMBARI, PROVINCIA SANDIA, DEPARTAMENTO PUNO",320303,,279363,,40940.0,0.0,0.0,0.0,01/04/2023,20/05/2026,211209,100.0,97.54,ACTUALIZADO,2026-06-23 10:17:15,,NO,SIN_EPS_IDENTIFICADA,OFICIAL_ORIGINAL,INVERSIONES IOARR,-13.969769905595372,-69.30676513311367,211209
2622361,"RENOVACION DE CANAL DE DRENAJE; EN EL(LA) JIRON DOS DE MAYO DE LA LOCALIDAD DE MASSIAPO,  DISTRITO DE ALTO INAMBARI, PROVINCIA SANDIA, DEPARTAMENTO PUNO",503047,,429947,,73100.0,0.0,0.0,0.0,01/12/2023,31/05/2026,211209,100.0,97.06,ACTUALIZADO,2026-06-24 20:27:23,,NO,SIN_EPS_IDENTIFICADA,OFICIAL_ORIGINAL,INVERSIONES IOARR,-14.089895910402245,-69.24211778163131,211209
2554822,"CONSTRUCCION DE SISTEMA DE ABASTECIMIENTO DE AGUA POTABLE; EN EL(LA) SECTOR DE MISCA SAN ANTON,  DISTRITO DE ALTO INAMBARI, PROVINCIA SANDIA, DEPARTAMENTO PUNO",256714,,249058,,7656.0,0.0,0.0,0.0,01/04/2023,30/05/2026,211209,93.54,88.42,ACTUALIZADO,2026-06-23 10:19:50,,NO,SIN_EPS_IDENTIFICADA,OFICIAL_ORIGINAL,INVERSIONES IOARR,-14.023384882193357,-69.15468799863275,211209
2681236,CREACION DEL SERVICIO DE AGUA POTABLE RURAL Y CREACION DEL SERVICIO DE ALCANTARILLADO U OTRAS FORMAS DE DISPOSICIÓN SANITARIA DE EXCRETAS EN LA COMUNIDAD CAMPESINA DE CRUZ PATA DEL   DISTRITO DE ALTO INAMBARI DE LA PROVINCIA DE SANDIA DEL DEPARTAMENTO DE PUNO,4270074,,0,,4270074.0,0.0,0.0,0.0,,01/08/2026,211209,,0.0,SIN_AVANCE_FISICO,,Sin avance físico registrado,NO,SIN_EPS_IDENTIFICADA,OFICIAL_ORIGINAL,PROYECTO DE INVERSION,-14.157421695227375,-69.27725034854899,211209
2554824,"CONSTRUCCION DE SISTEMA DE ABASTECIMIENTO DE AGUA POTABLE; EN EL(LA) SECTOR SANTIAGO PAMPA,  DISTRITO DE ALTO INAMBARI, PROVINCIA SANDIA, DEPARTAMENTO PUNO",322635,,314028,,8606.0,0.0,0.0,0.0,01/06/2023,30/04/2026,211209,100.0,97.54,ACTUALIZADO,2026-06-23 10:22:03,,NO,SIN_EPS_IDENTIFICADA,OFICIAL_ORIGINAL,INVERSIONES IOARR,-14.05114699791442,-69.1881667047429,211209
2334427,"MEJORAMIENTO Y AMPLIACION DEL SERVICIO DE AGUA POTABLE Y SISTEMA DE ALCANTARILLADO EN LAS LOCALIDADES DE CUYOCUYO Y URA AYLLU EN EL, DISTRITO DE CUYOCUYO - SANDIA - PUNO",12976395,,196800,,0.0,500000.0,0.0,0.0,01/06/2019,13/04/2027,211202,,1.52,SIN_AVANCE_FISICO,2026-08-11 15:07:38,Sin avance físico registrado,NO,SIN_EPS_IDENTIFICADA,APROXIMADA_DISTRITO,PIP MAYOR (SNIP),-14.4700389,-69.5369258,211202
2665893,MEJORAMIENTO DEL SERVICIO DE AGUA POTABLE RURAL EN SECTOR ARIPO Y SISTEMA RED DE ALCANTARILLADO DE   DISTRITO DE CUYOCUYO DE LA PROVINCIA DE SANDIA DEL DEPARTAMENTO DE PUNO,476638,,396345,,80293.0,0.0,0.0,0.0,01/07/2025,31/01/2026,211202,97.06,93.81,ACTUALIZADO,2026-07-06 16:51:35,,NO,SIN_EPS_IDENTIFICADA,OFICIAL_ORIGINAL,PROYECTO DE INVERSION,-14.420129568383944,-69.48951725116854,211202
2665896,MEJORAMIENTO DEL SERVICIO DE AGUA POTABLE RURAL EN SECTOR ÑACOREQUE CHICO DE   DISTRITO DE CUYOCUYO DE LA PROVINCIA DE SANDIA DEL DEPARTAMENTO DE PUNO,458346,,296539,,161807.0,0.0,0.0,0.0,01/09/2025,24/07/2026,211202,100.0,100.0,ACTUALIZADO,2026-07-06 16:48:45,,NO,SIN_EPS_IDENTIFICADA,OFICIAL_ORIGINAL,PROYECTO DE INVERSION,-14.434478614289356,-69.50377849718501,211202
2575531,AMPLIACION DEL SERVICIO DE AGUA POTABLE RURAL Y MEJORAMIENTO DEL SERVICIO DE ALCANTARILLADO U OTRAS FORMAS DE DISPOSICIÓN SANITARIA DE EXCRETAS EN CENTRO POBLADO DE CAPACC ORCCO   DISTRITO DE LIMBANI DE LA PROVINCIA DE SANDIA DEL DEPARTAMENTO DE PUNO,5309881,,474925,,0.0,542600.0,856900.0,985600.0,01/06/2023,28/02/2031,211203,2.13,2.13,DESACTUALIZADO,2023-07-10 22:30:22,Reporte físico desactualizado,NO,SIN_EPS_IDENTIFICADA,OFICIAL_ORIGINAL,PROYECTO DE INVERSION,-13.984925034772472,-69.65721955867824,211203
2576123, MEJORAMIENTO Y AMPLIACION DEL SERVICIO DE AGUA POTABLE RURAL Y MEJORAMIENTO DEL SERVICIO DE ALCANTARILLADO U OTRAS FORMAS DE DISPOSICIÓN SANITARIA DE EXCRETAS EN EL SISTEMA AGUA POTABLE Y SISTEMA DE DISPOSICION SANITARIA DE EXCRETAS EN LA LOCALIDAD DE CHACAPAMPA   DISTRITO DE PATAMBUCO DE LA PROVINCIA DE SANDIA DEL DEPARTAMENTO DE PUNO,2335635,,0,,0.0,300000.0,230000.0,100000.0,,31/12/2031,211204,,0.0,SIN_AVANCE_FISICO,,Sin avance físico registrado,NO,SIN_EPS_IDENTIFICADA,OFICIAL_ORIGINAL,PROYECTO DE INVERSION,-14.351046514594293,-69.61101555655222,211204
2620064,MEJORAMIENTO Y AMPLIACION DEL SERVICIO DE AGUA POTABLE RURAL Y MEJORAMIENTO Y AMPLIACION DEL SERVICIO DE ALCANTARILLADO U OTRAS FORMAS DE DISPOSICIÓN SANITARIA DE EXCRETAS EN SANTA CRUZ PUNA AYLLU   DISTRITO DE PATAMBUCO DE LA PROVINCIA DE SANDIA DEL DEPARTAMENTO DE PUNO,5116430,,0,,0.0,150000.0,300000.0,300000.0,,31/05/2035,211204,,0.0,SIN_AVANCE_FISICO,,Sin avance físico registrado,NO,SIN_EPS_IDENTIFICADA,OFICIAL_ORIGINAL,PROYECTO DE INVERSION,-14.368331232640845,-69.65354895132583,211204
2727774," CREACION DEL SERVICIO DE AGUA POTABLE RURAL Y CREACION DEL SERVICIO DE ALCANTARILLADO U OTRAS FORMAS DE DISPOSICIÓN SANITARIA DE EXCRETAS EN LAS LOCALIDADES DE BOTIJANI, HUAYRAPATA, PAJCHANI, COLLPANI, MORORANI Y CARMEN DE PABLOBAMBA DEL   DISTRITO DE SAN JUAN DEL ORO DE LA PROVINCIA DE SANDIA DEL DEPARTAMENTO DE PUNO",6870000,,0,,0.0,0.0,15000.0,0.0,,22/08/2030,211207,,,SIN_AVANCE_FISICO,,,NO,,,,,,211207
2226330,"MEJORAMIENTO Y REHABILITACION DEL SISTEMA  DE AGUA POTABLE, ALCANTARILLADO E INSTALACION DEL SISTEMA DE TRATAMIENTO DE AGUAS SERVIDAS EN EL C.P. DE YANAMAYO DEL, DISTRITO DE SAN JUAN DEL ORO - SANDIA - PUNO",5526567,,50545,,150000.0,1.0,1.0,5326020.0,01/05/2016,14/08/2029,211207,,,SIN_AVANCE_FISICO,,,NO,,,,,,211207
2309677,MEJORAMIENTO Y AMPLIACION DEL SERVICIO DE AGUA POTABLE Y ALCANTARILLADO SANITARIO EN EL CENTRO POBLADO SAN IGNACIO Y SECTOR SAN IGNACIO DEL  DISTRITO DE SAN PEDRO DE PUTINA PUNCO - PROVINCIA DE SANDIA - DEPARTAMENTO DE PUNO,3835324,,27475,,0.0,150000.0,40000.0,300000.0,01/05/2024,08/03/2036,211210,,,SIN_AVANCE_FISICO,,,NO,,,,,,211210
2571063,"CREACION DE LOS SERVICIOS DE AGUA POTABLE, ALCANTARILLADO SANITARIO Y TRATAMIENTO DE AGUAS RESIDUALES PARA DISPOSICIÓN FINAL EN EL CASERIO SAN FERMIN DEL  DISTRITO DE SAN PEDRO DE PUTINA PUNCO - PROVINCIA DE SANDIA - DEPARTAMENTO DE PUNO",2093103,,0,,0.0,10000.0,20000.0,200000.0,,06/03/2036,,,0.0,SIN_AVANCE_FISICO,,Sin avance físico registrado,NO,SIN_EPS_IDENTIFICADA,OFICIAL_ORIGINAL,PROYECTO DE INVERSION,-13.91634599478612,-68.99094351241915,
2599887,MEJORAMIENTO Y AMPLIACION DEL SERVICIO DE AGUA POTABLE RURAL Y CREACION DEL SERVICIO DE ALCANTARILLADO U OTRAS FORMAS DE DISPOSICIÓN SANITARIA DE EXCRETAS EN LOS SECTORES DE SANTO TOMAS Y SANTA ROSA DE HUAYANTE DEL   DISTRITO DE SAN PEDRO DE PUTINA PUNCO DE LA PROVINCIA DE SANDIA DEL DEPARTAMENTO DE PUNO,3856870,,0,,0.0,50000.0,30000.0,639000.0,,16/05/2036,211210,,0.0,SIN_AVANCE_FISICO,,Sin avance físico registrado,NO,SIN_EPS_IDENTIFICADA,OFICIAL_ORIGINAL,PROYECTO DE INVERSION,-14.124436179674568,-69.06985299830043,211210
2713076,CREACION DEL SERVICIO DE AGUA POTABLE RURAL Y CREACION DEL SERVICIO DE ALCANTARILLADO U OTRAS FORMAS DE DISPOSICIÓN SANITARIA DE EXCRETAS EN EL SECTOR SANTA FE   DISTRITO DE SAN PEDRO DE PUTINA PUNCO DE LA PROVINCIA DE SANDIA DEL DEPARTAMENTO DE PUNO,3790332,,0,,132480.0,1666520.0,1991332.0,0.0,,21/04/2028,211210,,0.0,SIN_AVANCE_FISICO,,Sin avance físico registrado,NO,SIN_EPS_IDENTIFICADA,OFICIAL_ORIGINAL,PROYECTO DE INVERSION,-14.118531832938295,-69.03169301338939,211210
2626068,MEJORAMIENTO Y AMPLIACION DEL SERVICIO DE AGUA POTABLE RURAL Y CREACION DEL SERVICIO DE ALCANTARILLADO U OTRAS FORMAS DE DISPOSICIÓN SANITARIA DE EXCRETAS EN EL SECTOR DE CHARUYO DEL   DISTRITO DE SAN PEDRO DE PUTINA PUNCO DE LA PROVINCIA DE SANDIA DEL DEPARTAMENTO DE PUNO,4985175,,0,,0.0,10000.0,10000.0,300000.0,,24/10/2030,211210,,0.0,SIN_AVANCE_FISICO,,Sin avance físico registrado,NO,SIN_EPS_IDENTIFICADA,OFICIAL_ORIGINAL,PROYECTO DE INVERSION,-14.124361410900075,-69.07013538789154,211210
2309853,"CREACION DEL SERVICIO DE AGUA POTABLE Y SANEAMIENTO BÁSICO EN EL SECTOR MIRAFLORES LANZA, DISTRITO DE SAN PEDRO DE PUTINA PUNCU - SANDIA - PUNO",3814002,,3301612,,512390.0,0.0,0.0,0.0,01/06/2016,14/01/2026,211210,81.86,81.36,ACTUALIZADO,2026-04-10 18:25:02,,NO,SIN_EPS_IDENTIFICADA,APROXIMADA_LOCALIDAD,PIP MAYOR (SNIP),-14.0929764,-68.8888961,211210
2321107,"MEJORAMIENTO Y AMPLIACIÓN DEL SERVICIO DE AGUA POTABLE Y CREACIÓN DEL SERVICIO DE DISPOSICIÓN SANITARIA DE EXCRETAS EN LAS COMUNIDADES CAMPESINAS DE PURUMPATA Y HUAÑARAYA, Y LOS SECTORES DE CATARANI, PILCO, CABALLUNI, AGUADA, YAHUARMITA, Y SICUNI, DISTRITO DE YANAHUAYA - SANDIA - PUNO",13339100,,70200,,0.0,120000.0,13138900.0,0.0,01/12/2019,30/04/2028,211208,,,SIN_AVANCE_FISICO,,,NO,,,,,,211208
2305296,"MEJORAMIENTO DEL SISTEMA DE AGUA POTABLE Y SANEAMIENTO BASICO RURAL EN EL CENTRO PABALDO DE CHOQUECHACA DISTRITO YUNGUYO, PROVINCIA DE YUNGUYO - PUNO",7350158,,1758065,,812715.0,0.0,0.0,0.0,01/07/2020,01/04/2026,211301,76.9,73.4,ACTUALIZADO,2026-08-17 21:04:24,,NO,SIN_EPS_IDENTIFICADA,APROXIMADA_DISTRITO,PIP MAYOR (SNIP),-16.2779543,-69.1199036,211301
2485925,"CREACION SERVICIO DE SANEAMIENTO BASICO RURAL Y  MEJORAMIENTO DE SERVICIO DE AGUA POTABLE EN CENTRO POBLADO VILLA POCCONA,  DISTRITO DE YUNGUYO - PROVINCIA DE YUNGUYO - DEPARTAMENTO DE PUNO",11974391,,92000,,17100.0,132900.0,100000.0,100000.0,01/12/2020,05/08/2037,,0.0,0.71,ACTUALIZADO,2026-06-30 19:33:20,,SI,EMAPA-YUNGUYO S.R.L.TDA,OFICIAL_ORIGINAL,PROYECTO DE INVERSION,-16.245925109999973,-69.09175871999997,
2301262,"MEJORAMIENTO DEL SISTEMA DE AGUA POTABLE Y SANEAMIENTO BASICO RURAL EN LOS SECTORES DE MACHAHUYO, CENTRAL, NUEVA BELLAVISTA, BOLOGNESI Y UJANAPA PATACAMAYA DEL CENTRO POBLADO DE  SANQUIRA, DISTRITO DE YUNGUYO, PROVINCIA DE YUNGUYO - PUNO",8974991,,100710,,0.0,10000.0,10000.0,10000.0,01/07/2020,06/05/2037,211301,,1.13,SIN_AVANCE_FISICO,2026-06-16 14:34:54,Sin avance físico registrado,NO,SIN_EPS_IDENTIFICADA,APROXIMADA_LOCALIDAD,PIP MAYOR (SNIP),-16.3239023,-69.0531051,211301
2604273,MEJORAMIENTO Y AMPLIACION DEL SERVICIO DE AGUA POTABLE RURAL Y MEJORAMIENTO Y AMPLIACION DEL SERVICIO DE ALCANTARILLADO U OTRAS FORMAS DE DISPOSICIÓN SANITARIA DE EXCRETAS EN EL CENTRO POBLADO DE PAHAMAYA DEL   DISTRITO DE OLLARAYA DE LA PROVINCIA DE YUNGUYO DEL DEPARTAMENTO DE PUNO,5486902,,44100,,5437802.0,5000.0,0.0,0.0,01/12/2025,31/03/2027,211305,,1.61,SIN_AVANCE_FISICO,2026-05-25 19:01:21,Sin avance físico registrado,NO,SIN_EPS_IDENTIFICADA,OFICIAL_ORIGINAL,PROYECTO DE INVERSION,-16.240728828454827,-69.003062349242,211305
2609793,MEJORAMIENTO Y AMPLIACION DEL SERVICIO DE AGUA POTABLE RURAL Y MEJORAMIENTO Y AMPLIACION DEL SERVICIO DE ALCANTARILLADO U OTRAS FORMAS DE DISPOSICIÓN SANITARIA DE EXCRETAS EN EL CENTRO POBLADO DE MOHOCACHI DEL   DISTRITO DE OLLARAYA DE LA PROVINCIA DE YUNGUYO DEL DEPARTAMENTO DE PUNO,5657962,,12300,,12300.0,5633362.0,0.0,0.0,01/01/2025,30/04/2027,211305,0.0,0.0,ACTUALIZADO,2026-04-16 09:36:17,,NO,SIN_EPS_IDENTIFICADA,OFICIAL_ORIGINAL,PROYECTO DE INVERSION,-16.25807444744023,-69.01104460327029,211305
